city,hex,green_area_km2,major_road_share,relief_m,centre_dist_km
istanbul,881ec910bdfffff,0.054406260835138054,0.19444444444444445,20.129198756623854,6.493252525166109
istanbul,881ec910a3fffff,0.03870654141935134,0.21766561514195584,23.361006720760734,6.661398654263636
istanbul,881ec90249fffff,0.02124235935983295,0.1823671497584541,21.536940054231792,5.988877103545153
istanbul,881ec9024dfffff,0.02645968811706541,0.16966067864271456,10.200924076497326,6.389602858503517
istanbul,881ec90245fffff,0.17224995668433968,0.09036144578313253,10.025596699426332,5.920420946634821
istanbul,881ec91093fffff,0.43084766430617455,0.13268608414239483,23.974922657822585,6.247622989661387
istanbul,881ec90269fffff,0.026932916069396688,0.23204419889502761,12.70114567902904,6.539206457138613
istanbul,881ec90247fffff,0.11251181601005165,0.12788906009244994,10.433415856358563,4.939213318335124
istanbul,881ec90243fffff,0.20841051052053286,0.06666666666666667,18.082968873094543,4.419587466622641
istanbul,881ec90241fffff,0.03942477132849503,0.12549019607843137,8.405523114954578,5.404355919403348
istanbul,881ec90209fffff,0.026763092476061328,0.25742574257425743,10.067069203742525,3.960563059625754
istanbul,881ec910b1fffff,0.1330178063418026,0.21073558648111332,31.266291476467096,5.61609103611396
istanbul,881ec910bbfffff,0.2784040528469049,0.15064935064935064,15.672732913638834,5.672215881345196
istanbul,881ec910b5fffff,0.053435134184599664,0.11284722222222222,25.383110090675846,5.724617193632108
istanbul,881ec9024bfffff,0.004709415229526884,0.12903225806451613,2.2993748180027533,5.0227415021352755
istanbul,881ec91545fffff,0.00022674838615077786,0.3302752293577982,9.105655966691938,5.770506782640776
istanbul,881ec9026bfffff,0.03699913912977749,0.17277486910994763,16.492546318180384,5.578917035821012
istanbul,881ec9020dfffff,0.04620711688853941,0.2571428571428571,9.503946072191424,4.629611100545268
istanbul,881ec910b9fffff,0.24071187135356775,0.2421259842519685,15.561178346983725,6.466439989209462
istanbul,881ec910a7fffff,0.015284525780921132,0.44144144144144143,10.308877508064825,6.960666820124107
istanbul,881ec91085fffff,0.0557105154045978,0.2184873949579832,17.637571600771306,8.181196152667821
istanbul,881ec910abfffff,0.050160030478762295,0.23002421307506055,18.130102789710687,7.39793602971374
istanbul,881ec91097fffff,0.4610070256856755,0.05390334572490706,20.954387034699916,5.888257788421038
istanbul,881ec910b7fffff,0.009308884630183836,0.08333333333333333,6.38825171453507,4.807667505801394
istanbul,881ec91095fffff,0.09933126184481286,0.2570694087403599,21.630664882645334,6.582663577363891
istanbul,881ec91091fffff,0.13650712032889195,0.18655097613882862,13.73279273332954,6.834606316746987
istanbul,881ec91087fffff,0.01825773052284928,0.1259259259259259,13.993332372767592,7.3075875970208255
istanbul,881ec91083fffff,0.01731671387214652,0.29595015576323985,11.419235949783316,7.344141530064639
istanbul,881ec9156dfffff,0.0,0.0,0.0,4.9475681363105215
istanbul,881ec910a1fffff,0.0060113072867652665,0.12469437652811736,19.92858894017172,7.610690071798227
istanbul,881ec91193fffff,0.0822490112113255,0.257372654155496,10.395764234622304,6.903093099805223
istanbul,881ec91081fffff,0.041567859511991066,0.3730886850152905,20.9488392787596,8.153920002678197
istanbul,881ec91569fffff,0.00400609252798951,0.06451612903225806,7.266286774616387,5.287419798429044
istanbul,881ec910a9fffff,0.009434126007755549,0.059674502712477394,15.093022615218212,8.321167724364047
istanbul,881ec910e3fffff,0.10772043335768303,0.40298507462686567,12.515784645892046,9.077897021982597
istanbul,881ec90261fffff,0.1257802594138644,0.05102040816326531,2.211334438749598,6.302264639551152
istanbul,881ec9026dfffff,0.27336785699439453,0.23367697594501718,11.744952749029984,7.234424544335444
istanbul,881ec91089fffff,0.06745642862396935,0.36507936507936506,8.709023558983086,9.023231009692031
istanbul,881ec910d5fffff,0.03755452363551225,0.3153409090909091,13.982261111152125,9.149848885560514
istanbul,881ec9108dfffff,0.045801514442249086,0.3861607142857143,18.204746205579188,8.998967488098165
istanbul,881ec910d7fffff,0.011709314576390014,0.3395176252319109,8.41905924047733,8.43723288698071
istanbul,881ec91099fffff,0.025575618726291983,0.22784810126582278,14.158863071181585,7.78452737990101
istanbul,881ec91725fffff,0.011488811771405677,0.43137254901960786,12.896263024612983,8.168542587973112
istanbul,881ec98ce7fffff,0.001217067202391283,0.19047619047619047,28.324913089550904,20.81289057055166
istanbul,881ec91665fffff,0.003356120168875774,0.09090909090909091,13.564403988216938,14.6231594865402
istanbul,881ec9154dfffff,0.1499487112294474,0.19230769230769232,32.07549157634136,6.727358077721935
istanbul,881ec91549fffff,0.032717609027408875,0.2987012987012987,29.05535555109209,7.303760309052958
istanbul,881ec91723fffff,0.0015506993212271102,0.26136363636363635,34.13294901041506,8.248172827997545
istanbul,881ec91735fffff,0.0,0.6129032258064516,4.198975017900351,7.95582619853066
istanbul,881ec9173dfffff,0.05991762871259941,0.38961038961038963,11.391005290971254,8.880571939973196
istanbul,881ec9172bfffff,0.11264501027992378,0.25,31.133098458748893,9.19597146404803
istanbul,881ec91707fffff,0.049434062138622385,0.17579250720461095,28.426830824835218,9.812228080208675
istanbul,881ec91739fffff,0.01364207119831731,0.14035087719298245,27.313610516558025,9.56864147247873
istanbul,881ec91703fffff,0.08212542016765242,0.07317073170731707,26.6258458242326,10.481205297152654
istanbul,881ec910d3fffff,0.03438292768256698,0.2141057934508816,14.728940059196546,8.736835438909619
istanbul,881ec9172dfffff,0.01669731267723067,0.3380952380952381,4.5545554664093455,9.129112081387449
istanbul,881ec9108bfffff,0.013518343147358213,0.35175879396984927,9.880466779710526,8.240438668024787
istanbul,881ec91765fffff,0.03599539819267129,0.32172470978441126,9.997692744209159,10.645982172221936
istanbul,881ec910dbfffff,0.040577828738267825,0.26322930800542743,7.630517097708041,9.690808467142455
istanbul,881ec9176dfffff,0.1504616105699001,0.2975871313672922,11.72111311702217,11.602044661034164
istanbul,881ec91769fffff,0.0382809911956911,0.0891089108910891,6.253797032544551,12.010871044578648
istanbul,881ec910c7fffff,0.14202883679369357,0.23843416370106763,37.76271953021482,9.842633701349063
istanbul,881ec910c1fffff,0.1613623982714603,0.3226890756302521,28.919464556530848,10.706058181837154
istanbul,881ec9109bfffff,0.028282751215754617,0.09345794392523364,29.58988206070639,7.208028259572475
istanbul,881ec91729fffff,0.05082866408743342,0.41389728096676737,9.92497714698421,9.60269515297743
istanbul,881ec91721fffff,0.03598075638542684,0.25471698113207547,11.79562123714359,8.643737907848756
istanbul,881ec91705fffff,0.042413741692115245,0.2995391705069124,12.033298705787589,10.14618979822141
istanbul,881ec98c0bfffff,0.03266910333865896,0.0972972972972973,25.931353894160747,24.607779225679423
istanbul,881ec98c09fffff,0.005924968270712497,0.4426229508196721,12.415297016181288,25.013431353485135
istanbul,881ec98c33fffff,0.0,0.32222222222222224,19.34239254013708,21.39972027246439
istanbul,881ec98c37fffff,0.003127530857888982,0.11304347826086956,41.069787883407464,20.80459502798024
istanbul,881ec98c31fffff,0.0013997179013389238,0.11764705882352941,25.095904928975013,21.754262405246525
istanbul,881ec98c3dfffff,0.014436357641905321,0.15789473684210525,25.526284901067765,22.147020657960592
istanbul,881ec98c39fffff,0.023652776079535615,0.0,30.640678789317562,22.70475051553886
istanbul,881ec98c03fffff,0.11011801473239245,0.054945054945054944,23.819178667097617,23.65595283227967
istanbul,881ec9170bfffff,0.014799405284083805,0.46846846846846846,14.487848017711954,11.401654542410977
istanbul,881ec91755fffff,0.2667673902254237,0.06801007556675064,21.584686961983717,12.328208663846619
istanbul,881ec9175dfffff,0.13565042579720038,0.3,23.694512936315547,13.259574489445352
istanbul,881ec91751fffff,0.023014288488811256,0.3333333333333333,14.35603229535606,13.007077194562076
istanbul,881ec91759fffff,0.00035440694160722685,0.11864406779661017,18.339203080092005,13.924663673368563
istanbul,881ec98db3fffff,0.04060335126953114,0.0,16.105420520439147,14.84764173393827
istanbul,881ec98dbbfffff,0.13113320941815473,0.25806451612903225,14.849888338754248,15.775053721611313
istanbul,881ec9166dfffff,0.0,0.0,0.0,15.53297038440588
istanbul,881ec98db9fffff,0.19727512670066352,0.20074349442379183,19.827408037044467,16.07404778935253
istanbul,881ec98d83fffff,0.025712085195394165,0.19117647058823528,28.75264485772193,17.017090400202218
istanbul,881ec98dd1fffff,0.08363012274644725,0.21283783783783783,28.336735656287598,19.516174553552634
istanbul,881ec98d81fffff,0.09032612924331467,0.2878787878787879,48.81392345381559,17.37845323815438
istanbul,881ec98d8bfffff,0.0,0.5769230769230769,2.5846719909046696,17.961918516164374
istanbul,881ec98dd5fffff,0.16050748042540922,0.17412935323383086,64.4545244619597,18.908255009996328
istanbul,881ec98ddbfffff,0.042871776294456126,0.06217616580310881,37.754016199021116,20.151905138458865
istanbul,881ec91701fffff,0.059258103609728247,0.27049180327868855,20.969277893351418,10.74898136565107
istanbul,881ec9109dfffff,0.007987899436849123,0.314070351758794,20.624504581960462,7.505722269216904
istanbul,881ec91727fffff,0.05723457069591878,0.39285714285714285,25.493720660358584,7.685220707160792
istanbul,881ec9170dfffff,0.03594625064672782,0.2534435261707989,20.74407512879872,11.09819029235403
istanbul,881ec91763fffff,0.048539060459361634,0.35294117647058826,17.36368579942239,10.561955736816104
istanbul,881ec910cbfffff,0.05930256664362142,0.370304114490161,12.275286811562141,10.808421851129323
istanbul,881ec912b5fffff,0.04613640828089386,0.1694915254237288,22.044841233050157,11.717178400242297
istanbul,881ec912b7fffff,0.06938635139100943,0.3320964749536178,16.048953907922424,10.994889439927707
istanbul,881ec910c3fffff,0.04213152440825227,0.33827160493827163,31.30649376286233,9.909457113673444
istanbul,881ec91745fffff,0.20476192604678223,0.07976653696498054,11.925066130469318,12.481050057629497
istanbul,881ec91741fffff,0.007215491983601785,0.34293193717277487,17.46118015005816,13.005916938405203
istanbul,881ec9174bfffff,0.011488560183685822,0.1673469387755102,27.155940160185644,13.57911966577961
istanbul,881ec910d9fffff,0.012641343515951184,0.24161073825503357,24.420575619530197,10.31636638954566
istanbul,881ec910d1fffff,0.0164160675160781,0.21292217327459617,20.34463989111552,9.374657342084586
istanbul,881ec91743fffff,0.018784898538200843,0.25984251968503935,17.21661201065922,12.633182196684066
istanbul,881ec98db7fffff,0.0,0.18666666666666668,26.26281403387063,14.194792350743999
istanbul,881ec98db1fffff,0.13982700021072048,0.15384615384615385,19.84065838930369,15.133136308923495
istanbul,881ec91747fffff,0.057669996279423305,0.024630541871921183,23.551783328639544,12.05153583310799
istanbul,881ec9176bfffff,0.08358409263281834,0.01744186046511628,11.723697754986084,11.521428437269053
istanbul,881ec98d85fffff,0.5051176211606888,0.06060606060606061,29.42623788953255,16.8300590165875
istanbul,881ec98dabfffff,0.49047684629770155,0.21739130434782608,6.401886726259789,15.873292424344127
istanbul,881ec98dbdfffff,0.4209950387891136,0.27835051546391754,19.981312809785482,15.476265965998506
istanbul,881ec98db5fffff,0.060566131291489675,0.1396103896103896,25.546522554581376,14.526932983318254
istanbul,881ec91709fffff,0.050934165015527576,0.17209302325581396,23.57193909271851,11.689591240319109
istanbul,881ec91749fffff,0.03976990799021565,0.11914893617021277,15.968132937539256,13.961108458484421
istanbul,881ec98da3fffff,0.31979771767278814,0.06333333333333334,20.74664512848792,14.916942743842895
istanbul,881ec98da7fffff,0.6712555511492831,0.4067796610169492,12.434709522356645,14.400571425389524
istanbul,881ec9174dfffff,0.031205844628756807,0.0903954802259887,14.007476993596628,13.440775432752814
istanbul,881ec9129bfffff,0.32127870656959734,0.08235294117647059,28.571593100121387,13.931940463096334
istanbul,881ec98d87fffff,0.15257170315857263,0.13090909090909092,18.652458591531737,16.426844264851834
istanbul,881ec98d95fffff,0.08355437631703909,0.08695652173913043,12.88216260488451,16.706150531429607
istanbul,881ec98dd9fffff,0.08430133609826918,0.2857142857142857,23.688450503928095,20.457120975271202
istanbul,881ec98dddfffff,0.0,0.21739130434782608,38.35492729316011,19.855875189994983
istanbul,881ec98c3bfffff,0.0012532533222246451,0.0,12.22776895064953,22.343755226771165
istanbul,881ec98cedfffff,0.004055399705960996,0.13333333333333333,27.441310285846075,22.02098278232886
istanbul,881ec98c05fffff,0.17235234049918052,0.15023474178403756,22.707213454135474,23.534185861223566
istanbul,881ec98ce3fffff,0.0,0.2,4.524623986832743,21.496793725465004
istanbul,881ec98c17fffff,0.015164753701000278,0.3333333333333333,33.93523242884893,22.95860273718918
istanbul,881ec98c57fffff,0.0010248022092915437,0.0,20.183848867399917,25.18278693654446
istanbul,881ec98c15fffff,0.04577721716334684,0.0,13.566890210173353,23.289043540198413
istanbul,881ec912c3fffff,0.0,0.18181818181818182,28.27025115897834,16.349797690906033
istanbul,881ec91281fffff,0.7383317285601956,0.25757575757575757,14.939257104980038,14.483557230945348
istanbul,881ec91287fffff,0.058839075768156314,0.25,5.005781781067711,13.556118543469564
istanbul,881ec91283fffff,0.7831077353767055,0.2978723404255319,25.026788368754424,13.801418831085856
istanbul,881ec912b9fffff,0.04212637129970942,0.31210191082802546,4.39059719742087,12.862237126355726
istanbul,881ec912bbfffff,0.06517183482326634,0.22514619883040934,24.618881986189052,12.20861018230181
istanbul,881ec91295fffff,0.023150067403188535,0.2676767676767677,16.4099581431749,13.1578486692522
istanbul,881ec912b1fffff,0.15283110075550704,0.19557195571955718,28.45213381548606,11.926434323433941
istanbul,881ec912bdfffff,0.06359267784449493,0.2867647058823529,29.550536964163932,12.63359981208799
istanbul,881ec912b3fffff,0.0059312095292307606,0.2621035058430718,23.64045987997873,11.261269393498717
istanbul,881ec98c55fffff,0.0132671257034242,0.10666666666666667,8.1462311657622,25.560152935643423
istanbul,881ec98c01fffff,0.013276351451978204,0.2602739726027397,23.863708721711514,24.05766137938697
istanbul,881ec91761fffff,0.10647419120306555,0.06622516556291391,12.543108185072942,11.050294618945326
istanbul,881ec91767fffff,0.08044336741946805,0.16839378238341968,10.65206455288149,10.089703354690279
istanbul,881ec98c2bfffff,0.019488093901310823,0.1111111111111111,12.84697415959229,22.575999794370915
istanbul,881ec98c29fffff,0.0470926380846098,0.0273972602739726,15.461018203864413,23.039175895588777
istanbul,881ec910ddfffff,0.012671723877534758,0.28442028985507245,25.837643766129176,10.068802049907529
istanbul,881ec910c9fffff,0.13150476516049148,0.2010443864229765,10.797498029415188,11.584808619539606
istanbul,881ec912a3fffff,0.059431471314037886,0.21052631578947367,7.72380488822943,12.475632603073306
istanbul,881ec91297fffff,0.0012971252128452378,0.3372093023255814,14.9315695943056,12.558778763669993
istanbul,881ec91291fffff,0.003256579958014641,0.2971698113207547,17.74282168127605,13.516028664985548
istanbul,881ec9129dfffff,0.022267912874808376,0.06666666666666667,21.16345272190795,14.108589177338022
istanbul,881ec912d7fffff,0.12716440845834118,0.0,21.312058951431965,15.060535395473229
istanbul,881ec91299fffff,0.06980345664784705,0.0,21.730266635788034,14.473679693587059
istanbul,881ec91293fffff,0.0035824544533993212,0.3669064748201439,14.746473628034183,12.971422184486201
istanbul,881ec98c07fffff,0.021096542528113837,0.047337278106508875,25.680394695323987,23.102176154888475
istanbul,881ec98c63fffff,0.006733871865122635,0.0,19.73100352237564,23.998911310656336
istanbul,881ec98c0dfffff,0.0,0.0,22.496234887187526,24.49245626663813
istanbul,881ec98dc3fffff,0.0,0.14556962025316456,32.62342066203423,19.284115595542445
istanbul,881ec98dc1fffff,0.0,0.045454545454545456,10.576733141694428,19.702161920030314
istanbul,881ec98da1fffff,0.6992006583747119,0.0,18.112730493140997,15.360413170664366
istanbul,881ec98debfffff,0.5765422803503182,0.14285714285714285,5.097275960964074,18.24004266751725
istanbul,881ec98d8dfffff,0.3633015362954867,0.16292134831460675,8.895856381005217,17.787165184874137
istanbul,881ec98ce5fffff,0.0,0.3125,31.079974963793006,21.08532293678128
istanbul,881ec98ce1fffff,0.0,0.0,26.18141834711532,21.738136663043157
istanbul,881ec98d89fffff,0.0,0.07727272727272727,35.60367104607975,18.330922607126162
istanbul,881ec98dc7fffff,0.0,0.0,48.03020472702465,18.744549360093004
istanbul,881ec910ebfffff,0.20653001833536355,0.3829787234042553,25.443955874164885,9.870227667789216
istanbul,881ec912abfffff,0.15698759278428281,0.1568627450980392,7.858191447650196,13.37610479948013
istanbul,881ec98da5fffff,0.31446769825091037,0.0,14.78817094843037,14.89242025018509
istanbul,881ec910e7fffff,0.10066784458593532,0.23476297968397292,23.17098131284042,9.257398061614817
istanbul,881ec910c5fffff,0.026446487062673857,0.23224043715846995,25.070721309011834,10.690229948827762
istanbul,881ec98dcbfffff,0.0,0.0,24.984795376388416,20.2379211006485
istanbul,881ec9128dfffff,0.24472113382701716,0.23809523809523808,16.442578873157334,15.199070757917529
istanbul,881ec91285fffff,0.0,0.0,0.0,14.284388201571533
istanbul,881ec912c7fffff,0.0,0.0,6.123724356957945,16.119052055654045
istanbul,881ec9128bfffff,0.30250656678551135,0.0,14.166557733785979,14.743321615585357
istanbul,881ec912d5fffff,0.055058668584151635,0.0,10.286182749472982,15.687443965756927
istanbul,881ec91289fffff,0.03741435118240982,0.0,29.295022565402437,15.4150162951913
istanbul,881ec91541fffff,0.0019891204225308936,0.0,0.0,6.364269446578257
istanbul,881ec9c589fffff,0.05636000953466174,0.12380952380952381,17.942710572078372,28.827399093181942
istanbul,881ec9c58dfffff,0.07511788202030327,0.2289156626506024,13.60285807752033,29.50381277901055
istanbul,881ec9c5c7fffff,0.2237006715077624,0.08163265306122448,15.348037780286571,29.790412592666698
istanbul,881ec9c5a7fffff,0.09568255505154144,0.2230971128608924,17.431091449550298,29.57308101678307
istanbul,881ec91b4dfffff,0.06261514247644853,0.3865979381443299,10.07286048059362,29.425387628020033
istanbul,881ec9c5a1fffff,0.03958057927256407,0.3804347826086957,19.328797168991144,29.75113196975254
istanbul,881ec9c5abfffff,0.06746295429349523,0.30513595166163143,16.05341919949042,29.017773634556068
istanbul,881ec9c585fffff,0.0772798477858145,0.25598086124401914,15.896124476938835,29.24600858266337
istanbul,881ec9ce15fffff,0.039518728670588234,0.13651877133105803,1.639271801146926,38.31483286701075
istanbul,881ec9ce39fffff,0.012051035797600043,0.5476190476190477,1.0982503567738306,39.069066652816666
istanbul,881ec9ce21fffff,0.0004675610392270006,0.3732394366197183,9.218745073027044,41.518787555612185
istanbul,881ec9ce2bfffff,0.0,0.3567567567567568,10.526791091702899,40.751838320675375
istanbul,881ec9ce25fffff,0.0011737827077255428,0.29,9.429372548938062,42.29398153237464
istanbul,881ec9cf53fffff,0.0,0.4838709677419355,8.81553174800023,43.20625529824549
istanbul,881ec911d3fffff,0.14559533590645776,0.2765957446808511,17.449711624093617,8.913796369712887
istanbul,881ec911d7fffff,0.07203492273673207,0.3265895953757225,9.15682102013261,9.346683246497582
istanbul,881ec910adfffff,0.04926103352354485,0.10567514677103718,19.612754226151953,8.568332526408263
istanbul,881ec9ccd1fffff,0.05965812913766224,0.10869565217391304,13.166456852119085,31.696134058830555
istanbul,881ec91819fffff,0.35358810546949004,0.031914893617021274,6.033374501426388,19.04870781990251
istanbul,881ec9cecdfffff,0.05990154516668588,0.2631578947368421,17.566226517086324,35.89872495501567
istanbul,881ec9cec3fffff,0.052818353468629044,0.3177570093457944,5.912010201846166,34.03186735957429
istanbul,881ec9cec1fffff,0.16400318044359122,0.1588785046728972,15.970867031880267,34.9638395386804
istanbul,881ec9ce11fffff,0.002834275632093687,0.4880952380952381,9.19078905959555,37.57038148874337
istanbul,881ec9ce13fffff,0.07189562477787527,0.3368421052631579,24.34033141379413,36.63814876059603
istanbul,881ec9ce17fffff,0.035849123473367626,0.2815884476534296,3.152208074838508,37.387988897168654
istanbul,881ec9cee9fffff,0.0184086501828057,0.21254355400696864,12.883046099533864,36.46427659086032
istanbul,881ec9118bfffff,0.13242815480317094,0.527027027027027,9.429612040494824,9.855496597284827
istanbul,881ec911d5fffff,0.03639297519737187,0.42934782608695654,7.6119740314628945,10.332604781498558
istanbul,881ec91183fffff,0.21078013172071752,0.1546218487394958,5.270655932374641,9.45235101785342
istanbul,881ec9119dfffff,0.04967168448676357,0.18159203980099503,10.626985144013402,8.87087609694703
istanbul,881ec911cdfffff,0.15738809272224527,0.2764976958525346,10.298642368959374,13.290680229036171
istanbul,881ec91027fffff,0.07427182691175103,0.37158469945355194,9.628174488120965,13.820714140219946
istanbul,881ec91113fffff,0.04961773826533078,0.175054704595186,10.662130212471318,13.796381265435068
istanbul,881ec911c5fffff,0.03473487959413587,0.20089285714285715,11.310976082893456,12.81091325516681
istanbul,881ec91ab9fffff,0.08238916151649985,0.2833333333333333,2.4616210312823332,14.712587427106588
istanbul,881ec91a87fffff,0.1335406379236457,0.0594059405940594,2.8266083085001914,15.549647753861205
istanbul,881ec91ac3fffff,0.016067657199821964,0.2834467120181406,12.843279262798198,15.793928069962373
istanbul,881ec91ac1fffff,0.001249821511551586,0.23819301848049282,11.85028670943799,16.721758022652093
istanbul,881ec911c1fffff,0.029418786249913204,0.33175355450236965,18.70293648977729,12.30461713557293
istanbul,881ec911c3fffff,0.031362864443842196,0.39587242026266417,9.37451242945096,11.31858816887156
istanbul,881ec9111bfffff,0.023239209183767293,0.2606837606837607,9.961679305110007,14.276769152867374
istanbul,881ec91181fffff,0.03146584693684161,0.3524229074889868,5.8492204631529185,10.429145069477446
istanbul,881ec91197fffff,0.010607451726240094,0.3500897666068223,11.776795591783966,7.506262911740408
istanbul,881ec91195fffff,0.024371683800443005,0.2275,11.2249926342085,8.477768991853008
istanbul,881ec911b9fffff,0.05250214403871494,0.17699115044247787,9.746806755629342,9.132987236474369
istanbul,881ec911dbfffff,0.05775524050538231,0.3485915492957746,8.453969145333051,9.531807531326239
istanbul,881ec910e5fffff,0.14645706099755523,0.14184397163120568,38.68405234738368,10.20304773738403
istanbul,881ec91a8bfffff,0.04568204477010885,0.4251207729468599,12.593096480672795,14.75761655008476
istanbul,881ec91ad7fffff,0.017470330900986108,0.3614864864864865,10.25828267497524,13.962399975122858
istanbul,881ec91a81fffff,0.08196646057272283,0.09516616314199396,3.3471075701077453,15.572221294530888
istanbul,881ec9ce9dfffff,0.0749753660510258,0.33070866141732286,7.916268894262893,32.0258021207116
istanbul,881ec9ce83fffff,0.22870810526915517,0.2868632707774799,10.098551832228447,32.80603356755053
istanbul,881ec9ce8bfffff,0.14591913878116422,0.330749354005168,8.169598933186718,32.940847576229096
istanbul,881ec9ced7fffff,0.060798457274282264,0.3470225872689938,7.48896403234174,32.17767687918126
istanbul,881ec9ced5fffff,0.01712011019395412,0.3761904761904762,4.117729987769183,33.10305506174347
istanbul,881ec9ce99fffff,0.022007555980425225,0.30785123966942146,17.553967316137452,31.256038444692333
istanbul,881ec911bbfffff,0.04667577357711832,0.2542372881355932,9.062993512570957,8.17931630124258
istanbul,881ec91ad1fffff,0.01215945256931128,0.381294964028777,7.275068996428098,14.116379170181661
istanbul,881ec91a99fffff,0.05211814919537843,0.23115577889447236,7.097943710589522,13.062088646129467
istanbul,881ec910a5fffff,0.058578774231205784,0.18725099601593626,8.695004166301391,7.936031718876586
istanbul,881ec9119bfffff,0.03630255404050685,0.13846153846153847,21.58765949912409,7.375134253146405
istanbul,881ec911e5fffff,0.011896552186660534,0.24061810154525387,13.242386711599902,13.64713484941844
istanbul,881ec911e7fffff,0.0013960770778553397,0.3533834586466165,16.23489283125129,12.687337358536523
istanbul,881ec91adbfffff,0.017080534790934652,0.2804878048780488,18.377724733754675,13.386062938187557
istanbul,881ec91ad9fffff,0.0105029592319125,0.31670281995661603,6.082761701883009,14.333342564089584
istanbul,881ec91133fffff,0.007778157601282892,0.18197573656845753,10.778949429964062,14.610472383980088
istanbul,881ec911d9fffff,0.02710678735950587,0.3062645011600928,22.294901679604713,10.499507930777593
istanbul,881ec9c4a1fffff,0.0,0.2,12.43331797860868,24.95412115357718
istanbul,881ec9c4a3fffff,0.06870242472733958,0.10344827586206896,18.57733664969833,23.980129409416197
istanbul,881ec9c4a7fffff,0.0,0.11363636363636363,29.625282223421443,24.615923727560297
istanbul,881ec91a49fffff,0.03168029925729488,0.31088082901554404,10.323953502379448,23.64834796000031
istanbul,881ec91a4bfffff,0.1472107907008825,0.2037037037037037,10.757361289072158,22.682388581933584
istanbul,881ec91a41fffff,0.04820313081122151,0.0,12.678941420937143,23.351440313814717
istanbul,881ec91a43fffff,0.026203544170640393,0.21852731591448932,14.20624068972731,22.39416541727158
istanbul,881ec9c4abfffff,0.15533342038463313,0.3383458646616541,14.141577881046599,24.345351604050478
istanbul,881ec91a09fffff,0.04225647448472156,0.21204188481675393,16.120217124062385,22.14395352137638
istanbul,881ec91167fffff,0.07566513120080101,0.27002967359050445,7.721565591488213,19.461771133258296
istanbul,881ec91163fffff,0.06468551402234639,0.3056379821958457,10.739423308828744,18.855559148549837
istanbul,881ec9cc1bfffff,0.0,0.25806451612903225,14.162116916462578,35.96989781768612
istanbul,881ec9cc11fffff,0.0,0.47058823529411764,2.777688887466621,36.8058375797686
istanbul,881ec9cea5fffff,0.02398773124838387,0.2116788321167883,19.306421913868594,36.01798654077448
istanbul,881ec9ceadfffff,0.049320189958668,0.2347417840375587,19.801011593456632,36.0916555933056
istanbul,881ec9cee7fffff,0.025187037813582884,0.4452054794520548,36.66851698669199,36.19074386805976
istanbul,881ec9cea9fffff,0.021150880285130846,0.48158640226628896,21.79589729179549,35.29053167176434
istanbul,881ec9cee1fffff,0.026176722173227182,0.2956989247311828,29.002806351348433,36.315038408665096
istanbul,881ec9ceebfffff,0.016160044114418563,0.23195876288659795,26.26781802679638,35.54394065822102
istanbul,881ec9cec5fffff,0.0,0.1951219512195122,22.38614722104596,35.70883199639148
istanbul,881ec9cec9fffff,0.0,0.0,20.55797620116164,35.170369903899655
istanbul,881ec9c507fffff,0.007554496970764864,0.436046511627907,4.876267524030144,34.97642196733981
istanbul,881ec91851fffff,0.0489252579706921,0.2111801242236025,11.063863604148064,19.803607915563084
istanbul,881ec91859fffff,0.027868072875356514,0.39436619718309857,5.043433799485815,19.80287409571445
istanbul,881ec91857fffff,0.06507008597880436,0.13815789473684212,4.537857666318126,19.851007179175053
istanbul,881ec91853fffff,0.21634678452732006,0.17117117117117117,3.890856645020318,18.973924901397947
istanbul,881ec911a3fffff,0.027166871905002336,0.24459234608985025,5.516827344173482,10.587193770107612
istanbul,881ec9ce85fffff,0.0032982011455916236,0.5111111111111111,7.551203362307051,34.49794901439635
istanbul,881ec9ce8dfffff,0.010395435539036218,0.352,30.41367695678617,34.62725088061527
istanbul,881ec9cee3fffff,0.006450430941741735,0.14935064935064934,15.399655516315452,35.404405284664826
istanbul,881ec9c539fffff,0.003638465422413199,0.3430232558139535,19.20999871366048,34.016886362386245
istanbul,881ec9c53dfffff,0.00217406547229216,0.45132743362831856,4.823725878567894,34.70277696669115
istanbul,881ec9c535fffff,0.0008560583483167121,0.5431034482758621,7.444482884205131,34.45378093615796
istanbul,881ec9c523fffff,0.0,0.0,0.0,35.40180778301865
istanbul,881ec9cecbfffff,0.0028374515112755882,0.4098360655737705,5.884150162979855,34.229976986057835
istanbul,881ec91abbfffff,0.041237715983437846,0.2543103448275862,5.024871859550089,13.895161430476511
istanbul,881ec91acbfffff,0.028904422739924898,0.3577023498694517,13.463503650339153,15.990591390891266
istanbul,881ec91135fffff,0.01665949603576076,0.19036697247706422,15.093854503097495,16.241877763654525
istanbul,881ec91acdfffff,0.027334995005931093,0.38557993730407525,16.986747512220937,17.655943470898922
istanbul,881ec91a53fffff,0.0130362276026266,0.22526315789473683,12.644303287925451,19.796582377579643
istanbul,881ec91a5bfffff,0.057199370048656405,0.16590909090909092,20.714034586020823,20.09618574150143
istanbul,881ec91105fffff,0.028406621050945755,0.373134328358209,13.137221015115792,17.876367979368148
istanbul,881ec91129fffff,0.02320294965318542,0.29081632653061223,12.985311123648358,18.488109316846945
istanbul,881ec91101fffff,0.012255458130379685,0.1574279379157428,11.169036223023735,17.29699896456636
istanbul,881ec9110dfffff,0.24334609710626576,0.2345679012345679,22.884980784269494,18.280346911298714
istanbul,881ec9112bfffff,0.028180895701370594,0.1855421686746988,5.4495731759687205,17.51586458772109
istanbul,881ec91121fffff,0.015296658766368841,0.3914590747330961,13.23560937217918,18.16414084534405
istanbul,881ec91a63fffff,0.013659805115596262,0.0,2.8284271247461903,23.60856917152002
istanbul,881ec91a0dfffff,0.045536041473769974,0.0,13.331676969611152,22.867552114444294
istanbul,881ec91a47fffff,0.26184386511589786,0.0,10.496701764003666,23.09075946073705
istanbul,881ec91a05fffff,0.0,0.125,4.136557881996952,22.682932380989246
istanbul,881ec91a6bfffff,0.11045812076787088,0.0,0.4714045207910317,23.80623480657575
istanbul,881ec91a01fffff,0.04001769944935612,0.20384615384615384,13.485729825238549,21.93306192345626
istanbul,881ec91b69fffff,0.007909074726732692,0.5196629213483146,28.37427312838358,30.110128276566602
istanbul,881ec91b6bfffff,0.0,0.34782608695652173,15.449545515407664,29.222844404356746
istanbul,881ec91b61fffff,0.002274994653747962,0.4822485207100592,13.655324313712574,30.041518007959013
istanbul,881ec9cebbfffff,0.03948914681095842,0.3744493392070485,20.606771362429676,31.807210391934806
istanbul,881ec9ceb3fffff,0.04033479399574466,0.5493827160493827,21.0795635159445,31.74109105444857
istanbul,881ec9ce97fffff,0.0,0.4927536231884058,14.60924827906826,31.003415627283267
istanbul,881ec91b6dfffff,0.007724976098232402,0.45104895104895104,3.7973158120653556,30.921227108211333
istanbul,881ec91ae7fffff,0.07972922073509119,0.046296296296296294,2.4010522817622166,18.10306078788911
istanbul,881ec9cec7fffff,0.0,0.4228187919463087,23.853657235134378,34.78266548560034
istanbul,881ec9116dfffff,0.042170138113179365,0.20911528150134048,11.702595855836469,20.81595177550843
istanbul,881ec91161fffff,0.023109754576989536,0.25461254612546125,8.249863696071744,19.83545382144589
istanbul,881ec91a97fffff,0.048736079711133785,0.13647058823529412,7.56851390680411,13.017203741611484
istanbul,881ec91123fffff,0.018444296163914728,0.15789473684210525,8.13943648140022,17.201580708151965
istanbul,881ec91a13fffff,0.029433024385035072,0.3230769230769231,9.8868214544434,18.398409586712937
istanbul,881ec91a85fffff,0.1762468350014279,0.13291139240506328,2.236255075006128,16.403335814530816
istanbul,881ec91ae3fffff,0.053072787561075536,0.008174386920980926,6.277679727409194,17.27118512346926
istanbul,881ec91125fffff,0.06586186325840991,0.4576923076923077,5.953018135554086,18.839701515212948
istanbul,881ec91127fffff,0.056329421781635955,0.2204724409448819,16.91071323812873,17.886026545662006
istanbul,881ec9ccd3fffff,0.0,0.0,3.7020555667765347,30.853790544936263
istanbul,881ec9ccdbfffff,0.012891890749026618,0.08450704225352113,15.937792291923492,30.846300219338747
istanbul,881ec91b65fffff,0.03462014058048351,0.31800766283524906,6.847679988467499,30.86880280741954
istanbul,881ec91b67fffff,0.0,0.3069306930693069,36.09335388486662,30.003601695159738
istanbul,881ec9ccd9fffff,0.00475865865632047,0.27906976744186046,29.710155008979612,31.704029772550985
istanbul,881ec9ce01fffff,0.003630164805941995,0.17346938775510204,6.00548011895653,40.17704617141141
istanbul,881ec91165fffff,0.06306995529921221,0.3562231759656652,17.802614976457814,20.436646610281215
istanbul,881ec9112dfffff,0.07344790552120525,0.25316455696202533,7.323657787032876,19.129125929599752
istanbul,881ec9113dfffff,0.014501137142213764,0.1761904761904762,18.451378083055815,16.545287849907954
istanbul,881ec91107fffff,0.03847484785659936,0.19047619047619047,15.401727446648474,16.898003680441885
istanbul,881ec91103fffff,0.027558835783841107,0.3035019455252918,9.059953781160884,16.314004328973734
istanbul,881ec91109fffff,0.04356331811825376,0.23555555555555555,13.131657702055854,17.73914115748257
istanbul,881ec91139fffff,0.03236189727689304,0.21280276816608998,16.813304085134817,15.920619819416837
istanbul,881ec9116bfffff,0.0842110170270417,0.4111111111111111,11.3982861731245,19.26399312933916
istanbul,881ec9110bfffff,0.008188185002741115,0.25285171102661597,12.678291263970621,16.75335146650294
istanbul,881ec9111dfffff,0.01170538197812964,0.12234042553191489,9.972346314197498,15.767619188564348
istanbul,881ec91ac9fffff,0.044525275344008214,0.13095238095238096,8.621931881588718,16.93610011116209
istanbul,881ec91119fffff,0.15325804315434677,0.31666666666666665,16.080441409309255,15.262877747497235
istanbul,881ec91157fffff,0.043799921143558226,0.216796875,11.52600893760599,16.249001341886757
istanbul,881ec91111fffff,0.020192527707447852,0.19959266802443992,12.144646307442455,14.781957017373655
istanbul,881ec91115fffff,0.05478264133374811,0.12727272727272726,11.60411224488656,15.33143213106548
istanbul,881ec91117fffff,0.08361794387572669,0.2147887323943662,21.638460151436135,14.349370390086419
istanbul,881ec911edfffff,0.07163685115857016,0.3159420289855073,13.159082391872351,13.969621482854242
istanbul,881ec9113bfffff,0.021954020468405187,0.18493150684931506,9.1416349777102,14.94440995650485
istanbul,881ec91131fffff,0.03604689258023897,0.21439749608763695,17.05064407142559,15.576692049388406
istanbul,881ec91137fffff,0.018913065909323873,0.2315369261477046,21.36269000492509,15.285571351970777
istanbul,881ec91a1bfffff,0.013234633444857606,0.17777777777777778,5.613668839879735,18.59552563792038
istanbul,881ec91a11fffff,0.015012693375029895,0.31754874651810583,23.1976342897825,19.327327458155196
istanbul,881ec91ae1fffff,0.14008512943679188,0.04310344827586207,10.970815300335838,18.151163579015662
istanbul,881ec91a89fffff,0.009238687259254799,0.32991803278688525,8.474753746498536,15.653957971990934
istanbul,881ec91a8dfffff,0.06730557892708255,0.25793650793650796,5.8215316371247825,16.454051376660402
istanbul,881ec91ac7fffff,0.012109781356502246,0.25287356321839083,12.935692461417409,16.56055091278112
istanbul,881ec91aebfffff,0.1306654505062432,0.2607003891050584,7.903341718948831,17.34715915056739
istanbul,881ec91ae9fffff,0.1501898618653769,0.14457831325301204,4.447461582736215,18.249888010902115
istanbul,881ec91ac5fffff,0.016772533659036276,0.2793103448275862,14.556887378305154,17.47579898193734
istanbul,881ec91ad3fffff,0.04275363869720944,0.22847682119205298,8.51179229678697,13.190066451294669
istanbul,881ec91ad5fffff,0.02378123572841403,0.3333333333333333,15.236305373559853,14.873644231746182
istanbul,881ec91addfffff,0.005871812635688797,0.30831099195710454,18.369189812135666,15.05033419034929
istanbul,881ec911a5fffff,0.20966412380198274,0.2149321266968326,8.929349585915267,12.273127980252431
istanbul,881ec91191fffff,0.010068441065359188,0.30393996247654786,16.95091532176793,7.88668023429977
istanbul,881ec911e9fffff,0.015507706082424999,0.3087885985748218,19.94432571332972,13.367932929916874
istanbul,881ec911ebfffff,0.15444676833305074,0.0846774193548387,11.823667859174515,12.387269554703924
istanbul,881ec911c7fffff,0.03005138916446552,0.33858267716535434,16.45624708586878,11.825581404805988
istanbul,881ec911a1fffff,0.07560694901761242,0.3112128146453089,12.202394784862983,11.511239193506174
istanbul,881ec911adfffff,0.02110234098433738,0.42016806722689076,13.758515683255133,12.444864093409096
istanbul,881ec91187fffff,0.09851716079265298,0.2672672672672673,7.791808512299895,10.092947372328041
istanbul,881ec91185fffff,0.08944300471155739,0.3213367609254499,9.124581573359345,11.057557297759102
istanbul,881ec911abfffff,0.05886985311568672,0.3125,10.114128706408472,10.782147647572032
istanbul,881ec911a9fffff,0.0391381632055097,0.3485915492957746,17.229517943931192,11.731950269404198
istanbul,881ec911e1fffff,0.0957959597456488,0.2613333333333333,15.75110275514251,12.996575585393494
istanbul,881ec9118dfffff,0.03787595164150867,0.271523178807947,13.789461000846899,11.40758143229031
istanbul,881ec911e3fffff,0.3401074633490891,0.0945945945945946,7.88706972433395,12.02569672347933
istanbul,881ec91189fffff,0.014405983015757934,0.3675675675675676,6.388246982115055,10.840424450403884
istanbul,881ec91a9dfffff,0.05080838216293661,0.23465703971119134,6.856226540043383,13.873515044551581
istanbul,881ec91a95fffff,0.04766866647393967,0.44072164948453607,8.476214430347564,13.850990381647835
istanbul,881ec91a91fffff,0.026786652105143065,0.20958083832335328,6.469497662106385,13.00415146540516
istanbul,881ec91a9bfffff,0.03298924687420138,0.24257425742574257,9.720117138615272,12.1751372740354
istanbul,881ec91a93fffff,0.04787284970206431,0.35655737704918034,2.6749502349800336,12.152690555829215
istanbul,881ec911a7fffff,0.06311175820199429,0.20444444444444446,10.472733059325703,11.367833909342924
istanbul,881ec9034dfffff,0.004817469636630125,0.08146964856230032,6.9689746668594035,11.30469243650723
istanbul,881ec90345fffff,0.0030410329331626846,0.16393442622950818,2.9391272189331517,11.32317319849297
istanbul,881ec90341fffff,0.06918331552548139,0.08243727598566308,7.372372514815378,10.454879454278062
istanbul,881ec90349fffff,0.07565437609002588,0.22239031770045387,5.546178783366985,10.477204756546541
istanbul,881ec9034bfffff,0.18350307225503537,0.2765957446808511,3.015897283025283,9.605322471110908
istanbul,881ec911b7fffff,0.08156772730821624,0.10126582278481013,7.710443691204005,8.779924452520076
istanbul,881ec911bdfffff,0.03695031218761189,0.32,10.046346645628237,9.839548567776994
istanbul,881ec911b1fffff,0.02026462142801532,0.1712538226299694,7.14161778023757,8.906442372640432
istanbul,881ec911b5fffff,0.04061993206914619,0.26590909090909093,10.807381433227478,9.675474618652345
istanbul,881ec91a83fffff,0.027870987636643973,0.24528301886792453,4.053010761656339,14.703699320363167
istanbul,881ec9c4b3fffff,0.03079680775129819,0.19682539682539682,9.15355797575069,21.412569131486034
istanbul,881ec9c4bbfffff,0.013057895667364783,0.17218543046357615,11.02908955111575,21.796970760498997
istanbul,881ec91a59fffff,0.027141938428075607,0.15476190476190477,23.095807151213048,21.06503368069202
istanbul,881ec91a51fffff,0.19045419492974242,0.2230971128608924,13.508360504881336,20.75622488348068
istanbul,881ec91a33fffff,0.06575876661217804,0.605,5.393998064714499,19.848801991288795
istanbul,881ec91a39fffff,0.010080214388048368,0.29863013698630136,4.448416238334544,20.848406637163603
istanbul,881ec91a3bfffff,0.0524501138758365,0.2857142857142857,3.8276251048403656,19.941060324142544
istanbul,881ec91a17fffff,0.09518207153750523,0.32238805970149254,18.344164240379133,19.160877240706014
istanbul,881ec91a37fffff,0.15163592343410318,0.3246268656716418,6.474054748760351,20.669718236273056
istanbul,881ec91a15fffff,0.02105345952779934,0.20642201834862386,4.176269211069242,20.07900165671779
istanbul,881ec91a31fffff,0.013914677037840563,0.3609022556390977,6.541351286806766,20.736967205048213
istanbul,881ec91a3dfffff,0.00918333709564132,0.3669064748201439,20.390702121390042,21.63365814708414
istanbul,881ec9185dfffff,0.47866233963779387,0.23048327137546468,9.959712540164217,20.647100099088387
istanbul,881ec9184bfffff,0.04384978456566521,0.2127659574468085,16.73683829327879,21.50277560252857
istanbul,881ec91a35fffff,0.012216372382178478,0.40863787375415284,23.280571199676242,21.546863005657517
istanbul,881ec91a23fffff,0.04698188633784853,0.5227272727272727,4.5588230214462735,22.4330993560929
istanbul,881ec91849fffff,0.12465330730643419,0.12222222222222222,1.1292024423723177,22.36923554694162
istanbul,881ec91a27fffff,0.000236929065291865,1.0,0.4714045207910317,23.2452732283471
istanbul,881ec91aa3fffff,0.08409941499838745,0.2994350282485876,3.8082964364895466,16.470794016694764
istanbul,881ec91aa1fffff,0.2640178715014516,0.35,1.5208304212067918,17.279572735421052
istanbul,881ec91aabfffff,0.20771742786897318,0.10416666666666667,6.278297036803208,16.408932251866737
istanbul,881ec91aa9fffff,0.09772548817237466,0.0,6.2058093467172935,17.248583095993606
istanbul,881ec91aa7fffff,0.04346000430202963,0.2943722943722944,3.8194803475517496,17.36387727934722
istanbul,881ec91ae5fffff,0.5403758039024207,0.01,5.212074585717529,18.97036097714745
istanbul,881ec91aa5fffff,0.09561934553710899,0.32592592592592595,4.17295901049181,18.159944851094608
istanbul,881ec9185bfffff,0.5602818866736659,0.096875,4.519059596144384,18.947745317171414
istanbul,881ec918cdfffff,0.02328837490187674,0.0,2.625182209419579,17.50073634500526
istanbul,881ec918c9fffff,0.022013588458762275,0.21428571428571427,4.852674184979055,16.58830228466091
istanbul,881ec9181bfffff,0.03667611429290722,0.175,3.856412008622382,18.264474263256123
istanbul,881ec91855fffff,0.039902436882575866,0.0,2.780937040290621,20.66926786518261
istanbul,881ec91843fffff,0.0032471824966051194,0.0,1.0,21.501666871857672
istanbul,881ec91a19fffff,0.010223676351103968,0.1919191919191919,16.40711609211669,19.539725107974363
istanbul,881ec911b3fffff,0.16221016119380993,0.1794871794871795,7.447235519917662,7.986159344781869
istanbul,881ec91b11fffff,0.0045415730120215705,0.2845360824742268,11.557021890060623,24.902842698390725
istanbul,881ec91b1bfffff,0.04404672966277254,0.36363636363636365,11.289181605325984,24.068897551315217
istanbul,881ec91199fffff,0.015429813514016486,0.2407152682255846,15.763532070890262,8.360847498651824
istanbul,881ec911d1fffff,0.0251809503977134,0.1596244131455399,17.093563747685515,9.893247564458717
istanbul,881ec91a2bfffff,0.06466455364926782,0.3333333333333333,4.475977546860574,22.537856425560374
istanbul,881ec91a07fffff,0.1501697508629734,0.29375,20.88406204020456,21.762641910100196
istanbul,881ec91b57fffff,0.24689581717729372,0.22727272727272727,5.755192903794916,25.827099787509603
istanbul,881ec91b55fffff,0.007395781005727418,0.3071593533487298,5.0877735141558755,26.71746145797054
istanbul,881ec91b0bfffff,0.0016803246377779081,0.26666666666666666,10.707487938379654,26.642941082739274
istanbul,881ec91b1dfffff,0.012957334234421232,0.38402061855670105,8.676980346190295,25.76869291124707
istanbul,881ec9184dfffff,0.07348502236755078,0.16666666666666666,1.103681224311603,23.202765178689003
istanbul,881ec91a03fffff,0.026858283696972417,0.24858757062146894,22.77523630808007,21.00332471665413
istanbul,881ec91b5dfffff,0.0010933246003885122,0.5285714285714286,6.592422859605061,26.826274326921734
istanbul,881ec91b4bfffff,0.002204365010221867,0.3605015673981191,12.399800736263456,27.73701344883728
istanbul,881ec91b41fffff,0.006569375765672862,0.2922077922077922,22.450160457997704,28.51718711415779
istanbul,881ec91b43fffff,0.02042150594914025,0.36318407960199006,17.95861528537904,27.614363140522215
istanbul,881ec91b47fffff,0.0,0.16393442622950818,14.406844434669429,28.41352069083138
istanbul,881ec91a1dfffff,0.0251262487403537,0.5,6.280276383693361,20.261684240330677
istanbul,881ec91a0bfffff,0.018897390579247244,0.26865671641791045,15.276801872161643,21.20075998592092
istanbul,881ec91a57fffff,0.07127454581952271,0.18998272884283246,13.544483877906504,20.487902637525217
istanbul,881ec911c9fffff,0.055363585073665934,0.37184873949579833,12.358415156053711,12.837844091587714
istanbul,881ec91b19fffff,0.1975630717094702,0.1497584541062802,21.467503602829556,24.943979207309845
istanbul,881ec91b13fffff,0.13028581152037408,0.17197452229299362,9.030630981186606,24.046298395427286
istanbul,881ec91a55fffff,0.22165969613114367,0.13768115942028986,12.592299791244455,21.439529591557072
istanbul,881ec91a5dfffff,0.08055563291986913,0.2037037037037037,15.341147316833771,21.718262121608312
istanbul,881ec91b45fffff,0.05399475749308381,0.5073529411764706,6.135372116738941,29.308516799235516
istanbul,881ec9ce93fffff,0.03157632605796366,0.3631578947368421,25.008623785369853,30.209217506887708
istanbul,881ec91b63fffff,0.0,0.2894736842105263,15.42402408683097,29.168651419680437
istanbul,881ec9ce9bfffff,0.13771064139914385,0.39835728952772076,22.206948206006125,30.338481215560073
istanbul,881ec9c4b7fffff,0.09405387230336704,0.3288888888888889,20.69622649393811,22.035433061115405
istanbul,881ec91b51fffff,0.062450550190906916,0.07272727272727272,7.725902487199993,25.92108365924826
istanbul,881ec9c5b7fffff,0.00570414801134797,0.2575107296137339,24.020228471185302,26.96895803878461
istanbul,881ec9c5b5fffff,0.010439681676415189,0.3191489361702128,9.94842355258315,27.89229461423885
istanbul,881ec91b49fffff,0.0013860309763201193,0.3508771929824561,20.865345484912893,28.652771298875706
istanbul,881ec91b59fffff,0.0,0.0,25.45326070910412,26.05025266767071
istanbul,881ec9c5b3fffff,0.050695738615284744,0.0,12.587471725666138,26.21407993605654
istanbul,881ec9c5a3fffff,0.07837871920580718,0.327027027027027,9.676888681606966,28.819816619993244
istanbul,881ec9c5a9fffff,0.0015731939453537324,0.3163972286374134,16.56243518453383,29.95899330708973
istanbul,881ec9c5e3fffff,0.022751025128847857,0.2751540041067762,9.403757623388982,30.196043531927252
istanbul,881ec9c587fffff,0.0035962677203552475,0.2585812356979405,18.39016238245227,28.29846300124558
istanbul,881ec9c583fffff,0.008825345641768841,0.19215686274509805,7.071498098670621,27.59429281595077
istanbul,881ec9c5b1fffff,0.0016648842612278995,0.19895287958115182,25.009954055172216,27.144971955013776
istanbul,881ec9c5d3fffff,0.036172203861701155,0.2837209302325581,8.301666666467733,26.5552145950163
istanbul,881ec9c581fffff,0.0,0.25925925925925924,14.950632256957807,28.54797757281294
istanbul,881ec9c58bfffff,0.008609591819338389,0.40298507462686567,3.184735195476403,27.86601827075202
istanbul,881ec9c5b9fffff,0.0,0.08611599297012303,16.048958679898156,27.353666181987
istanbul,881ec9c5bdfffff,0.01461365596139197,0.20066889632107024,15.370377144614585,28.079658976728027
istanbul,881ec9c5bbfffff,0.01756385671992222,0.02631578947368421,4.585595017105158,26.411913824202166
istanbul,881ec91b39fffff,0.015055278293449333,0.06896551724137931,2.006163342807532,26.597824761469255
istanbul,881ec91b03fffff,0.06261927831385951,0.27887323943661974,16.982579460266905,26.603008038424193
istanbul,881ec91b15fffff,0.08034475599578218,0.24705882352941178,17.84515398471397,25.746112032207062
istanbul,881ec91b17fffff,0.05483567442204725,0.10843373493975904,3.897641800609746,24.898824966681747
istanbul,881ec91b05fffff,0.0,0.36363636363636365,2.762725657973388,28.30326107738709
istanbul,881ec91b0dfffff,0.0,0.3392857142857143,10.262199404337558,28.34212851772967
istanbul,881ec91b09fffff,0.004721548159121951,0.2,19.24744701725546,27.52478634130242
istanbul,881ec91b29fffff,0.0,0.034482758620689655,17.57133218278115,29.146119512582725
istanbul,881ec91b01fffff,0.03993504804330222,0.31560283687943264,14.48171779284009,27.468613065219166
istanbul,881ec91b07fffff,0.0,0.42857142857142855,4.3857011982122085,27.44605486038265
istanbul,881ec9c5c5fffff,0.21726791331914816,0.3237704918032787,9.873037710369951,30.754904778388852
istanbul,881ec9c5ebfffff,0.010460077457031728,0.29859154929577464,11.98128455960448,30.461595377092657
istanbul,881ec911cbfffff,0.04872638399626563,0.30397236614853196,8.780090632386516,11.85553117960132
istanbul,881ec911ddfffff,0.046064391016258054,0.30115830115830117,16.077841268524207,10.87392799952639
istanbul,881ec91037fffff,0.04246170151759018,0.21739130434782608,15.317719492276172,11.4703628459142
istanbul,881ec9ce81fffff,0.1031070681903974,0.3111111111111111,12.592129817204606,33.71450525062913
istanbul,881ec9ced3fffff,0.00614371577287023,0.23508771929824562,29.123504835809943,31.425752082085467
istanbul,881ec9c5e7fffff,0.01806899976466208,0.3150406504065041,16.38800170699122,30.903033669900072
istanbul,881ec9c5e1fffff,0.00901120299381138,0.26329113924050634,14.508800771125067,31.148339457277515
istanbul,881ec91aadfffff,0.18647183007515636,0.0,2.4663018120455518,18.105992874764535
istanbul,881ec9ce95fffff,0.031109482241152373,0.34050179211469533,7.947799795899367,31.90220156100029
istanbul,881ec9ce91fffff,0.007261567594884712,0.3080568720379147,9.121201344061458,31.11512681207043
istanbul,881ec9ce3dfffff,0.03245755358884407,0.28063241106719367,9.476651395707986,39.83253118046985
istanbul,881ec9ce07fffff,0.0,0.3884297520661157,3.5437509955064574,39.99360415141336
istanbul,881ec9ce09fffff,0.0,0.21568627450980393,5.420156748061233,40.38254799604514
istanbul,881ec9ce0dfffff,0.0,0.2795031055900621,13.570229153232379,41.11202837259251
istanbul,881ec9ceb9fffff,0.1111870012441231,0.08866995073891626,19.343817846766672,32.698957283585685
istanbul,881ec9c5adfffff,0.06811207315239316,0.2850356294536817,9.328570213179628,30.685894664220438
istanbul,881ec9c5a5fffff,0.09622889988460434,0.344017094017094,19.324246412429233,30.497529907064912
istanbul,881ec9cf1dfffff,0.007945946863140737,0.32,3.3585994644910007,43.8673653368927
istanbul,881ec9cf19fffff,0.003175323899425976,0.20901639344262296,12.227202123972218,43.076978860827424
istanbul,881ec9cc4dfffff,0.1294992679623566,0.2877094972067039,10.528846676732634,41.273429114323534
istanbul,881ec9ce27fffff,0.08204969573571735,0.29194630872483224,10.915486761462791,41.38511837206621
istanbul,881ec9ce2dfffff,0.003055165063854385,0.0684931506849315,5.464646944741971,42.436112714811294
istanbul,881ec9ce29fffff,0.0,0.2807017543859649,14.071787612509302,41.67422090349564
istanbul,881ec9ce05fffff,0.0024383075969340953,0.34256055363321797,12.285376542482947,40.92103680943534
istanbul,881ec9ce89fffff,0.023823600963037192,0.33534743202416917,5.450721008300689,33.859908311200705
istanbul,881ec9c531fffff,0.0,0.24812030075187969,10.6753907111981,33.74970276799891
istanbul,881ec9cea1fffff,0.0323193770761849,0.39009287925696595,16.61922021431252,35.20257389148464
istanbul,881ec9ceabfffff,0.006048703279033347,0.4198473282442748,15.262541714410514,34.39505954471508
istanbul,881ec9cea3fffff,0.0,0.4585635359116022,13.386232871375167,34.31882519528113
istanbul,881ec9ce87fffff,0.020452378128545525,0.3520408163265306,7.1156127244563026,33.59600826448027
istanbul,881ec9c4b5fffff,0.09068295458824102,0.1317365269461078,18.93786748310393,23.007186775737434
istanbul,881ec9ced1fffff,0.0023239791774974866,0.26126126126126126,27.662145663724072,32.357422225590156
istanbul,881ec9cedbfffff,0.018097113960968355,0.3951048951048951,13.001688405129661,31.623798403453648
istanbul,881ec9cf13fffff,0.0019863573119556386,0.14473684210526316,7.787260630782358,42.07426907742387
istanbul,881ec9cc45fffff,0.0006589332168902146,0.0,15.59401594629598,41.183902918159454
istanbul,881ec9cf1bfffff,0.00013203328903430993,0.23552123552123552,13.932859257972591,42.173304046380565
istanbul,881ec9cc49fffff,0.04551676038215648,0.14,8.473738739771495,40.47989604010666
istanbul,881ec9ce23fffff,0.022348660659476004,0.23118279569892472,12.875880688566857,40.60470971895721
istanbul,881ec9c5e5fffff,0.025747237354211073,0.36660929432013767,18.1947845057974,31.849643302984692
istanbul,881ec9c533fffff,0.02182788717082655,0.3482587064676617,17.765223741995893,32.79859916318763
istanbul,881ec9c53bfffff,0.0,0.4968152866242038,19.832456630483275,33.05892989903461
istanbul,881ec9ced9fffff,0.008755534117238463,0.42292490118577075,19.97289418940374,32.56457120075349
istanbul,881ec9c537fffff,0.0521669986088836,0.25098039215686274,18.534430041220812,33.507970825759536
istanbul,881ec9ceddfffff,0.0021185934790920184,0.20481927710843373,24.967889481211216,33.292250291642006
istanbul,881ec9c5edfffff,0.0008817493162887865,0.271889400921659,20.62049066119624,32.102694552201804
istanbul,881ec9ccc3fffff,0.0,0.12,9.038059716415908,33.39594024807001
istanbul,881ec9ccddfffff,0.0,0.2589928057553957,16.42064755521319,32.54659239194936
istanbul,881ec9cccbfffff,0.0,0.38823529411764707,19.01215852407313,33.404545191052165
istanbul,881ec9ceb7fffff,0.0009588417778484704,0.2391304347826087,14.537738596420077,32.569063115474776
istanbul,881ec9ceb5fffff,0.0029271320034961455,0.36752136752136755,16.155446792489,33.44083289282905
istanbul,881ec9ceb1fffff,0.05955342028004308,0.30745341614906835,20.94393342279548,32.619897311262434
istanbul,881ec9ccc5fffff,0.0,0.3684210526315789,11.779643458101777,35.0959075295834
istanbul,881ec9ccc1fffff,0.0,0.2608695652173913,26.091683548847957,34.24699232953064
istanbul,881ec9cc13fffff,0.002174536860742009,0.36585365853658536,8.033377085154802,35.94749700914947
istanbul,881ec9cccdfffff,0.0,0.15476190476190477,26.223155369844804,35.10514783266525
istanbul,881ec9ccc9fffff,0.0,0.3953488372093023,12.243116433326932,34.269429023744465
istanbul,881ec9cc19fffff,0.025524009744607386,0.6923076923076923,8.434387285919998,36.84077739607962
istanbul,881ec9cea7fffff,0.0,0.3862433862433862,14.19373595311179,35.14073159095746
istanbul,881ec9cebdfffff,0.001731862620494738,0.5028571428571429,6.397001708564333,33.50470812564874
istanbul,881ec9cc53fffff,0.01809566882632584,0.0,7.717224601860151,36.900768828535874
istanbul,881ec9cc5bfffff,0.0062932084709177,0.5,0.5,36.98568518638414
istanbul,881ec9036dfffff,0.002464762444635664,0.0,0.0,13.101046787631244
istanbul,881ec9c595fffff,0.0,0.0,1.0999438818457405,26.642990146111853
istanbul,881ec9c5e9fffff,0.03490618758483365,0.02072538860103627,9.71769854873071,31.421146676104915
istanbul,881ec9c513fffff,0.12584912651930766,0.12844036697247707,8.92082203385076,31.720740163064473
istanbul,881ec9c4b1fffff,0.05655358683821506,0.26480836236933797,20.37666097595615,22.389400962247365
istanbul,881ec9c517fffff,0.06552762394120701,0.33663366336633666,15.631254829592732,32.38230885131469
istanbul,881ec9c515fffff,0.02167753953075317,0.43356643356643354,15.921053060509395,33.344942022396026
istanbul,881ec9c511fffff,0.08738737904013986,0.2846153846153846,10.670013153830144,32.687799091970064
istanbul,881ec9c5c3fffff,0.09705515591911917,0.6229508196721312,23.47107498489887,29.13586101935646
istanbul,881ec91b2dfffff,0.0,0.0,3.4934340744678525,29.996501630545907
istanbul,881ec9cf11fffff,0.0,0.34545454545454546,2.861445407916287,42.96884249962332
istanbul,881ec9c4bdfffff,0.11638270505377543,0.11203319502074689,17.81709917190744,23.36702727702077
istanbul,881ec9ce3bfffff,0.0,0.0,1.0,38.14763533573138
istanbul,881ec91aedfffff,0.4436477921130621,0.0,2.909890789595346,19.04158873536355
istanbul,881ec90265fffff,0.293157726465304,0.0,1.923076923076923,7.083701423656144
istanbul,881ec91169fffff,0.06310559573571799,0.2716049382716049,9.529520232629114,20.24789325397796
istanbul,881ec9cf57fffff,0.0,0.0,5.71314274283428,43.98421889088122
istanbul,881ec91b53fffff,0.28400970530954883,0.0,14.861338264099906,25.02204435338168
istanbul,881ec9c5ddfffff,0.11588700944321456,0.2102803738317757,14.877476580561025,28.499080954639442
istanbul,881ec9c5d5fffff,0.033301034409908066,0.0,0.0,28.167936251465214
istanbul,881ec9c5d7fffff,0.0,0.8888888888888888,12.88349234485743,27.201333570175873
istanbul,881ec91067fffff,0.13070772473151454,0.24305555555555555,11.059480415625748,15.980161574419089
istanbul,881ec9102dfffff,0.05034753082579089,0.19387755102040816,10.09622022596559,15.37332778486589
istanbul,881ec91145fffff,0.17829795315807337,0.22270742358078602,10.976490113854991,19.710854670798867
istanbul,881ec9c493fffff,0.010413982132266082,0.1306532663316583,7.580259795397024,20.696763963441093
istanbul,881ec9c4a9fffff,0.009672289802023101,0.33121019108280253,13.31955069959202,25.32429231146852
istanbul,881ec9100bfffff,0.13282060414182828,0.2765957446808511,13.423685498378841,14.25983937437161
istanbul,881ec91001fffff,0.016625728011219552,0.28958333333333336,19.050435474341697,14.449729839228997
istanbul,881ec91055fffff,0.023551169835158328,0.13972602739726028,21.01543762500958,15.030010741924885
istanbul,881ec91009fffff,0.09243983513388704,0.25064599483204136,21.918072779960234,15.181247250298856
istanbul,881ec910e9fffff,0.16991869444143037,0.17328519855595667,17.758761972488905,10.761334134615543
istanbul,881ec910e1fffff,0.3576434259999128,0.19294117647058823,23.485374640852065,9.991473066575184
istanbul,881ec91007fffff,0.0369181040537614,0.2832369942196532,17.993280391902125,13.746449854762641
istanbul,881ec9102bfffff,0.003960922193381478,0.23326133909287258,11.40823851778087,14.041521559143108
istanbul,881ec9103dfffff,0.0037303521417789945,0.29336188436830835,18.142882314788928,13.075977894468707
istanbul,881ec91039fffff,0.12046620301857838,0.18848167539267016,20.007471144185804,12.797015468659433
istanbul,881ec91005fffff,0.00907279409968022,0.4448979591836735,16.775742996524652,14.700716475678163
istanbul,881ec91003fffff,0.017002350525536846,0.26595744680851063,12.245302021744202,13.5140800964056
istanbul,881ec910edfffff,0.05096747173539254,0.2413793103448276,32.58929301465812,10.917687271618629
istanbul,881ec91013fffff,0.11166533824168333,0.3092979127134725,22.234097512864178,11.559818256467477
istanbul,881ec91017fffff,0.03284201046175056,0.22789783889980353,31.71105532562773,11.667739109440669
istanbul,881ec9c553fffff,0.017183453572948204,0.07692307692307693,8.079404048560322,33.37348365352815
istanbul,881ec9c55bfffff,0.08870192731801674,0.24705882352941178,6.5906635191483645,33.7521498029903
istanbul,881ec9c551fffff,0.1361555339559394,0.05714285714285714,8.377152293428434,34.35031254546301
istanbul,881ec9c55dfffff,0.04554026785319833,0.6699029126213593,6.466538154413019,35.32766397584913
istanbul,881ec9c555fffff,0.02131988572854959,0.5205479452054794,9.484079032886683,34.96498411573381
istanbul,881ec91063fffff,0.01409018536203525,0.1528046421663443,12.819853635955461,15.658930789650826
istanbul,881ec9106bfffff,0.08434979301111764,0.37551020408163266,7.729245122395211,16.338837710605976
istanbul,881ec9135dfffff,0.05073779511916326,0.21656050955414013,7.667273559015308,22.237435779129402
istanbul,881ec9134bfffff,0.027240043094095667,0.3782608695652174,4.237042747725681,23.176840855773687
istanbul,881ec989b3fffff,0.009435438052982132,0.1038961038961039,16.902482238333356,22.796302268339797
istanbul,881ec989b1fffff,0.0,0.05,4.208325082500163,23.713137622501833
istanbul,881ec989bbfffff,0.0,0.0,7.870126357873099,23.56649276377145
istanbul,881ec9126dfffff,0.02048739942673004,0.11409395973154363,16.564978648910753,22.66540161513962
istanbul,881ec91261fffff,0.0,0.15841584158415842,24.894902547298837,21.771657634763955
istanbul,881ec91263fffff,0.009274534837539792,0.0,5.2687759489277965,20.88620490692276
istanbul,881ec91265fffff,0.029119522044365572,0.0,18.489878540352635,21.885469974664513
istanbul,881ec98997fffff,0.00352172179845602,0.0,0.0,23.458690121086992
istanbul,881ec91029fffff,0.04067808113433173,0.3148558758314856,4.25400880453848,15.009745550974893
istanbul,881ec9100dfffff,0.03792489504224652,0.30963302752293576,15.905919315853799,15.39167924117258
istanbul,881ec91043fffff,0.08881149447309837,0.2197452229299363,14.632672396730694,15.937103062189475
istanbul,881ec9105dfffff,0.03141270929793468,0.07427055702917772,19.46809859256721,15.82101817047136
istanbul,881ec91041fffff,0.02683572637416376,0.18700787401574803,12.476735569156196,16.853064325138224
istanbul,881ec91057fffff,0.17600316471894614,0.20118343195266272,22.234397803183946,14.133496357446651
istanbul,881ec91019fffff,0.09075714436073481,0.275,17.5392891015431,13.249708616688482
istanbul,881ec9101bfffff,0.09228480089512259,0.3387096774193548,26.708900688721727,12.381374534878068
istanbul,881ec910cdfffff,0.08966421750946119,0.1975609756097561,24.039212132197186,11.531987034141588
istanbul,881ec9103bfffff,0.13907254279709125,0.188,29.792243539784796,11.85357599488844
istanbul,881ec9c6a7fffff,0.0466069248661485,0.22580645161290322,9.732876701617508,27.605665221003417
istanbul,881ec9c6a3fffff,0.08359619367099687,0.0821917808219178,11.019879994901979,27.154494472151836
istanbul,881ec9c6a1fffff,0.0,0.0,15.55503724436137,28.138227083857508
istanbul,881ec9c485fffff,0.030894596394681974,0.1972318339100346,20.0544017770968,24.742526546387914
istanbul,881ec9c48dfffff,0.0041201186967772365,0.21739130434782608,12.298921232877472,25.17013459860956
istanbul,881ec9c4c7fffff,6.67548234778837e-05,0.1392857142857143,15.480236590971412,25.62664542225362
istanbul,881ec9c4c1fffff,0.237386446663285,0.1797752808988764,7.143485476758351,26.110536239677035
istanbul,881ec9c4c3fffff,0.020195237336310644,0.36,16.551695890047903,25.124378847026335
istanbul,881ec9c4c5fffff,0.21405623301683077,0.4,28.14400378793222,26.612666442880474
istanbul,881ec9c4e3fffff,0.07311442239269102,0.3103448275862069,27.64674760990689,25.725050055724925
istanbul,881ec9c481fffff,0.11746468043694563,0.2077922077922078,19.46558596243329,24.18539781418433
istanbul,881ec9c4ebfffff,0.14460836140839112,0.03333333333333333,33.35001070892953,26.154981628378344
istanbul,881ec9c489fffff,0.029754997589373503,0.18110236220472442,15.607140227130419,24.64063591066516
istanbul,881ec9c495fffff,0.06588063850688912,0.3783783783783784,7.802930978095182,22.2163169915148
istanbul,881ec9c491fffff,0.0,0.14345991561181434,10.737672202588803,21.6827007871989
istanbul,881ec9c4e1fffff,0.0,0.19718309859154928,36.36586329921225,26.707846431318085
istanbul,881ec9c4e9fffff,0.0,0.0875,6.590718801184749,27.13992620675211
istanbul,881ec9c4cdfffff,0.310848586579459,0.631578947368421,10.130399794677405,27.096691625572234
istanbul,881ec9c50dfffff,0.0,0.90625,6.721111019268565,36.24048905077217
istanbul,881ec9c501fffff,0.0,0.3564356435643564,5.919482816649525,35.27413723686681
istanbul,881ec9c509fffff,0.0,0.30714285714285716,16.519928832484354,35.59531380861513
istanbul,881ec9c543fffff,0.0,0.5573770491803278,15.786513831751105,35.93931772846134
istanbul,881ec9c5c1fffff,0.10957635823810062,0.27602905569007263,16.61658621725741,30.104979718779216
istanbul,881ec91023fffff,0.02166165237444566,0.39878542510121456,10.666745335759357,13.418790348153209
istanbul,881ec91047fffff,0.11877194579273681,0.27956989247311825,19.70717730116548,16.11031179628408
istanbul,881ec91051fffff,0.25282145150181307,0.0,18.061048713219293,14.939756656836638
istanbul,881ec9104bfffff,0.03727285500714048,0.2100456621004566,9.075766390683205,16.713984965994353
istanbul,881ec912a1fffff,0.09208844496863659,0.2962962962962963,3.2997679932191786,13.264048284589075
istanbul,881ec912a7fffff,0.05080811041251806,0.208955223880597,20.227879222074964,12.391051768044656
istanbul,881ec912a9fffff,0.048985186876072874,1.0,5.973901572674261,14.148385323845718
istanbul,881ec9c687fffff,0.032202684788043,0.2736842105263158,8.939787691284867,27.312656480185815
istanbul,881ec9c6abfffff,0.044203235057125874,0.2,4.6255330023204415,27.711679401244744
istanbul,881ec9c6bdfffff,0.006858012288927301,0.0,11.110755549866486,26.730643220302046
istanbul,881ec989b7fffff,0.004589378459392298,0.13274336283185842,9.41071066988642,22.967073444153684
istanbul,881ec91267fffff,0.005354884913154265,0.0,16.263455967290593,20.981423439650165
istanbul,881ec9122dfffff,0.0245736406045718,1.0,5.236553026878061,20.205908923657283
istanbul,881ec9135bfffff,0.11549167583369067,0.21019108280254778,23.087541133820526,21.12038346099962
istanbul,881ec91229fffff,0.001183696940541721,0.125,30.672626232522052,20.085079896872763
istanbul,881ec91351fffff,0.23507908829663296,0.3023255813953488,16.714066307465306,21.302236613966265
istanbul,881ec91359fffff,0.02844151935335929,0.14049586776859505,13.423579754672996,22.041018855674984
istanbul,881ec91343fffff,0.14173889174712598,0.4,2.7479120088101916,22.47365645940919
istanbul,881ec91059fffff,0.0,0.0,0.0,15.763308869001348
istanbul,881ec91237fffff,0.02770678699117619,0.0,30.647298745814854,16.6298779671309
istanbul,881ec91147fffff,0.0803289672413217,0.32677165354330706,19.844346386848407,18.724978234524936
istanbul,881ec91141fffff,0.04243475747404506,0.15319148936170213,5.508127700479111,19.207429717767162
istanbul,881ec91143fffff,0.10204357253641996,0.25925925925925924,11.821768663473156,18.22127987199868
istanbul,881ec9c503fffff,0.04535394093607892,0.24242424242424243,12.107421840432734,34.30892180306514
istanbul,881ec9c50bfffff,0.0,0.40145985401459855,15.991443837016048,34.625175133039754
istanbul,881ec9c557fffff,0.06538122298207445,0.29285714285714287,13.170125557152872,33.99133828065416
istanbul,881ec9101dfffff,0.06682296971983191,0.2619589977220957,16.97508947444565,13.347675237381681
istanbul,881ec9c497fffff,0.07196788486247176,0.05603448275862069,6.3161421676791765,21.232011128704965
istanbul,881ec9c4d5fffff,0.10939844506828594,0.022058823529411766,6.950269162170038,24.13821998416372
istanbul,881ec9c487fffff,0.4389439139598987,0.29577464788732394,22.099017202874663,23.760310544760163
istanbul,881ec91033fffff,0.0034076199590205134,0.2775229357798165,16.81959008968543,11.155720092031027
istanbul,881ec91031fffff,0.008565538545848544,0.20355731225296442,15.722837286731723,12.113756942910939
istanbul,881ec91015fffff,0.07825332999907474,0.06324110671936758,21.340916992326434,12.586136434676753
istanbul,881ec91011fffff,0.07044280089330271,0.20707964601769913,11.394182695918056,12.446788701670755
istanbul,881ec989b5fffff,0.0,0.0,11.58565923890393,23.897916471787152
istanbul,881ec91155fffff,0.1368681270003017,0.3439153439153439,10.126694450214169,17.235136327749412
istanbul,881ec9c4b9fffff,0.11992438771853516,0.15432098765432098,18.25686561924166,22.7784426510243
istanbul,881ec9114dfffff,0.16913748762512298,0.29,10.354498718429307,20.19358404371492
istanbul,881ec91321fffff,0.22357005977487834,0.1865671641791045,14.142785273972885,21.256659027247554
istanbul,881ec91327fffff,0.3581723848636172,0.32,12.845837004352072,20.709664629848994
istanbul,881ec9c49bfffff,0.0,0.13,11.247589811889345,21.179741362646443
istanbul,881ec91325fffff,0.01650456612389491,0.2730496453900709,11.85085485791712,21.69453944506732
istanbul,881ec9c499fffff,0.0,0.18213058419243985,8.708032633253413,22.165900447178085
istanbul,881ec9c4d3fffff,0.014084758803500012,0.22388059701492538,7.492889026335939,22.679524414452658
istanbul,881ec9136bfffff,0.1601956628913485,0.2515527950310559,8.818265760546234,23.060438936981445
istanbul,881ec91363fffff,0.2729389266076955,0.23772609819121446,15.319628661412857,22.43418658229967
istanbul,881ec91345fffff,0.08247894907992555,0.17777777777777778,13.413255277793347,23.709059513795435
istanbul,881ec91361fffff,0.08034697970900052,0.27485380116959063,9.269792482737437,23.40814853986813
istanbul,881ec91329fffff,0.2304903270304888,0.2163265306122449,15.058832305706185,21.832235605210293
istanbul,881ec9c49dfffff,0.005249444450490556,0.19333333333333333,13.76585670924109,22.668660738424183
istanbul,881ec9c4d7fffff,0.03653642267968352,0.37012987012987014,19.01283220037912,23.15206027441409
istanbul,881ec9c4dbfffff,0.027089726329569297,0.3218390804597701,15.75170204647967,23.221546282099403
istanbul,881ec9132dfffff,0.0214029711510071,0.25,14.91932227969215,22.238940499644126
istanbul,881ec91367fffff,0.048515443915585384,0.33876221498371334,11.30817827945775,22.810817296098186
istanbul,881ec91365fffff,0.07947314774000543,0.283987915407855,11.573545128164502,23.79001760774745
istanbul,881ec9c6b3fffff,0.07667227527152118,0.2537313432835821,17.71428670200322,24.769762421002106
istanbul,881ec9c4d1fffff,0.16212992659658298,0.2446043165467626,22.125416887654577,23.66460500047228
istanbul,881ec91021fffff,0.2024803623071955,0.30569948186528495,10.23805657342929,14.395451299580413
istanbul,881ec91025fffff,0.21314446678597473,0.14098837209302326,8.977706014238905,14.80402917153162
istanbul,881ec91151fffff,0.056938448231950635,0.2825112107623318,12.823406562196139,16.771676860855628
istanbul,881ec91153fffff,0.01250551495392675,0.3167701863354037,11.354810427484068,15.7877049214427
istanbul,881ec9115bfffff,0.04126830348793283,0.4880382775119617,5.429631552124421,16.352200651049667
istanbul,881ec91159fffff,0.023497066137431903,0.3389830508474576,6.313640488103337,17.331900048610862
istanbul,881ec9115dfffff,0.003638152081645995,0.0,0.0,17.755894741358777
istanbul,881ec9133bfffff,0.007878636036359948,1.0,11.412712210513327,18.551121441864847
istanbul,881ec9131dfffff,0.042615085478610135,0.16666666666666666,9.626285268512122,19.88152997715722
istanbul,881ec91315fffff,0.005101835063478095,0.22058823529411764,9.165393492361497,19.203831035775757
istanbul,881ec91357fffff,0.1790018626866045,0.3372093023255814,7.274415926507309,20.581741249016545
istanbul,881ec9c4adfffff,0.0,0.2222222222222222,15.455127608265004,25.92904306303013
istanbul,881ec9c5c9fffff,0.14704898030883945,0.07860262008733625,24.897466242171284,30.446641465638024
istanbul,881ec9c5cbfffff,0.2675794269011761,0.053824362606232294,24.819848515301203,29.47244550396215
istanbul,881ec9c435fffff,0.14056158491457885,0.2275449101796407,31.3678597010096,29.836194831900972
istanbul,881ec9c5dbfffff,0.0034937469749336,0.2215568862275449,19.948325217426877,26.904793323762984
istanbul,881ec9c5d1fffff,0.10152877324980453,0.3415841584158416,10.540159405439262,27.526636711363853
istanbul,881ec9c5cdfffff,0.10914818657134516,0.163727959697733,8.432794050015577,31.07518002992819
istanbul,881ec9c437fffff,0.02389976386856202,0.2818181818181818,19.747263610181502,28.858440114149808
istanbul,881ec9c427fffff,0.002558261540340224,0.24778761061946902,18.192921213248525,31.421590895854468
istanbul,881ec9c423fffff,0.005649289674901985,0.30864197530864196,21.710791418094363,30.814490810988424
istanbul,881ec9c4e7fffff,0.0,0.18861209964412812,24.888239613060502,26.30377986820327
istanbul,881ec9c4e5fffff,0.0,0.2857142857142857,9.661766515290713,27.283754688072285
istanbul,881ec9c5d9fffff,0.006029459024818914,0.430327868852459,9.474418868443962,27.881284290240114
istanbul,881ec91369fffff,0.06557560002034123,0.27044025157232704,8.613916773327468,24.029028572766066
istanbul,881ec9c48bfffff,0.10349027395611261,0.3220338983050847,16.564151269124416,23.654640143049384
istanbul,881ec9c483fffff,0.0,0.37142857142857144,26.513160737786283,23.200786121362214
istanbul,881ec9c4edfffff,0.0026825337398555696,0.24680851063829787,37.771448616700035,27.69088593697835
istanbul,881ec9c417fffff,0.0031286215317290126,0.31862745098039214,24.219419669501246,28.124957410641656
istanbul,881ec9c43bfffff,0.0029377688263326728,0.16666666666666666,12.294681113126497,28.6741429038549
istanbul,881ec9c433fffff,0.03262984865989411,0.33707865168539325,11.755468585584612,28.26416541759831
istanbul,881ec9c51bfffff,0.00248318060639803,0.23741007194244604,12.758981150546465,32.04636311403908
istanbul,881ec91035fffff,0.07038259940172141,0.3532818532818533,7.162394119005214,12.443632560314361
istanbul,881ec91061fffff,0.08513211486146391,0.18497109826589594,8.430323650742798,16.620408954925807
istanbul,881ec91045fffff,0.05173543244295859,0.20786516853932585,17.457736877088873,17.045780056069823
istanbul,881ec91069fffff,0.02326194827985518,0.3380855397148676,12.52821176884098,17.29034818606722
istanbul,881ec9106dfffff,0.010599149869973307,0.4409937888198758,3.076217605127823,17.584614588734286
istanbul,881ec91317fffff,0.014371216803680666,0.3101391650099404,9.05579974476051,18.245528821925962
istanbul,881ec91311fffff,0.014237571112574449,0.36298932384341637,7.719424796040376,18.932120796289688
istanbul,881ec91319fffff,0.14431166304330606,0.2813299232736573,6.614616769462818,19.641688844981953
istanbul,881ec9104dfffff,0.1081556177337261,0.3173431734317343,10.094048273028136,17.776522624201768
istanbul,881ec9131bfffff,0.18483131387725243,0.24017467248908297,8.438128791138217,18.706366736862762
istanbul,881ec91313fffff,0.16063969249012539,0.30062305295950154,11.746785761637634,17.98665191023741
istanbul,881ec91355fffff,0.3957317323791608,0.0,8.339997335464536,21.52590338220972
istanbul,881ec91227fffff,0.0528439556858573,0.5588235294117647,21.217294899532916,18.52823999492811
istanbul,881ec9c559fffff,0.0072270710436139664,0.22448979591836735,3.853349786952487,34.732161068814456
istanbul,881ec9c519fffff,0.049321699560782126,0.21428571428571427,18.389998474598837,33.018441663879734
istanbul,881ec9c51dfffff,0.05718437344305521,0.37777777777777777,12.195703107529622,33.655975517089686
istanbul,881ec9c425fffff,0.2176974925790245,0.5267175572519084,22.274521775598178,32.39722517354442
istanbul,881ec9c431fffff,0.0,0.391304347826087,17.26986577506869,29.244967564834106
istanbul,881ec9c43dfffff,0.007781819149142133,0.125,33.34556665491868,30.22612239270074
istanbul,881ec9c42bfffff,0.004235330950460995,0.2638888888888889,25.274219909490654,31.20759601931555
istanbul,881ec9c429fffff,0.009959276845402095,0.37777777777777777,23.229315104989933,32.189358681599025
istanbul,881ec9c421fffff,0.022327866551617462,0.2191780821917808,26.097975886400487,31.793277479346127
istanbul,881ec9c42dfffff,0.0056629000414836084,0.315,26.157849045108172,32.77251027956044
istanbul,881ec912a5fffff,0.07656638711785645,0.19166666666666668,9.897166554988072,13.221689297451423
istanbul,881ec91049fffff,0.023224571948408886,0.0,8.610032117316665,17.616876165692187
istanbul,881ec91235fffff,0.05599882704019527,0.0,13.030331569700232,17.509084193417696
istanbul,881ec9136dfffff,0.024785574536435564,0.32972972972972975,9.094025439886272,24.38308119335128
istanbul,881ec9c4d9fffff,0.1055142240482267,0.4702194357366771,21.06056140233329,24.20443610942915
istanbul,881ec9c4c9fffff,0.23107563247909857,0.1875,7.792035325031569,26.620307285812604
istanbul,881ec9c6b5fffff,0.1576561649556612,0.35384615384615387,9.844287003897746,26.17093701504348
istanbul,881ec9c4ddfffff,0.17258778707675318,0.42857142857142855,15.127106198505317,24.649768983867336
istanbul,881ec9c6b7fffff,0.23446697945408948,0.28994082840236685,18.800264205163344,25.187575986647484
istanbul,881ec9c4cbfffff,0.32629832329510916,0.2346368715083799,10.303278993805883,25.63500601865662
istanbul,881ec91353fffff,0.04003502308691687,0.0,9.504627827458798,20.371823510139137
istanbul,881ec9c6b1fffff,0.21692296628856564,0.19391634980988592,10.756587305416803,25.74998885510026
istanbul,881ec91221fffff,0.007041062739249275,0.38235294117647056,13.133628389520272,19.298472024172792
istanbul,881ec9114bfffff,0.2305278727561924,0.14285714285714285,5.392252672945593,18.740318853611264
istanbul,881ec9c405fffff,0.018729498229404142,0.0,23.59927159542664,31.62500965361634
istanbul,881ec91349fffff,0.012211707746088067,0.16666666666666666,2.48746859276655,24.119959654131193
istanbul,881ec9c6bbfffff,0.28297461038305616,0.3592233009708738,21.81806611466777,25.358871848286388
istanbul,881ec91223fffff,0.061456397964376235,0.02857142857142857,37.201194723945214,18.39911506111315
istanbul,881ec9c6b9fffff,0.07338806612786404,0.0625,5.77941710294918,26.335424416859592
istanbul,881ec9122bfffff,0.0,0.0,9.3328474120349,19.197519299515683
istanbul,881ec9c54bfffff,0.0027308014973629877,0.19444444444444445,16.52085804020886,36.305495199281594
istanbul,881ec91053fffff,0.17583205450243147,0.0,8.117197107923948,14.072400928129127
istanbul,881ec9c467fffff,0.03734399542428415,0.1111111111111111,21.56768254948954,33.17138412868848
istanbul,881ec91347fffff,0.09304103903935608,0.0,2.8846122190549264,22.7484481017142
istanbul,881ec91341fffff,2.7586959843223156e-05,0.0,6.847546194724712,23.424563828798767
barcelona,88394461cbfffff,0.21649152213540576,0.06115965051628276,7.431812535980466,7.89997625352532
barcelona,88394460a5fffff,0.009364124898053508,0.0,10.794516173996422,9.715590809929962
barcelona,88394460adfffff,0.04619908300649756,0.029223744292237442,3.370888668250133,8.842304220213082
barcelona,88394460e7fffff,0.18935011950985706,0.09090909090909091,5.692674640595291,7.975380152433761
barcelona,88394460a9fffff,0.1020512115378983,0.07243460764587525,3.482213828699916,8.60921565155741
barcelona,88394461dbfffff,0.034015491751776636,0.12545676004872108,5.581570362748952,8.27875662532364
barcelona,8839446ad1fffff,0.0,0.27722772277227725,0.832059464098137,13.107454934143773
barcelona,8839446ad9fffff,0.0011706079014157382,0.04405286343612335,1.2602115591734844,12.274405039306096
barcelona,88394460e5fffff,0.06176696657749673,0.04923413566739606,4.324532387931019,7.3942426357922635
barcelona,8839446033fffff,0.037135598678543214,0.08921933085501858,6.164192020476498,6.8791374434292765
barcelona,88394460edfffff,0.014556160802346554,0.0893909626719057,4.849150498775595,6.51443423452146
barcelona,883944603bfffff,0.015086510975748308,0.17415730337078653,5.53555669716689,5.983450052164381
barcelona,8839446037fffff,0.02040173615418204,0.09082969432314411,2.6471049279225576,7.34709575403263
barcelona,88394461d9fffff,0.04592123735130549,0.07142857142857142,4.529631635418243,7.776189615420236
barcelona,88394461ddfffff,0.4243583904189493,0.0441527446300716,18.560366864859446,8.248402999312027
barcelona,88394461d1fffff,0.6506290264247306,0.048993875765529306,30.88791163769522,8.674206696861267
barcelona,8839446027fffff,0.018153483358400856,0.039484978540772535,6.154754506316356,7.47611144296952
barcelona,8839446023fffff,0.06703553261723638,0.02401477832512315,7.826929984293008,6.762947196914262
barcelona,883944603dfffff,0.04792282273661319,0.11756168359941944,6.36055496221134,6.111856402387418
barcelona,883944602bfffff,0.07427273659418285,0.11605281445448228,7.447659933978999,5.893929066122066
barcelona,8839446031fffff,0.013608971569107672,0.10893246187363835,4.1306389916220505,6.445877993163468
barcelona,8839446039fffff,0.01308322130916735,0.14320685434516525,6.8066548618570355,5.54475652277746
barcelona,8839446001fffff,0.026847165821274558,0.09723116548615583,8.131794021896983,4.335971395954462
barcelona,8839446003fffff,0.033710200969904715,0.07806691449814127,11.279568191011144,4.643743410508553
barcelona,8839446035fffff,0.08517542108814903,0.10347985347985347,4.788551097587275,7.004956502529311
barcelona,8839446017fffff,0.018070879519809156,0.1540785498489426,5.6752073863164005,5.6414971821965505
barcelona,88394460e1fffff,0.11292024357026932,0.061606160616061605,6.079209561192054,7.117115312933015
barcelona,88394460ebfffff,0.10203836334229198,0.07502287282708142,5.651000447185062,6.957350359511695
barcelona,88394460e9fffff,0.02766235516477544,0.11813953488372093,5.677401132764104,6.271033472661803
barcelona,8839446019fffff,0.14549793203761,0.058187863674147966,28.646419443601946,3.9343300869604554
barcelona,8839446011fffff,0.025501674619476538,0.05123087159015303,12.484992552443654,4.779155435107443
barcelona,8839446013fffff,0.04652930744872373,0.1115736885928393,10.8764984466991,5.44278157112143
barcelona,88394460e3fffff,0.2738831591943225,0.10401647785787847,2.9726961063210258,7.774868124845391
barcelona,88394460c5fffff,0.14295072271982434,0.10042918454935622,9.658461993614385,6.16332982117293
barcelona,8839446015fffff,0.026065699181405128,0.06320224719101124,6.904233403771491,5.089807863592637
barcelona,88394460c1fffff,0.09037825902106711,0.09891808346213292,6.7640550235327535,6.198407410009168
barcelona,88394460cbfffff,0.11282348277009852,0.08200455580865604,3.250053241795237,6.373915625035293
barcelona,88394460cdfffff,0.022755637568948623,0.034066713981547196,10.822558135159785,5.403137694266948
barcelona,8839446137fffff,0.0,0.15555555555555556,0.8631045677955221,12.255894263198895
barcelona,8839446addfffff,2.8148792466182718e-05,0.31343283582089554,1.2362416209645914,13.062727552304121
barcelona,88394461e3fffff,0.03152768464103182,0.07368421052631578,2.14359290636169,10.944666387062421
barcelona,88394461d5fffff,1.199069616994053,0.0,24.120556181331278,9.149795593984658
barcelona,883944618bfffff,0.06595281509706959,0.0,1.3228756555322954,10.05127087685628
barcelona,88394461d7fffff,0.09530721972431275,0.13076923076923078,23.334905294027145,9.57293846528319
barcelona,883944608dfffff,0.06208417706842763,0.07478260869565218,1.822238262499874,7.685281319572107
barcelona,8839446085fffff,0.09666497212344462,0.12663755458515283,3.6240561921724765,8.474907329295275
barcelona,8839446081fffff,0.13199501694639887,0.11747430249632893,2.3391945326084915,8.44409879809157
barcelona,883944608bfffff,0.2479323696445715,0.17231638418079095,2.6295703819095144,8.517917878182823
barcelona,8839446089fffff,0.0945554940352038,0.06359649122807018,2.369486130407249,7.71049236359347
barcelona,88394460c3fffff,0.10569586064472306,0.06845238095238096,5.699458447576804,7.016159497238497
barcelona,88394460ddfffff,0.03861100064432205,0.07120743034055728,3.586488057587652,7.231668558713186
barcelona,88394460d5fffff,0.2670427844506945,0.07468879668049792,3.2829072025611015,7.8494002831308
barcelona,88394460c9fffff,0.06822658683068841,0.07656826568265683,6.814351481572848,5.525997416124669
barcelona,883944601bfffff,0.13280653875658927,0.07921511627906977,21.013238155452807,4.641869539514514
barcelona,883944601dfffff,0.08859384966701425,0.06553755522827688,20.25554988835641,4.199468058599441
barcelona,8839446057fffff,0.45839584779521714,0.027586206896551724,23.22280540313914,3.31503082455225
barcelona,883944600bfffff,0.1002967575824635,0.06429192006950478,15.742213806260116,3.7428623159906986
barcelona,8839446055fffff,0.06479776472489067,0.10391822827938671,20.27181230553593,2.8421668547455226
barcelona,8839446051fffff,0.09923041782041966,0.06798418972332015,18.791226380299644,2.4428318201511448
barcelona,8839446053fffff,0.028926180093260326,0.02557200538358008,30.31330267755776,3.121211492596995
barcelona,883944605bfffff,0.10951259619538434,0.07545454545454545,16.08927429869236,2.3725390234059507
barcelona,88394462adfffff,0.08426336094540675,0.037942122186495175,9.182181189110814,3.2041681595720215
barcelona,88394462e7fffff,0.07271178437514064,0.04331450094161959,12.91021207811353,2.6575429344281236
barcelona,88394462a7fffff,0.01866408424900256,0.03718797758532858,16.202345177425755,4.6931974667497505
barcelona,88394460d1fffff,0.023233277229923313,0.08838383838383838,2.1511572762726505,8.096159924667601
barcelona,88394461c1fffff,0.5151283833698997,0.07150368033648791,18.61228228508971,8.521260313691114
barcelona,88394461c9fffff,0.07311732974610578,0.033608116677235254,4.4847784125495584,7.6394902446910145
barcelona,8839446021fffff,0.12215006019396346,0.056625141562853906,8.105180539221516,6.632003067989749
barcelona,8839446025fffff,0.026300798911000112,0.07918552036199095,6.920040555199798,7.416228774686209
barcelona,8839446063fffff,0.06945694113123653,0.07549234135667396,14.02602784299857,5.004054648173424
barcelona,8839446005fffff,0.032072126068150984,0.03926282051282051,8.723723271115878,5.036292081736411
barcelona,883944606bfffff,0.021595857310294342,0.07869481765834933,24.30868818470105,4.243303168573219
barcelona,883944600dfffff,0.00929353591658434,0.05426356589147287,16.385132592540042,4.196970397896385
barcelona,8839446009fffff,0.07828484962736648,0.07108433734939759,17.674176086154468,3.458369108323798
barcelona,88394462a5fffff,0.2338726102255098,0.0,32.95851728712415,3.8851893957070542
barcelona,88394462a1fffff,0.048808071926753016,0.07471647765176785,10.708209741731816,4.059906643875595
barcelona,88394462a3fffff,0.08212764554497944,0.03690807799442897,5.900132956194281,4.927256363884157
barcelona,88394462b5fffff,0.03401243947070572,0.09627329192546584,5.414472695365146,5.801051830094753
barcelona,88394462bdfffff,0.058309493979014075,0.062193126022913256,5.870461176479094,5.319989727479626
barcelona,88394462abfffff,0.23075696630180173,0.05367008681925809,8.136567059415656,4.432095294321121
barcelona,8839446287fffff,0.09070277002979062,0.0702656383890317,10.702517503419623,4.9574848597275185
barcelona,8839446285fffff,0.035684873962389334,0.04492753623188406,16.420091037300885,4.07836711766217
barcelona,8839446281fffff,0.04982334998054808,0.02877697841726619,17.577142486320685,4.740768833977234
barcelona,883944628dfffff,0.016149542856833468,0.0,26.155877924841736,3.904647834643194
barcelona,8839446283fffff,0.14209456554893637,0.039538714991762765,10.462114062166368,5.593074583185147
barcelona,88394462b9fffff,0.01458470477686632,0.10420168067226891,1.915080585286217,5.839476682947941
barcelona,88394462bbfffff,0.09005852900371766,0.005747126436781609,1.8890919120256844,6.723246425369361
barcelona,8839446295fffff,0.08892250089671092,0.12244897959183673,2.035652721324673,6.455193716318793
barcelona,88394462b1fffff,0.018256739054427214,0.0815822002472188,2.0267523225700668,6.208110902773007
barcelona,88394462b7fffff,0.012586323518950036,0.0794979079497908,3.5860868807906887,6.678798689595042
barcelona,88394460c7fffff,0.2083529638508171,0.04664179104477612,3.7876964575777112,6.923083509747526
barcelona,88394461cdfffff,0.06089488350950953,0.01744186046511628,5.217347015154657,8.332253525968671
barcelona,8839446007fffff,0.0763156672308591,0.06615285806037251,12.973580100928277,5.2216219364495
barcelona,8839446029fffff,0.1891997095077031,0.10477941176470588,9.539691481181668,5.805144934023553
barcelona,88394461ebfffff,0.054672891021315353,0.04696969696969697,1.5032283128497674,10.068405083125606
barcelona,883944618dfffff,0.13199799191193318,0.09315068493150686,15.798750350516634,10.295181936923944
barcelona,8839446181fffff,0.011955824233910138,0.0,2.0596636941190116,10.591875564483331
barcelona,8839446199fffff,6.921771607219247e-05,0.0,12.64658138431328,10.057010880971575
barcelona,883944619dfffff,0.00026250062182254494,0.0,1.497242644727328,10.472220402086759
barcelona,88394461e7fffff,0.0051876366674592535,0.12886597938144329,2.151569402040167,11.634139193118495
barcelona,88394462a9fffff,0.14971244904477093,0.04707170224411604,9.656579215653206,3.544531873226149
barcelona,88394462e5fffff,0.14986180252743825,0.06887417218543046,24.166197593738705,1.7718591074487129
barcelona,883944615bfffff,0.16230678833652362,0.06711409395973154,20.584601816527286,6.723653858053466
barcelona,88394461c5fffff,0.06321931754299129,0.04401408450704225,3.9515863069379864,9.197091516510707
barcelona,88394461c3fffff,0.9324148410859611,0.05834683954619125,11.399572415042764,8.796352911997651
barcelona,8839446189fffff,0.9667449176789742,0.009596928982725527,35.57117894525785,9.693731116175849
barcelona,88394461c7fffff,0.6686535577016351,0.09693877551020408,13.218788619386576,9.406809305702412
barcelona,883944602dfffff,0.09139143577142429,0.08706166868198308,11.66346330583221,6.618683891095859
barcelona,883944628bfffff,0.08132635777122611,0.003745318352059925,12.514934925281702,5.485363928889979
barcelona,8839446069fffff,0.0,0.061946902654867256,38.205227386779164,4.469156848284963
barcelona,8839446313fffff,0.00531422831119669,0.06875,31.757114226579212,3.908503311713434
barcelona,8839446045fffff,0.0009577548620402128,0.09375,54.861469118834435,3.548869618889856
barcelona,883944604dfffff,0.0,0.12962962962962962,30.63403353162405,2.967611066701935
barcelona,883944631bfffff,0.003276493085826994,0.1095890410958904,28.348753556033763,3.4932132122840307
barcelona,8839446225fffff,0.0,0.16379310344827586,53.922673680392606,3.2789289647041695
barcelona,8839446067fffff,0.044276444929914734,0.06183115338882283,18.160807826010203,5.851345438970666
barcelona,8839446041fffff,0.0,0.027777777777777776,39.81874813719802,2.6432979831958923
barcelona,88394460d7fffff,0.09762130804453184,0.0872093023255814,3.0698778296085525,8.69370435587502
barcelona,8839446065fffff,0.004044315548330907,0.0,42.21850423226023,6.029389540518163
barcelona,8839446061fffff,0.10915353436134782,0.0,39.29719569278714,5.127752119439492
barcelona,88394462e3fffff,0.044013981191697416,0.027895181741335588,17.829371107952166,3.204416611414279
barcelona,8839446043fffff,0.014863375558108042,0.05970149253731343,57.60920129490311,2.596908477271793
barcelona,8839446047fffff,0.021743644848181542,0.056179775280898875,27.33700758076996,3.389536679383867
barcelona,88394461d3fffff,0.0011725808925210752,0.0,1.5830896498638896,9.166636410667573
barcelona,8839446059fffff,0.11661171261267188,0.016033755274261603,19.65211463758532,1.6028464268079756
barcelona,88394462ebfffff,0.0,0.23076923076923078,23.928960606539988,3.0977687612328446
barcelona,88394462e1fffff,0.0,0.22105263157894736,41.88674347525365,2.3413265087178896
barcelona,8839446153fffff,0.10663008820139896,0.005376344086021506,7.782608039036359,7.462302802122057
barcelona,8839446311fffff,0.0,0.0,35.25658604437095,4.419757668458437
barcelona,8839446237fffff,0.00217795015954546,0.24,51.20797920601683,1.0424733102446158
barcelona,8839446289fffff,0.0035769337152141982,0.014285714285714285,21.07081040216185,4.690051179327669
barcelona,88394462c7fffff,0.022962709610110692,0.0,19.072401196045934,3.9347996320193785
barcelona,88394462c3fffff,0.013340133451924833,0.002652519893899204,16.58133083585676,4.8105424983993545
barcelona,883944605dfffff,0.043840064067479284,0.00554016620498615,23.738715752697562,1.9418100399452423
barcelona,883944604bfffff,0.012534647218565452,0.09259259259259259,70.92629695677056,1.7751307600748705
barcelona,88394461a5fffff,0.005288968952885465,0.07407407407407407,1.5772484475840916,13.37466822701998
barcelona,8839446ad3fffff,0.01255698066686061,0.10861423220973783,1.8897341683006899,13.21189558183822
barcelona,8839446233fffff,0.02659130374840583,0.0,43.177553400878715,0.8911162741163106
barcelona,88394462edfffff,0.0,0.0,38.01607846980304,1.507707408590372
barcelona,8839446adbfffff,0.0069060787409345615,0.3092369477911647,0.9484924090620894,12.356905210264785
barcelona,88394461adfffff,0.008787586065780867,0.40963855421686746,1.3462615944207297,12.5021468203419
barcelona,8839446133fffff,0.0008624526906801452,0.34545454545454546,1.2878181685129388,11.451798828940282
barcelona,88394461a9fffff,0.0,0.1774193548387097,1.260113226432006,11.824792779343861
barcelona,88394461e5fffff,0.002429757260324045,0.0972972972972973,2.4502283074977957,11.509098218859979
barcelona,88394461e1fffff,0.001250234706860615,0.0,1.009089443383485,10.771717677094218
barcelona,8839446319fffff,0.0,0.0,46.303931909739255,4.144155500649218
barcelona,88394462d5fffff,0.008858297959950082,0.02926829268292683,6.35754818813756,5.524425813483254
barcelona,8839446227fffff,0.0,0.0,17.299978502829045,2.577194675829843
barcelona,883944606dfffff,0.0,0.0,4.0,5.396629110795402
barcelona,88394462ddfffff,0.0,0.0,0.4714045207910317,5.70721147131363
barcelona,88394460abfffff,0.0,0.0,0.0,9.284988409309376
barcelona,88394460d9fffff,0.05160322928988865,0.0,0.0,7.559151598584326
barcelona,88394462b3fffff,0.08196916523714018,0.3076923076923077,0.8355984993230936,7.096406719379218
amsterdam,881969c9b7fffff,0.018656558367529316,0.08,2.501021771560129,2.927270933485673
amsterdam,881969526bfffff,0.1699083827275095,0.1275,1.1807729527173658,5.187925553717187
amsterdam,881969526dfffff,0.04308427064547416,0.2103960396039604,1.4187674692816157,4.331130909453898
amsterdam,8819695265fffff,0.08095218931114521,0.07692307692307693,1.654610021025327,3.563213108286428
amsterdam,8819695269fffff,0.043637958065625614,0.06007067137809187,1.6421026153798093,5.100952106506159
amsterdam,881969c9b3fffff,0.03221511328498166,0.00796812749003984,2.62631634233952,3.5974847157717447
amsterdam,8819695343fffff,0.06901741421167736,0.057034220532319393,0.9632107765177879,1.4829472106850479
amsterdam,881969535dfffff,0.017956699686231967,0.19290465631929046,1.308285705374551,2.0627206652949472
amsterdam,8819695355fffff,0.3489444387325959,0.03600654664484452,1.7465688929453367,1.2387243659005744
amsterdam,8819695309fffff,0.02714579020455943,0.1826625386996904,0.8737818915635901,0.5937533155691285
amsterdam,881969c9bbfffff,0.010400521501763293,0.030428769017980636,2.1137153286224266,4.441131575450598
amsterdam,881969c9b5fffff,0.05796021977539809,0.10044642857142858,1.28918834114623,3.266962346787754
amsterdam,8819695351fffff,0.19986025021872397,0.11901081916537867,1.6171636965672775,2.039489595977644
amsterdam,881969530bfffff,0.21350784081572466,0.20760233918128654,1.4376740108683,0.6386962183763298
amsterdam,881969c983fffff,0.11540152022901287,0.14442916093535077,1.0139042302762211,5.5742261075090935
amsterdam,8819695357fffff,0.0693265321250647,0.2150170648464164,1.1558849394026758,1.4694215056547981
amsterdam,8819695251fffff,0.20883514456267088,0.0,2.459766963502687,7.93586569443803
amsterdam,8819695259fffff,0.13571476945089653,0.0,1.0067501649688346,8.526008298876492
amsterdam,881969534bfffff,0.05782809660452334,0.22715404699738903,1.2485837252433352,2.374731600558927
amsterdam,8819695245fffff,0.09240018166248888,0.11564625850340136,1.4742478744176561,5.892821887902513
amsterdam,881969524bfffff,0.10610693428495112,0.041666666666666664,0.7968571043831019,7.514791358073208
amsterdam,8819695243fffff,0.3724888885715241,0.0,2.166222697605966,6.8492538540190395
amsterdam,8819695249fffff,0.030517046760086906,0.044444444444444446,0.6496327303253885,7.426659334288879
amsterdam,881969520bfffff,0.12329658674550525,0.0835214446952596,1.8319487943832358,6.5569602378552485
amsterdam,881969525dfffff,0.0669995996552743,0.0,0.7565980085002341,7.686318580948444
amsterdam,881968269bfffff,0.11034969513556755,0.14962593516209477,1.517163700292448,3.453277488048249
amsterdam,881969c9a7fffff,0.2508858327179888,0.003105590062111801,2.019045318956462,3.5034542851319532
amsterdam,8819695349fffff,0.08073824509708936,0.04487179487179487,1.2519495722790341,2.883164258179783
amsterdam,8819695241fffff,0.0640001794676525,0.13774104683195593,1.8151454265568292,6.698955765582435
amsterdam,8819695247fffff,0.10813846657866344,0.019867549668874173,0.8363161324825963,6.015876618081193
amsterdam,8819682699fffff,0.0727752242058091,0.17032967032967034,1.8594028766317148,4.2122224731935285
amsterdam,881969c9a5fffff,0.15869261789703076,0.099609375,1.3003863705810061,4.186112168524448
amsterdam,881969c9bdfffff,0.01728387564577689,0.04564315352697095,2.2062933561640388,4.159333768613555
amsterdam,881969c993fffff,0.09984110056157466,0.12757201646090535,1.427522205426628,5.877923831278496
amsterdam,881969522dfffff,0.21929565778081397,0.12424242424242424,0.8842088349275824,3.1610987778530584
amsterdam,8819695267fffff,0.07558543305237284,0.22736842105263158,1.4892975188233237,3.7068635255455287
amsterdam,8819695315fffff,0.14389140668560446,0.06422018348623854,1.475149647322081,1.7149550409628984
amsterdam,8819695311fffff,0.07248512342629332,0.09602649006622517,1.973893133447515,2.0948092372529348
amsterdam,8819695207fffff,0.15936883545470687,0.018433179723502304,1.123367144568773,5.272482792747081
amsterdam,8819695049fffff,0.46585316655902537,0.02495201535508637,1.3553746921122312,4.084155390341649
amsterdam,881969531bfffff,0.1811537675271629,0.1282051282051282,2.1115303536974754,2.697966047789953
amsterdam,881969c9a1fffff,0.09826083664640593,0.14754098360655737,1.470757692941435,4.329712484334539
amsterdam,8819695301fffff,0.10879007760605161,0.15073529411764705,1.609930984132127,0.31580844028647087
amsterdam,8819695347fffff,0.30142993171922605,0.1728395061728395,0.9837603124744041,1.2595028406774533
amsterdam,881969530dfffff,0.32046895279296234,0.192,2.3682660661206305,0.7832184584325398
amsterdam,8819695345fffff,0.2481600380792496,0.07653061224489796,1.1873816043549352,2.027033191038099
amsterdam,8819695209fffff,0.15666393917188506,0.040498442367601244,1.1344493241669202,6.240732043670455
amsterdam,881969505dfffff,0.03106192729033728,0.0,0.6056929133855238,5.539737299167421
amsterdam,8819695237fffff,0.12012325105297814,0.0,1.0522085616183026,5.4735217229391315
amsterdam,881969504bfffff,0.24412217515501747,0.1,2.324749410827959,4.799837658070441
amsterdam,8819695061fffff,0.48734672054357736,0.18518518518518517,0.7370277311900889,3.8946984881653046
amsterdam,8819695043fffff,0.018386675315844227,0.0,0.0,4.9640446571980945
amsterdam,881969506bfffff,0.10544760899930224,0.25,0.8293791789556857,4.108787482498773
amsterdam,8819695045fffff,0.21045310354694385,0.20993227990970656,1.5848081044998625,3.678462634364045
amsterdam,8819695069fffff,0.19545142995162987,0.10955710955710955,1.1758993505494444,3.30816087289117
amsterdam,8819695047fffff,0.07201051396439467,0.0,0.0,4.47657104712871
amsterdam,8819695041fffff,0.2708955216083616,0.18204488778054864,1.944168208495013,4.190758625235185
amsterdam,8819695235fffff,0.15470448731139796,0.043478260869565216,1.4443572274383905,4.798992975815421
amsterdam,881969504dfffff,0.17446679432105677,0.10643015521064302,1.6848293519792443,3.43147868319564
amsterdam,8819695313fffff,0.13487474416638973,0.08525345622119816,1.753352866634798,2.883417085311439
amsterdam,881969514bfffff,0.08736509401542185,0.0,0.9035079029052513,3.876773467064806
amsterdam,8819695317fffff,0.09713989307186946,0.2029520295202952,1.5742863648024024,2.509395946723163
amsterdam,8819695231fffff,0.021208441327073883,0.0,0.6550660510138854,5.5520692084329655
amsterdam,881969533bfffff,0.13900593291696225,0.0,1.0379253064339593,2.3923975548530683
amsterdam,8819695149fffff,0.23690307798952076,0.061068702290076333,1.4123803453021846,3.558115712085659
amsterdam,881969523dfffff,0.1064472896620975,0.14335664335664336,1.1337885802727212,4.961578620975471
amsterdam,8819695227fffff,0.11565850624497852,0.10142630744849446,1.2445507003215182,3.4079110256626683
amsterdam,8819695223fffff,0.22189474172411608,0.03065134099616858,1.3401507118091809,4.170508073611206
amsterdam,881969514dfffff,0.0380393684828709,0.0,0.9092121131323905,4.225726476797589
amsterdam,8819695331fffff,0.17303471927714237,0.0,1.146795569570197,2.5677200963359885
amsterdam,8819695239fffff,0.04771190849614384,0.05421686746987952,0.7749861718311446,5.769456949637728
amsterdam,8819695335fffff,0.2712514602345261,0.007246376811594203,0.9502923526765622,2.984213053597678
amsterdam,8819695339fffff,0.11295318161994009,0.017964071856287425,1.428285071577442,1.7138127978352746
amsterdam,8819695215fffff,0.0693209351900932,0.15384615384615385,0.819999934452446,6.587993037991486
amsterdam,881969521dfffff,0.19073663801775909,0.04572564612326044,1.3884995046236683,6.952138360852806
amsterdam,8819695203fffff,0.11862502323854103,0.036297640653357534,1.5212108901179873,6.110873071160983
amsterdam,8819695323fffff,0.1253432161118884,0.14222222222222222,0.49772000429976454,2.693961752740456
amsterdam,8819695221fffff,0.12941148860889976,0.1116584564860427,1.0330846285689652,3.6121142251585603
amsterdam,8819695327fffff,0.09767702629555178,0.07312614259597806,0.6049567218703412,3.4030601712831454
amsterdam,881969522bfffff,0.12713524754554423,0.12660944206008584,1.903279551419738,4.438551763766519
amsterdam,881968249bfffff,0.11106897743968464,0.060810810810810814,1.0999822441748777,4.16483356115079
amsterdam,881969533dfffff,0.12281108442405425,0.015151515151515152,1.314115584874148,2.0919069275417606
amsterdam,8819695319fffff,0.15205816861663266,0.1407766990291262,1.4252595680045803,2.018390343588001
amsterdam,881969531dfffff,0.11011245319146112,0.27654867256637167,1.0421311417489392,1.3240088978201097
amsterdam,8819695303fffff,0.10834777779569413,0.0958904109589041,1.3416492219191736,0.9356569831012459
amsterdam,881969cd67fffff,0.31515501397328477,0.02654867256637168,2.218131278955033,9.633004340318983
amsterdam,8819695225fffff,0.14277551206811454,0.19158878504672897,1.1843718513194923,2.7997420611830766
amsterdam,8819695307fffff,0.1256661049662697,0.12075471698113208,1.7666107174913503,1.2003588029695453
amsterdam,8819695201fffff,0.397398468254761,0.039045553145336226,1.1420345884231224,5.707505351441002
amsterdam,8819682491fffff,0.056541346425138264,0.0,0.7917047063106825,4.955006383204941
amsterdam,8819695321fffff,0.1588563897521084,0.0893939393939394,0.769319997706753,2.6265809816198824
amsterdam,8819695205fffff,0.1494062080036702,0.09508196721311475,2.6391942839192195,4.858290282329739
amsterdam,881969532bfffff,0.09781773329782736,0.12588652482269502,1.2096156918487033,1.8570998109807317
amsterdam,8819695229fffff,0.10691528975528168,0.10320284697508897,1.0842389255619855,4.00941736865888
amsterdam,8819695325fffff,0.20504719198451055,0.10675039246467818,0.7619780712548281,3.433771010960254
amsterdam,8819682499fffff,0.07286190557676914,0.05928853754940711,1.0566268326596988,4.257227388659338
amsterdam,8819695353fffff,0.07142118450894963,0.2703488372093023,1.4196917192172342,2.3138575165167357
amsterdam,881968249dfffff,0.07906952603600385,0.010666666666666666,0.7778366717616596,5.089020621195943
amsterdam,8819695305fffff,0.10400344460444946,0.13333333333333333,1.028339634705271,1.1109474891482014
amsterdam,881969cd63fffff,0.10330034480603566,0.09259259259259259,0.5559960534756554,10.482069078758938
amsterdam,8819695263fffff,0.17697581298308307,0.07662835249042145,1.0966994713314064,4.5494922353385086
amsterdam,881969520dfffff,0.12186448477573203,0.06885245901639345,1.8022830424259257,5.394414913022535
amsterdam,881969532dfffff,0.22556089519776484,0.04814814814814815,1.52230637901998,2.7981312070039372
amsterdam,8819695329fffff,0.19891510823814648,0.1267605633802817,1.2142335060584433,1.9521627244643756
amsterdam,8819682483fffff,0.1115912423090183,0.0,1.2472191289246473,5.925607059822531
amsterdam,88196824d3fffff,0.17773794455993966,0.04793028322440087,0.8853090034219061,3.645490292307328
amsterdam,881969535bfffff,0.07744742857990168,0.11894273127753303,1.385019532339391,2.8684810829601095
amsterdam,88196824d7fffff,0.10329181026983733,0.06466876971608833,1.5124552326655931,4.493408641683094
amsterdam,881969cd61fffff,0.037522503413491726,0.025,0.3121091305537215,10.210749128634252
amsterdam,8819695255fffff,0.1749924258715392,0.06460296096904442,1.6305810148831212,7.08797244620454
amsterdam,881968248bfffff,0.14725422062783494,0.03313253012048193,2.385099584201625,5.3415823234898605
amsterdam,881969cd65fffff,0.245615842406987,0.04659498207885305,0.8466150337113807,9.367638548904313
amsterdam,8819682481fffff,0.4115158235372676,0.10714285714285714,1.0624918300339485,6.189873919515386
amsterdam,8819695363fffff,0.0934497686211268,0.14385150812064965,0.7417371735619106,1.5220712796498523
amsterdam,8819695367fffff,0.3569024916417003,0.0,1.7706500067153281,2.3370817062501685
amsterdam,8819695261fffff,0.09120413910193623,0.19078947368421054,1.4675246052038438,4.368441067025334
amsterdam,88196824d5fffff,0.04225089233772573,0.16129032258064516,0.9994795732148173,4.852377234021292
amsterdam,88196824dbfffff,0.20097175837672218,0.11951588502269289,1.5920737130816276,3.1699809616815386
amsterdam,88196824d1fffff,0.04060274710482912,0.12962962962962962,0.9771610665596537,4.009586575361533
amsterdam,8819695359fffff,0.03592567166311855,0.010676156583629894,1.8270750975800614,2.7845648063345476
amsterdam,881969c8b3fffff,0.01185417507627559,0.038461538461538464,0.7922636309333237,9.165267143962426
amsterdam,881969536bfffff,0.14227462697137966,0.1925754060324826,1.7862838068850628,1.5543680432024343
amsterdam,881969c8b7fffff,0.0766077921823056,0.0,0.8569568250501305,8.337505220406236
amsterdam,8819695361fffff,0.26544268365167967,0.1306532663316583,1.79559099580613,2.1651486679467187
amsterdam,881969c8b5fffff,0.11762200472217854,0.15204678362573099,0.8095806233105869,8.22350379911771
amsterdam,88196824d9fffff,0.26695617693739976,0.054945054945054944,0.8982477326987551,3.6818702345828256
amsterdam,8819695341fffff,0.20144333364406664,0.19413919413919414,1.4908945099869733,2.0378420238212396
amsterdam,881969c8b1fffff,0.030518993527555955,0.0,0.4037952755903493,9.030099616973864
amsterdam,88196824c3fffff,0.09976167598595616,0.0,0.8441309331702364,5.309240395619437
amsterdam,881969524dfffff,0.08072882506006251,0.10461538461538461,1.0736425538014658,6.643046025187013
amsterdam,881969536dfffff,0.18174141398570523,0.09448818897637795,1.2394643583938763,2.889156491335995
amsterdam,88196824ddfffff,0.06743115001012176,0.0,0.8583950752789521,4.48908188211954
amsterdam,8819695369fffff,0.13007105978310116,0.07734806629834254,1.8570831125630516,2.346729444222769
amsterdam,8819695365fffff,0.8646514535331782,0.016194331983805668,1.2056741518127883,2.8985120468522014
amsterdam,881969c997fffff,0.05929487193836712,0.08389261744966443,1.2692484661823342,5.139518654695008
amsterdam,88196826b3fffff,0.11752504584924398,0.09292929292929293,1.1756282448372974,3.553691108349849
amsterdam,88196826b7fffff,0.1870049580540168,0.08630393996247655,0.7183377921377926,4.283832784275708
amsterdam,881969c9b1fffff,0.018199131468223516,0.05190311418685121,2.506830270736939,3.8048101660692617
amsterdam,88196824c1fffff,0.2708477107337583,0.0,1.302580634200336,5.84103118377852
amsterdam,881969c8a3fffff,0.047485962048103764,0.0,0.5915080698437744,8.187087326002953
amsterdam,881969c8bdfffff,0.041343585656472025,0.0,0.7898025630767852,8.965149235626445
amsterdam,8819682693fffff,0.09115706297400411,0.08115183246073299,1.3195884871846237,2.8141799859614585
amsterdam,881969534dfffff,0.1526629200045034,0.13612565445026178,1.034459732536171,2.719367314845833
amsterdam,88196824cbfffff,0.30327776655689587,0.05116279069767442,1.138793243220925,5.051171362434489
amsterdam,88196824c5fffff,0.06968301189232387,0.0,0.7360580485752194,6.645356357849774
amsterdam,8819682697fffff,0.1494275443497538,0.04259259259259259,1.0535518580034529,3.1442305825504713
amsterdam,88196826bbfffff,0.09753211942138068,0.14805825242718446,0.9998793377361089,3.646133301880915
amsterdam,881969c99bfffff,0.03874001546629062,0.14285714285714285,0.7284313590846835,6.683857565951368
amsterdam,881969c991fffff,0.011167889898172849,0.08653846153846154,1.1353112539200432,5.971951523783697
amsterdam,88196826b1fffff,0.25490215286928836,0.10902255639097744,1.1224574744375455,4.259520374563822
amsterdam,881969c8a7fffff,0.022247430534892334,0.0,1.3616778865306827,7.424860240206728
amsterdam,88196826b5fffff,0.13948077425374067,0.12595419847328243,0.7845387918725314,4.943021519721313
amsterdam,881969c8abfffff,0.08453744831571079,0.13636363636363635,0.9565563234854496,8.971914180849287
amsterdam,881969c9b9fffff,0.14039288729265875,0.042435424354243544,1.493062068634503,4.688033578720143
amsterdam,881969c995fffff,0.1040115851991994,0.02030456852791878,0.8397169640773752,5.30084027846853
amsterdam,881969c9a3fffff,0.26356218059562975,0.13758389261744966,1.297249530993658,3.750426931693398
amsterdam,88196824cdfffff,0.13714148649788,0.0,1.2503508084254178,6.42914596273526
amsterdam,88196824c9fffff,0.18027181453856725,0.0,1.58558758450501,5.671307633347887
amsterdam,8819682691fffff,0.09181929485396635,0.128,2.1541242654946746,3.608060602126051
amsterdam,8819682695fffff,0.11476293024774692,0.11834319526627218,1.0467774264123586,3.9436934816957576
amsterdam,881969c8a1fffff,0.23902288597441843,0.015625,0.9340946925964424,8.22925652023499
amsterdam,881969c99dfffff,0.2742778100203833,0.05673758865248227,1.6947568277802252,6.1698878754298185
amsterdam,881969c8a5fffff,0.32272919045062987,0.11910669975186104,0.9863274582686024,7.509423978704302
amsterdam,881969c999fffff,0.31387181923769114,0.0,3.2228553981295174,6.819618756855105
amsterdam,88196826b9fffff,0.17303728412426866,0.11038961038961038,0.7614683081882003,4.419114722013044
amsterdam,88196826bdfffff,0.19647164945667467,0.17307692307692307,0.7400445994698365,4.9945239836108195
amsterdam,881969c9abfffff,0.02448459108488934,0.2,1.7536043692484344,4.627293455059355
amsterdam,881969c887fffff,0.032697974478959994,0.3333333333333333,0.0,9.73219363529769
amsterdam,881969c987fffff,0.049660059706546855,0.11363636363636363,0.814794260455723,5.051756114337399
amsterdam,881969c8adfffff,0.14224307272578782,0.055970149253731345,0.9291271610664753,8.348791762600202
amsterdam,88196826a3fffff,0.19241776201606944,0.2077922077922078,1.0669600062474087,5.639361798408488
amsterdam,88196826a7fffff,0.24516632015895928,0.19801980198019803,0.7022084070579053,6.3324220028450355
amsterdam,881969c9d3fffff,0.26079200294967475,0.1203125,1.0090284174391215,7.6774659113931705
amsterdam,881969c8a9fffff,0.1637235764277026,0.0,1.2367265079306666,9.050206957791904
amsterdam,8819682683fffff,0.031735623148193455,0.0,0.6419488287058002,4.744075648034685
amsterdam,881968269dfffff,0.15374302596212655,0.136986301369863,1.1367345826740625,4.404981061979672
amsterdam,881969c9d7fffff,0.12324442031848522,0.035381750465549346,1.577909743217993,7.044808149475003
amsterdam,881969c98bfffff,0.36865719537419056,0.026392961876832845,0.8827279710212985,6.462154446259651
amsterdam,881968241bfffff,0.4659109603528353,0.022222222222222223,1.2767792641080127,7.0594878746139385
amsterdam,881969c981fffff,0.028515941665209665,0.15673981191222572,0.6567895774291853,5.944193512662376
amsterdam,88196826abfffff,0.27353081699458864,0.20618556701030927,1.0249256951897296,5.747478256574496
amsterdam,881969c9dbfffff,0.19444389631952222,0.10317460317460317,1.2453636992616044,8.542417642790067
amsterdam,88196826a1fffff,0.0835422380690061,0.0,0.8177035240565116,6.360625789565639
amsterdam,88196826a5fffff,0.2542347910012003,0.31343283582089554,1.1025907886373476,7.022917093359345
amsterdam,8819682687fffff,0.05659519084409583,0.5161290322580645,0.706320670013903,5.2009233414715395
amsterdam,881969c9adfffff,0.019252817075148223,0.0,1.1626553054871511,4.971386588169398
amsterdam,881969c9a9fffff,0.01973575869217089,0.0,0.6354337101539389,5.177978356591056
amsterdam,881969c985fffff,0.011083289417231263,0.0,1.969771560359221,5.509166010239813
amsterdam,8819682419fffff,0.32208738808618725,0.0,1.067367488919062,7.72169132931125
amsterdam,88196826d3fffff,0.07182753167587637,0.018518518518518517,1.0945431427577557,4.905118064162058
amsterdam,881969c9d5fffff,0.09760090350840851,0.026052104208416832,1.8203441855388942,7.351179152440411
amsterdam,881969c9d1fffff,0.12863291822746217,0.11359404096834265,0.735918632716039,7.9236462482263486
amsterdam,8819682685fffff,0.09280177486368789,0.10526315789473684,0.2290614236454256,5.9880624499332455
amsterdam,881969c989fffff,0.19839821282577333,0.026690391459074734,1.1942860030971627,6.836628809423319
amsterdam,881969c98dfffff,0.14369888627048522,0.07547169811320754,0.8288610864285929,6.393961570513398
amsterdam,88196826d7fffff,0.1066862498309117,0.16666666666666666,0.49607837082461076,4.984732140626777
amsterdam,88196826a9fffff,0.08788118632642189,0.2857142857142857,1.9059520091609048,6.512122630260491
amsterdam,881969c9e3fffff,0.06895185050557635,0.05136986301369863,1.2562515142044666,6.038972363661929
amsterdam,881969c9e7fffff,0.00729325354060521,0.0,0.9162456945817024,5.787781991624937
amsterdam,881969c9d9fffff,0.05635742335649647,0.0,1.649572197684645,8.805220385725073
amsterdam,8819682457fffff,0.20015532474875966,0.07291666666666667,1.347705036076488,8.408203115910604
amsterdam,881968241dfffff,0.07691708556615597,0.0,0.992198376823566,8.447876438949812
amsterdam,8819682453fffff,0.021942852859329717,0.0,0.4000000000000001,7.734897315516339
amsterdam,881968240bfffff,0.31716741367161566,0.07547169811320754,0.9381777628961898,9.11075103582027
amsterdam,881969c9c3fffff,0.15544200032102423,0.029978586723768737,1.1137021190481318,7.729052762055105
amsterdam,88196826ebfffff,0.049852941851861614,0.14285714285714285,0.8569568250501305,7.147311175755876
amsterdam,881969c9ddfffff,0.08940809191411488,0.003787878787878788,0.8902044403992129,8.240936050194215
amsterdam,881969c9c7fffff,0.1466299914874656,0.0469208211143695,1.111667936087129,7.280603960134189
amsterdam,88196826e3fffff,0.12289133698160044,0.0,0.4330127018922193,6.77863981208676
amsterdam,88196826adfffff,0.006356460084641876,0.0,0.0,7.099187030313525
amsterdam,881969c9ebfffff,0.10211943770839246,0.07333333333333333,1.073340813573797,6.907925763591386
amsterdam,881969c9e1fffff,0.08947248498034575,0.03414634146341464,1.0495643580574852,6.623789598370172
amsterdam,8819682455fffff,0.23288835623254042,0.0,0.690473432414842,9.113505093964942
amsterdam,8819682451fffff,0.14275833580849145,0.0,1.0,8.462913351761259
amsterdam,88196826e1fffff,0.12067998407891507,0.2727272727272727,1.2688488185213551,7.571546666920596
amsterdam,881969c9c1fffff,0.08632760893583984,0.03684210526315789,0.7108367526295254,8.16848237602182
amsterdam,881969c9e5fffff,0.08104336371000395,0.05309734513274336,0.9605251461159684,6.439894711752227
amsterdam,881969c9cbfffff,0.019727780433908642,0.0,1.0,8.62145994478396
amsterdam,88196826e7fffff,0.10488563300178565,0.0,1.224744871391589,7.284743803005198
amsterdam,881969c9c5fffff,0.06294007030530965,0.2,0.7418454649571912,7.782162889703536
amsterdam,881969c9e9fffff,0.1126217468631591,0.09722222222222222,2.1782293634331125,7.472819779304632
amsterdam,881969c9edfffff,0.17655397088770053,0.06118546845124283,2.8216050210915187,7.250284963512119
amsterdam,881968245dfffff,0.007324006229284541,0.0,0.6866245605840443,9.203134267467275
amsterdam,881969c933fffff,0.13686761746493187,0.0,2.040152499746581,7.122671414727125
amsterdam,88196826d9fffff,0.03316542626694727,0.0,0.5122499389946279,6.364904012418531
amsterdam,881969c937fffff,0.0023289857835722245,0.0,1.3148742044784565,7.095074527284487
amsterdam,8819682633fffff,0.06612945318532112,0.0,0.0,8.845429066399765
amsterdam,88196826edfffff,0.07346806588671419,0.0,0.3499271061118826,8.36609189387388
amsterdam,881969c913fffff,0.06505394444550812,0.023696682464454975,0.5816049344725003,8.330882708534643
amsterdam,881969c93bfffff,0.1833431063852973,0.0,1.1666666666666667,7.908529263607978
amsterdam,881969c917fffff,0.07839864310279765,0.057971014492753624,1.5537797418762125,8.077936214588812
amsterdam,881969c931fffff,0.007517064948888401,0.0,1.1320754716981132,7.8280617438106805
amsterdam,881969c93dfffff,0.009043846227506234,0.0,0.0,8.550442645607056
amsterdam,881969525bfffff,0.2627308818178808,0.0,1.132105788373177,8.784245577069754
amsterdam,881969cd29fffff,0.12943436925846102,0.0,1.2580804584402767,9.956353088877709
amsterdam,881969cd05fffff,0.05874255761307438,0.0,0.0,10.806501842373489
amsterdam,881969c8b9fffff,0.06869556750327045,0.0,0.6546536707079771,9.755278381875703
amsterdam,8819695257fffff,0.08286112768260882,0.0,1.1524430571616109,7.406599517543407
amsterdam,88196824c7fffff,0.09981014718535901,0.0,0.899954085146515,6.137124653896914
amsterdam,8819682489fffff,0.07473646767208875,0.0,2.1285234893930487,5.696904290873255
amsterdam,881969c8e7fffff,0.040849408167356833,0.0,0.48104569292083466,9.198175022120031
amsterdam,881968248dfffff,0.25137854217327466,0.0,1.1016399529843415,6.542464654253893
amsterdam,8819682411fffff,0.05065820133119235,0.25,0.5,7.8110435783974435
amsterdam,881969cd6dfffff,0.0,0.0,0.0,9.996843287155258
amsterdam,881968245bfffff,0.0008054517287024155,0.0,0.0,7.85013424363073
bogota,8866e42d61fffff,0.10372133700940184,0.13580246913580246,2.4463293848961443,7.63504325203933
bogota,8866e42d63fffff,0.021114099953732656,0.14084507042253522,7.857828206923931,7.9839777364777
bogota,8866e42d67fffff,0.017632089446923817,0.15502555366269166,2.935554810454798,7.043879346187553
bogota,8866e42d05fffff,0.2948380981341609,0.21739130434782608,32.99948172578074,8.427729997078787
bogota,8866e092c7fffff,0.14629388567535004,0.22033898305084745,24.104114733950258,7.285657257664101
bogota,8866e0928dfffff,0.08826515413737204,0.172103487064117,14.796548131340083,7.38614295120495
bogota,8866e092ebfffff,0.042213902446096914,0.2047082906857728,4.216770842351653,6.490418122280269
bogota,8866e092e9fffff,0.049187597511173985,0.23088235294117648,2.799424378407722,5.615157964588754
bogota,8866e092cdfffff,0.014976926056134347,0.16501240694789082,9.870204634210234,6.525473195465727
bogota,8866e42d27fffff,0.012205160712203147,0.18887015177065766,12.537553252866275,6.733632576835204
bogota,8866e09253fffff,0.021310655391816917,0.2401656314699793,2.626792057365301,5.579548316279989
bogota,8866e42d2dfffff,0.00487446186356929,0.20539152759948653,3.358628585900886,6.528766037662357
bogota,8866e092c1fffff,0.23651694995060546,0.12828947368421054,30.28104735511134,7.300337036394507
bogota,8866e42d21fffff,0.019946220417838154,0.26536312849162014,8.1483610454407,7.056141121710684
bogota,8866e09259fffff,0.02450400573614068,0.18861209964412812,2.5098446712528837,5.8133320974126415
bogota,8866e0925bfffff,0.035094723803135164,0.2469775474956822,2.140897000684897,6.1068336267053445
bogota,8866e42d6bfffff,0.07053595711062383,0.040372670807453416,5.5358691199829,8.558647733025607
bogota,8866e42f23fffff,0.02812043296113276,0.13958333333333334,13.452304850642326,11.45105727882841
bogota,8866e42d49fffff,0.052849242861782726,0.19411764705882353,6.51240327399122,10.758116272464846
bogota,8866e42d25fffff,0.01384950806654977,0.2069795427196149,4.498889849390587,6.109008592574161
bogota,8866e42d29fffff,0.021749151932360954,0.19484702093397746,14.45186370036167,7.478188876897778
bogota,8866e09215fffff,0.18547993297741908,0.08949416342412451,2.0194174667553324,3.9799923476573595
bogota,8866e09239fffff,0.21827277569340792,0.05739514348785872,2.5003761146032826,3.1013708127479105
bogota,8866e09223fffff,0.004837687117189726,0.284,1.965251781523054,1.6107671412892977
bogota,8866e09235fffff,0.009113084618094819,0.1540983606557377,1.670129798001475,2.5680650388698805
bogota,8866e42d69fffff,0.06757176019283928,0.13480885311871227,2.62000495786097,8.285968993377658
bogota,8866e09219fffff,0.06047992109570651,0.17117117117117117,1.762153981585535,5.162963502609752
bogota,8866e42f21fffff,0.10193924847266163,0.07017543859649122,3.9953046951491142,11.319329048697124
bogota,8866e42f29fffff,0.0962271894657285,0.09615384615384616,9.761292084011181,12.085395316494052
bogota,8866e42f2bfffff,0.15509349753243887,0.11428571428571428,39.51170620605917,12.173753395951541
bogota,8866e09251fffff,0.11771721675334132,0.1001926782273603,1.90406561668015,5.174527779036653
bogota,8866e0923bfffff,0.11008579181308988,0.20892494929006086,2.3648707939613214,3.9459687549827893
bogota,8866e09049fffff,0.03215225170801012,0.22727272727272727,1.2557109048436308,2.194880307257448
bogota,8866e09207fffff,0.1940583195989255,0.19665271966527198,2.21350611604574,2.3451752560012826
bogota,8866e0922bfffff,0.11217254337961986,0.23809523809523808,1.9790154878417918,1.4354071209811887
bogota,8866e09255fffff,0.4560189588681389,0.19318181818181818,2.096440251568134,4.250116897788379
bogota,8866e0920bfffff,0.539777793404935,0.07062146892655367,2.71613176938651,3.682523000853003
bogota,8866e09257fffff,0.34801522238549437,0.05025125628140704,3.094312134592237,4.630693717635524
bogota,8866e42a83fffff,0.09715146466857166,0.18341708542713567,1.7738413659978194,14.266891467902129
bogota,8866e42ab9fffff,0.31714235495987947,0.13836477987421383,2.032605601667513,13.372676162815747
bogota,8866e42a8bfffff,0.12315324010728465,0.10397946084724005,1.5277717045655186,15.163819115623678
bogota,8866e42a89fffff,0.10658945055494255,0.14363143631436315,2.0932471227558653,15.476314252845196
bogota,8866e42a95fffff,0.07687235213820627,0.09433962264150944,1.1582686580332706,14.023327691406601
bogota,8866e42abbfffff,0.081241442620389,0.2511737089201878,0.9871619987258398,13.145063222797093
bogota,8866e428a1fffff,0.06008549244037447,0.1592920353982301,1.7790895161726648,6.174503059684199
bogota,8866e42d65fffff,0.04756846120131743,0.22281639928698752,1.8741171708807307,6.718773208297435
bogota,8866e429d3fffff,0.06440214782402894,0.20714285714285716,1.7018635056550258,6.254952068299822
bogota,8866e429cbfffff,0.124412081350894,0.47317073170731705,2.418716980530184,8.368324125900651
bogota,8866e09157fffff,0.10874965258853232,0.21065989847715735,2.538085225476752,7.408751552813933
bogota,8866e09119fffff,0.11804789131726033,0.19143576826196473,3.458230578747176,7.6991564501028575
bogota,8866e09021fffff,0.03462465414177556,0.18036529680365296,2.193266299511711,6.7431069232507435
bogota,8866e0902bfffff,0.0668883446899513,0.2195945945945946,1.8876138746591467,6.4248882439729575
bogota,8866e09025fffff,0.05357463081150867,0.14641744548286603,1.6093914069522692,7.174166613930304
bogota,8866e09007fffff,0.10603217563256455,0.18387909319899245,1.7536971103715246,6.2367833200987555
bogota,8866e09003fffff,0.1417285508597186,0.1518987341772152,1.402742269457522,6.190640373889984
bogota,8866e0901dfffff,0.05393424821251754,0.23462088698140202,1.8192175900946639,6.289561237761914
bogota,8866e0905bfffff,0.015660448081442586,0.14600550964187328,2.9338223564703574,5.44054182035956
bogota,8866e092e5fffff,0.05831253535982817,0.21380846325167038,2.4198369060691443,5.062948414242453
bogota,8866e092e1fffff,0.037614610298141435,0.29080118694362017,3.5251831734707038,5.742500387149954
bogota,8866e09213fffff,0.05026718452303821,0.2758132956152758,3.2706135415105066,5.636678231699973
bogota,8866e429ddfffff,0.08157836889921775,0.3255269320843091,1.9427905861692836,7.608943993746277
bogota,8866e429d1fffff,0.12933748513034124,0.31683168316831684,1.349745504804892,6.898876002246989
bogota,8866e428a3fffff,0.15821247267311814,0.21153846153846154,1.6881716864485552,5.85609554061184
bogota,8866e42d09fffff,0.604534818383633,0.0,0.0,9.869781292137004
bogota,8866e42d47fffff,0.1411660064678417,0.13872832369942195,26.57978645533056,9.48742930517993
bogota,8866e42d0dfffff,0.2797061891573596,0.10970464135021098,30.816289073504684,8.926147794755028
bogota,8866e42ac3fffff,0.25771348258456983,0.0764525993883792,2.452852617261688,16.384401241188854
bogota,8866e4212bfffff,0.08869570652061337,0.1532258064516129,4.1711024008162685,19.497296666391204
bogota,8866e091d1fffff,0.13461709886972317,0.17142857142857143,3.347489883316142,10.286635472837347
bogota,8866e091dbfffff,0.06930917944774885,0.1907790143084261,22.409046228694177,10.232092194943556
bogota,8866e091d9fffff,0.023381510850160225,0.1601423487544484,22.224584123014782,9.443486727412823
bogota,8866e09033fffff,0.14106114822206806,0.21462264150943397,16.407919509441946,8.616063399046464
bogota,8866e09017fffff,0.08601108263322707,0.1651376146788991,3.1825564166062414,7.897097218494344
bogota,8866e09013fffff,0.031028056289738978,0.2604828462515883,3.1430684907680457,8.09632331306571
bogota,8866e092a9fffff,0.01856362358469328,0.17055655296229802,5.987187318283464,6.958729374761126
bogota,8866e42885fffff,0.1679466553218153,0.012048192771084338,10.853942236247727,7.6503528625597275
bogota,8866e428abfffff,0.05123877976453146,0.11888111888111888,2.3102672125909547,6.750430104184516
bogota,8866e0926bfffff,0.08611103597046073,0.2154566744730679,1.3677273205121796,2.541905372723258
bogota,8866e0931bfffff,0.1876181855435177,0.3037974683544304,3.5687499848397377,1.6730012438407025
bogota,8866e09319fffff,0.09436941483734121,0.17391304347826086,2.3663222453541977,1.6075271005834015
bogota,8866e09313fffff,0.1426383444128341,0.24060150375939848,1.5479283033931737,2.5855076707217415
bogota,8866e09061fffff,0.053989261071731846,0.15051546391752577,0.8602213612303289,4.41884360263368
bogota,8866e09029fffff,0.030529092768013428,0.19704433497536947,2.296538588858124,5.827819432464077
bogota,8866e09027fffff,0.050847963339033624,0.09852216748768473,1.403892398838799,7.659451426099273
bogota,8866e091c9fffff,0.047004314807987314,0.22456140350877193,1.1588733543249559,8.228055156753662
bogota,8866e091cbfffff,0.38191366191736253,0.0684931506849315,2.1668669779199643,8.863968795436387
bogota,8866e0918bfffff,0.059757094473730746,0.17813765182186234,15.018276590935336,11.309493380008917
bogota,8866e0919dfffff,0.03681679969522183,0.19913419913419914,12.580271303812104,12.006878313853452
bogota,8866e09225fffff,0.16158706408138734,0.28615384615384615,4.636768747911554,0.7760459615128863
bogota,8866e09263fffff,0.14636674792896973,0.20281124497991967,2.6441414647405055,1.6620230613236775
bogota,8866e09245fffff,0.04485362194707776,0.12623762376237624,1.3834826661006314,3.4420099151814783
bogota,8866e42887fffff,0.15947900847738586,0.1411764705882353,1.7454600709769903,7.403863030095256
bogota,8866e0920dfffff,0.17904615494531897,0.026490066225165563,2.0521302549310523,2.4609937746099066
bogota,8866e09261fffff,0.09462475875405975,0.1279826464208243,1.6065523882852857,2.035452422991241
bogota,8866e09265fffff,0.09740344067335246,0.1261904761904762,1.3106868428423322,1.9056514729011969
bogota,8866e0922dfffff,0.22461664524877245,0.23349056603773585,1.8007116534605458,0.3071508043440594
bogota,8866e09317fffff,0.08920786349040512,0.19444444444444445,2.8426147139734392,3.2140702501533047
bogota,8866e0904dfffff,0.12270394661559964,0.11788617886178862,2.0800253386776792,2.2016733100493555
bogota,8866e09069fffff,0.10329175761882203,0.21320754716981133,1.6155217760437794,3.5014922925722645
bogota,8866e0906bfffff,0.02917383368149364,0.2052980132450331,1.0690114899687848,4.003090852908734
bogota,8866e091c3fffff,0.1539913538986704,0.18394648829431437,7.063498118572519,9.755953572183232
bogota,8866e091ddfffff,0.02558426985688702,0.14420062695924765,1.6444887298571766,9.553770930154984
bogota,8866e0919bfffff,0.011109857253466011,0.47368421052631576,6.053128792519594,12.666985021413321
bogota,8866e09193fffff,0.12782146499146116,0.3333333333333333,4.64943910064615,13.497977039914684
bogota,8866e08245fffff,0.15438262755909515,0.13071895424836602,19.612796779670695,14.281650172796205
bogota,8866e0820dfffff,0.11720182258353057,0.07216494845360824,13.808349323536314,15.897550662282539
bogota,8866e08209fffff,0.11075709475579039,0.13810316139767054,17.001370173055733,15.90650192839949
bogota,8866e09047fffff,0.12375655574602122,0.17865429234338748,2.134389107942884,3.7856855106985106
bogota,8866e428b1fffff,0.09021373976301506,0.25,2.2885484159360163,6.456837848268075
bogota,8866e42897fffff,0.09246039778612786,0.21523809523809523,1.5720563319777878,8.117660831405763
bogota,8866e428b9fffff,0.04988703211222271,0.2570621468926554,1.2377283545233948,7.275866930095042
bogota,8866e090e1fffff,0.11354829346832691,0.14638783269961977,29.877316406489694,9.508682848234825
bogota,8866e090ebfffff,0.05956982177470264,0.1934477379095164,15.133066700480077,9.682208705205113
bogota,8866e090c5fffff,0.027472503507557953,0.21196581196581196,5.458814759899745,9.016600381414753
bogota,8866e090cdfffff,0.10151487761667059,0.17281879194630873,4.975200698960479,8.399069341276759
bogota,8866e092a7fffff,0.0488914012417672,0.10833333333333334,4.635541739961923,7.840954382343318
bogota,8866e092a3fffff,0.0815946889408837,0.3069306930693069,15.102246031669274,8.31342781744885
bogota,8866e09285fffff,0.014221823845721378,0.2656641604010025,7.945845588711682,7.597255391960374
bogota,8866e42d41fffff,0.028015199605390992,0.11450381679389313,5.258211555677155,10.101078282535413
bogota,8866e42893fffff,0.0678522876125914,0.12526096033402923,3.121033787362519,8.983650412783476
bogota,8866e42d4dfffff,0.0409859134798122,0.3278301886792453,3.425846879770266,9.865070837820657
bogota,8866e428d7fffff,0.10398587622180966,0.028277634961439587,2.09982065142802,9.704363544323403
bogota,8866e42d6dfffff,0.08889691323992226,0.19385796545105566,1.8293625453221192,7.394349019562821
bogota,8866e428d3fffff,0.03607431001823638,0.12356979405034325,2.7042737346661965,10.472114173238865
bogota,8866e42891fffff,0.11179515565575944,0.20512820512820512,2.0044629055955676,8.877022111922788
bogota,8866e0924bfffff,0.025501185963615083,0.23006833712984054,1.9239745378650293,4.854147387335298
bogota,8866e428b7fffff,0.03317599578337914,0.2254335260115607,2.1177998385117216,5.668230301260687
bogota,8866e09201fffff,0.305094849079837,0.1543026706231454,1.7750511632393067,2.735801223848093
bogota,8866e09205fffff,0.1694848127225587,0.18518518518518517,2.9841409070130362,1.792907453098838
bogota,8866e09159fffff,0.07360331373172951,0.14600550964187328,2.145600096300014,5.6528402721786435
bogota,8866e0915dfffff,0.057079519605452766,0.2,2.9061268359520955,6.393916902597622
bogota,8866e09065fffff,0.06216931023582352,0.2042857142857143,1.5284645491853395,4.983576658429654
bogota,8866e090c3fffff,0.04554600018182799,0.34014869888475835,31.94604184141336,10.28730025897979
bogota,8866e09011fffff,0.018353239058936547,0.22814814814814816,3.4830437975974697,7.185889894798312
bogota,8866e090c7fffff,0.07569853294762732,0.1425,23.40766893885996,9.943997994587134
bogota,8866e09001fffff,0.053161280331907014,0.17516629711751663,1.730563736632265,5.390392963171024
bogota,8866e0900dfffff,0.11163868287100662,0.16837782340862423,1.6684036032639495,4.6500862703033325
bogota,8866e09009fffff,0.17031172088503557,0.214,1.2560887582378588,4.572304763453216
bogota,8866e0933dfffff,0.016146273124863178,0.16328828828828829,1.353702427695518,4.990185942242086
bogota,8866e09339fffff,0.04477510524603911,0.14512922465208747,1.6353754899278816,4.082116779166963
bogota,8866e09303fffff,0.13348952211489176,0.18373493975903615,2.374002980519433,3.459963196628134
bogota,8866e09357fffff,0.08915625346175576,0.11494252873563218,1.8467367683529146,2.0500744022719424
bogota,8866e09351fffff,0.052074106748442456,0.12738853503184713,1.2231491119238078,1.9289048491708194
bogota,8866e0933bfffff,0.13994691908107376,0.14711359404096835,1.9775258123419996,3.972889701552492
bogota,8866e09315fffff,0.08643020035645169,0.046762589928057555,2.983647936578945,3.199053543274224
bogota,8866e09331fffff,0.04021714617021494,0.0024630541871921183,3.1419468381764566,4.80062069633568
bogota,8866e09337fffff,0.07388025897962569,0.09844559585492228,3.3605362317173344,5.5784084567494014
bogota,8866e09227fffff,0.08890510209800276,0.20284697508896798,3.5501996243445673,1.3390549452839877
bogota,8866e09221fffff,0.008877022223714937,0.20883534136546184,2.1268766603303924,0.6540353299223698
bogota,8866e09359fffff,0.13039796782560772,0.1526479750778816,1.6706573825807156,2.2196621849391303
bogota,8866e0935bfffff,0.17421207829769622,0.0987460815047022,1.5708058078101756,1.2625838686451072
bogota,8866e0926dfffff,0.0568759563264279,0.17829457364341086,1.891075831492094,2.7122985884342063
bogota,8866e42997fffff,0.09097987706259117,0.0825242718446602,1.9177846086598513,3.5733506673135706
bogota,8866e429bbfffff,0.059276709496799196,0.2195945945945946,1.602091528952747,3.52173542018392
bogota,8866e42993fffff,0.09606923845910922,0.1417624521072797,1.9577510306532113,3.865423491307521
bogota,8866e4299bfffff,0.08639036683707346,0.12021857923497267,1.204597303340905,4.782334848802383
bogota,8866e428a5fffff,0.05946031569216932,0.11666666666666667,1.159908077086934,5.699651463981129
bogota,8866e428adfffff,0.03719335002440927,0.11506276150627615,0.8896810097974372,6.617170665643112
bogota,8866e09041fffff,0.05624737997992806,0.3409090909090909,2.193584750803332,2.9545948440628003
bogota,8866e09233fffff,0.08294802564928537,0.3253012048192771,1.921195899561889,4.121830041038759
bogota,8866e09237fffff,0.0555422004566432,0.20229007633587787,1.9345685538204918,3.5254949233870603
bogota,8866e092edfffff,0.08341356969871955,0.2710084033613445,3.646062060085383,4.832860714717004
bogota,8866e092c5fffff,0.03069059982934944,0.1849246231155779,5.453962242141784,6.442791066306869
bogota,8866e09281fffff,0.35400909799503244,0.18962432915921287,15.834067504908521,8.295717520293001
bogota,8866e09287fffff,0.1382435858053218,0.13216957605985039,28.158142796150702,8.534686808789013
bogota,8866e092c3fffff,0.6918464760625296,0.23076923076923078,13.632108237539782,8.114298387476818
bogota,8866e09289fffff,0.5172556091838215,0.16,13.764800115592752,8.153898810028046
bogota,8866e092c9fffff,0.1916070720016613,0.12465373961218837,53.26114746159393,7.429469326864055
bogota,8866e42d23fffff,0.123027933342863,0.21725239616613418,32.4564870822307,7.667244075857536
bogota,8866e42d2bfffff,0.11678015115151438,0.18045112781954886,34.62754890050901,8.003956619718279
bogota,8866e092e7fffff,0.01976601521212596,0.25102880658436216,3.5269843614580574,6.009286757058119
bogota,8866e092abfffff,0.05012219268883005,0.22784810126582278,11.568288745664796,7.910170510960979
bogota,8866e428a7fffff,0.07623041344826814,0.2489451476793249,1.1568862013959185,5.261129765272796
bogota,8866e0925dfffff,0.1326575135975631,0.17841409691629956,1.2602414914531443,4.924726435488784
bogota,8866e09023fffff,0.02073172597493264,0.17880794701986755,2.7017492616506593,7.324212470386121
bogota,8866e092a5fffff,0.021304285241682847,0.2717815344603381,2.1474909852533175,6.888430680143306
bogota,8866e09019fffff,0.07289277044829184,0.19810040705563092,2.196744239823673,6.526931016091309
bogota,8866e09057fffff,0.09086700808665259,0.16103603603603603,1.9664555189625395,5.601904022904171
bogota,8866e09015fffff,0.024541918072799984,0.21956087824351297,1.73944513961679,7.030403105405699
bogota,8866e09039fffff,0.07182407970687622,0.22503961965134706,2.235798373575746,7.001718976092482
bogota,8866e0903dfffff,0.04474900713415529,0.1718377088305489,1.401730699193286,7.1013949761107735
bogota,8866e09031fffff,0.023209261531804175,0.23240589198036007,1.9621688833430393,7.836806363868168
bogota,8866e091cdfffff,0.0697242826667664,0.27751196172248804,2.756098962650264,8.576540371497343
bogota,8866e0911bfffff,0.11324007365467703,0.11304347826086956,2.7709119053382785,8.09317171578447
bogota,8866e42987fffff,0.1465284732428521,0.0040650406504065045,1.9917163648461262,5.290713150421965
bogota,8866e09247fffff,0.241037088612214,0.16770186335403728,1.1251851699461146,3.253592186381295
bogota,8866e09249fffff,0.04960676642807767,0.29927007299270075,0.9209947571139168,4.970412047487937
bogota,8866e09043fffff,0.07031777797460394,0.23858921161825727,1.0030711414081561,3.8007788148083703
bogota,8866e092a1fffff,0.13343424157398442,0.14859437751004015,4.845713332453169,7.355761817169319
bogota,8866e092adfffff,0.041908897081611995,0.1566265060240964,2.951000339597339,6.398132491679826
bogota,8866e09053fffff,0.03334608916043305,0.21696801112656466,2.2816158038595633,5.937603820700358
bogota,8866e09051fffff,0.11084724792477336,0.16666666666666666,2.13567889223907,4.989425017487099
bogota,8866e0905dfffff,0.0858107271676961,0.256198347107438,1.7117199649269592,4.0457330968091645
bogota,8866e0904bfffff,0.02744426215852949,0.277602523659306,1.6806730321228818,3.1105838950532188
bogota,8866e09333fffff,0.051122470700048224,0.14644970414201183,1.4040872929572483,4.798324945190149
bogota,8866e0906dfffff,0.0622144834654916,0.19454545454545455,1.2289286463089761,4.091204725063557
bogota,8866e429a7fffff,0.09667532724985431,0.24766355140186916,2.2094559288951894,5.65264897428381
bogota,8866e09349fffff,0.037253910877624405,0.22040816326530613,1.3418863356381914,4.705912675498528
bogota,8866e429a5fffff,0.00637275867134924,0.2375,1.2916337317923756,6.602388669551008
bogota,8866e4669bfffff,0.005690835736508737,0.0,3.1511715712522137,6.3080253550281284
bogota,8866e0935dfffff,0.020350748373997304,0.26993865030674846,1.5422099001242884,2.8336440977899104
bogota,8866e0934bfffff,0.0342154929591345,0.24550898203592814,1.809367791180139,3.7644720154770606
bogota,8866e09143fffff,0.06553134395203704,0.15306122448979592,3.6121323342314025,7.184639233622161
bogota,8866e09109fffff,0.07062409320107525,0.13674033149171272,2.3649328813697283,7.994198904254817
bogota,8866e09147fffff,0.11095414997800845,0.18074074074074073,2.6766304596047528,8.010337051158984
bogota,8866e4288dfffff,0.15406815505502344,0.13793103448275862,19.633052638978484,8.55407388352168
bogota,8866e428c7fffff,0.07993363425134446,0.11834319526627218,28.11983134668461,9.460480840838057
bogota,8866e428c1fffff,0.10729698150891101,0.13970588235294118,16.536902828081217,10.368847568183558
bogota,8866e428c3fffff,0.07277555398882976,0.11202185792349727,2.496303826667088,10.061597005628316
bogota,8866e428cbfffff,0.08733511071486262,0.18258426966292135,2.1166953980873164,10.957932047082307
bogota,8866e42aabfffff,0.14062049915683492,0.13701067615658363,1.3158859677816042,13.101453678856604
bogota,8866e42881fffff,0.11023467727612501,0.005434782608695652,2.439208559492942,8.282858118526574
bogota,8866e42895fffff,0.08597613026761716,0.1724137931034483,1.5709723742885155,8.060252223346831
bogota,8866e42811fffff,0.08036884085130555,0.13140311804008908,1.1315718076052752,10.805209481043082
bogota,8866e4281dfffff,0.13627663131745288,0.15482695810564662,1.786275849920351,11.379712377019885
bogota,8866e42813fffff,0.04829318003798448,0.15368852459016394,7.4516296204253205,10.287749846478174
bogota,8866e4289bfffff,0.07277318681458844,0.17225950782997762,1.5880537371941925,9.717999355062076
bogota,8866e42f27fffff,0.05772175069127903,0.16502463054187191,3.8146564322524936,10.577397615978192
bogota,8866e4289dfffff,0.09765956304654376,0.16083916083916083,1.8844033595459715,8.872934044791963
bogota,8866e428a9fffff,0.06311322892769854,0.17173913043478262,1.976373300599902,7.089066958582059
bogota,8866e428edfffff,0.09301821868991075,0.12362030905077263,1.8596231361631574,8.980461709240402
bogota,8866e42815fffff,0.042622351782270446,0.06439393939393939,0.9714555497407907,10.476139628729607
bogota,8866e4283bfffff,0.08854800274577354,0.1951219512195122,1.6571518050634042,9.575204258278887
bogota,8866e428e7fffff,0.07366525309585244,0.11502029769959404,2.4551727527041094,7.534788459566702
bogota,8866e09311fffff,0.1290243008185044,0.12005649717514125,2.1819130291348796,2.369063151010554
bogota,8866e09067fffff,0.07624981182151222,0.14507772020725387,1.5285277736713188,5.3368990857591125
bogota,8866e09203fffff,0.2072029170350983,0.17114093959731544,2.0160040207599357,3.2780829324967935
bogota,8866e0921dfffff,0.10650259127766085,0.08702531645569621,1.9532975784091882,4.218772457502137
bogota,8866e09209fffff,0.6905864016329091,0.0,2.305422152452866,3.3402065183115597
bogota,8866e092e3fffff,0.014592888658623985,0.20284697508896798,5.858745966557386,6.665595483296082
bogota,8866e428d1fffff,0.0347392940102045,0.11279826464208242,1.3504581911189952,10.550087845416538
bogota,8866e428d9fffff,0.09460970126987826,0.1464088397790055,1.6117406002266028,11.406908064707515
bogota,8866e09211fffff,0.1749347588985583,0.09618320610687023,1.9476584901711318,4.885526200135348
bogota,8866e0921bfffff,0.025627695509459654,0.2736644798500469,2.300220246757634,5.80536712606209
bogota,8866e09217fffff,0.19717835384073717,0.05167173252279635,2.4721845268813083,4.77161742057407
bogota,8866e0903bfffff,0.049327615078782625,0.16491754122938532,1.836917035871762,7.809336751734641
bogota,8866e09037fffff,0.3007064650430865,0.11450381679389313,3.1652825991967823,8.689008815594487
bogota,8866e09035fffff,0.02650900581708017,0.17958412098298676,2.8041499857991092,7.978334383723451
bogota,8866e428ddfffff,0.10096002701303343,0.09287925696594428,2.385972419907658,10.713299395095973
bogota,8866e0901bfffff,0.05601743529456777,0.2374631268436578,2.367305805345856,7.460235327075436
bogota,8866e092bdfffff,0.12572876899238936,0.24724061810154527,30.01184958146409,8.862977230984137
bogota,8866e090cbfffff,0.16862687849555627,0.2972222222222222,32.987817092380986,9.74914094859667
bogota,8866e090c1fffff,0.23639415110560108,0.1873589164785553,9.394568681231256,9.341776137577595
bogota,8866e090c9fffff,0.04486324408189832,0.21052631578947367,21.39442363180633,8.794634350523308
bogota,8866e090e9fffff,0.14785436762634313,0.16470588235294117,4.864208838617481,8.782764221434558
bogota,8866e09229fffff,0.14307502285294135,0.1270358306188925,1.8352538822943907,0.866600664537804
bogota,8866e09243fffff,0.26156423544621166,0.21120689655172414,1.6314491403589186,4.064050877473962
bogota,8866e42d45fffff,0.04370013222487052,0.038356164383561646,3.7577966512155077,9.18926052207553
bogota,8866e09241fffff,0.016766794158402196,0.24645892351274787,0.9764888194041134,4.09904636620982
bogota,8866e42acbfffff,0.38745088143361617,0.06687898089171974,2.489964735821227,17.29338832922533
bogota,8866e42105fffff,0.14629548433318632,0.2857142857142857,7.384231706310984,20.41197252634326
bogota,8866e42135fffff,0.4854315012166698,0.3157894736842105,2.6950246556825492,18.203128223985704
bogota,8866e42123fffff,0.09214548634131955,0.1414141414141414,2.5381355437379503,18.582769794218603
bogota,8866e42f25fffff,0.058915813676515646,0.0664451827242525,2.390486288020246,10.481290019233807
bogota,8866e4288bfffff,0.11445299808852605,0.01,2.203726136234257,8.971515733676076
bogota,8866e42889fffff,0.0643702008462599,0.2517321016166282,2.0013817711977993,9.169445903020428
bogota,8866e42f35fffff,0.31681512583446664,0.0,25.914544361563753,11.660103283741137
bogota,8866e09231fffff,0.06920842068366523,0.061371841155234655,2.1937832051851274,3.1905244436483047
bogota,8866e0923dfffff,0.14643048988074212,0.0625,1.4331355661696517,2.281040678451922
bogota,8866e09101fffff,0.012425927878947758,0.20431893687707642,2.6532009529132075,8.8253828089551
bogota,8866e42899fffff,0.06657948223590737,0.18223234624145787,1.5411972258244202,9.663915262111539
bogota,8866e42ab3fffff,0.0875601390809495,0.23678646934460887,1.6788643690449918,12.272481966389687
bogota,8866e428dbfffff,0.040609355192963985,0.13821138211382114,1.7292791616676144,11.297027071942672
bogota,8866e42883fffff,0.08578272752484624,0.08728179551122195,2.691065948188561,8.116085062292894
bogota,8866e09269fffff,0.11718636621423592,0.16623376623376623,1.9214684010741707,2.9493719539360783
bogota,8866e42a87fffff,0.07817461949577119,0.20251177394034536,1.3541966958280278,13.663624601324724
bogota,8866e42a85fffff,0.08731239708007853,0.17302052785923755,1.131867683148016,14.013957446052407
bogota,8866e42aa9fffff,0.07127254743651834,0.09364548494983277,7.338413555389037,13.502600727587128
bogota,8866e42aadfffff,0.03464325409688567,0.3706896551724138,26.55168046540916,13.040429204013572
bogota,8866e46699fffff,0.005537610110359009,0.25,1.3025715248503682,7.23923544930285
bogota,8866e09267fffff,0.2511971358678341,0.08264462809917356,3.538838156235991,1.1290549395366913
bogota,8866e429b7fffff,0.03950224806018038,0.25656565656565655,1.5156646624496555,3.1768690102568042
bogota,8866e429b9fffff,0.09740780873147417,0.07102272727272728,1.3711768508643616,4.391018678722337
bogota,8866e429b1fffff,0.08228687274085393,0.30414746543778803,1.0956650072891005,3.7206382820776636
bogota,8866e429b3fffff,0.05502741014448386,0.06806282722513089,1.6431457318724003,2.7966109482261143
bogota,8866e0924dfffff,0.01762348775574628,0.24,0.9079587076873074,4.349749103113741
bogota,8866e09055fffff,0.09719063778041737,0.1090146750524109,1.6317346199108724,4.690034358216753
bogota,8866e0914bfffff,0.11711781670230646,0.09514925373134328,2.962617542813672,6.404873611986658
bogota,8866e09149fffff,0.06666964682506583,0.20987654320987653,2.8252248226871384,6.557198521966
bogota,8866e09141fffff,0.04860486021681716,0.15991471215351813,1.7650529543949047,7.261922017179482
bogota,8866e0910bfffff,0.43719528856715234,0.308300395256917,1.821728058541771,8.092193221809119
bogota,8866e09341fffff,0.02896252241661307,0.11888111888111888,1.9218139984713387,4.478569571759845
bogota,8866e09345fffff,0.164459471010866,0.0,1.208253509496197,5.26799755407335
bogota,8866e09343fffff,0.06173315825786603,0.1935483870967742,3.2451706983312585,3.597181906219904
bogota,8866e0931dfffff,0.06914054129016803,0.2452316076294278,2.5941612087929595,2.5246276252299187
bogota,8866e09045fffff,0.0760241495076351,0.1883289124668435,2.287712739406009,3.0969508522396976
bogota,8866e0820bfffff,0.09521165533779495,0.15614617940199335,22.17119429982782,16.742111665143188
bogota,8866e08203fffff,0.08075621221006078,0.03459119496855346,25.190512328545474,17.526580512633533
bogota,8866e08215fffff,0.037191634961506216,0.11782477341389729,26.27238313449841,18.361970285466253
bogota,8866e42ab7fffff,0.15161215482925153,0.03734439834024896,1.7304552305433578,11.594969211033842
bogota,8866e42ab1fffff,0.30206297317470704,0.28957528957528955,1.8147818962228346,12.481774305110951
bogota,8866e09063fffff,0.0699162315698736,0.22670025188916876,1.571487029887214,4.91413381923095
bogota,8866e428d5fffff,0.08882354165142271,0.1309823677581864,1.7264408687399102,9.838168580222465
bogota,8866e42abdfffff,0.2283334926209578,0.08450704225352113,1.2888485551346063,12.75955245384609
bogota,8866e42a81fffff,0.08575244500623354,0.18904109589041096,1.0686004144356795,14.569311224897273
bogota,8866e0915bfffff,0.3250364759031693,0.06756756756756757,2.338016232418293,5.884295928077492
bogota,8866e0902dfffff,0.0652516956917845,0.25075528700906347,2.061494059062325,6.255384700150919
bogota,8866e09005fffff,0.05073534574406588,0.25544267053701014,1.3362513098843523,5.532245804389265
bogota,8866e0932bfffff,0.10055202884928206,0.2443502824858757,1.6030554382879905,5.34712269222355
bogota,8866e091c1fffff,0.07676266335266176,0.08185053380782918,3.9400007806897093,9.135099824026417
bogota,8866e091c5fffff,0.2001538830758017,0.1751101321585903,45.152259339234625,9.494181719447315
bogota,8866e42f6dfffff,0.08657680890730796,0.2054176072234763,1.7269038932130045,12.984124438051163
bogota,8866e42a97fffff,0.07429805199673868,0.18446601941747573,1.6786938838500285,13.841734136258705
bogota,8866e42ad5fffff,0.12693990216206028,0.19230769230769232,1.5862780628999567,16.06299065646258
bogota,8866e42ad1fffff,0.059430304809023185,0.1437246963562753,28.19865832925211,16.683082511674744
bogota,8866e42163fffff,0.4241987445531935,0.04081632653061224,5.954726310427605,20.836234174587013
bogota,8866e42129fffff,0.0647935079325381,0.11392405063291139,2.992216698064427,19.91963525617649
bogota,8866e4212dfffff,0.06298322041963489,0.2978723404255319,3.1166261521397125,19.461158644147254
bogota,8866e42ac9fffff,0.003564442987677292,0.0,1.87004055631834,17.668427884083055
bogota,8866e42acdfffff,0.06496489648743059,0.0,1.796292478040997,17.169590921212013
bogota,8866e42aa5fffff,0.1529920529527032,0.19923371647509577,44.80915463949496,12.122920004982438
bogota,8866e42aa3fffff,0.14444446106184483,0.16412213740458015,4.4001723022663874,12.189632801720656
bogota,8866e42aa1fffff,0.035753786675736976,0.25,32.7408218561527,12.585898495212184
bogota,8866e428e3fffff,0.20607089918394403,0.21311475409836064,14.21644596888139,8.004385135813465
bogota,8866e428e1fffff,0.06854303249708417,0.18333333333333332,2.656030880156813,8.45244599599614
bogota,8866e428e9fffff,0.02231322416975775,0.2169657422512235,7.316909488386995,9.370107470376896
bogota,8866e429dbfffff,0.1443882206685451,0.19387755102040816,1.3040785842466975,7.161078260005465
bogota,8866e42999fffff,0.09869952354572628,0.2694736842105263,1.4635574623271634,5.3528700268957605
bogota,8866e42991fffff,0.05918366253427288,0.25622775800711745,2.5845657753118956,4.457338909434736
bogota,8866e4299dfffff,0.10617946910274698,0.1705607476635514,1.913908761770454,5.160073126129588
bogota,8866e428e5fffff,0.16361736192234286,0.037037037037037035,2.3130965203521825,8.069858420982836
bogota,8866e429abfffff,0.2896361610359773,0.20353982300884957,2.0774172329164893,5.602177067246941
bogota,8866e429a1fffff,0.11426724913298407,0.1223021582733813,1.5108424049083382,6.048491829973411
bogota,8866e42f69fffff,0.09569778453437196,0.14915966386554622,3.3337974194560567,13.724577849921374
bogota,8866e428bbfffff,0.030749734481189714,0.17770034843205576,2.107704569392634,7.272636781656488
bogota,8866e428bdfffff,0.2060213538380143,0.22580645161290322,2.887440138150683,6.535559474114595
bogota,8866e42835fffff,0.26939482896680284,0.07142857142857142,1.0108670719995094,9.20604202206068
bogota,8866e42837fffff,0.16859162970226652,0.32679738562091504,2.2313777143326154,8.471326071756739
bogota,8866e429d9fffff,0.13890310759513674,0.21115537848605578,1.7896755224525334,7.785022708767386
bogota,8866e0910dfffff,0.040651363449395725,0.20224719101123595,3.1890869701915054,8.791317737126104
bogota,8866e0916bfffff,0.11256909068341002,0.13452914798206278,1.4016755773551466,8.861255179861148
bogota,8866e09161fffff,0.12065682662663789,0.23166666666666666,1.7446451926029436,9.730794706006709
bogota,8866e09145fffff,0.07043428663295935,0.15324675324675324,1.183447252944389,8.139917129196625
bogota,8866e46497fffff,0.13184277488223142,0.12531328320802004,2.28555609571646,9.300231204544314
bogota,8866e09329fffff,0.0394607941576025,0.0,3.2138810936114712,5.840810188678559
bogota,8866e090e3fffff,0.3595612056485471,0.048824593128390596,33.38511962091043,10.386677257474659
bogota,8866e090d5fffff,0.0496229846249473,0.4,17.178182831659576,11.234938800620075
bogota,8866e42f65fffff,0.03779912714295798,0.21868365180467092,1.2545146801635891,12.135227322814364
bogota,8866e42a93fffff,0.07376403519049166,0.2264957264957265,8.820788946262512,14.566988185998365
bogota,8866e42f45fffff,0.24790749495304287,0.2384937238493724,67.31144298811947,14.489415703983997
bogota,8866e42f4dfffff,0.39539080569095963,0.09,75.32297502825915,15.316756003194568
bogota,8866e42a9bfffff,0.14800206191989598,0.22916666666666666,13.166149778883725,15.417909414445427
bogota,8866e42a99fffff,0.08973850535498334,0.06451612903225806,7.999909500490565,15.577263554791866
bogota,8866e42ad3fffff,0.09759875772733141,0.19646365422396855,54.98438604462851,16.453013513067262
bogota,8866e421adfffff,0.08318210624476183,0.09090909090909091,19.824850348943993,17.140149529927196
bogota,8866e421a1fffff,0.6728092476810762,0.0,9.656603957913983,16.99901671423211
bogota,8866e42f6bfffff,0.13241257691725372,0.21333333333333335,16.55951085302214,13.673522259944367
bogota,8866e428b5fffff,0.01694258549167214,0.2095435684647303,2.245203740474493,5.682890117901591
bogota,8866e42ae3fffff,0.04679742747946804,0.10158730158730159,2.1301304081101597,14.41934025402315
bogota,8866e42f67fffff,0.023698184425077363,0.09117647058823529,2.6876721053124424,12.07247560165263
bogota,8866e42f63fffff,0.09040587101227308,0.205607476635514,10.800915403377164,12.871270243630583
bogota,8866e42a8dfffff,0.03549499558827782,0.025,1.4194659094815103,14.927003696006107
bogota,8866e429a3fffff,0.04940632519460061,0.1935483870967742,2.2086395432815817,5.091302919901501
bogota,8866e429bdfffff,0.3310381970686856,0.2569444444444444,1.4950825859864012,4.658075242421394
bogota,8866e429b5fffff,0.02131132121666636,0.15180722891566265,1.072186015148606,4.134091892135834
bogota,8866e42f61fffff,0.05448888968680174,0.19264069264069264,2.3744242200726444,12.892364423419178
bogota,8866e42f2dfffff,0.13028676601448452,0.0,2.8395652675204093,11.267622186706213
bogota,8866e42839fffff,0.16177331532953365,0.2089783281733746,1.832815672745356,10.2250272806208
bogota,8866e4281bfffff,0.09197962267725954,0.24041811846689895,32.73805938850851,11.205357628079161
bogota,8866e42817fffff,0.07688088635997406,0.13580246913580246,1.1247415907410623,9.892361816535116
bogota,8866e42ac7fffff,0.28879553698461946,0.0,1.9705919077957599,15.840484322993298
bogota,8866e42ae7fffff,0.009112084144085457,0.0,6.217957347239081,13.957879490528049
bogota,8866e42a9dfffff,0.12012470627376261,0.0,2.236101362361762,14.906255670217714
bogota,8866e42ad7fffff,0.09128580915328592,0.1406003159557662,1.9563997546513852,15.793050685574975
bogota,8866e0900bfffff,0.1225750600063173,0.17480719794344474,1.8262886960375382,5.414329398809039
bogota,8866e428b3fffff,0.34735209682609025,0.10267857142857142,1.6400613152213954,6.51921390399349
bogota,8866e091d5fffff,0.21917432521705246,0.056372549019607844,20.410300110995212,10.427990119868168
bogota,8866e42ab5fffff,0.20737102399785823,0.22396856581532418,2.2574707063347974,11.85748316887347
bogota,8866e428ebfffff,0.021337821261513887,0.0081799591002045,33.55288761564986,8.920200061940905
bogota,8866e428c5fffff,0.017141217371675413,0.0,30.408591696748996,9.83635000244291
bogota,8866e428cdfffff,0.11409929278125884,0.2277992277992278,20.260365253608466,10.752728293065632
bogota,8866e428c9fffff,0.03458617431062312,0.08450704225352113,14.058763504081577,11.27868051206626
bogota,8866e42aa7fffff,0.2362844474584889,0.3333333333333333,36.41773301985356,11.669261750375442
bogota,8866e42819fffff,0.09953357650483845,0.15844155844155844,1.5407654512815825,11.71876396373054
bogota,8866e090a9fffff,0.49227364966434883,0.14285714285714285,27.185688057815568,11.122644881164508
bogota,8866e090e7fffff,0.17446407192035002,0.1274074074074074,23.473877701450704,10.26572975017137
bogota,8866e090adfffff,0.09888671630687135,0.21365638766519823,6.440961494715354,11.047527791974971
bogota,8866e08207fffff,0.13313366139071817,0.18081180811808117,38.314224604925386,17.514399550895426
bogota,8866e08205fffff,0.7245346123870814,0.11627906976744186,18.66085474998399,16.720849105420438
bogota,8866e08201fffff,0.14254962420216916,0.20996978851963746,25.492051849330515,16.704424809560443
bogota,8866e08263fffff,0.058865385047193935,0.0,14.111657907166292,15.945436846438483
bogota,8866e08247fffff,0.06136711397901158,0.14893617021276595,15.1836855628083,15.085509899630685
bogota,8866e090a7fffff,0.08844811386958974,0.18604651162790697,20.885097665274177,12.666970957295385
bogota,8866e090a5fffff,0.11496194448693695,0.1004566210045662,19.615158885476635,11.849197777185099
bogota,8866e090a1fffff,0.06292280498452364,0.21921921921921922,27.869355192063527,11.884279909749026
bogota,8866e091d3fffff,0.04483171571757159,0.3194444444444444,1.4137100147116373,11.054009353933917
bogota,8866e09085fffff,0.09988633043385312,0.10825439783491204,18.974411780933146,11.277717165861064
bogota,8866e090abfffff,0.42104303391024606,0.09281437125748503,32.15800436974483,11.994886295488095
bogota,8866e09113fffff,0.05294227717104216,0.06427503736920777,35.03744853340527,9.012356687173021
bogota,8866e09117fffff,0.1423557048390936,0.27389705882352944,45.43752666728119,9.523537723081724
bogota,8866e09111fffff,0.059677798566062874,0.07175925925925926,27.815850792944392,8.610521431258146
bogota,8866e0911dfffff,0.09843327616217709,0.23595505617977527,3.9351737363960737,8.300290079232926
bogota,8866e09115fffff,0.41551079453413925,0.10658307210031348,34.553942838791166,9.197415012742848
bogota,8866e09151fffff,0.049015061193288335,0.16804407713498623,3.8156444689198112,6.525055211009821
bogota,8866e42983fffff,0.3081157504951181,0.16483516483516483,1.5766761283212858,5.138650855663592
bogota,8866e42981fffff,0.19535302245682745,0.2712765957446808,1.1470950815885332,5.997683400780554
bogota,8866e429ebfffff,0.004246189928554852,0.20689655172413793,2.2821686946522295,7.78461565499574
bogota,8866e429d5fffff,0.06716040967928424,0.22637106184364061,1.343993428735398,6.761188971575537
bogota,8866e42989fffff,0.06205236453191277,0.07474226804123711,1.9019129246627842,6.755656504920058
bogota,8866e429d7fffff,0.08005593384183349,0.2900763358778626,1.6414974973453318,6.022258557796866
bogota,8866e42833fffff,0.16846891200292408,0.004761904761904762,2.5932203322943193,8.677753827135595
bogota,8866e090edfffff,0.08139081904253967,0.17346938775510204,32.240627528508995,8.647697446091945
bogota,8866e08243fffff,0.416097924703284,0.0,26.464873959133264,15.122523903326298
bogota,8866e090e5fffff,0.009910258160804616,0.2222222222222222,33.187695552639305,9.428310734229806
bogota,8866e09087fffff,0.10028501130835205,0.11607142857142858,33.35712098165165,12.178947320915896
bogota,8866e0908dfffff,0.0683944308661017,0.11196911196911197,28.469151124312006,10.591930289724258
bogota,8866e42831fffff,0.14236596050408967,0.0,2.5174750813312863,9.344262103251543
bogota,8866e42823fffff,0.06519387401528992,0.1396761133603239,1.3290407090639496,9.978472757315608
bogota,8866e42827fffff,0.013023369389745451,0.07692307692307693,0.7499055118106488,9.98937242292021
bogota,8866e429c9fffff,0.03267494587391849,0.17647058823529413,1.411764705882353,9.164756257102844
bogota,8866e42821fffff,0.026333396848546617,0.0,0.5961307749365454,10.780505499705269
bogota,8866e42829fffff,0.0,0.0,1.1135528725660044,11.590294682807748
bogota,8866e42807fffff,0.08769095949437408,0.17511520737327188,3.72266858913688,10.920093337843129
bogota,8866e42805fffff,0.2863448020125908,0.17333333333333334,2.0326298236521083,11.652300643177961
bogota,8866e4282bfffff,0.0612814834246245,0.09927360774818401,1.142789125399784,10.808847629951993
bogota,8866e4283dfffff,0.051169890438575026,0.13734939759036144,2.070763469976207,10.057727897785613
bogota,8866e42803fffff,0.07298162609791642,0.14138817480719795,1.2636628913006809,11.111739686226677
bogota,8866e4280bfffff,0.06571878717012572,0.13538461538461538,1.460401735450586,12.003062507154246
bogota,8866e42857fffff,0.05063680424446292,0.22530864197530864,2.448825658849159,12.285322166884418
bogota,8866e09301fffff,0.14933478282529533,0.18282548476454294,4.027036543119011,3.942367513821458
bogota,8866e42aebfffff,0.09480034114356525,0.0,1.2968252888897478,15.336095617492644
bogota,8866e42853fffff,0.02055990558137036,0.12121212121212122,2.898956040502116,12.632854007212375
bogota,8866e09335fffff,0.054184281335947736,0.14021571648690292,2.2457620544311876,5.667173992381575
bogota,8866e0821dfffff,0.40731544516454254,0.049773755656108594,46.34445620153507,17.59026134702538
bogota,8866e08211fffff,0.19432809459098574,0.0,24.295409945089126,18.449226655407983
bogota,8866e091d7fffff,0.3637274865405488,0.0,0.9428090415820634,11.14196038967999
bogota,8866e091c7fffff,0.08335636159133833,0.09262435677530018,23.21892672755054,10.044501449283338
bogota,8866e09189fffff,0.02833400824603738,0.1205298013245033,33.31278294826557,10.65271472354657
bogota,8866e0913bfffff,0.19455131421870384,0.2169811320754717,26.288914270611773,10.098659906702148
bogota,8866e09059fffff,0.025895779757217244,0.18125,1.97973126752408,4.482993444414237
bogota,8866e09103fffff,0.035821550411462545,0.17667844522968199,34.13080075325795,8.962275194687695
bogota,8866e09139fffff,0.04765691814037069,0.3619047619047619,32.9633415424896,9.841433492165176
bogota,8866e42a91fffff,0.12985931420170338,0.19435736677115986,2.8814931183447987,14.706516887650029
bogota,8866e42adbfffff,0.006071818839212948,0.33783783783783783,11.044218463298622,17.332995336853415
bogota,8866e4298bfffff,0.038509591861709304,0.22823529411764706,1.5511778151668905,5.934371096019475
bogota,8866e09307fffff,0.09311806768947094,0.2,2.6782466105690856,4.401958596044218
bogota,8866e09163fffff,0.03991916847225922,0.16759776536312848,2.0937903243685745,9.616519886363111
bogota,8866e09167fffff,0.3076270215776833,0.2631578947368421,2.124516418232128,10.463176918443443
bogota,8866e09165fffff,0.18628157420366728,0.13972055888223553,2.9650845354698645,10.614393997233329
bogota,8866e0916dfffff,0.048061110412021435,0.1617161716171617,1.4145148755889085,9.936488645758418
bogota,8866e464b3fffff,0.44431677652337004,0.05357142857142857,3.9220725466549555,10.848373602742262
bogota,8866e46495fffff,0.3833619796337889,0.04964539007092199,2.9080822114858327,9.65566149385878
bogota,8866e4649dfffff,0.3890072637728214,0.06451612903225806,2.7427172118750933,9.140098317258131
bogota,8866e46491fffff,0.16435213645231253,0.09069212410501193,2.8943117178295448,8.714722670327076
bogota,8866e4649bfffff,0.08233308869066608,0.09540636042402827,2.0494136084351915,7.776309961284128
bogota,8866e46493fffff,0.07096325782855117,0.13950276243093923,2.033066769137724,8.377665458296775
bogota,8866e429c1fffff,0.019892748388315066,0.15625,2.6475224267227655,8.372583563919854
bogota,8866e09169fffff,0.14828511839007283,0.14616755793226383,1.5851222464202828,9.0327691268019
bogota,8866e0914dfffff,0.02287547276250108,0.14285714285714285,1.7417020611863168,7.462320487173171
bogota,8866e46499fffff,0.1631909425774015,0.018134715025906734,1.6554367739753029,8.190825874037131
bogota,8866e09327fffff,0.11381761909608622,0.15789473684210525,1.7780246738904362,6.8414414841248155
bogota,8866e429c3fffff,0.1279375020922103,0.23094170403587444,1.9476586791555603,7.549255569615275
bogota,8866e09105fffff,0.012305283761898272,0.24571428571428572,2.76008831815887,9.596940404230391
bogota,8866e09155fffff,0.17490827293634653,0.19666666666666666,2.9074584605757994,7.234432024157892
bogota,8866e09153fffff,0.15707799595113578,0.117096018735363,2.694668054884312,6.790074602973347
bogota,8866e092cbfffff,0.6496025436066596,0.0,20.43746559630132,8.178373683369035
bogota,8866e09353fffff,0.11428759591969899,0.06769825918762089,1.9177541688436242,1.115726798435509
bogota,8866e4298dfffff,0.04602551147532554,0.3020833333333333,1.4265059181915722,6.8826186741169515
bogota,8866e429e3fffff,0.3537607722399764,0.0,1.6038960810753573,7.135026657927811
bogota,8866e429c7fffff,0.02097931661571675,0.11764705882352941,2.198534213147631,7.6087164278284
bogota,8866e09323fffff,0.12211392479328548,0.18316831683168316,1.9080618735018813,5.9117740590277466
bogota,8866e09321fffff,0.45100932040881975,0.075,1.2951238910118663,6.2940514761546105
bogota,8866e0826bfffff,0.1259158923876439,0.15352697095435686,23.969705596636224,15.108400437261468
bogota,8866e0930bfffff,0.1786633655181735,0.11538461538461539,2.6814980501613377,2.9947474232864386
bogota,8866e09355fffff,0.0058907128443327775,0.04,2.1583058225535696,2.7667177257180353
bogota,8866e09309fffff,0.16477827581135496,0.056818181818181816,5.003961270142929,3.6601326922558175
bogota,8866e42167fffff,0.09800223743084498,0.0,1.9436506316151,20.378116277134822
bogota,8866e4210dfffff,0.036709385038028834,0.38461538461538464,15.136720049190531,21.326767564589943
bogota,8866e42995fffff,0.1915744339242052,0.0390625,2.4138186309577683,4.321019730718492
bogota,8866e42d4bfffff,0.0018554763504665247,0.0,9.361231385946216,11.019292505717699
bogota,8866e090a3fffff,0.29651578488694624,0.0,48.08701845612805,12.738155868230773
bogota,8866e42a5bfffff,0.0668263620443902,0.0,3.236294176987006,19.954653970056565
bogota,8866e42ac1fffff,0.1902548412902785,0.06341463414634146,5.896250498778133,16.75431475386931
bogota,8866e42ac5fffff,0.16436285320561342,0.34615384615384615,1.33608531424537,16.252850197973082
bogota,8866e42107fffff,0.0,0.3888888888888889,7.041645765480197,20.024410645339465
bogota,8866e42801fffff,0.22478484573921145,0.03759398496240601,2.667745097516898,11.790776109798598
bogota,8866e42809fffff,0.004510208703874086,0.0,0.7071067811865476,12.668043497733517
bogota,8866e42f47fffff,0.6755419310463665,0.0,118.86780706127104,14.474802189080467
bogota,8866e42f41fffff,0.3359051754404801,0.09876543209876543,46.02635641149221,15.274965884898693
bogota,8866e42127fffff,0.10235361810384651,0.0,1.0142672359011573,18.08630736005571
bogota,8866e42a13fffff,0.00244140176435317,0.0,0.0,16.709838350389465
bogota,8866e466d3fffff,0.007787564882402902,0.09090909090909091,1.498581559966442,7.553986275142689
bogota,8866e0934dfffff,0.09049874234952285,0.19047619047619047,1.4070286883108425,5.385920369263979
bogota,8866e09347fffff,0.11970308528712391,0.038461538461538464,1.0405960968052834,4.433703941466454
bogota,8866e42f07fffff,0.5172388519770448,0.0,16.710307447799995,13.04133159881939
bogota,8866e09305fffff,0.15935897500551724,0.08846153846153847,4.072508297247973,4.891252140164144
bogota,8866e09325fffff,0.23158145092979135,0.14893617021276595,1.6395661265509647,7.242073039830874
bogota,8866e0930dfffff,0.023832841470485852,0.0,4.285657931441267,4.576734751732376
bogota,8866e09083fffff,0.07717495999654812,0.17391304347826086,40.26982569250483,12.433189283141871
bogota,8866e08239fffff,0.014122370621278822,0.0,24.840322947416833,18.323736894395598
bogota,8866e429adfffff,0.2848396254776755,0.0,1.3662601021279464,7.005653949791541
bogota,8866e46693fffff,0.01595772443518696,0.15730337078651685,1.9705186083055461,6.138288197190706
bogota,8866e42121fffff,0.000795970330006438,0.041666666666666664,1.4994211846205485,19.002991095852128
bogota,8866e090ddfffff,0.08441394959646632,0.3014705882352941,40.84261632777321,10.704261852161393
bogota,8866e091e7fffff,0.004584524735887793,0.0,17.987650084309387,11.77076040076895
bogota,8866e091e5fffff,0.0,0.0,18.184242262647807,11.353009238544079
bogota,8866e091e1fffff,0.2382476544996486,0.20477815699658702,12.557775648386992,10.851166275409126
bogota,8866e09129fffff,0.0972770475217926,0.1774193548387097,3.1947456862792696,10.398342897498797
bogota,8866e08249fffff,0.5367466465021479,0.0,31.280575042668254,13.50323319563272
bogota,8866e0824dfffff,0.18469934894317688,0.19875776397515527,26.731966421234244,13.467063938118304
bogota,8866e42d35fffff,0.7226189667167313,0.0,20.317313057502048,8.34370951062121
bogota,8866e0932dfffff,0.009946648474837966,0.0,2.598076211353316,6.790780799213808
bogota,8866e091abfffff,0.028474859658858764,0.1506276150627615,23.445113943849513,12.781987568258577
bogota,8866e09185fffff,0.08867682790559485,0.16252821670428894,34.36806598978263,11.868282889827212
bogota,8866e09089fffff,0.09698348973034762,0.15328467153284672,38.6990830498741,10.876703579668765
bogota,8866e4213dfffff,0.19380076660355186,0.10526315789473684,4.69041575982343,19.113501570023104
bogota,8866e42addfffff,0.007138829769168134,0.13636363636363635,3.0931712421612443,16.96403592986232
bogota,8866e421a5fffff,0.42823158832626584,0.19230769230769232,48.73053688308282,16.275992813249516
bogota,8866e429a9fffff,0.20662087291088407,0.0,3.12666083905215,6.550047758719899
bogota,8866e092b5fffff,0.18469370454358258,0.20317460317460317,50.08188945928203,9.271129316781476
bogota,8866e092b7fffff,0.0237249525732338,0.0,9.98576764978815,10.22886556690912
bogota,8866e092b9fffff,0.6149822872815162,0.2894736842105263,18.25845266582029,9.476187017405882
bogota,8866e092b1fffff,0.19039220386485234,0.75,6.11228271597445,9.816761531893386
bogota,8866e090b7fffff,0.3568824074841561,0.07407407407407407,37.27002653673298,14.48513653588899
bogota,8866e09095fffff,0.5267206011528976,0.16666666666666666,20.09423885694538,13.361734858441384
bogota,8866e090b9fffff,0.18148805276995983,0.1561822125813449,29.47177678910201,13.088270037846868
bogota,8866e08253fffff,0.07774370748819631,0.04225352112676056,32.25960786140001,16.977825440520377
bogota,8866e08251fffff,0.02571342335070903,0.13953488372093023,32.66596548460179,16.093898660270234
bogota,8866e08259fffff,0.04735686571944699,0.21808510638297873,18.619902463861212,15.37379638531208
bogota,8866e090bbfffff,0.5372175667526297,0.14074074074074075,34.802729439185576,14.004115696702048
bogota,8866e090b1fffff,0.08643946841265142,0.19504643962848298,36.483801562564715,13.773682312206619
bogota,8866e0825dfffff,0.5854121736486817,0.0,35.56671894620924,15.218995685448045
bogota,8866e09081fffff,0.10184496308022246,0.29195402298850576,37.08561758328784,11.509500481176849
bogota,8866e090b3fffff,0.41128548598714654,0.5238095238095238,23.89173700158506,14.676091409284403
bogota,8866e0908bfffff,0.0110325803395983,0.0625,19.715027619802786,11.813467934915685
bogota,8866e090bdfffff,0.5234577383359337,0.05405405405405406,44.22511266460326,12.879347798285997
bogota,8866e0952dfffff,0.4754635179329776,0.0,21.520661906384035,17.173634597319413
bogota,8866e0825bfffff,0.22307614286718472,0.0,8.916838004584362,16.27037393268146
bogota,8866e08219fffff,0.49023778095475706,0.0,1.8856180831641267,17.70487802658757
bogota,8866e08257fffff,0.2804951720256907,0.0,51.58271564026238,16.8335374831251
bogota,8866e09181fffff,0.09413218570153664,0.1104,31.448201678404107,11.553159518466035
bogota,8866e091a9fffff,0.03800015479213379,0.10426540284360189,29.98749365600738,12.249361880078043
bogota,8866e0918dfffff,0.03914586897845406,0.17872340425531916,31.525229053690236,10.955693628903767
bogota,8866e09187fffff,0.12371111039970457,0.17753623188405798,74.82515574409796,12.456507175564077
bogota,8866e09183fffff,0.17498986561468724,0.2128146453089245,35.05211045314674,12.19671988764477
bogota,8866e09195fffff,0.029897426654313795,0.20666666666666667,27.303479304769493,12.8794741786645
bogota,8866e091bdfffff,0.007074109175979942,0.0,34.13945701461178,13.362185771389715
bogota,8866e091b9fffff,0.12390492231435396,0.1040339702760085,44.493193300485416,13.088522973666162
bogota,8866e091e9fffff,0.07655876507780336,0.18819776714513556,23.64071252072803,9.931694227759971
bogota,8866e091e3fffff,0.01582974013860033,0.04,6.276606745841743,11.330664056913529
bogota,8866e091ebfffff,0.03965672465371726,0.14792899408284024,31.39966704363273,10.412251010381391
bogota,8866e08241fffff,0.04161023487204962,0.0,26.23028341228757,14.286630874984388
bogota,8866e09191fffff,0.03021323876122671,0.0,15.47232552471855,12.73820939554624
bogota,8866e091edfffff,0.03257799164467239,0.18666666666666668,26.907230501380813,10.437793543853754
bogota,8866e091b1fffff,0.0,0.0,32.08874413248359,13.984043134740746
bogota,8866e0823dfffff,0.01188983037908142,0.1,27.149150794985996,18.334841211507946
bogota,8866e08255fffff,0.1650309281799194,0.20604395604395603,35.74444147292092,15.972185853640472
bogota,8866e08269fffff,0.07706899126763705,0.0,3.9760022321422306,14.339894033175188
bogota,8866e09363fffff,0.008153574926542343,0.0,3.39934634239519,5.504980460176478
bogota,8866e091a1fffff,0.0,0.0,19.262917743685666,13.168301933257386
bogota,8866e4280dfffff,0.08391456896878262,0.0,0.5,12.506167897446396
bogota,8866e429e7fffff,0.13213768881352803,0.0,1.3078847098525612,7.500245701698983
bogota,8866e42985fffff,0.2949629309914975,0.0,1.9390719429665317,6.207594536644721
bogota,8866e464bbfffff,0.36448504630475376,0.07692307692307693,2.5370080524233405,10.22807832824986
bogota,8866e429c5fffff,0.0,0.0,1.5811388300841898,8.483960168588776
phoenix,8829b6d313fffff,0.2025120379253617,0.07952622673434856,0.5792947987148519,7.951293049178898
phoenix,8829b6d209fffff,0.004457950058669592,0.23308270676691728,1.3396951183597599,13.210378820075938
phoenix,8829b6d201fffff,0.034312056149526995,0.15976331360946747,0.5893906346915723,12.565329241337324
phoenix,8829b6d35bfffff,0.0035221314177242774,0.10344827586206896,1.002603345244835,9.327016816982733
phoenix,8829b6d267fffff,0.022388283149574903,0.09454061251664447,0.8694161917747001,10.289340207823336
phoenix,8829b6d263fffff,0.0014586095847897553,0.18421052631578946,0.5120085719768545,11.258321146296323
phoenix,8829b6d359fffff,0.04765818795157644,0.04959514170040486,0.7429881801894627,9.146591704552954
phoenix,8829b6d20dfffff,0.0,0.2932330827067669,0.8459587090487635,12.232375423686996
phoenix,8829b6d20bfffff,3.2219021041910155e-05,0.23300970873786409,1.0240491924620763,13.55594062684922
phoenix,8829b6d257fffff,0.016272033324372895,0.20833333333333334,0.7110243002567181,14.547895866040212
phoenix,8829b6d66bfffff,0.004025196890384183,0.10869565217391304,0.733143914930759,26.738526542098676
phoenix,8829b6d663fffff,0.0,0.0,0.0,26.54449675557649
phoenix,8848e96d97fffff,0.015030657243977272,0.09937888198757763,0.7501679467965607,25.296136194249346
phoenix,8848eba4ebfffff,0.19326013077940352,0.006802721088435374,3.6323775501270053,4.369353692713417
phoenix,8829b6c33bfffff,0.0855677356600128,0.1495601173020528,1.8011570355376199,18.747391034092995
phoenix,8829b6c331fffff,0.0,0.1402439024390244,1.7355195819536635,18.6489697712711
phoenix,8829b6d001fffff,0.0019949941391305764,0.0868945868945869,1.0976600657474973,9.815678504679942
phoenix,8829b6d8a9fffff,0.06775130974757436,0.06388888888888888,2.4398938611926573,17.56905032179203
phoenix,8829b6c13bfffff,0.004654349015509988,0.25,1.7861442883163499,24.584274954845068
phoenix,8829b6d0e7fffff,0.0042687694249227475,0.0903954802259887,1.0955561942671803,13.528463554414293
phoenix,8848e9698bfffff,0.008797407363410243,0.0586145648312611,2.5043199260817177,12.642803911509604
phoenix,8829b6d03bfffff,0.0,0.17782909930715934,0.9992161306923417,11.529287623411449
phoenix,8829b6c2b9fffff,0.0,0.6,0.0,26.714124119333388
phoenix,8848eba48bfffff,0.01615986807634355,0.05697445972495088,1.5969249160955492,1.9183396755249853
phoenix,8848eba489fffff,0.0,0.026804123711340205,1.5074581790984216,2.8882097978941
phoenix,8829b6d9dbfffff,0.024900862706698133,0.056074766355140186,1.2883533444173396,17.4851889066914
phoenix,8829b6d229fffff,0.0022602441212284685,0.11524163568773234,0.8613588440201594,10.589656358674443
phoenix,8829b6da45fffff,0.006787311837740909,0.10828025477707007,3.026456169087381,5.810397545493928
phoenix,8829b6d9d9fffff,0.0009806666802718625,0.07554945054945054,2.6345972714785275,17.01260370719011
phoenix,8829b6c327fffff,0.0,0.1875,1.3542737058064802,17.78754157671432
phoenix,8829b6c065fffff,0.046424563252909626,0.12941176470588237,1.669026547185665,20.435945454188793
phoenix,8829b6d335fffff,0.002628137199122818,0.14426229508196722,1.229767377460937,3.982757634722798
phoenix,8848ebb481fffff,0.02346784400994941,0.2361111111111111,2.387685420374021,19.824759728316458
phoenix,8848eba6c7fffff,0.0014433516950414322,0.0,1.3033947477570738,9.696280242323763
phoenix,8848eba6c3fffff,0.0010172639033318473,0.10638297872340426,2.1626063752488074,9.946661183715634
phoenix,8848eba481fffff,0.013327562570672117,0.03233830845771144,2.6759503095482917,2.415299248081278
phoenix,8829b6c247fffff,0.007889067017214788,0.1485148514851485,1.342058896502952,16.861164232071193
phoenix,8829b6c323fffff,0.0,0.09536784741144415,1.2586073407856766,17.750592612997735
phoenix,8829b6d305fffff,0.013082904400637287,0.06023029229406555,0.6786290189476463,4.790371807273431
phoenix,8829b6c365fffff,0.0,0.19607843137254902,1.3037467365994635,14.391529748520735
phoenix,8829b6d1e1fffff,0.0,0.017964071856287425,4.193691696575805,9.044905088492614
phoenix,8829b6d109fffff,0.0,0.14789687924016282,1.6591888470029708,4.066952682594881
phoenix,8829b6d10bfffff,0.0,0.09719222462203024,1.2406637396899989,5.048362393890048
phoenix,8829b6d053fffff,0.0,0.1313364055299539,1.0198224697575973,12.601486625132102
phoenix,8829b6d055fffff,9.625570327765059e-05,0.15675675675675677,1.1283126064065432,10.912744129650369
phoenix,8829b6c201fffff,0.011088074859520925,0.07677543186180422,1.3697605789166198,18.327451284820995
phoenix,8829b6c111fffff,0.0027853999497132803,0.09022556390977443,3.127247529859197,23.707232291289724
phoenix,8829b6d881fffff,0.0145163037585619,0.027939464493597205,1.7237087250408845,16.85422942093087
phoenix,8848eba5dbfffff,0.9774962250212396,0.0,0.6400954789890506,5.740227473674632
phoenix,8848eba4e7fffff,0.8994739778831281,0.04878048780487805,9.018811559053459,4.877915977953116
phoenix,8829b6d1a3fffff,0.0027886987797886504,0.04984423676012461,3.493730366959781,12.264801819050428
phoenix,8829b6d191fffff,0.0,0.18808777429467086,2.053879038394,13.906596087481955
phoenix,8829b6d199fffff,0.06458698450523839,0.09064748201438849,1.3792057680183545,13.480472737625242
phoenix,8829b6d1c7fffff,0.0,0.019736842105263157,1.4868548543775848,9.967565360046384
phoenix,8829b6d28bfffff,0.005493815889558009,0.2018348623853211,1.3777082209364893,17.404138164902772
phoenix,8848eba681fffff,0.0,0.04662379421221865,0.9573934152573854,8.033020159261804
phoenix,8829b6c35dfffff,0.023248515860631265,0.1346153846153846,5.621301492618425,14.855977673500846
phoenix,8829b6c34bfffff,0.00027885221870921605,0.0625,28.90020292533558,13.90760260252205
phoenix,8829b6c0e1fffff,0.008132436364357447,0.20930232558139536,0.5183609369366371,27.124637607845937
phoenix,8829b6d003fffff,0.009670808413265102,0.13971742543171115,1.1890225079348764,10.639338828006474
phoenix,8848ebb4b1fffff,0.00015889686528389283,0.13896457765667575,3.406354707710679,17.230887771566817
phoenix,8829b6c0e9fffff,0.0,0.03773584905660377,11.6994968029132,26.437029039640212
phoenix,8829b6d1b7fffff,0.002543985317484216,0.0,34.43472084974699,14.182642731973681
phoenix,8829b6d1b5fffff,0.0,0.022222222222222223,13.643245648871305,13.221803960815306
phoenix,8829b6d8dbfffff,0.12050481775539945,0.08,0.9741988891116156,15.28599800714318
phoenix,8829b6d8d3fffff,0.0,0.14049586776859505,1.3837410267188521,16.191411365528392
phoenix,8829b6d8a1fffff,0.0007060728020414227,0.08755760368663594,2.404062069973788,18.55159170882713
phoenix,8829b6d119fffff,0.0,0.12690355329949238,1.565764214984077,6.646392008088361
phoenix,8848ebb483fffff,0.030024142624777928,0.17738791423001948,1.843767909826978,19.035589969610967
phoenix,8829b6c055fffff,0.0,0.10576923076923077,1.4187825016478912,22.228155387061328
phoenix,8829b6d139fffff,0.0040409626182071005,0.0469208211143695,7.185269077492945,6.133828667208898
phoenix,8829b6d131fffff,0.04261147940081944,0.05387205387205387,8.940291981395488,6.828484254089897
phoenix,8829b6d13dfffff,0.03559187474350876,0.03571428571428571,8.093786330428408,5.902129309844954
phoenix,8829b6d107fffff,0.012446153667664675,0.0,5.71964081836624,5.174909711785757
phoenix,8829b6da49fffff,0.20660431753720396,0.15217391304347827,2.9372024515458643,4.151963978550236
phoenix,8829b6d1bdfffff,0.0002897599145379752,0.0,14.335230482714756,12.57641394328775
phoenix,8829b6c017fffff,0.003822517188051774,0.22535211267605634,1.7811964792752608,25.483592277905114
phoenix,8829b6c145fffff,0.004180760769498712,0.04654895666131621,1.5809883655649348,19.57154761844839
phoenix,8829b6d0a5fffff,0.0,0.11316397228637413,1.1881700968212545,14.088118749381918
phoenix,8829b6d0adfffff,0.00028494232978429243,0.1111111111111111,0.8016364135490851,13.775668573626767
phoenix,8829b6c03bfffff,0.0,0.29959514170040485,1.7560139420283893,25.234632638286662
phoenix,8829b6d1d3fffff,0.0,0.08484005563282336,1.1234289961618729,13.115216889753585
phoenix,8848eba4d5fffff,0.0,0.029304029304029304,1.9546533628415979,2.6825723076377956
phoenix,8829b6c05dfffff,0.0,0.16228070175438597,1.3300118198306035,21.586041256366272
phoenix,8829b6d8c1fffff,0.04023684406581754,0.09375,1.262447786086774,14.27037516357452
phoenix,8829b6d8cbfffff,0.149612108797872,0.09744408945686901,1.116597656207776,13.977212261432175
phoenix,8829b6d9d1fffff,0.0019157285212625197,0.09871244635193133,2.544704654318295,18.00088119306857
phoenix,8829b6da53fffff,0.0,0.1693548387096774,9.122700083290178,4.6346888150638925
phoenix,8829b6d81bfffff,0.0,0.1116751269035533,1.5176135771431032,13.069188393148336
phoenix,8829b6dab3fffff,0.2574044367113827,0.08080808080808081,1.416712998241593,13.594238337123995
phoenix,8829b6dab7fffff,0.0,0.05938697318007663,0.9813853433527174,13.75072297482824
phoenix,8848e96d85fffff,0.013703046880302461,0.022222222222222223,1.3324194315512319,22.29425708540605
phoenix,8848e96d87fffff,0.0053573962617484445,0.16101694915254236,1.1948179893610702,22.951683727622846
phoenix,8829b6d1cbfffff,0.0,0.1287313432835821,1.402531920377251,10.210562902305332
phoenix,8829b6da4bfffff,0.0,0.1683673469387755,4.57691220152109,3.922134229494401
phoenix,8829b6c04dfffff,0.05424729922063048,0.10897435897435898,1.3447140960070283,19.3522010276395
phoenix,8829b6d999fffff,0.05147759036886332,0.053763440860215055,1.5179386635102798,19.462420477786935
phoenix,8829b6d9d3fffff,0.02560908859948923,0.08969465648854962,2.1117318568354833,18.473817336650786
phoenix,8829b6c109fffff,0.08080593339552884,0.07954545454545454,2.676343389439882,21.185470819294896
phoenix,8829b6c069fffff,0.011505351234313514,0.1557377049180328,1.6802168483635305,19.826327574937828
phoenix,8829b6c301fffff,0.0024713401295421698,0.05426356589147287,17.547636967345632,16.15448649238674
phoenix,8829b6c30dfffff,0.0,0.058823529411764705,9.93933740557343,15.257372237786251
phoenix,8829b6d333fffff,0.0011354047697755777,0.03103448275862069,0.9345437059372896,5.638303858737112
phoenix,8829b6d331fffff,0.019954613980919064,0.10290237467018469,1.1053380192076878,4.9698803173621355
phoenix,8829b6d1ddfffff,0.0008817123650765982,0.09915966386554621,1.2079368781022002,11.175817159767757
phoenix,8829b6d343fffff,0.03921411113224673,0.13066666666666665,0.26669030598142623,7.341584258163989
phoenix,8829b6d525fffff,0.015535453007770317,0.050434782608695654,1.0653920256036935,20.92974171098534
phoenix,8829b6d325fffff,0.0,0.021961932650073207,1.3100840313860795,2.1567392450465124
phoenix,8829b6d2d3fffff,0.013803650238168777,0.16666666666666666,1.0114022163749896,19.353386290048427
phoenix,8829b6d129fffff,0.0,0.0045871559633027525,1.8663743637576868,4.13244939913505
phoenix,8829b6d2d5fffff,0.005163238789785315,0.18716577540106952,0.8941319549756553,17.716946429563624
phoenix,8829b6d2d1fffff,0.09407813402362804,0.07142857142857142,0.8287733311195529,18.70089509574395
phoenix,8829b6d1d7fffff,0.0,0.10207100591715976,1.3125033806261521,12.499982930374301
phoenix,8829b6c263fffff,0.21580702000928648,0.0,1.5780336655796465,16.883558380541253
phoenix,8829b6c267fffff,0.004055734338841659,0.05263157894736842,7.914536574978722,16.472469075954105
phoenix,8848e96931fffff,0.0015857996889740748,0.0,6.343965765934134,12.252468498528723
phoenix,8848e96933fffff,0.0,0.06813627254509018,3.7218905324851335,11.702253436298468
phoenix,8829b6d023fffff,0.0,0.11742424242424243,0.9344022110231153,9.032708830602308
phoenix,8829b6c141fffff,0.0,0.226890756302521,1.4644722989446006,19.48634868602147
phoenix,8848e969a3fffff,0.0,0.011494252873563218,0.8177678331858845,9.237271058087615
phoenix,8829b6c231fffff,0.08999141449937556,0.14035087719298245,1.4027750275000541,20.385078915743122
phoenix,8829b6d1d9fffff,0.00036857076739812094,0.11605723370429252,1.1298517817119933,11.860594526715484
phoenix,8829b6d143fffff,0.0,0.09555555555555556,1.4483603684661919,3.788985526021294
phoenix,8829b6d0b9fffff,0.0,0.36752136752136755,0.9675588936937934,17.09146441612181
phoenix,8829b6d087fffff,0.05548003835776563,0.14492753623188406,1.3697306980209225,16.147283809453192
phoenix,8848e96b27fffff,0.019207022999420145,0.19090909090909092,3.7394305996809005,18.99002250328678
phoenix,8829b6d345fffff,0.032875001695307604,0.0860655737704918,1.3390924937038273,6.604075957155649
phoenix,8829b6d34dfffff,0.14364178412111164,0.06338028169014084,1.64916278040313,7.552508348429118
phoenix,8829b6c23dfffff,0.0,0.17277486910994763,1.2951714696527519,19.40594647924897
phoenix,8829b6c235fffff,0.024658087007387083,0.07581227436823104,1.4042440414397246,19.99675459209606
phoenix,8829b6d0edfffff,0.0047738321059880694,0.10478359908883828,1.065456607664916,12.434014926273505
phoenix,8829b6d017fffff,0.0,0.11635220125786164,0.9214903196642643,12.357868922953685
phoenix,8848eba65dfffff,0.0,0.08602150537634409,2.455129457083124,15.469374786983918
phoenix,8829b6d0e5fffff,0.024562357764344688,0.19910179640718562,0.9742748900852306,12.58767165584948
phoenix,8829b6d027fffff,0.005989193367575577,0.021929824561403508,1.3639623824548548,8.294204403866035
phoenix,8829b6d057fffff,0.0,0.07692307692307693,1.135302117086935,11.661026946501195
phoenix,8829b6da5bfffff,0.0,0.044967880085653104,3.0237009354330624,3.647940922988566
phoenix,8848eba689fffff,0.20833615112373977,0.08740359897172237,1.1319403203742187,8.986247278276181
phoenix,8829b6c245fffff,0.18422753845925904,0.12740384615384615,1.413968698106283,15.876308047264926
phoenix,8829b6c20dfffff,0.08552465843270977,0.13073394495412843,1.2425817749571337,17.342640352865835
phoenix,8829b6d039fffff,0.0,0.1037037037037037,1.0715446415964824,10.638875712934986
phoenix,8829b6d015fffff,0.020597886225424092,0.08333333333333333,1.0967012894769688,11.488490594964793
phoenix,8829b6c227fffff,0.0,0.045871559633027525,3.4854445079593246,18.687233011000156
phoenix,8848e96db7fffff,0.0,0.0,0.4948716593053935,23.15326835807234
phoenix,8848e96db1fffff,0.023566800933568333,0.09523809523809523,1.0718722998097896,23.372869599119536
phoenix,8829b6c013fffff,0.0,0.171875,1.420116873032733,25.768967027020807
phoenix,8829b6d1e5fffff,0.0,0.0,7.945757940692478,8.72015438588022
phoenix,8829b6d02bfffff,0.05671876057370138,0.11816192560175055,0.9558096187470673,8.920930573049617
phoenix,8829b6d0e1fffff,0.0,0.07659574468085106,1.21847358090495,13.350137142240717
phoenix,8829b6d31dfffff,0.14762332125561864,0.06526315789473684,0.39380444588902525,6.993643327095935
phoenix,8829b6d893fffff,0.013949575479965209,0.0,1.3757979427184592,18.790026438041323
phoenix,8829b6d05bfffff,0.0,0.18490566037735848,1.2405615262508807,12.835096992259171
phoenix,8829b6d813fffff,7.875749054995959e-05,0.08906882591093117,1.3033707865168538,14.054504617502994
phoenix,8848e969adfffff,0.003862275639805584,0.05734767025089606,1.419115530493867,9.806285062438812
phoenix,8848e969a5fffff,0.00898970004904241,0.08735632183908046,0.7487975408673371,8.824163024656626
phoenix,8829b6da47fffff,0.07418843582782055,0.0,5.282977289202313,5.64448149148868
phoenix,8829b6da41fffff,0.0050367997265985615,0.06172839506172839,5.712052266039361,4.854973534097253
phoenix,8848ebb495fffff,0.02171009993742997,0.1188118811881188,6.021437037207609,18.26567949346156
phoenix,8848eba4e5fffff,0.7898341995107013,0.0,7.843278046441228,5.77797168839381
phoenix,8848eba4e1fffff,0.6105401917912723,0.04983388704318937,4.626211045344097,5.023615524928799
phoenix,8829b6c315fffff,0.027219692722932797,0.15748031496062992,7.010741463480778,17.976283309936864
phoenix,8829b6c339fffff,0.0,0.1415929203539823,8.463908972929755,17.84540984419462
phoenix,8829b6c10bfffff,0.004346783259123563,0.084375,2.827897484671653,22.014130249939594
phoenix,8829b6c329fffff,0.006276242267397884,0.1592920353982301,7.836165481519566,16.04878077182566
phoenix,8829b6c32dfffff,0.0,0.23076923076923078,1.3045285388935406,16.08919650589003
phoenix,8829b6d8abfffff,0.0,0.08024691358024691,2.1412454813612127,18.161795834224332
phoenix,8829b6d2a9fffff,0.0,0.226775956284153,1.0018993093008435,14.506441843940044
phoenix,8829b6d8ddfffff,0.001175776311243369,0.07644305772230889,1.2160863958711015,14.686325291750354
phoenix,8829b6d0a9fffff,0.07145172161175456,0.0904836193447738,0.834236425255539,14.475148082576299
phoenix,8829b6c335fffff,0.06002799692282625,0.1689497716894977,1.5398710785243244,18.603864280525777
phoenix,8829b6d0e3fffff,0.0,0.09280742459396751,1.2369754761441636,14.275450937385505
phoenix,8829b6dab9fffff,0.0,0.08007448789571694,1.915001391239679,11.905270479252753
phoenix,8829b6c205fffff,0.22448416411997935,0.12546125461254612,1.242587338405605,17.86590518149477
phoenix,8829b6c207fffff,0.05146785719517862,0.15447154471544716,1.0887160944778027,18.84849527881343
phoenix,8829b6d021fffff,0.002830300612728959,0.0572289156626506,1.0852371422919034,8.11040990270476
phoenix,8829b6d645fffff,0.06374845011770412,0.15337423312883436,1.1497199659047415,26.967479759130597
phoenix,8829b6c147fffff,0.0,0.152,1.9937218835176187,20.37069617368993
phoenix,8829b6d29dfffff,0.046285052156433575,0.2,0.8154327412825385,18.102249517362278
phoenix,8829b6c313fffff,0.006733462915977655,0.11254019292604502,1.3688311676142164,19.100432661528103
phoenix,8829b6c317fffff,0.0,0.15513626834381553,1.1411514404542882,18.898293729976405
phoenix,8829b6d2d7fffff,0.010854513406162655,0.06172839506172839,1.3465441136685266,18.377387029093686
phoenix,8829b6d061fffff,0.009682221687680105,0.10054347826086957,0.8916787051066334,7.324656596377799
phoenix,8848e96937fffff,0.0036972437104622084,0.03386454183266932,3.3271574726004074,11.269862643974767
phoenix,8829b6d04bfffff,0.0005161133533860709,0.20772946859903382,1.2422599874998832,10.534290334039378
phoenix,8848e96db5fffff,0.024736642663435407,0.07428571428571429,1.1659712466153462,22.41628487269805
phoenix,8829b6c2c5fffff,0.0453903353470036,0.13178294573643412,1.1426511595555662,22.769917406823893
phoenix,8829b6d05dfffff,0.0,0.21428571428571427,0.8760140439732934,11.179044469908844
phoenix,8829b6d153fffff,4.221395492644706e-05,0.04584221748400853,1.5237655797276748,6.4109538633180785
phoenix,8829b6d025fffff,0.00030657309647383725,0.03496503496503497,1.677052766722174,7.346829663220214
phoenix,8829b6c143fffff,0.0,0.13471502590673576,5.606183036989009,20.31331183367434
phoenix,8829b6d01dfffff,0.005357026849499852,0.11023622047244094,1.2910598686137693,11.532722991339869
phoenix,8829b6d8d5fffff,0.0,0.059322033898305086,1.3967244568848154,15.628451131302901
phoenix,8848e9693bfffff,0.0,0.037037037037037035,5.633773464889156,12.691125048472758
phoenix,8829b6d891fffff,0.031592067757754506,0.11965811965811966,1.3745555810434302,18.028432915620133
phoenix,8829b6d8a3fffff,0.0,0.030303030303030304,2.1274239959045405,19.13864095820933
phoenix,8829b6c149fffff,0.0049129002493558775,0.21568627450980393,1.7578226722192132,18.61246355886694
phoenix,8829b6c14dfffff,0.0,0.10884353741496598,1.9697539327427565,18.674694783183853
phoenix,8829b6d897fffff,0.2787260961856248,0.09090909090909091,1.9777630740743948,18.957490742471535
phoenix,8829b6d895fffff,0.0,0.08874801901743265,1.6551140631859462,18.23017157088713
phoenix,8829b6d8bdfffff,0.0005677645742396235,0.04096045197740113,1.9334773418058537,18.787514407872187
phoenix,8829b6c337fffff,0.002739396938447224,0.16216216216216217,3.7083382008279977,19.46954913145119
phoenix,8829b6d8b9fffff,0.004760099392658744,0.07319952774498228,2.4931520051579685,18.483900387451296
phoenix,8829b6da85fffff,0.0,0.06060606060606061,20.454016280596836,10.426462508971023
phoenix,8829b6daa9fffff,0.0013456501251001933,0.1111111111111111,2.8151464099873555,10.722122369655539
phoenix,8848ebb4b5fffff,0.17871731471424607,0.04406779661016949,2.292282816990738,17.173484728782952
phoenix,8848ebb4b7fffff,0.023218123514511798,0.15432098765432098,2.376055838902745,16.34385521613476
phoenix,8848eba64bfffff,0.0,0.25396825396825395,1.7053691751842586,16.3142690489503
phoenix,8848ebb4b3fffff,0.0008656131252379737,0.1568627450980392,3.9476459064854845,16.434465441536446
phoenix,8848e9696dfffff,0.0,0.14285714285714285,3.7407536047832757,16.58509799917852
phoenix,8829b6d88bfffff,0.0,0.0794912559618442,1.4994366013327078,16.575981241308142
phoenix,8829b6d889fffff,0.0,0.026465028355387523,1.70366906167858,15.89160693924734
phoenix,8848eba61dfffff,0.12804198694447222,0.10948905109489052,5.212254790395419,12.905267253439087
phoenix,8848eba603fffff,0.04995234943201678,0.3333333333333333,1.3425606637327303,12.946438146690674
phoenix,8829b6d289fffff,0.10429301048427823,0.10505836575875487,1.233935097133893,16.734930391361928
phoenix,8829b6d2b9fffff,0.017406687413820957,0.2422680412371134,0.9878212010920759,16.935345099679267
phoenix,8829b6d2bdfffff,0.0021003597976407646,0.20588235294117646,0.9256694363137651,16.00000438271811
phoenix,8829b6d2c7fffff,0.00011192170100533759,0.16477272727272727,1.000473260793176,16.098239786731718
phoenix,8829b6d281fffff,0.19968160402964957,0.11555555555555555,1.1635679301257953,16.43413001817788
phoenix,8829b6d28dfffff,0.0287991761983728,0.1951219512195122,0.8997499907828187,15.755210102413221
phoenix,8829b6d2c1fffff,0.0,0.09251101321585903,0.522202058277657,16.493589125106567
phoenix,8829b6d2cdfffff,0.0,0.11627906976744186,0.9008810530284891,15.93817712156077
phoenix,8848e9698dfffff,0.032832657274151314,0.07906295754026355,2.937113222295283,12.094286264665662
phoenix,8848e969e3fffff,0.10355115234903146,0.0893371757925072,2.5503103419459925,11.416870313776958
phoenix,8848e969ebfffff,0.0007922935302834824,0.10516252390057361,3.4829967378741062,12.39240702734751
phoenix,8848e96985fffff,0.0058138254020780565,0.09948320413436693,2.952274276959984,11.135377807226448
phoenix,8848e969abfffff,0.0,0.08544303797468354,0.9047652752043414,10.182428585204061
phoenix,8829b6d35dfffff,0.010549455346239085,0.05042918454935622,1.1494282301885,8.232763424162354
phoenix,8829b6c029fffff,0.0,0.03488372093023256,1.4667025278025734,22.253682324193267
phoenix,8829b6c00bfffff,0.11152300606054434,0.08185053380782918,2.0383253864185855,22.894938242672524
phoenix,8829b6c2abfffff,0.0,0.21739130434782608,1.4123001349478117,25.286876043511434
phoenix,8829b6c005fffff,0.00019313143353854087,0.11351351351351352,1.6326234972979472,22.42492394753419
phoenix,8829b6c001fffff,0.102145991111404,0.1407035175879397,1.6123964221686373,22.639077677544602
phoenix,8829b6c2a5fffff,0.0,0.16911764705882354,1.4975220112103271,24.4978521224687
phoenix,8829b6c053fffff,0.0,0.06040268456375839,1.3564084008881692,23.526111268249217
phoenix,8829b6c2a1fffff,0.011351495222313195,0.08163265306122448,2.4941731403371414,24.875403986441015
phoenix,8829b6c019fffff,0.0,0.1012987012987013,3.6876905503322837,24.15581210106009
phoenix,8829b6c287fffff,0.0,0.10204081632653061,1.1546167277793675,25.730640008041263
phoenix,8848eba6a9fffff,0.0029287978384370827,0.020105820105820106,0.8903270549034815,7.792935837971289
phoenix,8829b6d0ebfffff,0.0,0.09427609427609428,1.3175915452888185,14.142266483612477
phoenix,8829b6dae3fffff,0.0,0.0,7.308864558451392,9.75252101769185
phoenix,8829b6c241fffff,0.007864301507889235,0.06966618287373004,1.1818470326853519,16.425159101388992
phoenix,8848e96d35fffff,0.11374318727466202,0.0,0.7348452085124261,17.93712550454421
phoenix,8829b6d2ddfffff,0.28221039939907,0.0752212389380531,1.0583987562471298,18.07857098460739
phoenix,8848e96917fffff,0.19939292529688046,0.0,2.863774255705158,13.191261504156577
phoenix,8848e969cdfffff,0.0,0.11926605504587157,3.635000777537106,14.349487149736063
phoenix,8848e96913fffff,0.0032882416638380027,0.09523809523809523,4.372514743173692,13.746166978568816
phoenix,8848e969e7fffff,0.00018678293611896712,0.04899777282850779,2.0173813766002,10.789847843658963
phoenix,8848e96b07fffff,0.0025346938639526397,0.136,3.427598029880089,20.69759808650146
phoenix,8848eba657fffff,0.03804443744269015,0.07746478873239436,4.03455245904004,13.765546736761852
phoenix,8848eba655fffff,0.037757920222641746,0.0845771144278607,1.8080421060551397,14.609693056422
phoenix,8848e96d89fffff,0.025873928123929323,0.11764705882352941,0.841360178705406,23.641126147404027
phoenix,8848e96dc3fffff,0.0021360659090036006,0.01694915254237288,0.4787948098923909,24.039599575589925
phoenix,8848e96dd5fffff,0.014796884680841704,0.04830917874396135,0.7245548417938431,24.632111508759913
phoenix,8829b6d2e9fffff,0.22177604952585628,0.06097560975609756,0.7474300485071056,14.503239867497735
phoenix,8829b6d213fffff,0.0,0.0975609756097561,0.9117017319683199,14.938874306134057
phoenix,8829b6d22bfffff,0.015932392942711576,0.09197651663405088,0.7357301628247768,10.970627598835538
phoenix,8829b6d205fffff,0.0015953501662614546,0.22115384615384615,0.6686831747611248,11.576409035933462
phoenix,8829b6d26bfffff,0.0,0.18333333333333332,0.4932911006233396,11.971554572149314
phoenix,8829b6d261fffff,0.021191228126342197,0.13716814159292035,0.6865678272598356,11.01953065357443
phoenix,8848e9699bfffff,0.0069049578756394695,0.26666666666666666,0.7570402925386042,13.411436897048123
phoenix,8848e96991fffff,0.0,0.22033898305084745,0.3278036409022247,12.528131535928004
phoenix,8848eba617fffff,0.0,0.02459016393442623,3.830862853729122,11.200994829073842
phoenix,8848eba6e9fffff,0.035636455846931626,0.026905829596412557,2.117125373920586,10.359010076589188
phoenix,8848eba6e1fffff,0.008045768144181106,0.009615384615384616,1.9802666949552041,9.496881100316227
phoenix,8848e969e1fffff,0.014323007908928681,0.0,2.7308844733314888,11.774499774874823
phoenix,8848e969e9fffff,0.008661289805259991,0.15283842794759825,4.048744065856584,12.759997427414675
phoenix,8829b6d341fffff,0.04057947816704159,0.048625792811839326,0.6011868576232469,7.382226571247784
phoenix,8829b6d34bfffff,0.0,0.1445993031358885,0.9992154554053642,8.208720690700494
phoenix,8848e96b39fffff,0.1086008722156093,0.021739130434782608,6.242563575967808,20.14051674182964
phoenix,8848e96b3dfffff,0.07377041186643957,0.11799410029498525,3.7348781800917807,19.713708132945225
phoenix,8829b6d349fffff,0.2712879612119653,0.023148148148148147,2.5994094050883816,8.302553228057658
phoenix,8848e969a1fffff,0.10438210002793648,0.058355437665782495,1.0784388488767667,9.474837736859815
phoenix,8848e969a9fffff,0.011133117100922591,0.08624229979466119,2.1054719767543713,10.44407015033867
phoenix,8848e96b31fffff,0.02299530535292576,0.2608695652173913,11.694742632156519,19.1529011214044
phoenix,8829b6d309fffff,0.003660676500715489,0.12950819672131147,0.2853534856927144,6.509523880960983
phoenix,8829b6c369fffff,0.0,0.0959409594095941,1.7134687041203875,13.499926734404168
phoenix,8829b6c36dfffff,0.0,0.0847457627118644,1.8694740927260778,13.510189220667144
phoenix,8848e96dabfffff,9.982268399180288e-07,0.16346153846153846,0.7913397028767677,21.97636928678435
phoenix,8848eba659fffff,0.004130790360616147,0.14942528735632185,3.972280466026242,15.532640510744763
phoenix,8848eba65bfffff,0.005061601401048665,0.10416666666666667,3.1530463631594756,14.742871532165525
phoenix,8848eba651fffff,0.0,0.14215686274509803,3.0757079166178105,14.642263117608213
phoenix,8848eba619fffff,0.0030089826418147323,0.0,7.684876217949585,12.941604301144034
phoenix,8829b6d207fffff,2.8238947151567388e-05,0.22591362126245848,0.5684287669055005,11.967461485873963
phoenix,8829b6d239fffff,0.07802640267994972,0.12609970674486803,0.6975102394514232,12.424579860432479
phoenix,8829b6d203fffff,0.0,0.17210682492581603,0.432115426678781,12.96484921915614
phoenix,8829b6d215fffff,0.0,0.27388535031847133,0.8724769337925214,13.42498351333996
phoenix,8829b6d211fffff,0.0,0.14903846153846154,0.7898809060421879,14.425384922359017
phoenix,8829b6d21bfffff,0.0,0.06875,0.6983073364176224,15.425782766923449
phoenix,8829b6d221fffff,0.00043787035337180315,0.054838709677419356,0.7481224330401397,9.974516303637877
phoenix,8829b6d319fffff,0.0018929575834547773,0.09423604757548033,0.4984393927598898,7.985556386563852
phoenix,8829b6d353fffff,0.07069401011389678,0.0785669390320553,0.7264199207409281,8.625640418831779
phoenix,8829b6d225fffff,0.0020897055417807824,0.08909574468085106,0.5725653326904024,8.979371062595813
phoenix,8829b6d147fffff,0.03292815654370895,0.07888888888888888,1.8405738705155004,3.0882620028044587
phoenix,8829b6d161fffff,0.0,0.12588652482269502,2.0880180060060787,2.4300254283251803
phoenix,8829b6d165fffff,0.01232010999263178,0.11264367816091954,2.280130585171713,2.6630503547988895
phoenix,8848eba4b3fffff,0.0058626252674491815,0.09183673469387756,2.370962505325165,2.239337801541834
phoenix,8829b6da59fffff,0.0,0.035555555555555556,3.889599912120848,3.206354287622287
phoenix,8848eba4b7fffff,0.016887164741605273,0.1949367088607595,2.8043210375656455,3.0327835005413406
phoenix,8848e96939fffff,0.0008383535467891589,0.0,5.659284407060667,13.236203856828679
phoenix,8848e96b23fffff,0.013503105961868506,0.15873015873015872,5.386414054167886,19.329350323906727
phoenix,8848e96b21fffff,0.001582967337373853,0.024390243902439025,12.547845839134641,19.959032781641834
phoenix,8848eba699fffff,0.002054069212416114,0.0625,0.7695352304945823,8.243895527879916
phoenix,8848eba6d1fffff,0.07449488821396473,0.04372842347525892,1.6212916436343034,9.725274767993694
phoenix,8848eba6d9fffff,0.001918086484314823,0.0,2.913034216070891,10.71361661617101
phoenix,8848eba6d7fffff,0.0016211254406793896,0.04160688665710186,0.7215278783754369,8.737315256271474
phoenix,8848eba6d3fffff,0.026988846443800656,0.0603448275862069,1.3156985023782712,9.233123416966167
phoenix,8829b6c007fffff,0.0,0.11678832116788321,1.668741248210954,23.357569860381908
phoenix,8829b6c2edfffff,0.0,0.1875,1.5778195420660377,21.797332234365843
phoenix,8829b6c233fffff,0.007045881526432887,0.2048780487804878,1.3609534452283427,21.364704116406056
phoenix,8829b6c2ebfffff,0.04856184708168912,0.12618296529968454,1.0894367725517085,23.2511809214881
phoenix,8829b6c2e9fffff,0.0092815618434028,0.08303249097472924,1.4565244839978515,22.26648967582965
phoenix,8829b6c011fffff,0.006963320816284553,0.1901840490797546,1.0208927879283747,24.80890680387314
phoenix,8829b6c01bfffff,0.0,0.09195402298850575,1.944117238423314,25.12201562555277
phoenix,8829b6c253fffff,0.0,0.09923664122137404,1.5271302908864666,19.95021104316893
phoenix,8829b6c257fffff,0.07772181598110899,0.09389671361502347,1.5254210793426217,19.372808264066254
phoenix,8829b6c20bfffff,0.0,0.12393162393162394,1.235311138880419,18.830839925123257
phoenix,8829b6c35bfffff,0.004079351594721068,0.1388888888888889,10.713284969212276,16.11304777239372
phoenix,8829b6c22dfffff,0.0,0.1625,7.182434840791423,17.081611479337326
phoenix,8829b6c229fffff,0.0043625909626826016,0.18214285714285713,0.9697054032034249,17.44952369372853
phoenix,8829b6c219fffff,0.0,0.10357142857142858,0.9245725949653668,20.355762007676194
phoenix,8829b6c351fffff,0.008102624951284299,0.06132075471698113,6.453804919314724,15.808820609383455
phoenix,8829b6d521fffff,0.0,0.25925925925925924,0.3249615361854384,21.53487904470212
phoenix,8829b6d52dfffff,0.025587138824103694,0.10112359550561797,1.6024070435857842,20.560061789675512
phoenix,8829b6d189fffff,0.0,0.13314447592067988,1.5432101701384022,10.952220116432349
phoenix,8829b6d1c3fffff,0.0,0.085995085995086,1.3326449597997405,10.541588615399311
phoenix,8829b6d081fffff,0.006085142915449665,0.09174311926605505,1.047582507545347,15.970398994904457
phoenix,8829b6d08dfffff,0.013829089409269957,0.041254125412541254,0.992142802509121,15.051857550187275
phoenix,8829b6d085fffff,0.006457718734640313,0.05965909090909091,0.9855954063837482,15.208269558001966
phoenix,8829b6d1dbfffff,0.0,0.11864406779661017,1.1827298304858005,12.816042644413075
phoenix,8829b6d1d1fffff,0.0,0.07741935483870968,1.2711167539830088,12.144275249946055
phoenix,8829b6d1d5fffff,0.0014072034683763745,0.08959537572254335,1.5714143416201842,11.520277596993672
phoenix,8829b6da4dfffff,1.3682444807909026e-05,0.12558139534883722,2.026378774439764,5.140140008033725
phoenix,8829b6d81dfffff,0.0,0.21739130434782608,1.2253101817708227,13.05988981310426
phoenix,8829b6d819fffff,0.0,0.2682926829268293,0.9944750958437539,12.541781167455676
phoenix,8829b6d811fffff,0.0,0.35,2.094636006565341,13.530482605690162
phoenix,8829b6d8e7fffff,0.0431144232420617,0.07272727272727272,1.9408445342257852,17.012732852892615
phoenix,8829b6d8adfffff,0.04186890562035409,0.046468401486988845,2.6423135823078536,17.999339252928063
phoenix,8829b6d817fffff,0.0,0.22105263157894736,1.1713730589825726,14.519180012297161
phoenix,8829b6d8edfffff,0.007018068882922391,0.08070175438596491,1.3062339559108207,15.507866724927615
phoenix,8829b6d8e9fffff,0.12364165059923489,0.13333333333333333,2.086889434353745,15.040255687920297
phoenix,8829b6d8e1fffff,0.07047870956910776,0.07894736842105263,1.6872874015739596,16.02635416648585
phoenix,8829b6d857fffff,0.0,0.0,0.9674453024451257,12.071906792254516
phoenix,8829b6d8cdfffff,0.0019443830689354503,0.06685236768802229,1.175843887548137,13.647449883516192
phoenix,8848eba4a3fffff,0.051633672168852646,0.05982905982905983,2.5671747799992386,3.5867128144549723
phoenix,8829b6daa7fffff,0.05115587048760303,0.0945945945945946,1.1307286346892647,12.670230816366443
phoenix,8829b6daa5fffff,0.0014303758426574558,0.10526315789473684,0.8586268547013695,12.084422915457496
phoenix,8848eba4abfffff,0.0,0.04,4.2271030614575835,3.2323530765421413
phoenix,8829b6d8c7fffff,0.0,0.04448742746615087,1.4983720270319365,15.240209410043509
phoenix,8829b6d8ebfffff,0.008491414222970185,0.11231884057971014,2.0444810042280297,15.606199208787338
phoenix,8829b6d88dfffff,0.00338432184130157,0.057391304347826085,1.9005071308341879,16.21230393632279
phoenix,8848eba4b5fffff,2.2476937876766293e-05,0.025974025974025976,2.567440117778779,3.171584988078467
phoenix,8829b6d885fffff,0.1281125549444197,0.08362369337979095,1.8092126479838297,17.1862684842552
phoenix,8829b6d887fffff,0.015120869605025043,0.08756567425569177,2.3267773760932324,17.81967925465021
phoenix,8829b6d899fffff,0.09179079445955295,0.0,1.5120078704998576,17.10602521020713
phoenix,8829b6d2c9fffff,0.0,0.11643835616438356,0.8548156974127286,16.937601467343768
phoenix,8829b6d23dfffff,0.0,0.12043795620437957,1.1708010078574411,11.42417573799931
phoenix,8829b6da5dfffff,0.0012282259022111802,0.1686046511627907,5.477293666657867,3.933406476733163
phoenix,8829b6d2c5fffff,0.0,0.14814814814814814,0.6702243557293449,15.498083394631811
phoenix,8829b6d235fffff,0.0,0.2,0.8269199405132217,10.943593813332036
phoenix,8829b6d049fffff,0.0,0.11089494163424124,0.8604504093810011,9.945560816119288
phoenix,8848e96d8dfffff,0.04984398799218246,0.1437908496732026,1.0575238976139996,22.650947706661857
phoenix,8829b6d237fffff,0.0,0.27485380116959063,1.1778942406895694,11.524420552201429
phoenix,8829b6d2d9fffff,0.03443398474677956,0.0776255707762557,1.196940393717002,19.07031808841784
phoenix,8829b6d2ebfffff,0.0,0.08205128205128205,1.0010294336118093,15.110073867564537
phoenix,8848e96de5fffff,0.0,0.08536585365853659,0.9725284313513264,20.06290928610708
phoenix,8829b6d2c3fffff,0.0,0.10843373493975904,0.7703006601422976,17.087816555611838
phoenix,8829b6d233fffff,0.0,0.17982456140350878,1.1327286786672828,12.516179635056496
phoenix,8829b6d2edfffff,0.0,0.18235294117647058,1.101317381504867,13.509206854792403
phoenix,8829b6d1a7fffff,0.0,0.025210084033613446,13.444036196398132,12.028525218492234
phoenix,8829b6c36bfffff,0.0016126115324625212,0.20186335403726707,6.23521157655794,14.371760884883356
phoenix,8829b6c345fffff,0.0,0.12429378531073447,6.023838201863582,13.563616479498837
phoenix,8829b6d00bfffff,0.0,0.1259600614439324,1.3315736237066824,10.73139745888603
phoenix,8829b6c059fffff,0.0,0.22666666666666666,1.590990257669732,21.945903068646984
phoenix,8829b6c237fffff,0.0,0.12934362934362933,1.2910471651751643,20.970867500803866
phoenix,8829b6c041fffff,0.0,0.0843520782396088,1.3385604360689805,20.30838090111694
phoenix,8829b6c043fffff,0.03235262896487526,0.13291139240506328,1.6772758979577038,21.26714595742096
phoenix,8829b6d037fffff,0.0,0.06274007682458387,1.2933922792302244,10.910434561933757
phoenix,8829b6c009fffff,0.0009244531527134063,0.16356877323420074,1.4804644541494403,21.94157932798298
phoenix,8829b6d193fffff,0.18011640323981767,0.07225433526011561,1.3286679883432173,14.891448875463276
phoenix,8829b6d041fffff,0.019478511376949652,0.07597173144876325,0.8199809639598157,9.54629863169163
phoenix,8829b6d031fffff,0.0,0.08846153846153847,0.9605488664034342,10.730009434992024
phoenix,8829b6d03dfffff,0.04085024984134733,0.09488272921108742,0.9336631065543437,9.817694722377365
phoenix,8829b6d007fffff,0.0047052698368349214,0.1371841155234657,0.7949691771465808,9.766709471123372
phoenix,8829b6c26dfffff,0.0020736545369960534,0.041666666666666664,23.176740798873592,14.919824258499276
phoenix,8829b6c261fffff,0.0009969054331679349,0.15807560137457044,3.871897538595166,15.901508734671937
phoenix,8829b6c25dfffff,0.0396138205583139,0.15172413793103448,1.0538418475818017,17.992805961228974
phoenix,8829b6c243fffff,0.01728006693742664,0.13793103448275862,1.1374994323856542,17.407464585876784
phoenix,8829b6c26bfffff,0.21312352179782068,0.2184873949579832,1.5499615154352795,16.357818535247965
phoenix,8829b6c269fffff,0.00022728963265956545,0.13580246913580246,1.5605193089516962,15.372992804480896
phoenix,8829b6c251fffff,0.01738366261050036,0.12133891213389121,1.2058950308732368,18.971201517213313
phoenix,8829b6d641fffff,0.05094194668865538,0.08108108108108109,0.6871709826407448,27.92916242088483
phoenix,8829b6d649fffff,1.3179961867480454e-05,0.08,0.4762804847871009,28.201090909504526
phoenix,8848eba4d3fffff,0.0,0.06382978723404255,1.4645029405092214,2.3194968566409737
phoenix,8848eba499fffff,0.0008115271261845279,0.042682926829268296,1.6418958112233442,1.3439289885794248
phoenix,8829b6d181fffff,0.009431335283205446,0.06481481481481481,2.258341933413371,11.433873884033392
phoenix,8829b6d18bfffff,0.10916684901644978,0.08088235294117647,1.365979502042399,11.93696255485051
phoenix,8829b6d0a1fffff,0.0,0.14516129032258066,1.1840843574659128,14.738646876205607
phoenix,8829b6d0abfffff,0.0,0.08389261744966443,0.8681859312523382,15.426631443021822
phoenix,8848eba613fffff,0.0032237026989205835,0.004,5.766366159583121,11.242237188059896
phoenix,8829b6da51fffff,0.0009173806986778586,0.05952380952380952,9.773031913269175,4.183799617620597
phoenix,8829b6da55fffff,0.0,0.0,74.6998712155877,4.868565835386488
phoenix,8829b6c25bfffff,0.0,0.15454545454545454,1.3162287513380038,19.58621677575887
phoenix,8829b6c259fffff,0.009017686033309704,0.1590909090909091,0.9807211932842665,18.613504108406094
phoenix,8829b6d567fffff,0.0,0.24390243902439024,0.4841229182759271,20.231988220596193
phoenix,8829b6c223fffff,0.010873460635284387,0.18095238095238095,1.1447153995363775,19.02371342902352
phoenix,8829b6c049fffff,0.06771754619456723,0.13736263736263737,2.104946851751671,19.65169010909885
phoenix,8829b6c31bfffff,0.17882837180424782,0.0625,1.27653469060834,18.399016985604018
phoenix,8829b6c23bfffff,0.017773386119959118,0.09148936170212765,1.0954232771581243,20.814240703590798
phoenix,8829b6c217fffff,0.004363457943301016,0.23893805309734514,1.3370493001475041,21.281768309601006
phoenix,8829b6d133fffff,0.0,0.018867924528301886,10.377683873261446,7.769402163401727
phoenix,8829b6d1ebfffff,0.0,0.0,2.7473769734348035,9.464710647244663
phoenix,8829b6d1edfffff,0.036275694786462004,0.07233273056057866,5.677326879400386,8.070900757459624
phoenix,8829b6d1e9fffff,0.0,0.14841849148418493,2.3702544762024256,8.480365799883955
phoenix,8829b6c357fffff,0.03531239322342586,0.18791946308724833,3.2107131133975613,16.503745043855268
phoenix,8829b6c353fffff,0.0,0.04,1.506444489518283,16.76536134759098
phoenix,8848eba653fffff,0.0890359232818497,0.0,5.039470061762581,13.836113714067784
phoenix,8848e9692dfffff,0.0,0.0,17.549928774784245,13.97817412798401
phoenix,8829b6d255fffff,0.0,0.04477611940298507,0.8275035714179647,14.191513001204049
phoenix,8829b6d15dfffff,0.00722011176949944,0.08495145631067962,1.3194870267314232,4.601881271427533
phoenix,8829b6d1e7fffff,0.0,0.038560411311053984,4.606085452903147,9.677828701681124
phoenix,8829b6d337fffff,0.0,0.06128133704735376,0.728170041281216,4.686098213543397
phoenix,8829b6d117fffff,0.0,0.10722610722610723,3.2168296260402913,7.496286320225439
phoenix,8829b6d111fffff,0.0,0.05534351145038168,1.8705597424300568,7.0146937742558375
phoenix,8829b6d11dfffff,0.02959441052741916,0.10745233968804159,1.8102291389512777,6.031141100029337
phoenix,8829b6c151fffff,0.11200494194303724,0.06557377049180328,9.587674514926269,21.16933960274187
phoenix,8829b6c159fffff,0.03050084719238305,0.10309278350515463,4.092525556682421,20.346055901586602
phoenix,8829b6d1a1fffff,0.04428940479173482,0.022922636103151862,9.644313478253567,11.312622310581315
phoenix,8829b6c153fffff,0.008450590931198723,0.05263157894736842,8.260935513339609,22.043690040738596
phoenix,8829b6d33dfffff,0.0065160550746240255,0.05579773321708806,0.9057574141413622,4.421815240036698
phoenix,8829b6c30bfffff,0.0,0.0,8.416745214154934,16.299395104867504
phoenix,8829b6c31dfffff,0.0,0.2396694214876033,5.823098526926504,17.227390828162118
phoenix,8829b6d8e5fffff,0.07729802313514907,0.09,1.7991494589139068,16.496537668560627
phoenix,8829b6d8e3fffff,0.006943231509115507,0.05732484076433121,1.8507634759166236,16.587206464500078
phoenix,8829b6c367fffff,0.0033004603814243264,0.21818181818181817,23.12033941182435,15.210837272795477
phoenix,8829b6d8d1fffff,0.0,0.0691699604743083,1.4914338738274653,15.425780031602553
phoenix,8829b6c347fffff,0.0,0.14814814814814814,9.08115937649493,14.465972182123222
phoenix,8848eba485fffff,0.0,0.02956989247311828,3.230708454815308,3.160668274098744
phoenix,8829b6d8b1fffff,0.01785198259151964,0.10256410256410256,1.432392714427243,19.44301572330117
phoenix,8829b6c249fffff,0.0,0.1343669250645995,1.4942876185795162,16.038340930863544
phoenix,8829b6c209fffff,0.02684663483005768,0.14903846153846154,1.2609460552633374,17.84601012041704
phoenix,8829b6c203fffff,0.0,0.1794871794871795,1.4230767345052937,19.312245774155382
phoenix,8829b6c239fffff,0.02041260081283939,0.08363636363636363,1.1879916384857523,19.8312854711247
phoenix,8829b6c057fffff,0.0,0.0944055944055944,2.8650842405162926,23.191124143269494
phoenix,8829b6c051fffff,0.0,0.22988505747126436,1.5882352941176472,22.555456637388453
phoenix,8829b6c05bfffff,0.0,0.14847161572052403,1.1909611369612638,22.921737446282567
phoenix,8829b6d011fffff,0.15297695270194867,0.05190311418685121,1.137839217180696,12.360675370675734
phoenix,8829b6d019fffff,0.17944761066254444,0.07625649913344887,1.3649743612459213,12.44238993445666
phoenix,8829b6d051fffff,0.00044728292920555,0.12307692307692308,1.2900789226024931,11.870686222403993
phoenix,8829b6d0e9fffff,0.0,0.0529500756429652,1.1164750110566404,13.24348059941065
phoenix,8829b6d0a7fffff,0.0,0.14640198511166252,1.342612373408875,15.062591780117893
phoenix,8829b6d231fffff,0.0004779217431010779,0.18877551020408162,0.7750136896441266,11.942022889963173
phoenix,8848eba4bdfffff,0.011874078145287108,0.10051993067590988,2.2651055801240805,2.5869855354480924
phoenix,8848eba487fffff,0.032007068952404016,0.0,1.6691591340143825,2.298693504786145
phoenix,8829b6d8c9fffff,0.022065032682787634,0.1339155749636099,1.1607860703369552,13.303304214441187
phoenix,8848eba48dfffff,0.013017396312343592,0.0,3.7861603118497724,3.3896736324718635
phoenix,8829b6d8c5fffff,0.05269013167553204,0.27906976744186046,1.4556047790441384,14.626204797720105
phoenix,8829b6d0bdfffff,0.008626109527046032,0.18666666666666668,1.0485300208760657,16.382069015831085
phoenix,8848e9693dfffff,0.0,0.0,4.5897433419132145,12.854951921783066
phoenix,8848e9699dfffff,0.015507029549310576,0.09732360097323602,1.5469466177960525,12.546906188203641
phoenix,8848e969d7fffff,0.06408249538357368,0.06349206349206349,1.901592945693623,13.444932065645869
phoenix,8848e96debfffff,0.0037568571094273974,0.06371191135734072,0.9629579552380659,22.050162890222968
phoenix,8848e96dc7fffff,0.0,0.1320754716981132,0.7368891850729692,23.044644275822765
phoenix,8848e96dbdfffff,0.002402258682294425,0.16546762589928057,0.8775437895017404,22.663975404519196
phoenix,8848e96da3fffff,0.0,0.08670520231213873,1.123870721857739,21.698984586592342
phoenix,8848e96d81fffff,0.007034087459098275,0.06818181818181818,0.8304891408141374,23.27793088092599
phoenix,8848e96949fffff,0.0004914743884417806,0.0,3.491060010942235,18.3530714735363
phoenix,8829b6d083fffff,0.0,0.8571428571428571,0.5,16.896422949498145
phoenix,8829b6c311fffff,0.0006538131846282022,0.05555555555555555,2.0892094003156667,18.161364763273284
phoenix,8829b6d1b9fffff,0.11222647330823543,0.16,11.382823960629512,12.957925721424502
phoenix,8829b6d187fffff,0.002149185787020081,0.01756440281030445,2.4477301026401763,11.977975711650323
phoenix,8829b6d183fffff,0.0,0.1096938775510204,1.9710861397688408,12.418594879093378
phoenix,8829b6c063fffff,0.0,0.0784313725490196,1.5482748091339067,21.49689201782485
phoenix,8829b6c061fffff,0.0,0.13,1.5317797662952115,20.574105250847758
phoenix,8829b6c319fffff,0.005381680871655385,0.06756756756756757,1.5002633111799866,17.44932773287354
phoenix,8829b6dabbfffff,0.0,0.04564315352697095,1.2820914241938328,12.69487306598011
phoenix,8829b6dab1fffff,0.02594899208313224,0.07096774193548387,1.5679189872831096,12.82308116205766
phoenix,8829b6dab5fffff,0.19273027118663266,0.06862745098039216,0.8942549343106537,13.027052386974802
phoenix,8848e96db9fffff,0.0026214891846367103,0.1323529411764706,0.9538860798538191,23.631887695640827
phoenix,8829b6d2cbfffff,0.0,0.15753424657534246,0.8541420177005139,17.48964242174287
phoenix,8829b6da99fffff,0.0,0.015306122448979591,8.01919395881096,10.976470775177207
phoenix,8829b6d1abfffff,0.10224354292272439,0.0027548209366391185,2.9760579816763464,11.60703205149321
phoenix,8829b6da8bfffff,0.0065570416797326786,0.04126984126984127,7.330876353742068,10.10987502887117
phoenix,8829b6da83fffff,0.01757269791650934,0.06951871657754011,3.346641675171601,10.999762553176568
phoenix,8829b6d1a5fffff,0.0,0.0,9.474032650006993,11.10083985675437
phoenix,8848e969edfffff,0.0,0.12169312169312169,2.444823653649158,12.201584454599553
phoenix,8829b6c24bfffff,0.005942613904434671,0.09315866084425037,0.9148281365014752,17.015138486524155
phoenix,8829b6d1b3fffff,0.009772023622411174,0.0,16.941034263569048,14.521499721406292
phoenix,8829b6c115fffff,0.0,0.40540540540540543,2.756574323518534,23.714893101591187
phoenix,8848e96db3fffff,0.0014497948075290219,0.047619047619047616,0.812403840463596,24.10116772119217
phoenix,8829b6c04bfffff,0.0,0.14331210191082802,1.3923901697203138,20.618046719145408
phoenix,8829b6c2e1fffff,0.005819809411064456,0.18128654970760233,1.438542016437379,22.780536274547657
phoenix,8829b6c2c7fffff,0.01706228224140206,0.14785992217898833,0.9733961166965892,23.754611939069218
phoenix,8848eba6dbfffff,0.031201696504179293,0.0732484076433121,1.4291663828097367,10.222498687390136
phoenix,8829b6c10dfffff,0.008824682247798107,0.060240963855421686,1.6708623413430066,21.264195263580344
phoenix,8848eba6b9fffff,0.2133362019704571,0.0036900369003690036,0.5917946602080286,6.391403510182963
phoenix,8848eba687fffff,0.0013778320112342655,0.04451038575667656,1.622767071605802,7.089863449361738
phoenix,8848eba6abfffff,0.001809244730422543,0.0625,0.8480935470237557,6.955090029592982
phoenix,8848eba6a1fffff,0.0,0.0,0.7665638734220107,6.962995696018846
phoenix,8848e969a7fffff,0.09633376215768699,0.12280701754385964,0.8483650059915268,8.51037904650256
phoenix,8848eba6d5fffff,0.005046007972945083,0.028423772609819122,1.0321493323595565,9.309422042473
phoenix,8829b6c215fffff,0.000880305699221485,0.15760869565217392,1.3942296804916596,20.297019336024416
phoenix,8829b6c211fffff,0.01502738301560454,0.2698412698412698,1.6870924668599339,20.80043358386134
phoenix,8829b6d145fffff,0.0,0.08295964125560538,2.0140401965812424,2.1161314396281585
phoenix,8848eba493fffff,9.397458317802062e-05,0.061391541609822645,1.4981905358836092,1.1671886145583568
phoenix,8829b6d14dfffff,0.0,0.0,1.8188230250246336,2.047831984023426
phoenix,8829b6d32dfffff,0.00853503404265321,0.03137254901960784,1.143468946046207,3.03869124715041
phoenix,8829b6d10dfffff,0.008944775097505063,0.09808102345415778,1.6072722702133817,3.5677907139956258
phoenix,8829b6d105fffff,0.018385490464392133,0.03225806451612903,3.326403613925639,4.228275528531712
phoenix,8829b6c361fffff,0.0013756134562881986,0.18181818181818182,11.503670911689207,14.346826117188948
phoenix,8829b6da9dfffff,0.009073087476993294,0.006535947712418301,3.1971370776774912,10.942498365744488
phoenix,8829b6dad7fffff,0.006754120192938668,0.0,10.359482089613504,10.097559685800356
phoenix,8848eba49bfffff,0.03599066670027292,0.10685483870967742,1.4017341040462428,1.424018117663752
phoenix,8829b6d327fffff,0.0,0.0586145648312611,0.9027996715274728,2.422241204484183
phoenix,8848eba4dbfffff,0.007348226099009842,0.09733487833140209,0.798714007962484,3.303418654250166
phoenix,8829b6c101fffff,0.006564542557523944,0.0893854748603352,1.4842502641392599,22.06741491142935
phoenix,8829b6d30dfffff,0.03892854957385037,0.13365155131264916,0.8122362555052144,5.612943006793269
phoenix,8829b6d347fffff,0.003178486183848443,0.09090909090909091,0.9202125174376599,6.482406200671869
phoenix,8848e96b2bfffff,0.0,0.0,5.794846582402354,20.30701632068377
phoenix,8848e969e5fffff,0.00010695197034345936,0.03512014787430684,2.979336895787386,11.211992255568054
phoenix,8829b6c06bfffff,0.05312432206143076,0.1319796954314721,1.8704918606963425,20.75957032199172
phoenix,8829b6d063fffff,0.0012820672726312555,0.0561576354679803,0.7271999434109151,8.100666437933972
phoenix,8829b6c02bfffff,0.0,0.049019607843137254,1.589491293244235,23.171813739222564
phoenix,8829b6d83bfffff,0.0,0.13934426229508196,1.7313051017576018,15.036136562543089
phoenix,8829b6da6bfffff,0.06872293369718949,0.08163265306122448,3.339617806188718,6.561842615635007
phoenix,8829b6da0dfffff,0.0,0.08620689655172414,14.979305724899268,6.488974303191243
phoenix,8848eba4a5fffff,0.0,0.2962962962962963,0.9968960090664232,5.1753154413065445
phoenix,8829b6d64dfffff,0.0,0.16666666666666666,0.6794130403481267,27.23047963592587
phoenix,8829b6c00dfffff,0.0,0.1326530612244898,1.5805053355958083,21.697343406157607
phoenix,8829b6c225fffff,0.0,0.2,0.9051717723725149,17.72499337766528
phoenix,8829b6d069fffff,0.00017378006062691102,0.1853496115427303,0.7267291983585681,7.580088597626725
phoenix,8829b6d1bbfffff,0.10652879481473479,0.06818181818181818,10.101053498221454,13.938592092821711
phoenix,8829b6c045fffff,0.0,0.07751937984496124,1.577714467180614,20.04387160669562
phoenix,8829b6d1c9fffff,0.0,0.15736040609137056,1.7533895745098977,9.249530531805457
phoenix,8848e96d93fffff,0.0,0.24242424242424243,0.7674991955967705,26.262076491946342
phoenix,8848ebb491fffff,0.0,0.06060606060606061,5.5513298897233865,18.456070373096136
phoenix,8848ebb499fffff,0.020595314291531216,0.22477064220183487,3.2912755956447675,19.39975656731456
phoenix,8848ebb4d3fffff,0.08763288988689102,0.09836065573770492,2.2308135120668053,20.34790400800317
phoenix,8829b6d883fffff,0.00019892989921047787,0.06115107913669065,1.7583490384199645,17.528032619575548
phoenix,8829b6c325fffff,0.06999189275023714,0.11278195488721804,1.2554530512578705,16.979670490685905
phoenix,8829b6d89bfffff,0.028655222892873318,0.11954022988505747,1.079025008833695,17.880442859581883
phoenix,8829b6c02dfffff,0.008412404937443189,0.25,2.533987398816657,22.12635032381268
phoenix,8829b6c025fffff,0.002972999816701533,0.023255813953488372,5.495790910512053,22.926969821856428
phoenix,8829b6c309fffff,0.0,0.0821917808219178,7.968611847919462,15.378468935644001
phoenix,8829b6c355fffff,0.00017567200716875299,0.10650887573964497,3.4077961268764603,15.563026414867146
phoenix,8829b6d8c3fffff,0.0,0.0838235294117647,1.3903525149780216,14.932366363371685
phoenix,8829b6d833fffff,0.0,0.05615942028985507,1.59806131373909,16.024351285281746
phoenix,8829b6c305fffff,0.13624437737666872,0.026490066225165563,5.3083880928250995,16.07062883642723
phoenix,8829b6c0c5fffff,0.07297054147166343,0.03333333333333333,0.9056230237932833,26.73077643186053
phoenix,8829b6c341fffff,0.0,0.0,19.42451359481266,13.700225251877038
phoenix,8848e96967fffff,0.0,0.0,6.3062435318494625,14.910139323106096
phoenix,8848e96961fffff,0.01675099259337047,0.08108108108108109,5.649980994144538,15.849187212941182
phoenix,8848e96965fffff,0.009443776969247713,0.16176470588235295,4.586933707844124,15.659757286652829
phoenix,8829b6d0c1fffff,0.0011035940117204825,0.11764705882352941,0.8649960588454619,14.931931273582776
phoenix,8829b6d0c5fffff,0.0,0.08207705192629816,1.0793616270495594,14.077490698366518
phoenix,8848eba4a7fffff,0.13985344690608,0.0,0.987158674439277,4.586825108565883
phoenix,8829b6d2e3fffff,0.0312970991051864,0.15126050420168066,0.9483226394019952,14.778244003673795
phoenix,8829b6d285fffff,0.08718060249341109,0.036613272311212815,1.4550534557405634,15.467974050138302
phoenix,8829b6d043fffff,8.242045033355852e-05,0.13937753721244925,1.3668783011572287,10.204834564465163
phoenix,8829b6d047fffff,0.022006538385506497,0.06469760900140648,0.8815078899245392,9.236219135830638
phoenix,8829b6d2e7fffff,0.0015763279965077467,0.16818181818181818,0.9619969873077766,13.804618825892364
phoenix,8848e96dadfffff,0.12743255730719766,0.027548209366391185,1.1886432689566533,20.33173851057274
phoenix,8848e96da9fffff,0.0021869745913854727,0.06770833333333333,1.162297252447536,21.312118353262242
phoenix,8848e96d83fffff,0.0,0.10101010101010101,0.8200609733428363,23.929047376322647
phoenix,8829b6d06bfffff,0.052822872400295116,0.06616862326574173,0.7514454406745189,8.275166151103901
phoenix,8829b6d059fffff,0.0,0.11933174224343675,0.9774498219510468,12.157501831535658
phoenix,8829b6d13bfffff,0.17676423555689372,0.002380952380952381,6.650188765732433,7.1000372508200265
phoenix,8829b6d1c5fffff,0.0009311417062105635,0.04054054054054054,1.7247576319265523,8.98304253655517
phoenix,8829b6d113fffff,0.00022128489589244937,0.08866995073891626,1.7292195205671574,7.9987176618789935
phoenix,8829b6d0c7fffff,0.15142109108532675,0.07883817427385892,0.9826181947499059,14.959346342965109
phoenix,8829b6d21dfffff,0.0,0.15602836879432624,0.6277928428895261,13.962670180306134
phoenix,8829b6d2a7fffff,0.0012370661565350562,0.057494866529774126,0.8986508056013687,14.155961997016032
phoenix,8829b6d2e5fffff,0.0015801319278485398,0.13011152416356878,0.6417864075371246,13.1392557399959
phoenix,8829b6d0b1fffff,0.0,0.1411042944785276,1.115848323438548,17.340799189602745
phoenix,8829b6d0b7fffff,0.0287261813812103,0.12149532710280374,1.2665989733075238,17.642118997067822
phoenix,8829b6c2e3fffff,0.009618104044817213,0.27586206896551724,1.5122990246124441,23.763832964956585
phoenix,8829b6c2e7fffff,0.0,0.19791666666666666,1.64502089652381,23.325160439701147
phoenix,8829b6d0cdfffff,0.0,0.024193548387096774,1.020504070961839,14.082075671347429
phoenix,8829b6d089fffff,0.0,0.2302158273381295,1.0017286097603766,15.853359939116341
phoenix,8829b6d2e1fffff,0.021673356312963545,0.11777301927194861,0.7780659615569332,14.123616861613378
phoenix,8829b6da87fffff,0.0,0.22093023255813954,3.79118656463475,11.146859602001953
phoenix,8829b6daabfffff,0.0,0.06224066390041494,4.010311485569146,11.38030885556375
phoenix,8848e96d29fffff,0.0,0.38666666666666666,0.6463261292540422,17.52952644315407
phoenix,8848e96d21fffff,0.0,0.0,1.3460839776868017,16.957951548704653
phoenix,8829b6d0b5fffff,0.0010161788878039562,0.17266187050359713,1.184300599451475,16.672301849490502
phoenix,8829b6d0b3fffff,0.0006886617189855519,0.53125,0.48989794855663554,18.302296936317887
phoenix,8829b6d195fffff,0.0,0.2088888888888889,2.942898045798761,13.403367691751857
phoenix,8829b6d197fffff,0.020445935404274692,0.1543778801843318,2.025956504774914,14.388172033112877
phoenix,8829b6c1edfffff,0.008185308059744286,0.0,0.6388765649999398,25.415581506652583
phoenix,8829b6c003fffff,0.0,0.16371681415929204,1.4381986509706743,23.584292686045405
phoenix,8829b6c01dfffff,6.319723035826129e-05,0.21487603305785125,1.2710932747350436,23.850812880816
phoenix,8848e96da7fffff,0.0,0.10596026490066225,1.0883151021477047,20.73732442981486
phoenix,8829b6d155fffff,0.0005356021237719864,0.08923884514435695,1.7140958976927054,4.727882060326723
phoenix,8829b6d15bfffff,0.13841201982140744,0.04694323144104803,1.0911472068868462,6.323255764609609
phoenix,8829b6d151fffff,0.07474987860208632,0.07930367504835589,1.1360565958992215,5.492483282002462
phoenix,8829b6d16bfffff,0.07047692196178248,0.10599078341013825,1.42391725913892,2.592337889884247
phoenix,8829b6d16dfffff,0.0,0.08845577211394302,1.5104114054658926,1.6833478636414214
phoenix,8829b6d035fffff,0.0,0.06724511930585683,0.9164554764700801,9.967089118855412
phoenix,8829b6c285fffff,0.010571607917647842,0.19230769230769232,1.6382947573942381,24.747205596336357
phoenix,8829b6c281fffff,0.0018283446412396005,0.31343283582089554,0.8567074654348169,25.22046493473426
phoenix,8829b6d167fffff,0.0,0.13402061855670103,2.6332990000093823,3.3335811929776247
phoenix,8829b6d163fffff,0.0,0.08919382504288165,2.5673323229607132,3.3045423106085225
phoenix,8848e96da1fffff,0.0301069306467641,0.10945273631840796,0.9656165102903932,21.003390853266588
phoenix,8829b6d749fffff,0.0,0.0,0.9258389354390968,21.463668134917306
phoenix,8829b6c2a7fffff,0.0,0.1111111111111111,1.323493100445977,25.47054936839291
phoenix,8829b6c2a3fffff,0.0,0.13333333333333333,1.5933891203622828,25.853074327578298
phoenix,8829b6c021fffff,0.0,0.0,1.4927738282881788,23.028016846736143
phoenix,8829b6c015fffff,0.0,0.1323943661971831,1.6661824497101163,24.53258039411267
phoenix,8829b6d18dfffff,0.0006223570145095865,0.023622047244094488,1.9544353034678483,10.449232630510505
phoenix,8829b6d355fffff,0.012375992894876623,0.027809965237543453,0.6482667196874435,7.432689907899282
phoenix,8829b6c32bfffff,0.0,0.2222222222222222,2.1169937810147066,16.902580619472012
phoenix,8829b6c307fffff,0.0,0.03007518796992481,40.01910892416018,16.952641086755747
phoenix,8829b6d8d7fffff,0.0,0.0998389694041868,1.619807630203913,16.35426820283127
phoenix,8829b6d351fffff,0.019494063198767137,0.02606310013717421,1.4773207824915535,8.373649787831171
phoenix,8829b6c28dfffff,0.026235174963141553,0.2366412213740458,1.5860718068023616,24.235839936400417
phoenix,8829b6c047fffff,0.000997242492795856,0.12371134020618557,1.5672814651924314,20.991085585383157
phoenix,8848eba491fffff,0.0,0.007556675062972292,1.5688201522594218,0.4365636714439184
phoenix,8848eba4d1fffff,0.0,0.042212518195050945,1.0980197848923867,2.8378074330464513
phoenix,8829b6c163fffff,0.10905334759816163,0.0,0.45175395145262565,21.389437430495683
phoenix,8829b6c16bfffff,0.0,0.04201680672268908,2.8356496014945867,20.47681997630074
phoenix,8829b6d169fffff,0.0,0.1185682326621924,1.8192624612598005,1.6293567176954504
phoenix,8848e969c7fffff,0.006533940571682628,0.070298769771529,3.5738302653214107,13.057849677161208
phoenix,8848e969c5fffff,0.0005412771435858068,0.18848167539267016,4.950629512992046,13.370089599886896
phoenix,8829b6d293fffff,0.0,0.04938271604938271,0.8323488652894737,19.57265951444073
phoenix,8829b6d299fffff,0.014793293536157371,0.12971698113207547,0.8858520953840278,19.065877567194224
phoenix,8829b6d29bfffff,0.06063699787259258,0.0,1.1325534828669905,19.77948214139618
phoenix,8829b6d2dbfffff,0.0017838659528693808,0.18877551020408162,1.161060740291207,19.686485213048268
phoenix,8829b6c33dfffff,0.0,0.08053691275167785,1.844960946123757,17.769943562548217
phoenix,8829b6c15dfffff,0.033855057053285696,0.125,4.756176775008466,20.305078938541833
phoenix,8829b6d32bfffff,0.004516560850179292,0.06270096463022508,1.1014015987440342,4.043385233712471
phoenix,8829b6d103fffff,0.0,0.17012448132780084,3.9957924182043256,5.529590123508843
phoenix,8829b6c155fffff,0.0,0.0,5.143439139343955,21.153782257491713
phoenix,8829b6c169fffff,0.007899704478424913,0.1452513966480447,1.819444006336736,19.70719534587207
phoenix,8829b6c067fffff,0.0,0.07777777777777778,1.6510117336932053,21.341460163474835
phoenix,8829b6d8b3fffff,0.052920401683422845,0.11956521739130435,1.218221653053646,20.125382931494777
phoenix,8829b6c16dfffff,9.772791094647482e-05,0.0860655737704918,2.2188969704244266,19.89226111538088
phoenix,8848e96981fffff,0.011106433044023334,0.07098765432098765,2.3791014525976615,11.870858708496916
phoenix,8829b6c0edfffff,0.020298372396727236,0.16049382716049382,9.526293221913992,26.178194781986555
phoenix,8829b6c22bfffff,0.00027907933959423305,0.2631578947368421,1.3805855192397523,18.42739294030095
phoenix,8829b6d223fffff,0.0,0.027210884353741496,0.7304643298185118,10.423773591956488
phoenix,8829b6d8bbfffff,0.012316721829496054,0.06300813008130081,2.0586408984035294,19.175723214508764
phoenix,8829b6da43fffff,0.005537677440209126,0.08080808080808081,14.023813452481459,4.760758776097111
phoenix,8829b6d8b5fffff,0.11995850513336158,0.0,1.116044602852214,19.75737847312308
phoenix,8829b6d247fffff,0.0,0.07692307692307693,0.5866308911650799,12.930900217940842
phoenix,8829b6d19dfffff,0.0,0.2094017094017094,1.6308830912466001,12.92176190100622
phoenix,8829b6d19bfffff,0.0836358933793133,0.09499136442141623,1.4348934552412933,14.461577860469813
phoenix,8848e96d23fffff,0.0,0.1893939393939394,0.6161409170227454,17.42656396784942
phoenix,8829b6d295fffff,0.002856965261495623,0.24025974025974026,1.2108636419797938,17.87770968162593
phoenix,8829b6d283fffff,0.026937188996070317,0.20786516853932585,1.2097760437512584,17.14281213252055
phoenix,8848e96b03fffff,0.02248716612921873,0.1724137931034483,6.81461352359725,21.128414524031783
phoenix,8848eba68bfffff,0.005446257140389774,0.03955696202531646,0.957144116514776,8.332683166284594
phoenix,8848eba68dfffff,0.043753186184179185,0.05434782608695652,0.9529818710951352,8.766009675653176
phoenix,8848eba6e3fffff,0.00031246395351339895,0.03553299492385787,1.334429452281833,8.6565724858333
phoenix,8848eba6e7fffff,0.0,0.022452504317789293,0.707450720562912,8.662139263930284
phoenix,8829b6c333fffff,0.107915095750018,0.21951219512195122,3.8618548525927707,19.53807796826114
phoenix,8829b6c06dfffff,0.0490078991704553,0.12048192771084337,1.4891608375189027,19.657309457478398
phoenix,8829b6c14bfffff,0.08523714839659957,0.1319796954314721,2.868954241095525,19.452260138201996
phoenix,8848eba69dfffff,0.008870487410440294,0.0423728813559322,1.0816525778497341,7.749869924709295
phoenix,8829b6d217fffff,0.0006048989970591536,0.1184573002754821,0.8974586891692743,13.939721112304392
phoenix,8848e96915fffff,0.006787914394395758,0.0,2.160246899469287,13.680188646792896
phoenix,8848e96da5fffff,0.015025816353085869,0.16966580976863754,0.6738152408294522,20.033090184954915
phoenix,8829b6d0c9fffff,0.0,0.06428571428571428,0.8463853613603152,14.969977546841625
phoenix,8829b6c21dfffff,0.06557807754526598,0.2073170731707317,1.3374671432880136,19.81564900297373
phoenix,8829b6d2a1fffff,0.0,0.14492753623188406,1.3071888755500498,14.298083255912792
phoenix,8829b6d2adfffff,0.00011226095232239893,0.12941176470588237,0.9763920844096797,13.550519729743568
phoenix,8848ebb4d7fffff,0.0094019607637237,0.12727272727272726,1.7653594769452023,20.125302780676478
phoenix,8848e96b2dfffff,0.011073999658704665,0.25,9.564746468150632,20.616753670716946
phoenix,8848ebb48bfffff,0.0012495761067192802,0.23030303030303031,2.7089704151317657,19.950499444958982
phoenix,8848ebb489fffff,0.019823141050084134,0.004694835680751174,0.6735214810793031,20.727847045113894
phoenix,8848ebb48dfffff,0.25873355708806695,0.23076923076923078,0.7483314773547883,20.630985323968343
phoenix,8848e96dbbfffff,0.08340085688021028,0.0,0.8959914813316677,24.332953202255872
phoenix,8829b6d2a5fffff,0.01987004194134527,0.0935483870967742,1.260281378020684,13.365013290274344
phoenix,8829b6d291fffff,0.040753740406804094,0.09219858156028368,0.9748064140341607,18.826041939365638
phoenix,8829b6d297fffff,0.0012795775405755022,0.08333333333333333,0.7749747979773278,18.63571407713485
phoenix,8829b6d2abfffff,0.0,0.1643835616438356,1.3238093899880028,15.2396793603357
phoenix,8829b6d2a3fffff,0.0,0.08695652173913043,0.8894918306736814,15.072996969934957
phoenix,8829b6d74dfffff,0.024766257943006798,0.08602150537634409,0.871775919316281,20.515573492014592
phoenix,8829b6d669fffff,0.0,0.10497237569060773,0.7594047768548878,26.00868904865946
phoenix,8829b6d029fffff,0.0,0.12802768166089964,1.0593643692749177,8.044936091172492
phoenix,8829b6d005fffff,0.0028244358789905927,0.07172131147540983,1.1106938445523729,8.918159111042728
phoenix,8848e969b7fffff,0.06774141108075418,0.06432748538011696,0.9873859741716087,9.070349780517676
phoenix,8848e969bdfffff,0.001303510874342782,0.11838790931989925,0.6859199013814303,10.011508133044758
phoenix,8848e969b5fffff,0.3560585407523845,0.03587443946188341,1.1306659561318324,9.10092483172635
phoenix,8848e96987fffff,0.07197682810285146,0.15560640732265446,1.5008051924715475,10.935890699891074
phoenix,8829b6d8d9fffff,0.10880509458529918,0.049206349206349205,1.2752667972514315,14.505229696350748
phoenix,8829b6c2a9fffff,0.004146566553868001,0.16666666666666666,1.097394976462802,24.30588276873346
phoenix,8829b6c2adfffff,0.0,0.31666666666666665,1.8839730453623302,23.898266918467343
phoenix,8829b6da19fffff,0.0,0.03125,2.717737050296848,5.622295989795025
phoenix,8829b6da57fffff,0.0012513469264950445,0.0,33.65267153017254,5.165735275280379
phoenix,8829b6daa1fffff,0.0,0.037783375314861464,2.160567359855436,11.694942449274595
phoenix,8848eba4b9fffff,0.008205651622117238,0.050761421319796954,1.8294993832948088,1.588354436524762
phoenix,8848eba4b1fffff,0.03138216763302212,0.03560830860534125,2.007504692215428,2.2093953900305916
phoenix,8829b6daa3fffff,0.03636299455889105,0.05421686746987952,2.068116706714557,12.339655604289158
phoenix,8829b6c161fffff,0.06108502497059021,0.02586206896551724,0.9521904571390466,20.630932346119046
phoenix,8848ebb497fffff,0.009576510125878696,0.10204081632653061,3.4424322994148224,17.517560159066242
phoenix,8848e96b37fffff,0.0,0.08571428571428572,5.8127235528658,18.16560764485614
phoenix,8848ebb493fffff,0.0,0.0,5.8723398232731725,17.74405010975114
phoenix,8848eba6c5fffff,0.19224787477615837,0.03404255319148936,3.9513930747781796,10.451292367976126
phoenix,8848eba6edfffff,0.0,0.045714285714285714,1.816641990451812,10.363007510699042
phoenix,8829b6d12bfffff,0.007334515560129744,0.125,5.183492427890679,4.998468309871165
phoenix,8829b6da95fffff,0.00867399555223242,0.0017035775127768314,1.3148514672579679,11.809800045462755
phoenix,8829b6da97fffff,0.014177988752368835,0.0,2.5520817519988164,12.644730841842518
phoenix,8829b6dabdfffff,0.007364283617927181,0.10115606936416185,2.368034411575059,12.083074499842054
phoenix,8829b6c349fffff,0.0,0.0,4.932107172087616,12.964686639147002
phoenix,8829b6d185fffff,0.02435778216249303,0.0,2.7502112266644,10.99894615596512
phoenix,8829b6d065fffff,0.008397382035681637,0.08392857142857142,1.02031849816654,6.389401776457882
phoenix,8829b6d067fffff,0.24078286136018248,0.07995495495495496,0.9753272622344658,7.197318182683829
phoenix,8848ebb4bbfffff,0.10153921880705988,0.20987654320987653,3.1889940484848296,17.345958881266743
phoenix,8848ebb49dfffff,0.002691548343378944,0.10365853658536585,1.8620204567635383,19.192450291696296
phoenix,8848eba685fffff,0.0028612242384109077,0.06932409012131716,0.6178541494560023,7.850359376150584
phoenix,8848e96b25fffff,0.10804631991941284,0.2125,5.932700799426026,19.65591139899123
phoenix,8848e96989fffff,0.09915914474453957,0.02214022140221402,2.9810777039580696,12.814103978820327
phoenix,8848e969b9fffff,0.0023406727431262817,0.13230769230769232,0.41301151605820174,10.822931856925706
phoenix,8848e969c1fffff,0.0006395646425160894,0.046153846153846156,3.4427112267742754,14.025116565400944
phoenix,8829b6c24dfffff,0.06389469648749907,0.06468531468531469,1.045940088185463,15.443172029980108
phoenix,8829b6d045fffff,0.05878145712823318,0.07705192629815745,0.8542212295171889,8.561188971712355
phoenix,8848eba6ddfffff,0.0004515198186404484,0.06140350877192982,2.0364389717212803,10.2886991219376
phoenix,8848e96983fffff,0.015114595093711743,0.16568047337278108,1.3325367799698633,11.726382968169602
phoenix,8829b6d1cdfffff,0.0,0.05527638190954774,1.6846781141997296,8.588713746100535
phoenix,8829b6d219fffff,0.0,0.0,0.6188053895958223,14.960835877523865
phoenix,8829b6d253fffff,0.0,0.12903225806451613,0.9035079029052513,15.540935887194069
phoenix,8829b6d251fffff,0.0,0.08670520231213873,0.6823644933429258,15.17516894220528
phoenix,8829b6d00dfffff,0.0,0.07969432314410481,0.6629832242232222,9.02450740334972
phoenix,8848e96d9bfffff,0.0,0.0,0.32218973970892123,26.549943072886748
phoenix,8829b6c0cdfffff,0.0,0.21804511278195488,1.869018990452537,26.089560953345305
phoenix,8829b6c039fffff,0.0,0.14187643020594964,1.7475848289496565,24.294292609358752
phoenix,8848e96d33fffff,0.0,0.06790123456790123,1.0329664672316947,19.483050116302014
phoenix,8829b6c21bfffff,0.0,0.2727272727272727,1.1388654292714022,21.338860333634234
phoenix,8829b6d12dfffff,0.0,0.125,2.4369355247608757,4.275253963521365
phoenix,8829b6da81fffff,0.0,0.0,6.797100792249815,10.220552449865465
phoenix,8848eba497fffff,0.0,0.049403747870528106,1.7102268855330278,0.7301836335157593
phoenix,8848eba49dfffff,0.008313001860314856,0.02666666666666667,1.202053982856357,0.9813574307528203
phoenix,8848e96935fffff,0.06279936168912938,0.0,4.144526459891787,11.882105063273684
phoenix,8829b6c157fffff,0.004309030863666344,0.0,27.974659912539103,22.0062060389347
phoenix,8848e96969fffff,0.0,0.0,8.043093809268381,16.79413632719611
phoenix,8829b6d89dfffff,0.03473564951105871,0.09036144578313253,1.0855295282712092,17.289408728608993
phoenix,8829b6d125fffff,0.0,0.0,2.889989760591987,5.234490909239417
phoenix,8848eba4c3fffff,0.14975076150230723,0.07591933570581258,1.783501667337152,3.5788927656803278
phoenix,8848eba4bbfffff,0.0,0.06336633663366337,2.016231022314702,1.3062097657866052
phoenix,8848eba483fffff,0.1312416841174541,0.0022026431718061676,1.6936595038064723,1.4568210371076218
phoenix,8829b6d339fffff,0.06695316496044265,0.050514499532273154,0.8008642701701862,5.422003182965134
phoenix,8829b6d307fffff,0.0,0.0729665071770335,0.6454716096723331,5.020051895636971
phoenix,8829b6d321fffff,0.0,0.0670391061452514,1.3283460283752022,3.082068756412387
phoenix,8829b6d11bfffff,0.0,0.036163522012578615,1.6192157979984438,7.615718999110862
phoenix,8829b6d013fffff,0.0007367816596526442,0.09605488850771869,1.1235225678195548,13.210238561215675
phoenix,8829b6c2e5fffff,0.0,0.11304347826086956,1.3981081404329412,22.344751010220488
phoenix,8829b6d01bfffff,0.008278209081865658,0.0384917517674784,0.9410632806479462,13.250972094619652
phoenix,8829b6d23bfffff,0.0072521425089491056,0.20477815699658702,0.7128734025600627,12.940754294650127
phoenix,8829b6d0a3fffff,0.12464515230927267,0.12258064516129032,0.9373579816288248,15.704352025226722
phoenix,8829b6d1e3fffff,0.01611469576904697,0.03111111111111111,3.4687369507261687,10.021120670553731
phoenix,8848eba4a1fffff,0.0,0.68,5.940791670398611,4.1969896594058955
phoenix,8848eba495fffff,0.0,0.10491803278688525,1.718576471236239,0.5963092961932113
phoenix,8829b6da91fffff,0.0020184262573762174,0.0,4.211886996695074,11.798659847295244
phoenix,8829b6d853fffff,0.0,0.17391304347826086,0.49749371855331,11.553084626494755
phoenix,8829b6d31bfffff,0.01108051750668144,0.06241331484049931,0.6167665591781125,8.422990763285092
phoenix,8829b6d04dfffff,0.023599534464558845,0.0712979890310786,0.8099407265046314,8.948059420018831
phoenix,8829b6c037fffff,0.0009801114105298103,0.031914893617021274,2.062838775848336,25.769336267029434
phoenix,8829b6d527fffff,0.0,0.36666666666666664,1.3150246920983661,21.90971724518568
phoenix,8829b6d565fffff,0.0,0.4,0.0,19.266140672104637
phoenix,8848ebb4b9fffff,0.005689590709836213,0.03076923076923077,1.8508330530865837,18.12863611247766
phoenix,8848eba4c7fffff,0.08064572934118834,0.07722007722007722,3.0534825182073098,3.866331880600155
phoenix,8848eba643fffff,0.0,0.0,0.4714045207910317,15.470745146255783
phoenix,8848e96999fffff,0.14001107355545947,0.028469750889679714,1.5150546129698923,13.391939515690014
phoenix,8829b6c15bfffff,0.0,0.18681318681318682,4.289951257100385,21.232037796993918
phoenix,8829b6c303fffff,0.0,0.0,27.036713907055475,17.061281058403786
phoenix,8829b6d1a9fffff,0.004081136887128551,0.007462686567164179,15.270774966594104,10.640543260327458
phoenix,8829b6d159fffff,0.030045640210878157,0.06762295081967214,0.8933237073657091,5.47722647906111
phoenix,8829b6d301fffff,0.0057850811687741996,0.05012964563526361,0.4526137228352289,5.727826507540859
phoenix,8829b6d303fffff,0.0007908185884759189,0.04158790170132325,0.5451568131301714,6.004578765886639
phoenix,8848eba6cbfffff,0.0010824670931224984,0.0472972972972973,3.5553595763932972,10.912374690899405
phoenix,8829b6d329fffff,0.004605922572499252,0.06818181818181818,0.7130253420251849,3.8845240768274034
phoenix,8848eba4d7fffff,0.0,0.0,1.7154357167998235,1.878521402625614
phoenix,8848e96d25fffff,0.0,0.14285714285714285,0.9211323729436766,15.959279924804123
phoenix,8848e96d27fffff,0.0,0.04310344827586207,0.584642097208211,16.42617604206975
phoenix,8829b6d287fffff,0.08885298338883352,0.11703958691910499,1.2752800694875512,16.18831222767918
phoenix,8829b6c2cdfffff,0.0,0.4838709677419355,1.4987995196156156,22.32207787472482
phoenix,8829b6c2c1fffff,0.0,0.4166666666666667,0.8154327412825385,23.30539353692463
phoenix,8829b6d033fffff,0.33619405384542395,0.0962962962962963,1.4432675379013105,11.654211432631923
phoenix,8829b6d009fffff,0.0,0.08571428571428572,0.7514096808002224,9.963139439283182
phoenix,8829b6d265fffff,0.01822314181288662,0.06811145510835913,0.5911488777288771,10.076906518263183
phoenix,8848eba6bdfffff,0.07013371853689429,0.06502242152466367,1.0954267148370698,6.1613853313763745
phoenix,8848eba6ebfffff,0.0013428609542756017,0.0111731843575419,1.8208873057620707,9.544774864650474
phoenix,8848eba6cdfffff,0.0,0.06763285024154589,4.0424798803013,11.371755574657847
phoenix,8848eba4ddfffff,0.0,0.051926298157453935,1.1691107111677013,3.5596424079450535
phoenix,8829b6daadfffff,0.0,0.0,0.82915619758885,11.10036512714111
phoenix,8848eba6a3fffff,0.04363887080047532,0.06557377049180328,0.39857792781655865,6.089179496444766
phoenix,8848eba693fffff,0.0,0.0,1.243476299789453,6.866648545520089
phoenix,8848eba695fffff,0.32476140977516066,0.060240963855421686,1.2680805712970538,6.763147492153614
phoenix,8848eba697fffff,0.10040348607887262,0.11363636363636363,0.841908662620243,6.266089873106739
phoenix,8829b6c117fffff,0.0,0.0,2.200389960059662,24.55638712367573
phoenix,8829b6d311fffff,0.04428096632142473,0.1099290780141844,0.5271621637562277,7.422623048102298
phoenix,8829b6d661fffff,0.0,0.05555555555555555,0.518389530288721,25.790792659157123
phoenix,8829b6dadbfffff,0.0,0.031914893617021274,10.729325284128148,9.42862880489851
phoenix,8829b6d357fffff,0.022650422579962783,0.08031674208144797,0.38679463578607326,7.650820513757142
phoenix,8829b6d1c1fffff,0.0006584744480377763,0.10526315789473684,1.5981078006612088,9.564242480472021
phoenix,8829b6c023fffff,0.0,0.10674157303370786,1.3209623808977389,23.936200465127065
phoenix,8829b6d259fffff,0.0,0.0,0.7098990665684117,15.839501776196503
phoenix,8829b6d25bfffff,0.0,0.07913669064748201,1.1798413616282184,16.16088449593765
phoenix,8848e96d65fffff,0.0,0.1111111111111111,0.0,16.816281735153066
phoenix,8848e969b3fffff,0.0,0.057971014492753624,0.958753960684383,9.957995051448595
phoenix,8848e969b1fffff,0.3270665983175827,0.05194805194805195,1.747725795010606,9.935977934090017
phoenix,8829b6d269fffff,0.0,0.06428571428571428,1.304805246417023,11.787667483331854
phoenix,8848e96de1fffff,0.02894421851245847,0.037296037296037296,0.7811628412919963,21.05622389397341
phoenix,8848ebb4bdfffff,0.027615786411600292,0.11636363636363636,2.431599659595885,18.04615708959613
phoenix,8848ebb487fffff,0.0,0.11508951406649616,1.7400647122986939,18.930431033862025
phoenix,8848eba6a7fffff,0.0,0.0,0.623584487842359,6.18032391288491
phoenix,8848ebb485fffff,0.0015125803021493215,0.10344827586206896,1.4439175735420886,19.749022124089738
phoenix,8848eba6adfffff,0.0,0.0410958904109589,0.4579543888011362,7.863496961064933
phoenix,8848e96b15fffff,0.027855773522534443,0.16666666666666666,7.171371656006362,20.60713733896511
phoenix,8848e96d37fffff,0.00018001665790892002,0.12435233160621761,1.0883369382001113,18.486153292889295
phoenix,8829b6d317fffff,0.013069861864955897,0.0755813953488372,0.6750157172850331,6.955581524755214
phoenix,8829b6d33bfffff,0.042673593040599575,0.06271379703534778,0.6705836442905568,5.9614578632855935
phoenix,8829b6d66dfffff,0.015149451746308187,0.01904761904761905,0.5947310199994486,25.05312344399218
phoenix,8829b6d101fffff,0.008000456898917685,0.11091854419410745,2.080162272607321,4.547666737969216
phoenix,8829b6d315fffff,0.016571067493138896,0.07175712971481141,0.5257238462248585,6.422286484128513
phoenix,8829b6d02dfffff,0.06642032634008196,0.020484171322160148,1.1414884558496319,7.2048526475577
phoenix,8829b6d115fffff,0.0,0.11442786069651742,3.779065028136672,6.512613722577705
phoenix,8829b6c119fffff,0.0008046310631597895,0.0,15.397494609081258,22.869240463254727
phoenix,8829b6d157fffff,0.00040747485788125324,0.06447534766118837,1.2607513999441717,5.682634285808065
phoenix,8829b6d363fffff,0.0,0.11867364746945899,0.7037657450339085,4.758005458949624
phoenix,8848eba4d9fffff,0.0,0.0748502994011976,0.9670869450614931,3.812638544554746
phoenix,8829b6d365fffff,0.0,0.0,0.5328701692569687,4.289976404643038
phoenix,8848eba4c5fffff,0.0010459464205904692,0.0228310502283105,7.356097899602747,4.84774170101773
phoenix,8829b6d367fffff,0.032555746668742454,0.1393258426966292,0.607796439276303,3.9717016207455993
phoenix,8829b6d361fffff,0.0,0.17842323651452283,0.7293452162347022,4.926870897638527
phoenix,8829b6d149fffff,0.0,0.061855670103092786,1.192066604501815,3.004492664204845
phoenix,8829b6d323fffff,0.0,0.038410596026490065,1.3535936284450159,3.4218139332531456
phoenix,8829b6d30bfffff,0.07527902022834591,0.05091487669053302,0.5772196320017369,6.683597699462091
phoenix,8848ebb49bfffff,0.005523924629544955,0.03636363636363636,4.54532962060119,18.698177815253263
phoenix,8829b6d22dfffff,0.0656898709109495,0.03992901508429459,0.6355182026810556,9.60574200515634
phoenix,8848e96995fffff,0.12057787608549338,0.14689265536723164,0.9404624909956255,11.663781548756528
phoenix,8848e969d5fffff,0.09517853339732595,0.06623931623931624,2.7654628979507034,13.56957537900703
phoenix,8829b6c343fffff,0.0,0.07407407407407407,8.73155198117723,14.628119802177828
phoenix,8848eba60bfffff,0.014618733542632363,0.0,2.7852791275536246,13.767574462819427
phoenix,8829b6c103fffff,0.0,0.02040816326530612,2.2725272501523404,22.88480454268133
phoenix,8829b6c363fffff,0.009428143098720042,0.06666666666666667,26.6972758100996,15.201254720625009
phoenix,8829b6c34dfffff,0.0,0.0,21.4877273270979,12.780880961681394
phoenix,8829b6dad9fffff,0.0,0.0,22.69472680137582,8.501361822218849
phoenix,8829b6c321fffff,0.0,0.21172638436482086,0.9048525348705123,16.91162138772791
phoenix,8829b6d831fffff,0.0,0.11607142857142858,1.9333506771213282,15.600179267655307
phoenix,8848e96b3bfffff,0.0031606072328233138,0.0,0.0,19.61729107909638
phoenix,8829b6d14bfffff,0.0,0.060077519379844964,1.4845029184648157,3.759045186997407
phoenix,8829b6d141fffff,0.0,0.0034965034965034965,1.5569753203561454,2.881533502891467
phoenix,8829b6da93fffff,0.036172603248544793,0.0,7.990944802547626,12.673579097637816
phoenix,8829b6c03dfffff,0.0,0.0708955223880597,1.6419607919468568,24.095173099972342
phoenix,8829b6d2bbfffff,0.0,0.06060606060606061,0.5590169943749475,17.70568628064782
phoenix,8829b6d227fffff,6.074984750605372e-05,0.08196721311475409,0.6406116271313204,9.423376896242019
phoenix,8829b6c027fffff,0.0,0.05084745762711865,1.8145040907614407,23.818179676122273
phoenix,8848e96de7fffff,0.00271265465001517,0.01511879049676026,0.8569715007797428,20.67348068493515
phoenix,8848e96d2dfffff,0.0,0.14102564102564102,0.7661358870616124,16.534863597735743
phoenix,8829b6c255fffff,0.10284132063425938,0.17295597484276728,1.1860852606849286,18.390029883531913
phoenix,8848e969c3fffff,0.002555336919062005,0.0044444444444444444,2.334561519714722,13.763932956511296
phoenix,8848e969ddfffff,0.0011681627077926404,0.02702702702702703,1.1937121418901335,14.504721133267601
phoenix,8829b6d839fffff,0.0,0.0,0.7505511522448725,14.615701204032822
phoenix,8848eba6c1fffff,0.41994781401080267,0.029940119760479042,2.29432659572892,10.637346475509988
phoenix,8848eba615fffff,0.15761514709925276,0.046153846153846156,7.288323147768571,12.064932035264084
phoenix,8848eba63bfffff,0.0,0.08955223880597014,0.6523802572120037,11.249001781510607
phoenix,8848e969bbfffff,0.1844161131316535,0.0,0.6849348892187751,10.799204189925078
phoenix,8829b6d241fffff,0.0,0.06666666666666667,1.90821525102238,13.665466884757496
phoenix,8829b6d24bfffff,0.0,0.0,0.9682458365518543,14.616632863466176
phoenix,8848e96d91fffff,0.00040076224498711505,0.10638297872340426,0.63535957401866,25.575144577662165
phoenix,8848eba69bfffff,0.2772084264394013,0.06306306306306306,1.0796882840311763,7.844008711685101
phoenix,8848e969d1fffff,0.09594061552217444,0.07207207207207207,1.9488375341101798,14.355070610439238
phoenix,8829b6c11dfffff,0.0015105597453057835,0.0,11.020975076811933,22.855158139892392
phoenix,8829b6d8a5fffff,0.07709866142645813,0.12341772151898735,1.2889742577055372,18.986131765600554
phoenix,8848e96b35fffff,0.0,0.0,6.537874398678256,18.73052707906792
phoenix,8848e96d67fffff,0.0,0.0,0.0,17.148302904385734
phoenix,8829b6c031fffff,0.0,0.04950495049504951,1.5988992828160629,25.02317607455932
phoenix,8848e96de3fffff,0.01124982902674362,0.04521276595744681,1.1334543629396558,21.661688133662153
phoenix,8829b6c033fffff,0.0,0.09259259259259259,1.5230410389229492,25.95531918019776
phoenix,8829b6d243fffff,0.0,0.2823529411764706,0.7229474816502853,13.896049318559937
phoenix,8829b6d36bfffff,0.0,0.09259259259259259,1.102895426083396,5.669800566706275
phoenix,8829b6c2bdfffff,0.0,0.21428571428571427,2.260776661041756,26.2681045631687
phoenix,8829b6d127fffff,0.0,0.2972972972972973,6.428507011222764,5.938229368425294
phoenix,8829b6d26dfffff,0.0014259595972651153,0.025210084033613446,0.7823538600447177,10.86527970625079
phoenix,8829b6d245fffff,0.0,0.0297029702970297,1.805743035970835,12.721871586256437
phoenix,8829b6d815fffff,0.0,0.04,0.36464227527765836,14.047975717707391
phoenix,8829b6d06dfffff,0.002090400702611027,0.09188224799286351,0.619093965522313,6.604788426190932
phoenix,8829b6d837fffff,0.0,0.029239766081871343,1.5695169636099484,16.585145521053757
phoenix,8829b6d9d7fffff,0.0,0.028169014084507043,1.6704481570059846,18.98917372939173
phoenix,8829b6c105fffff,0.24580550321115763,0.0,0.8764508485736083,22.165734042092538
phoenix,8848e96d31fffff,0.0029002957471042524,0.1111111111111111,0.8977142425490845,18.936731997941113
phoenix,8848eba683fffff,0.0002465849081864895,0.022900763358778626,0.753317474207705,7.359478008289043
phoenix,8829b6c213fffff,0.0,0.37142857142857144,1.4955555457864294,21.78519057341239
phoenix,8829b6c221fffff,0.0,0.19117647058823528,7.766604989390441,18.05192506102655
phoenix,8829b6dac9fffff,0.0,0.0,40.20559408737007,6.713276681708748
phoenix,8848e96b29fffff,0.0010568176122722794,0.0,5.383269623261934,20.93006837815794
phoenix,8829b6dac1fffff,0.0,0.0,18.54390852031676,7.618704307930184
phoenix,8848e96d3dfffff,0.0034307819519996305,0.10457516339869281,0.6961007204548431,18.4269459282502
phoenix,8829b6c139fffff,0.014946335690737708,0.0,0.6485131684555363,23.764665283240554
phoenix,8829b6d1adfffff,0.0,0.0,18.15020813659342,10.366607786370302
phoenix,8829b6c1d9fffff,0.0,0.13043478260869565,0.7777627747825355,26.693126389082362
phoenix,8848eba4cbfffff,0.0,0.011538461538461539,2.2128294977595266,4.385663959805954
phoenix,8848eba691fffff,0.3242813877041537,0.016216216216216217,0.6068545781813393,7.254859935848333
phoenix,8829b6d369fffff,0.031760651346690955,0.12842105263157894,0.625954801565032,5.893453848666828
phoenix,8829b6d25dfffff,0.0,0.0975609756097561,0.4681218398834804,14.865869750792257
phoenix,8829b6d123fffff,0.0031456521866286545,0.12371134020618557,4.821205416421007,5.835067943006895
phoenix,8848eba6c9fffff,0.00773231420689967,0.08029197080291971,4.755861968390363,11.586587798233483
phoenix,8829b6d135fffff,0.042762036421940035,0.0,37.61253088185961,6.696817527722066
phoenix,8848ebb4abfffff,0.0,0.008695652173913044,1.5232114319825876,18.877838893504006
phoenix,8848e96d07fffff,0.0,0.13513513513513514,1.010204076155369,18.955827863014182
phoenix,8848eba4e3fffff,0.6143740026063785,0.0,4.879805323985784,4.079294036222172
phoenix,8848e96921fffff,0.0,0.0,20.949675149960893,13.242881977954257
phoenix,8848e9692bfffff,0.0,0.0,8.827041784576908,13.50271902804801
phoenix,8848e96927fffff,0.0,0.0,6.0,12.303043841688957
phoenix,8848eba61bfffff,0.0,0.0,26.645825188948457,12.141968330859138
phoenix,8848e96925fffff,0.0,0.0,25.408195309562796,13.054800111094917
phoenix,8848eba611fffff,0.0024937406956883133,0.0,25.55059229137182,12.062059390846713
phoenix,8829b6dad1fffff,0.0,0.0,26.381390946645954,9.281106049171896
phoenix,8829b6dad3fffff,0.0,0.0,10.957971912607734,10.183960757356784
phoenix,8848eba4c9fffff,0.27853727094703745,0.011904761904761904,0.6162642235544569,5.26710615223528
phoenix,8848eba4c1fffff,0.20204461523956216,0.0,2.611053427258814,4.5128653705765185
phoenix,8848e96c01fffff,0.04327665155639216,0.016233766233766232,0.6595478589982742,26.50072646012899
phoenix,8848e96c05fffff,0.019026152988190537,0.027649769585253458,0.4694149919475359,25.502831161597182
phoenix,8848e96c47fffff,0.026658730740093423,0.21875,0.4996569467863719,26.680486330694407
phoenix,8848e96c0dfffff,0.008977741886957349,0.029940119760479042,0.87412241578187,26.07951807953086
phoenix,8848eba4e9fffff,0.0,0.0,3.1622213713502085,5.351451840110685
phoenix,8848e96c21fffff,0.0,0.06451612903225806,0.6475188740616674,23.952536773261638
phoenix,8848e96c29fffff,0.04718752565024025,0.18840579710144928,0.5283513870958393,24.505129013323796
phoenix,8848eba6b3fffff,0.021847736653701,0.09779179810725552,0.5799917034741816,4.793563646179153
phoenix,8829b6d36dfffff,0.06883136875937718,0.12195121951219512,0.4914325678856623,5.277713387123581
phoenix,8848eba6b7fffff,0.0,0.0,1.7336068150436148,4.483841183313016
phoenix,8848e96c2dfffff,0.08782545498749496,0.0670391061452514,0.5006678542602838,23.507645808755655
phoenix,8848e96c67fffff,0.04826282734959837,0.03007518796992481,0.6006052310782981,24.090187796185937
phoenix,8848e96d5bfffff,0.03382449309239,0.18518518518518517,0.7593857166596345,23.096252964934845
phoenix,8848e96d53fffff,0.041914089987369,0.24778761061946902,0.7006444508471009,22.510411902829226
phoenix,8848e96c25fffff,0.0,0.2222222222222222,0.7499055118106487,22.953029437289544
phoenix,8848e96d13fffff,0.0,1.0,0.4714045207910317,21.93592090587351
phoenix,8848e96dc5fffff,0.0,1.0,0.41573970964154905,22.475530345084795
phoenix,8829b6d1b1fffff,0.006616125935846968,0.0,85.5795850925639,13.548057694292822
phoenix,8848e96d55fffff,0.02365852870890485,0.08845208845208845,0.5980783837882931,21.110194430813024
phoenix,8848e96d51fffff,0.010772498679985748,0.1072961373390558,1.1965119373940782,22.102894289720357
phoenix,8848e96d59fffff,0.010697704291737694,0.13636363636363635,0.4259177099999599,22.720184033528657
phoenix,8848e96d5dfffff,0.008664994163296632,0.04672897196261682,0.6319612329882269,21.732457571233585
phoenix,8848e96d1dfffff,0.0,0.2413793103448276,0.9320788358180361,20.954236747179102
phoenix,8848e96d15fffff,0.0,0.11864406779661017,0.568552036114001,20.427690067676135
phoenix,8848e96d17fffff,0.0,0.17073170731707318,0.4985185152621431,20.93613984161855
phoenix,8848e96de9fffff,0.0,0.016666666666666666,0.30323921743156135,21.477781488641515
phoenix,8848e96dedfffff,0.0,0.06280193236714976,1.2465529386542429,20.48027518521019
phoenix,8829b6da9bfffff,0.0,0.0,6.676260104249371,11.872085126616286
phoenix,8848e96d09fffff,0.0017081144108163568,0.2647058823529412,0.6421464560409232,20.11825229876601
phoenix,8848e96d0bfffff,0.0,0.09923664122137404,0.6403124237432848,20.51684284477961
phoenix,8848e96d01fffff,0.0026384520201915345,0.08227848101265822,0.6109139304761572,19.520602335178882
phoenix,8848e96d03fffff,0.0,0.08333333333333333,0.9734694420057715,19.95497642566694
phoenix,8848e96d39fffff,0.0011440795217830576,0.17708333333333334,0.90081780362006,19.42732142898314
phoenix,8848e96d3bfffff,0.0,0.058823529411764705,0.8675234595724701,19.936407162792694
phoenix,8829b6c359fffff,0.010469767641369952,0.0,11.554487130093927,15.1465788356438
phoenix,8829b6dad5fffff,0.0,0.0,16.498219009538122,9.240134466707788
phoenix,8829b6c265fffff,0.0004148140416438174,0.0,30.945640291666685,15.496392170356767
phoenix,8829b6da8dfffff,0.0,0.0,32.76135935315668,9.479789148428905
phoenix,8829b6da89fffff,0.0,0.0,26.464621672609418,9.30712409169459
phoenix,8829b6dac3fffff,0.0,0.0,10.337407981729188,8.410785183505542
phoenix,8848e96d2bfffff,0.0,0.053763440860215055,0.9037564543243368,17.956811255223474
phoenix,8848e96d05fffff,0.0,0.1509433962264151,0.6460521893910202,18.5248045274636
phoenix,8829b6dae7fffff,0.0,0.2702702702702703,2.822331581433258,10.117232886491552
phoenix,8848e96d47fffff,0.0,0.038461538461538464,0.8434923176537108,19.760820303629153
phoenix,8848e96d4bfffff,0.0,0.10344827586206896,0.4391089103635687,21.40103380630303
phoenix,8829b6d137fffff,0.07996891517407134,0.0,26.308788336789668,7.5887527744353305
phoenix,8829b6dacbfffff,0.045832123946140356,0.0,40.32269832240893,7.537649943637275
phoenix,8829b6daddfffff,0.0,0.0,74.314829459207,8.396817292921254
phoenix,8829b6dac7fffff,0.0,0.0,34.610330827658956,8.542687183978138
phoenix,8848eba4adfffff,0.22014594956768663,0.022099447513812154,5.682032044654573,4.930503549321216
phoenix,8848eba4a9fffff,0.10973157045865695,0.10638297872340426,6.221736679143686,4.018524429546194
phoenix,8848e96997fffff,0.0,0.0,0.372677996249965,11.684358791484126
phoenix,8829b6d2b1fffff,0.0,0.0,0.0,16.783727763907823
phoenix,8848e96929fffff,0.0,0.0,0.0,14.189579014720318
phoenix,8848e969dbfffff,0.025418948121027997,0.1,0.8624393618641034,15.165923506048017
phoenix,8848e969d3fffff,0.07437000076846208,0.0,1.5681659380419368,14.272153142683594
phoenix,8848eba6b5fffff,0.3630030385161648,0.0,2.463125985283165,5.255350175360095
phoenix,8848e96c07fffff,0.004332318587171709,0.09333333333333334,0.6523672205114273,25.951725272810272
phoenix,8848e96c03fffff,0.04712917551487735,0.02127659574468085,0.7505549332494643,26.951391448518297
phoenix,8848e96c63fffff,0.0,0.0,0.6681246384802604,25.084629176526235
phoenix,8848e96c0bfffff,0.008626013191101034,0.07142857142857142,0.9306840707276413,27.4987928514189
phoenix,8848e96c15fffff,0.0,0.0,0.0,27.430056161182975
phoenix,8848e96d8bfffff,0.002635617300631023,0.06506849315068493,0.6402140205030629,24.262951885522487
phoenix,8829b6d647fffff,0.0,0.0,0.2836367870880281,27.689937708519327
phoenix,8829b6d643fffff,0.0,0.0,0.4714045207910317,28.644658760876453
phoenix,8848e96dddfffff,0.0,0.0,0.4714045207910317,25.034971166183404
phoenix,8848e96d43fffff,0.1880908197194192,0.0472972972972973,0.6655975340195186,20.74594207011756
phoenix,8848e96d57fffff,0.0,0.03686635944700461,0.5760884516999296,21.5134632661013
phoenix,8848e96d19fffff,0.009892192985965014,0.13953488372093023,0.5475424744631441,21.95359230209647
phoenix,8848e96d0dfffff,0.004569820537864046,0.06060606060606061,0.7270598496506222,19.127187234319727
phoenix,8848e96c09fffff,0.03993189013371015,0.02,0.9597148699373931,27.074804126734435
phoenix,8848e96f37fffff,0.0,0.0,0.0,22.381225875595486
phoenix,8829b6c11bfffff,0.014419308802177325,0.0,2.7386127875258306,23.741722544436083
phoenix,8829b6c107fffff,0.009704163583611564,0.0,1.0658774200423862,22.958011374724318
phoenix,8848eba4cdfffff,0.30386741712711896,0.0,0.0,5.465245526504474
phoenix,8829b6c0e7fffff,0.0036679652753909757,0.030534351145038167,1.0532154385140704,27.830339773633163
phoenix,8829b6c0e5fffff,0.0,0.13004484304932734,1.3887803777055607,26.891166662734644
phoenix,8829b6c1dbfffff,0.0,0.15625,0.49251230541674823,27.62108126213668
phoenix,8848ebb4a3fffff,0.0,0.0,1.3329889362377438,18.018993163648286
phoenix,8848eba639fffff,0.0,0.0,1.299038105676658,12.150529675349803
phoenix,8848e96d95fffff,0.024806756599860567,0.0594059405940594,1.0352205393963445,24.60237551674203
phoenix,8848e96dd7fffff,0.0034022273050152334,0.07142857142857142,0.30000000000000004,25.249161318168866
phoenix,8829b6d24dfffff,0.0,0.0,1.4043925160368613,13.503100066110164
phoenix,8848e96993fffff,0.0,0.0,0.0,12.58681419947883
phoenix,8829b6d8a7fffff,0.09364344373615174,0.0,0.0,19.534719439538797
phoenix,8848e96c2bfffff,0.0,0.0,0.6975113081402791,24.952104749163006
phoenix,8848e96d9dfffff,0.025201998084550016,0.0,0.7236750748543735,24.908217887630162
phoenix,8848e96c39fffff,0.0,0.0,0.3142696805273545,26.429742462090484
phoenix,8848eba6bbfffff,0.058485479949639554,0.0,0.48989794855663554,5.777499010148507
phoenix,8848e96c6bfffff,0.02435425745215007,0.0,0.5,25.68922066422921
phoenix,8848e96c23fffff,0.0,0.0,0.0,24.42909011779327
phoenix,8848eba6b1fffff,0.23073685509479513,0.0,1.118033988749895,5.431183287190473
