city,hex,intersection_density,circuity,orientation_entropy,mean_street_length,greenspace_fragmentation,auc,rho_star,total_persistence
istanbul,881ec910bdfffff,8.25942154743319,1.0256486954900055,3.4940793177823695,36.72573576627784,349.2245140237414,12.972712950538602,0.3,15.4797806951797
istanbul,881ec910a3fffff,7.3100570211118505,1.0458532874716533,3.5502305361874456,43.046007549230694,361.69596886279015,12.818443624988937,0.2,24.982233010414227
istanbul,881ec90249fffff,7.862615644637717,1.0601263611334988,3.5326478215836965,38.631414160478435,1035.6665014150767,14.953053891902327,0.3,21.52808057692467
istanbul,881ec9024dfffff,7.6608935018534385,1.0525987160853028,3.440657272973258,40.51475737678314,1360.5602545549839,6.9454339893579,0.2,13.692142974227917
istanbul,881ec90245fffff,8.53885878612006,1.0539325994826578,3.3629556915939074,35.486246556192995,203.19308447862193,9.569595563953381,0.2,23.56697756687312
istanbul,881ec91093fffff,5.539056266690224,1.0982087672079655,3.5115776382245474,57.84168531402304,48.74112532051864,9.890842203939311,0.2,13.979793802127142
istanbul,881ec90269fffff,7.071594428981361,1.0432939182730598,3.1968686429074764,43.84907477970896,779.715050011308,11.119330694633206,0.3,19.00334762567828
istanbul,881ec90247fffff,7.662239667242909,1.0378943910478495,3.36822829904223,39.615559796582104,266.63866128798276,10.211251942634735,0.3,20.555963321293724
istanbul,881ec90243fffff,5.955992189649075,1.104841928155244,3.3504476412455833,50.71922925928685,124.7537848981875,7.606241708103623,0.15,16.023993931885034
istanbul,881ec90241fffff,7.7007736049731985,1.0536967771280947,3.3720713113213403,39.593679339879166,608.7543235197797,6.751324609013617,0.2,11.148043956156128
istanbul,881ec90209fffff,7.040332451796053,1.0811980431677048,3.27967719703661,42.18972683520393,336.28400783841374,2.7098902875058783,0.1,4.3928567330099275
istanbul,881ec910b1fffff,7.734133485811399,1.057023896329871,3.51112870333864,39.328898428793956,187.94476234076504,11.282147884358041,0.3,23.11382221614293
istanbul,881ec910bbfffff,7.094518482156387,1.0750800572322363,3.4071284485354933,43.75062397402725,251.43312133639512,8.120417758683363,0.3,17.120387763182308
istanbul,881ec910b5fffff,6.742726965709957,1.047431556888459,3.5166188417621638,44.02892205331071,318.14273996713393,13.016004077523986,0.3,24.674028350723013
istanbul,881ec9024bfffff,7.7813538387708086,1.0781032920011615,2.7591655818827188,40.76466738921314,849.3623528715361,3.519760458956668,0.3,7.172640396526802
istanbul,881ec91545fffff,8.063859096967418,1.132974862862195,3.3109538466147383,38.68205058566735,8820.349436445764,3.4763454485412377,0.2,7.169820068653691
istanbul,881ec9026bfffff,7.272744447102506,1.0372268768199768,3.3454307050452594,42.473721688829166,189.1935911115913,14.82345277698235,0.3,32.60949673709516
istanbul,881ec9020dfffff,6.873972190486372,1.0701978914595556,3.40164777831918,43.3459978330793,281.3419420077331,5.761962773430577,0.15,13.87737058602457
istanbul,881ec910b9fffff,6.110781741359052,1.1052622938543657,3.49258430780875,48.15936013404821,141.2477075135998,12.455432123859683,0.2,27.608874470259043
istanbul,881ec910a7fffff,6.203214227365178,1.0789021731200994,3.4639039496537927,51.55711347335873,327.12823882578266,2.3232070379108287,0.3,3.3012160561992587
istanbul,881ec91085fffff,5.518438628445782,1.066831469894339,3.5521148118262746,58.81733109428239,305.14885523024594,13.420225372866573,0.2,22.969683806377347
istanbul,881ec910abfffff,5.819945594875082,1.0582982220857569,3.4166278888432577,54.08469386107409,219.29811236174166,10.028023397604365,0.2,19.366722433790233
istanbul,881ec91097fffff,6.875478826770063,1.0616319774120617,3.521928656444168,43.66035896105992,47.72161545104103,10.504623236282278,0.2,20.34081953115252
istanbul,881ec910b7fffff,10.139916225127823,1.1103455528671895,3.056410522696798,28.177184048745307,322.2727661993545,1.1067981102710716,0.3,1.2142227292739145
istanbul,881ec91095fffff,6.651212104874448,1.0373118147038292,3.5356743919033398,48.11926139706081,382.558313407597,9.443216935149746,0.2,17.52928373827673
istanbul,881ec91091fffff,6.66648161710622,1.0714856620390834,3.45124848921663,46.693270054996134,153.83812909834944,14.23286079851459,0.3,29.012258232644967
istanbul,881ec91087fffff,5.815235532320761,1.0398730173925668,3.0875382355834637,54.56080821728321,821.5697992271121,9.648452146222631,0.3,14.554796854613267
istanbul,881ec91083fffff,5.2203619756195,1.046840606400399,3.4243784672138347,60.27201677158565,173.2430311056546,12.495735547165374,0.2,15.693631105169997
istanbul,881ec910a1fffff,6.328562280676879,1.0526807570674996,3.5406709004735673,49.0654012177235,831.7658308714643,8.063659850064024,0.2,15.719891155350178
istanbul,881ec91193fffff,7.295570943436831,1.0401223616408446,3.1582416103372597,41.61693516560215,316.11322272552576,10.652967528483856,0.3,20.482193267126615
istanbul,881ec91081fffff,5.150186032260725,1.0574105636851054,3.38905837681047,62.34744054288896,601.4262050897343,12.310390246696496,0.3,17.117673087899384
istanbul,881ec91569fffff,9.640146867136364,1.2228019744045056,2.5365756336392713,31.789102088053372,3494.677145419308,0.5033012286493946,0.05,1.087438758570693
istanbul,881ec910a9fffff,6.592529084910429,1.0356929606281953,3.5355580210317235,48.13931819594712,635.9889612527495,13.392223832946653,0.2,17.389528934067304
istanbul,881ec910e3fffff,6.491592993520086,1.0795167387639721,3.5694452682323274,48.972640163752146,436.31462049486623,14.616440435524684,0.3,26.866239397309883
istanbul,881ec90261fffff,4.553064505905068,1.027135960743106,3.3051241122977992,66.11380264278243,127.20597075057682,4.303718829783741,0.15,7.368084253099316
istanbul,881ec9026dfffff,4.555062859397823,1.077907446585028,3.385964913818082,67.1432939213176,109.74223644960261,11.471197883262688,0.2,20.786318978026454
istanbul,881ec91089fffff,4.974285101416441,1.0845013143146391,3.5559166384575827,62.49070057485179,266.8389116823781,12.049148418173157,0.2,26.281581942294174
istanbul,881ec910d5fffff,7.547638016752696,1.0469067598512627,3.5374457824948324,41.02728432680177,426.04720952631396,13.486062989049424,0.2,21.184351416414597
istanbul,881ec9108dfffff,5.6119581830945275,1.0494952975813145,3.370585029491895,52.900429816869696,436.6667836981222,10.52408320374523,0.3,18.875254911435803
istanbul,881ec910d7fffff,7.094962701170429,1.0391235400313066,3.5099344285934224,43.53868982045423,1024.825144265584,12.295269503261462,0.2,27.217950287443337
istanbul,881ec91099fffff,6.233780778799923,1.0505533936974982,3.5109593022700527,50.25700299021733,1133.892411767451,7.121465736046879,0.3,14.978913657044595
istanbul,881ec91725fffff,4.5466542888192025,1.1765521142321225,3.5141531879291708,69.43265409162876,1566.7416577230308,10.05907197965061,0.4,19.540708773398677
istanbul,881ec98ce7fffff,4.499486181684853,1.098735019997672,3.4841624195248664,65.26318379331809,821.6473158057408,2.275578466515528,0.15,3.184896735999369
istanbul,881ec91665fffff,4.893083696294434,1.0718554092673525,3.229826166068533,66.05902193684312,595.9262181812625,2.4833993948705215,0.2,2.650058782819155
istanbul,881ec9154dfffff,4.795150933423672,1.182506327661283,3.4741328178643625,65.17000285054202,60.02052252538835,8.029229839870842,0.15,19.092628343970585
istanbul,881ec91549fffff,6.632813110807652,1.0504008143242864,3.525060472846521,47.48137173078233,91.69374196894331,3.8266249790945435,0.15,4.264111099832307
istanbul,881ec91723fffff,4.665008411450815,1.110552990799844,3.4653676630430104,64.55215876935803,1289.740681912046,7.015974290601142,0.15,7.789715500939099
istanbul,881ec91735fffff,8.798555154303026,1.0374932182381862,3.0566847678675986,34.829765515915675,0.0,0.7210495943240326,0.3,0.7607892101931872
istanbul,881ec9173dfffff,5.576502402728549,1.0916787526274512,2.845326737710068,55.893154737242575,50.06873710556512,2.6933647711352617,0.2,6.155358242055723
istanbul,881ec9172bfffff,5.203009614248489,1.1134987857293748,3.4810721360128456,60.95119039587536,8.877446036135925,11.567465564651823,0.1,12.157684437981759
istanbul,881ec91707fffff,5.809828207494894,1.0993511651507821,3.4940677134328304,51.58703577075141,627.097969676661,9.3093359998917,0.15,17.509732906945395
istanbul,881ec91739fffff,7.3925668815304695,1.119612381937343,3.285450824506959,41.530573720841076,952.9344782780121,0.23707821667701162,0.05,1.3692218397787301
istanbul,881ec91703fffff,5.472172078426055,1.1018971041149648,3.504850607252545,55.71426563548035,85.23548477085492,3.191606160688293,0.1,12.072648489414325
istanbul,881ec910d3fffff,6.58696664602894,1.0774986984068828,3.5498222339334715,47.60947367213562,610.7682334057763,7.83687175888239,0.2,13.374970449624096
istanbul,881ec9172dfffff,6.054789502767111,1.0598470498340857,3.2482110694733914,52.49681144354865,1018.1279064853406,10.484662054576237,0.2,15.822638748181692
istanbul,881ec9108bfffff,6.055882281349572,1.0329265148294309,3.4243218697365196,50.20244555261744,1479.4712474737296,6.699575838787949,0.3,14.178075969954323
istanbul,881ec91765fffff,6.945591476306188,1.0597080016048792,3.439544283723036,44.88810810306987,1111.2531603593723,11.675928553208543,0.3,28.097805456289297
istanbul,881ec910dbfffff,7.782415279324845,1.038621897728898,3.4903877139807564,40.01297110082124,1700.4359805710358,11.602690626174946,0.3,26.380792535690063
istanbul,881ec9176dfffff,5.996091696849969,1.0299242629130325,3.5120161730734374,51.19509922515761,219.32504826318578,6.437743199305141,0.3,13.461033953102923
istanbul,881ec91769fffff,3.797441591281475,1.2447409711763124,3.5005808984665583,86.04021033989578,365.71675817986227,7.194675693732933,0.15,14.298846776041746
istanbul,881ec910c7fffff,5.280159760380868,1.0815647164536608,3.5297092349815915,61.33212460729544,176.02059246823362,8.91862289082751,0.15,16.612900341888675
istanbul,881ec910c1fffff,7.604937435742984,1.0323194604892316,3.512832942261513,41.98952769704677,192.1141500874859,9.035352014623733,0.3,16.1364468845627
istanbul,881ec9109bfffff,3.1428957164975464,1.1115410511349904,3.4398988112325948,98.12963673416611,388.9296312118519,9.588874816881695,0.1,19.90602975099656
istanbul,881ec91729fffff,6.088623470782332,1.0435816403647338,3.361158602548357,51.35624222006424,255.761197611606,9.665131660107019,0.2,10.24064120294584
istanbul,881ec91721fffff,5.8063894559969595,1.137549379440434,3.431335424812704,53.07534104703226,138.96317093614888,10.709868708374037,0.1,14.520784361154407
istanbul,881ec91705fffff,4.039613721885083,1.1045604930363462,3.5090186056796218,73.58006074471152,212.19537916111534,10.724636069058153,0.2,19.650945267468614
istanbul,881ec98c0bfffff,4.100425437337814,1.1472498182292004,3.504113137527948,72.50401253249377,183.65976983824666,8.030627404764795,0.15,16.530221170783296
istanbul,881ec98c09fffff,5.44734885949517,1.1910178258706399,3.5048234100735196,57.17926607420021,675.1091005452738,5.424442866016089,0.1,8.597600564719256
istanbul,881ec98c33fffff,4.598907836167808,1.0637750063235945,3.438817949775311,71.27296076690017,0.0,5.863783981942783,0.1,7.1333705498510165
istanbul,881ec98c37fffff,3.6799331963792383,1.1392723309171016,3.4613285337291146,82.70471496232882,319.7410498692822,1.447981687776702,0.15,0.556187366939005
istanbul,881ec98c31fffff,4.108072992770609,1.2001605965074555,3.550030907644328,76.36804184058393,3572.148355905976,5.191467208336348,0.1,6.457128902648151
istanbul,881ec98c3dfffff,4.053332170660388,1.080198291403748,3.160822352500481,77.90860960520801,692.6955017360038,6.132280269660198,0.15,13.418974981727468
istanbul,881ec98c39fffff,5.066280634198836,1.0802135345049666,3.0746313726900953,51.49133734449047,3931.8851912889672,0.36793407178937115,0.3,0.8216782914835241
istanbul,881ec98c03fffff,3.982746375167201,1.2008398728706258,3.3877135149692723,77.25631479091881,1970.6130784082054,5.350559108697216,0.2,12.407995504417304
istanbul,881ec9170bfffff,6.239560820013498,1.0950173799776322,3.4551986318948114,49.0910041815481,270.28113111422437,3.1940898424179447,0.2,1.8521096409837625
istanbul,881ec91755fffff,6.8727873261176855,1.0553801390695585,3.464662206295975,46.179277429222985,11.245752329266862,8.58959842499051,0.2,11.396144383816319
istanbul,881ec9175dfffff,5.626401425618015,1.0887002890841933,3.5388433659855907,54.753383703899885,7.371889871507049,11.0022860737661,0.1,15.901063205786613
istanbul,881ec91751fffff,6.886698047650453,1.1453640705471166,3.0706673323334885,55.002829537024695,86.90253452642389,2.2346075283193496,0.15,1.5495460495961053
istanbul,881ec91759fffff,5.617921865459347,1.0671500205227706,3.4622427313837423,53.17425566133186,2821.61516212133,3.1876484802021636,0.15,2.608200352799951
istanbul,881ec98db3fffff,3.189248089174047,1.1208313173400002,3.4443097946642043,91.95560287853989,1083.6543936465093,6.192728112557349,0.15,5.059404832817627
istanbul,881ec98dbbfffff,4.6923150600205465,1.0747404782583454,3.21926235132534,61.87192823405384,602.4408336418162,0.9471051599758866,0.15,3.375949136078133
istanbul,881ec98db9fffff,4.815139192197472,1.0785140390584766,3.4768260316649804,65.6232597852106,765.4284781128067,4.345943695565788,0.3,16.34943514830932
istanbul,881ec98d83fffff,5.427815926846388,1.080246931638899,3.258022452283523,57.57380209862159,505.5988225462439,3.800543505618238,0.2,5.5401273717599935
istanbul,881ec98dd1fffff,5.497745757387626,1.084913184945872,3.357384464785589,54.07621785671021,191.31862389475813,6.356329595070206,0.2,10.733624606649894
istanbul,881ec98d81fffff,6.014996005721041,1.1047069135975343,3.4814766105103336,52.47826687770612,66.42596168200222,7.5045966470016845,0.15,12.992621311054855
istanbul,881ec98d8bfffff,6.697852536488029,0.9996329369521002,2.297927404499866,48.81013356775046,0.0,1.3874040443740656,0.1,1.915244292736677
istanbul,881ec98dd5fffff,4.782801348993583,1.13803414851875,3.3473276230479057,62.412682631985156,12.460478444364073,9.767222431895815,0.1,11.795874917603019
istanbul,881ec98ddbfffff,4.9527934110758745,1.1291506684681245,3.5041467834883235,62.76878585735583,163.2775827136696,5.900371691520522,0.2,11.247023296393756
istanbul,881ec91701fffff,4.403050349276068,1.1075589578000689,3.4930744498157056,72.13702447710912,320.6312528178985,9.241172353244671,0.15,14.54070316734332
istanbul,881ec9109dfffff,5.902179229150765,1.0708781131003486,3.5445275783991574,53.85115965474198,375.5680731483231,14.114978038087997,0.3,23.014372299356424
istanbul,881ec91727fffff,4.080565903972613,1.1480681976748799,3.522099059090355,71.26862630682902,87.35978865927852,9.274483546231817,0.15,16.202549574034848
istanbul,881ec9170dfffff,5.808641019297301,1.0407023636910173,3.5095413149529064,53.828800104842,166.91587834755663,9.83489595922658,0.3,15.771523843093796
istanbul,881ec91763fffff,4.466379085740205,1.0694290087443474,3.5122566575149547,71.11959211829557,164.81571592630726,10.454117074376299,0.1,14.793546757708171
istanbul,881ec910cbfffff,7.002810873560147,1.0663212220192553,3.502424651820062,42.53339335577269,893.721857242762,10.692321763734679,0.2,25.205782781324913
istanbul,881ec912b5fffff,5.177977973199508,1.0702138985351286,3.490760611255083,60.55632597450924,455.1719733392549,10.107193792262006,0.3,17.052980625944993
istanbul,881ec912b7fffff,6.736962086352093,1.0862121579198571,3.4988825531716654,45.71463110547619,735.0148693163336,8.53945597985639,0.2,25.966843026171457
istanbul,881ec910c3fffff,5.41173914654301,1.038223797498435,3.5231069195190625,57.71632197236825,379.7631399462511,12.88725555237383,0.3,19.393472175016345
istanbul,881ec91745fffff,7.2103318971789285,1.0724602940981718,3.125524993274539,41.68790866688864,317.4418274672283,13.024546775104547,0.15,27.765142774604698
istanbul,881ec91741fffff,5.248946726740504,1.1028016006733863,3.5347817280587805,58.10190841447372,970.1348176823534,10.634252785710258,0.3,17.222574319016022
istanbul,881ec9174bfffff,4.944734717370249,1.109367894205309,3.536475231867899,63.14694635938815,609.3017652412403,4.391847020928975,0.2,7.688920571295689
istanbul,881ec910d9fffff,6.862318477303849,1.0267222376540295,3.5685281790635566,47.0666842772513,1740.3213489325572,8.795466881718438,0.3,16.41804359061506
istanbul,881ec910d1fffff,7.514027725821349,1.0261276307413596,3.5597038421791485,42.5049349783952,1705.6460064248915,9.957091687631962,0.3,20.349726671309487
istanbul,881ec91743fffff,4.4758864151534254,1.08252923878906,3.5165556293556133,69.04891890551747,106.46850159625902,8.971840115622735,0.2,12.800952660955943
istanbul,881ec98db7fffff,4.745773709159141,1.153844710225017,3.4975801148879597,67.89666806075198,0.0,12.362036497964219,0.15,20.400803550789576
istanbul,881ec98db1fffff,4.609059280740024,1.0750422051313666,3.5113061988491236,65.83096136053317,1036.995714572177,6.54169366081618,0.2,9.029644148192748
istanbul,881ec91747fffff,4.76012962603222,1.1921600473905376,3.537868819697174,63.64441492681733,329.46074606873543,8.49274302091358,0.1,21.558561041329078
istanbul,881ec9176bfffff,4.945695365357024,1.1938590916769236,3.3130589184397117,58.19013837574749,299.0999747981237,3.528430082053267,0.15,10.189343483209754
istanbul,881ec98d85fffff,4.170388591353634,1.0454275035935932,3.404496675622253,74.47892535722754,5.939210738889735,2.294047205057201,0.1,2.21055262132531
istanbul,881ec98dabfffff,6.166635033546178,1.1552848967741487,3.4913752883192064,49.647728238230926,93.7862823642437,4.523654023786753,0.15,7.867247587323332
istanbul,881ec98dbdfffff,4.251913040391356,1.136208838086433,3.4871881426592735,73.34479024867093,104.51429576594285,9.498036546212345,0.2,14.492008512609555
istanbul,881ec98db5fffff,5.144914718045903,1.1052067614497019,3.495288125770007,60.58182278416736,198.13053507160618,7.565871621949477,0.15,12.57558390859681
istanbul,881ec91709fffff,3.8905129149363797,1.0758058768474763,3.5266798656185876,81.29495433704632,78.53274906500532,13.87058521850615,0.15,19.992038303016226
istanbul,881ec91749fffff,5.848981530594116,1.125649441113403,3.522211817754341,53.4735758372346,452.6035112886967,8.130979641026999,0.2,16.81162475861361
istanbul,881ec98da3fffff,5.923547848531264,1.079375418197329,3.4610624493091477,52.89622728565011,12.507906651456267,7.292846572647793,0.15,9.479188600416526
istanbul,881ec98da7fffff,3.4072520445372247,1.1268201242612634,3.0978926641061295,94.51425785227565,1.4897455943386397,3.292929280093066,0.3,3.970850407007857
istanbul,881ec9174dfffff,5.079030927670844,1.075067449535863,3.4561811819522785,62.848414214009544,737.0414187989977,3.5193071642816656,0.15,7.518282579025135
istanbul,881ec9129bfffff,3.3096275694652344,1.3431906160534575,3.459265511421954,97.75402367009566,3.112562331557364,7.447779307910152,0.1,9.477559980132693
istanbul,881ec98d87fffff,5.341858474562722,1.0737893819022217,3.513169793264392,61.26570534040917,701.3095992563673,5.288634930954226,0.2,15.086272817492038
istanbul,881ec98d95fffff,5.496938035004528,1.0131741153416727,2.833536701190984,55.366792230304966,478.73016068271306,0.7276551635281423,0.2,1.9499803703986007
istanbul,881ec98dd9fffff,4.299734252150159,1.1711583426460794,3.5121463369898227,74.75545058809978,11.862208196016141,7.173836954926205,0.15,7.427844374696504
istanbul,881ec98dddfffff,4.444016705047341,1.1150401031081023,3.510951041886631,69.88250198485066,0.0,6.449314684845325,0.1,6.9071020544258666
istanbul,881ec98c3bfffff,3.0626868100390974,1.150541109173173,3.4815427892983006,97.67413963606711,797.9232787708903,1.905225749377485,0.2,1.050426656325465
istanbul,881ec98cedfffff,1.345299310656282,1.234055035860162,2.719376803555236,247.77633549126105,246.58481839166407,0.6412353999872754,0.2,1.5063433996981623
istanbul,881ec98c05fffff,5.0850137195013385,1.1523026800379186,3.494613762265084,60.93575593341048,1346.0797766253895,3.012533952958391,0.2,9.198117454849632
istanbul,881ec98c57fffff,1.0181448240564277,1.2796717410755067,2.5993019270997944,245.54463578566936,975.7980524762044,0.0,,0.0
istanbul,881ec98c15fffff,4.976353247015979,1.0946884880853134,3.321574479294698,60.664261049766495,5352.007290564792,1.819899498845455,0.3,5.494846222945581
istanbul,881ec912c3fffff,1.3438243561332965,1.5281218851141378,2.6653941599833866,236.77336753841155,0.0,0.0,,0.0
istanbul,881ec91281fffff,3.0538318607246224,1.2716716783723572,3.411300263615025,94.26805436841535,2.70880949935628,0.3024983032562173,0.05,0.0
istanbul,881ec91287fffff,1.704454366705944,1.3391467830785337,2.252728336819822,146.67450468806277,33.991016580216225,0.0,,0.0
istanbul,881ec91283fffff,2.9878166601591367,1.105505277382056,3.1784535115622066,106.81677374180457,6.384817534198923,1.6039249075745743,0.2,1.0014602440366742
istanbul,881ec912b9fffff,5.435260537358387,1.0619422651610826,3.496057608377373,57.4217019925436,522.2381924016264,3.5680750788952285,0.1,9.409523901522933
istanbul,881ec912bbfffff,5.958102417380882,1.1252163250536615,3.4898502762140575,54.228576914377655,521.6977562807853,10.646690625664208,0.3,18.853695497859807
istanbul,881ec91295fffff,4.573100961845148,1.1730454198564464,3.4734469238334076,71.78560697036816,604.749859089902,9.616711893027782,0.1,22.562314362187447
istanbul,881ec912b1fffff,5.173212111109059,1.0585429261430221,3.4615018072880286,58.84700602681803,333.7017122031184,5.631615764624475,0.15,22.551264748419026
istanbul,881ec912bdfffff,4.005750373229105,1.10880841252002,3.392800690756702,72.50605989121044,377.401940183867,5.401083370075726,0.15,14.099457626350743
istanbul,881ec912b3fffff,6.495252753597925,1.0197108558307972,3.5311237757701455,48.1923821462793,2528.9951275664007,13.585655665760983,0.3,22.697847238705968
istanbul,881ec98c55fffff,4.802181579055419,1.3149870933551038,3.481162282131581,65.24812279067656,301.4971056592622,3.0663619411041148,0.15,6.881952290354504
istanbul,881ec98c01fffff,4.06855205246379,1.0951422978277823,3.4475782695360633,71.54778571277714,677.8970888616376,5.8631947211963675,0.1,10.275835845614624
istanbul,881ec91761fffff,5.844943143992378,1.0841695278049124,3.446462542655002,52.96931747314634,159.66310528321296,8.648093155203352,0.2,11.978486102317166
istanbul,881ec91767fffff,6.198470569832792,1.0616483241504069,3.5077637270934363,51.19932560427221,422.65759242410434,10.340933065991187,0.3,16.2104423239355
istanbul,881ec98c2bfffff,3.4771896077211886,1.160916980462303,3.2633703011623405,85.21142926412841,872.3274880595959,0.49247407998754456,0.4,3.499388041215289
istanbul,881ec98c29fffff,5.125123308416851,1.0931236328964171,3.43588827600967,64.1481391770118,42.469483157997345,1.6186561365047565,0.2,3.7435852898270676
istanbul,881ec910ddfffff,6.451318147498155,1.03591322809688,3.561962332962588,49.14173789897374,2051.812385692405,12.924833802390284,0.3,23.34410726573559
istanbul,881ec910c9fffff,6.285077219021335,1.104579698428754,3.4818972797233756,50.889325761753746,296.5672000737273,8.646853351375242,0.2,24.008220898152427
istanbul,881ec912a3fffff,4.898859021844714,1.147889712188398,3.3722424359626966,60.88062806158897,437.4786527261815,8.236398795844407,0.2,18.48479964499703
istanbul,881ec91297fffff,4.91804801232422,1.1011557639437175,3.3938196291375737,61.47267790752473,1541.8711934625105,6.907335448125386,0.1,8.989070733479696
istanbul,881ec91291fffff,6.026142156205967,1.0664941292090784,3.5506685792011003,51.661701076263284,614.1412235489194,6.328508201541526,0.3,5.974496745656419
istanbul,881ec9129dfffff,2.7662290900266013,1.1821424996809498,3.3502760487563665,124.51768571385102,44.907666273981924,5.040558994963266,0.1,5.298989444936099
istanbul,881ec912d7fffff,3.0579136065027357,1.19066067581266,2.852305588159818,102.66918192340768,23.59150674603102,1.6970744385308438,0.2,2.102233919795931
istanbul,881ec91299fffff,4.32987632996266,1.0728864230481012,3.468205097174313,74.64518504903583,28.651876225698143,2.9141277303422157,0.15,3.442822794837742
istanbul,881ec91293fffff,4.971037626982258,1.0635079885460128,3.3627035907260048,61.507358951347726,1395.691156730715,6.358646075976093,0.15,9.254177353624204
istanbul,881ec98c07fffff,3.9919241146756868,1.155674916379551,3.5197071926720915,78.5609792287095,853.2203784583518,8.516073082505056,0.2,23.881832121854544
istanbul,881ec98c63fffff,3.4553843367086534,1.1986991884786347,2.936120406998092,72.35085178343192,1485.0297422191718,0.07263094605550095,0.05,0.0
istanbul,881ec98c0dfffff,3.1024701152816787,1.1823321335650931,3.398814663618069,94.90645630851189,0.0,8.773738212202952,0.1,15.961489433543932
istanbul,881ec98dc3fffff,3.3627017473169745,1.0945144683255923,3.462670157484169,89.40219323116399,0.0,4.102880256390155,0.15,6.345951964767391
istanbul,881ec98dc1fffff,4.646209326728031,1.0265146420020022,2.893663673652251,73.37359704134705,0.0,0.8735775037211879,0.15,1.3498587623473963
istanbul,881ec98da1fffff,2.847258365845195,1.1380623786868465,2.9950866225487456,113.29517862898042,4.290613808879248,0.33099022926790633,0.15,0.0
istanbul,881ec98debfffff,4.8657865891465315,1.0224747544472617,1.8884155976469286,58.71903349637053,1.7344781711280233,0.4030362523905667,0.3,0.8847492295339627
istanbul,881ec98d8dfffff,4.871675682592812,1.0563902619885375,3.1837290051861453,60.542581124313145,13.762672327191353,6.216370382812762,0.2,7.328024397573985
istanbul,881ec98ce5fffff,3.03560380269769,1.071764875402582,2.7398857132544965,102.94492308985993,0.0,0.18826789940236613,0.05,0.0
istanbul,881ec98ce1fffff,1.46078947556551,1.5174130120282447,2.4311306291469954,184.30497599699845,0.0,2.621061838400324,0.05,3.0039151104100084
istanbul,881ec98d89fffff,4.196751761629488,1.1298246216050787,3.547711885187769,70.40076760218676,0.0,9.12241098782122,0.1,11.65606880087035
istanbul,881ec98dc7fffff,3.5707358549300516,1.1098442113533187,3.4051396003302545,90.5226083262479,0.0,7.390533192535617,0.15,5.9830538138723846
istanbul,881ec910ebfffff,4.870946380863437,1.1575967801544125,3.494730673475609,64.42891436189703,150.09924586198497,8.367317144306309,0.2,19.80788366375563
istanbul,881ec912abfffff,5.28398457657097,1.1327197869102055,3.4593354911115433,58.44519887152566,114.65874264811399,0.9055845770878643,0.3,2.5805947427259657
istanbul,881ec98da5fffff,2.5360947342365865,1.1819309723157905,2.4849066497880004,131.43567897264418,6.359953696752096,0.1971840100200171,0.1,0.0
istanbul,881ec910e7fffff,5.819092539955337,1.0405255632773658,3.4912619372372227,53.72677636156716,149.004878982933,12.609554865077897,0.15,26.37011363910373
istanbul,881ec910c5fffff,6.0248790705920525,1.0551493010214088,3.493826894244787,53.512173075536396,340.3098482861436,9.69199207157408,0.2,22.403255473271024
istanbul,881ec98dcbfffff,3.2960522008471207,1.0603208937932473,2.0794415416798357,37.92415665257779,0.0,0.0,,0.0
istanbul,881ec9128dfffff,2.4431692777595333,1.0139268030780255,2.9085528555967515,116.9441218482802,8.172567561793473,1.8466351982080722,0.05,2.068784109793768
istanbul,881ec91289fffff,1.2599918043344511,1.2613334641944896,2.579843965218024,277.77958459410445,53.45542383587532,0.0,,0.0
istanbul,881ec9c589fffff,4.976693164657991,1.086877234497506,2.926047287563619,66.02203867113607,159.68769477345361,2.937988592553974,0.2,2.019874246918067
istanbul,881ec9c58dfffff,6.490995381519273,1.03054504025341,3.4874783098916233,49.96108758270531,173.0613224223533,14.029026497446432,0.3,21.7625857821448
istanbul,881ec9c5c7fffff,6.231041046170612,1.047509696343583,2.5725830379524677,53.71395808036157,62.58362974790713,7.7869455658955635,0.2,11.555551031666571
istanbul,881ec9c5a7fffff,6.544137963016318,1.0571215203120368,3.418413874356241,43.716871566882425,167.21961481255659,11.304423693616997,0.15,20.54682443236865
istanbul,881ec91b4dfffff,3.6361062517076768,1.1683107428584099,3.3046022657077723,87.18400600352864,207.61751049100778,7.492589361767413,0.3,16.1645382997632
istanbul,881ec9c5a1fffff,4.930623970115736,1.0457857134832926,3.4407548697289694,66.50244527102747,480.0333989343648,9.047404962790331,0.2,17.060897174014205
istanbul,881ec9c5abfffff,5.3912722540808184,1.0083921965040674,3.2155202044166664,59.11983346482201,251.99015041710288,14.36111817413575,0.3,16.219580377570562
istanbul,881ec9c585fffff,5.719392896273322,1.0354127595864355,3.5046494235595036,57.72352881806269,207.03974526897247,7.27692975712276,0.2,13.93137379890617
istanbul,881ec9ce15fffff,6.745370613848523,1.045030983468958,3.516155708912455,48.067348774817646,151.82674650324702,5.992105993113897,0.3,9.606982020803311
istanbul,881ec9ce39fffff,3.9740231879996593,1.204046530672032,3.368061740922567,82.38023204533461,497.8825140652969,3.5263039436760164,0.3,3.962916162523592
istanbul,881ec9ce21fffff,4.780548899547864,1.0688528515880347,3.376099350655797,68.13113560723473,2138.7581857830983,12.33931341356731,0.2,14.27103148629989
istanbul,881ec9ce2bfffff,4.481991977511662,1.0186821364378271,3.327847140738591,73.56767512841266,0.0,10.300945678913164,0.1,11.87153968496964
istanbul,881ec9ce25fffff,4.894841852767673,1.040036925108371,3.4883301387477337,67.9286501998008,1703.8928813966183,7.07249726895033,0.2,7.3365536504263655
istanbul,881ec9cf53fffff,4.844466157211784,1.038573148332283,3.3054200754658005,74.91088058613238,0.0,1.5996966064276137,0.2,2.269472979801285
istanbul,881ec911d3fffff,6.754864855039898,1.072060057744686,3.545871668554208,46.06609006156352,247.260667904426,10.97072354586248,0.2,23.96842914576577
istanbul,881ec911d7fffff,4.7036282615442335,1.0455827705729552,3.3904370393303025,62.67452942050479,347.0538878950167,9.439470148977767,0.2,24.58279710822862
istanbul,881ec910adfffff,7.832668621860625,1.0413813488242334,3.4843356256754436,40.10000100002456,223.3002276483385,7.086319974254586,0.2,14.314978793141435
istanbul,881ec9ccd1fffff,3.7908610663016375,1.2864338458271902,3.2557160413648427,80.28461628214676,150.85957488261712,3.1517175116414444,0.2,9.125264443304753
istanbul,881ec91819fffff,5.4160503444935015,1.128272902791017,3.425793517292865,56.9622914623635,19.797046031018166,6.7232861356713105,0.2,16.87535687955593
istanbul,881ec9cecdfffff,2.9349340226286365,1.2378494868309708,2.8349946874990812,98.63038895547739,50.082180545627125,1.9503718122165217,0.1,3.996589577160624
istanbul,881ec9cec3fffff,4.4763110829496355,1.1698265362357543,3.327124086197449,69.24649373290939,302.92500521628426,10.980837343786298,0.15,15.105452960486733
istanbul,881ec9cec1fffff,6.791411852057613,1.0656955833920592,2.8978042883313324,44.72388427819829,12.194885456431125,3.6824257558205455,0.2,5.757219374861322
istanbul,881ec9ce11fffff,6.81956680168572,1.0281096474320666,3.4038390800140426,46.696863629763556,1058.4715071568012,2.6103683032347686,0.2,3.6137887225562064
istanbul,881ec9ce13fffff,3.8938611379400245,1.0539429311225632,3.471679568405457,80.42348806062267,55.63620891199121,7.9164544110514585,0.2,7.175450161772567
istanbul,881ec9ce17fffff,5.825120016149534,1.0153189827138438,3.0810470694523464,52.36873245166075,139.47342404939155,6.825852593963634,0.2,12.195956748839768
istanbul,881ec9cee9fffff,5.469469994855256,1.025778001693198,3.4657715210032096,57.33441274368215,108.64457633444887,7.587382228416448,0.3,9.702866272403734
istanbul,881ec9118bfffff,3.156628313738513,1.1481937183590023,3.3420087888877874,101.67365747468618,166.12781498540684,8.144964759996816,0.2,30.365048036405863
istanbul,881ec911d5fffff,5.949216021383162,1.0548785849419935,3.4079034396840973,51.8427826347061,439.6452863011718,12.092870786677363,0.2,24.197477780275086
istanbul,881ec91183fffff,6.73526442771794,1.074981270490289,3.508758246270742,46.53794687871859,132.83984487257007,12.36021450180504,0.2,21.893224198840798
istanbul,881ec9119dfffff,5.390629918523178,1.102999429499492,3.321746058561226,58.14400924535439,342.2473019720145,15.679030002399358,0.15,31.58239030011148
istanbul,881ec911cdfffff,3.28606978489769,1.1286849917194295,3.3106222540077272,100.26965619291072,254.14883240621666,8.696570020239728,0.3,21.457956237010542
istanbul,881ec91027fffff,3.8696027199636673,1.160255435283819,3.4379525651700322,85.43540947771478,188.4967770704583,12.920213294878817,0.3,21.27161018349745
istanbul,881ec91113fffff,5.851873101402988,1.01857994239557,3.341385400252183,52.72395889361369,262.00307499875385,10.59114145925812,0.3,16.4578063866214
istanbul,881ec911c5fffff,6.130032932964694,1.0792635591615183,3.474992891898144,50.43232052666475,604.5796111970785,13.679429740257682,0.15,21.95794555256046
istanbul,881ec91ab9fffff,5.754614592111737,1.1362388928760196,3.1992931896706462,53.58018828159022,157.78774490133057,12.943649281973348,0.15,27.990166601445164
istanbul,881ec91a87fffff,5.726773811918816,1.084525676585128,3.4685968022658535,54.46018969174424,239.62743100191406,9.40379053636868,0.2,21.3424038455915
istanbul,881ec91ac3fffff,5.931490795620646,1.015815252499462,2.773255952988091,55.05034459228747,560.1314421930612,14.963064406198459,0.3,17.05059519722814
istanbul,881ec91ac1fffff,5.910902041821524,1.0030972183233275,2.9534092464949766,54.88761545694227,1600.2284978413502,16.36007693582161,0.3,20.42935430766796
istanbul,881ec911c1fffff,6.1875771492066685,1.1021025280212764,3.361931604112981,50.74377823220922,1291.6916312314588,10.716894880315639,0.2,30.91656121695136
istanbul,881ec911c3fffff,6.396718310082335,1.0275881062595988,3.4468721755384033,47.514983112119566,446.3877980618817,11.967412850997817,0.3,21.863697267297255
istanbul,881ec9111bfffff,6.076132560524011,1.0399535725547446,3.4703624422364023,52.39781476206177,946.675931441209,10.358784466410858,0.2,21.60407924967179
istanbul,881ec91181fffff,4.401722288025328,1.1459162348697212,3.4594542804541217,72.55870293788419,286.0244002986743,15.637946246525082,0.2,28.982488931470527
istanbul,881ec91197fffff,6.747895303347982,1.0230597156912289,3.4156352651990365,45.89502053820374,1696.9202843952287,12.795168439940156,0.3,18.925748058165343
istanbul,881ec91195fffff,6.1845265957161395,1.052364421418191,3.2887131542779042,50.32721505565114,1025.7805822815399,9.378245552037066,0.3,14.643530252846194
istanbul,881ec911b9fffff,6.8382238568747935,1.0267108867890113,3.417707411546811,46.58871623165307,247.60893555916184,8.71128346307578,0.2,22.1089459175021
istanbul,881ec911dbfffff,6.804653914786408,1.0476354924008195,3.5247425550316676,45.277628430125205,467.4900452969947,6.729422762503887,0.15,16.04552253658233
istanbul,881ec910e5fffff,6.292162900990005,1.0543536308020953,3.4684498395148196,50.43987123646898,143.38673640563186,9.207755094099628,0.15,16.947676210499115
istanbul,881ec91a8bfffff,3.9173866680525444,1.155788737721064,3.3637799009535865,82.00774288310156,481.5896510480912,8.173342904884919,0.2,15.195289047467718
istanbul,881ec91ad7fffff,4.737614109517541,1.070511000418927,3.4512673803374265,65.9614719088685,1030.3182064504567,12.21210033995222,0.3,20.72018110054885
istanbul,881ec91a81fffff,7.4180509169567,1.1535473684387942,2.997881049810881,42.356058119279524,207.401904159533,16.854594444994902,0.3,29.18113908690156
istanbul,881ec9ce9dfffff,5.469022064679481,1.075567261528959,3.352673948720878,51.83094227390845,226.7411403957715,11.117203838565372,0.3,19.502923438807553
istanbul,881ec9ce83fffff,6.178470604936985,1.078629558741589,3.4822879873454506,47.08037588885254,34.979083887670704,9.652563296008816,0.2,18.53999640821344
istanbul,881ec9ce8bfffff,5.786179889439486,1.0890121841927762,3.2515736698859268,48.900266123858415,95.94354871430458,8.571159030009353,0.15,17.693942474479012
istanbul,881ec9ced7fffff,6.2319388405724165,1.0730020255874801,3.0185454794875515,47.447173756780145,526.3291444326827,11.855130536894393,0.2,27.886496758083876
istanbul,881ec9ced5fffff,4.460158754838045,1.046630426060418,3.079725526380486,67.79600660020277,700.9300678588937,7.341707939655514,0.2,10.342346204957355
istanbul,881ec9ce99fffff,6.552352438733832,1.0869290130985159,3.153760563758232,46.98331516015179,908.7787856947468,11.612991803892031,0.3,19.251210549786475
istanbul,881ec911bbfffff,6.1916799028449425,1.0265206633820165,3.248145026398114,50.25098509774122,449.91220049740633,10.53629745437606,0.2,21.824409517375106
istanbul,881ec91ad1fffff,4.946202176185188,1.019860307168042,3.4230403691410047,66.90693991279565,1069.127078369477,9.673810555769938,0.2,14.274847443590065
istanbul,881ec91a99fffff,5.686959921153738,1.043877766472243,3.249845151089847,53.01734878892452,306.99478486889166,8.983102562393809,0.15,22.840800713671797
istanbul,881ec910a5fffff,7.374222634283012,1.0531460329574123,3.3937105767565763,42.411114973676376,221.9233872783003,4.095559166225074,0.2,9.716391032190927
istanbul,881ec9119bfffff,6.825907375756621,1.0433313149814432,3.44945144280572,44.5762720651885,688.6567807902629,10.845977715564652,0.3,22.246625154459103
istanbul,881ec911e5fffff,5.746099060538767,1.0130468132543675,3.2233418147442308,54.168623768297905,336.2318709857091,12.503411343613024,0.3,15.666209129002793
istanbul,881ec911e7fffff,5.292306044971749,1.0299294901601377,3.3843188878058177,59.90632511086817,2865.1713171487772,12.797248623586967,0.15,17.61435869943586
istanbul,881ec91adbfffff,4.716425568316281,1.0636817786242632,3.075284503282717,68.19705660662831,175.63852869479382,14.52715923373965,0.3,16.03564353491448
istanbul,881ec91ad9fffff,5.903637240385794,1.0154091869156703,3.4626153453083726,55.115108922784266,190.42252338970727,12.451603591276616,0.3,8.762978769124082
istanbul,881ec91133fffff,6.707948332076857,1.0142604029494378,3.3915038291443693,48.83107466061969,128.56515016294665,14.032114521977102,0.2,16.005279039841703
istanbul,881ec911d9fffff,6.889644354337103,1.0591411350783957,3.5198078288900865,44.45287527320565,885.3871055133956,8.253749723323853,0.3,20.2134824545719
istanbul,881ec9c4a1fffff,3.580290701298953,1.0434721220260346,2.7362687190493244,83.79207864075345,0.0,6.03136041907936,0.05,8.765638626498362
istanbul,881ec9c4a3fffff,4.889636789837191,1.0472177571750247,3.2914517068401032,62.29454543178191,130.99974325096161,6.302534677965084,0.15,13.51332517633939
istanbul,881ec9c4a7fffff,3.5953419381451237,1.0544664837040711,3.2556826309136233,94.819657427346,0.0,1.9151069232258855,0.2,0.5993242141864914
istanbul,881ec91a49fffff,4.517864129818011,1.1105053555975977,3.4681497423950924,70.53174699031258,31.565358391295323,6.223174902078076,0.1,8.533559222030966
istanbul,881ec91a4bfffff,3.552327267435744,1.3712131415620674,3.3633485629375928,85.14675395344622,196.99642846783615,10.874580405145863,0.2,18.608739446029706
istanbul,881ec91a41fffff,2.382092874704148,1.0935397464791805,3.2174098771508546,127.58594421520928,41.491080897475804,5.745283879528099,0.1,8.482235537554002
istanbul,881ec91a43fffff,5.979669397506668,1.0580132223584875,3.3246185780477386,52.03697308360915,267.1394355822717,8.42252266447302,0.15,15.236583305753184
istanbul,881ec9c4abfffff,3.563362420117232,1.1098764917973596,3.3134568736401047,89.67621995910766,70.81541095768088,8.654198491799495,0.2,14.46875531965572
istanbul,881ec91a09fffff,6.4516193849324575,1.0662297207296072,3.4425810221381643,45.85073927570271,260.31513831039575,10.0728378540493,0.3,13.722529260222128
istanbul,881ec91167fffff,5.689561561732698,1.0855389847723305,3.2556039339581293,55.02293567355658,568.2934704214824,9.536704882357244,0.2,20.347323116035984
istanbul,881ec91163fffff,6.189111052095431,1.0402630587636523,3.4726465398395345,52.0201454236775,293.728824562424,13.874464742637013,0.15,23.268908250984897
istanbul,881ec9cc1bfffff,4.660053567025088,1.0349284334815576,3.3349149531720066,68.64566437215751,0.0,15.410580463587085,0.15,17.31947826959935
istanbul,881ec9cc11fffff,3.228349566738723,1.8948574526871098,2.7308813753450965,91.10464681058097,0.0,0.08811132786814733,0.15,0.0
istanbul,881ec9cea5fffff,3.868350012989884,1.0403179945469236,3.3255860683189082,84.91143567197427,125.06393243013007,7.516425222647585,0.1,8.916556656162149
istanbul,881ec9ceadfffff,4.904901725791375,1.0596157952201664,3.30079356257174,63.17336661410555,141.92970476930927,5.212381330005264,0.3,10.421656610255374
istanbul,881ec9cee7fffff,4.041300457807596,1.0942300806908682,3.4475599471789806,77.11474038371922,119.10888538000916,12.698209516933769,0.3,14.823807122578039
istanbul,881ec9cea9fffff,5.39584508097384,1.0137354249118764,3.4272001601204707,58.013370802074924,425.51420454717606,7.21846462834125,0.3,12.615804333609702
istanbul,881ec9cee1fffff,5.32954369896923,1.0216755425095194,3.4843578625910947,58.00492545093979,114.60564008538533,6.003528963430122,0.2,8.51125259132263
istanbul,881ec9ceebfffff,4.279203758658726,1.067377313795071,3.278963989219948,74.68390076525604,61.88101919274865,5.510752724395481,0.3,2.2957459991496947
istanbul,881ec9cec5fffff,4.62075310185546,1.0545658388115058,3.3347758805228827,68.61937085631929,0.0,8.375839245484006,0.1,9.578440351447245
istanbul,881ec9cec9fffff,2.1820754704802154,1.3594055294692469,2.752453208689093,114.56982280497462,0.0,0.0,,0.0
istanbul,881ec9c507fffff,5.333741911638354,1.1970112156247095,3.2235270090555894,57.77173698850194,661.8574366168247,6.884585470823519,0.3,13.561661435675473
istanbul,881ec91851fffff,4.122396167599863,1.0324141268915146,3.35108270605428,78.34796883378478,81.75736145113709,7.230657878451763,0.15,8.83029912505632
istanbul,881ec91859fffff,4.38332923119483,1.0529638642020516,2.9483764308345806,74.70686582288333,143.533426867746,6.829164067918067,0.15,7.13424325051024
istanbul,881ec91857fffff,5.706783825387191,1.0747321156465217,3.4706591517281833,50.14807276441712,92.20826912622205,5.821717260913619,0.3,5.086364954800497
istanbul,881ec91853fffff,3.327366294420872,1.1493235008208178,2.824872777918103,92.05668363591414,50.844296225770485,5.77598357839525,0.3,6.357298182716071
istanbul,881ec911a3fffff,7.39301865920764,1.0252793679217005,3.4041080579930627,43.99977821769163,441.714454353149,13.305007030332927,0.3,17.650162811796108
istanbul,881ec9ce85fffff,4.693909640577064,1.060180262081101,3.3824423330320075,63.91260654159467,909.5867315460129,15.835632916887894,0.15,23.17711687400219
istanbul,881ec9ce8dfffff,4.875591415811294,1.0490815959627904,3.2512838734201317,63.99223671372462,480.98032845515195,5.985992450929627,0.1,8.698070669700327
istanbul,881ec9cee3fffff,3.7787643077822493,1.0253722860808854,3.145734063010906,85.92103085304001,310.05680365596834,9.011753016327543,0.3,6.019307104045802
istanbul,881ec9c539fffff,3.9897215026859807,1.076350315593019,3.447193908408656,75.77611148843738,549.6822884944464,9.07011683595656,0.2,16.757960397274946
istanbul,881ec9c53dfffff,4.4898574940079925,1.1053677479376294,3.159834149787126,67.01436652583358,919.9354966487558,1.8913228586820368,0.2,1.695773402225861
istanbul,881ec9c535fffff,3.720657875303767,1.144339007817124,3.2730850355036987,81.09429784817311,3504.4340212311126,1.7849606491875272,0.15,0.31745518261677497
istanbul,881ec9cecbfffff,3.4301909989703003,1.137769514821022,3.3617575474186783,83.63535616172936,704.8578599677609,9.63615802535758,0.15,15.610977204735345
istanbul,881ec91abbfffff,5.231658447651694,1.0743823833176027,3.4178627103337957,58.49664801722451,654.7404325410241,3.3733822406144225,0.3,6.705247464630517
istanbul,881ec91acbfffff,5.370432315215575,1.0219411749584988,2.815323825377751,59.55634914723149,553.548505153145,10.970477041836332,0.2,14.450654999084442
istanbul,881ec91135fffff,6.003561120990076,1.0121671870943783,3.1008074282966476,52.529984474457315,480.20660305854676,10.68496237176879,0.3,17.909912385582174
istanbul,881ec91acdfffff,5.2837620315615075,1.0393455440332993,3.4828204796851043,58.7355800152284,329.2482767253917,9.893763048177512,0.2,18.10167299279317
istanbul,881ec91a53fffff,6.030406060676216,1.0185516913920127,3.0279201648924787,51.493433885719774,536.9651568978135,11.357777990269366,0.3,13.763830368546422
istanbul,881ec91a5bfffff,6.332965225406723,1.016238042085033,3.301967482389146,50.24215463955631,104.89626013181832,8.48444662174544,0.2,11.066292700717069
istanbul,881ec91105fffff,5.160328408336622,1.0366279329722754,3.404289861618966,60.449698899689466,387.2336657102613,9.230636777635288,0.2,19.546629757352115
istanbul,881ec91129fffff,5.774994681813289,1.0345741143539056,3.1708581879260014,55.21694280076541,732.6654694381132,10.111974103165736,0.3,16.59392395019913
istanbul,881ec91101fffff,6.0223108759863955,1.0180797931512235,3.4760775619743516,53.38611160279742,734.3666719149545,11.424037233158018,0.2,17.332810180455294
istanbul,881ec9110dfffff,6.534177933564092,1.0611311241019976,3.3983330593290053,48.368652633807095,94.51559023753822,18.300801751140057,0.15,36.560453527317016
istanbul,881ec9112bfffff,6.229054766683481,1.0241136135774986,3.2220182232789556,52.029785847384126,212.91019503358746,15.570909824513894,0.2,17.449977020416682
istanbul,881ec91121fffff,4.8310811026427265,1.0504554508162958,3.206318348565785,64.82343250564897,719.1112888119428,7.701019257279286,0.15,15.558652672803563
istanbul,881ec91a0dfffff,2.576249332655985,1.4114034599939893,2.4006863546950163,122.91770934306238,43.92125303979389,2.7320843225650346,0.3,1.5171101793131134
istanbul,881ec91a47fffff,2.5508097657717346,1.12563406683307,2.9901178472081797,123.07993037540682,26.73348866471111,2.7442611080324837,0.15,5.942021717109077
istanbul,881ec91a01fffff,4.48444952610826,1.1205143712919727,3.2509537688011303,69.470836883033,374.83414105258737,6.7882556992661485,0.3,10.723060011252546
istanbul,881ec91b69fffff,5.136945168970865,1.0106638324099773,3.1381240791408054,57.68960050358334,758.6222418306386,11.249053313333906,0.3,14.120672105230849
istanbul,881ec91b6bfffff,3.5582735749962446,1.0925878558227469,3.0668836341183834,91.64190151458023,0.0,2.799802446041204,0.3,1.1689298195865447
istanbul,881ec91b61fffff,5.087040626302498,1.0501039659547042,3.1724176694276442,57.868359985719295,439.5614725302938,7.517115280544926,0.1,5.417117370594585
istanbul,881ec9cebbfffff,3.7384017614766107,1.0979561932823036,3.284266854296967,81.89793939111713,202.58730932570978,8.49360941961802,0.3,13.866072253571001
istanbul,881ec9ceb3fffff,3.575041092126021,1.0361502136705831,2.8092903303774617,86.33242733584846,223.13241517855536,5.037975636472343,0.2,11.069540839807383
istanbul,881ec9ce97fffff,3.7408133651889277,1.012639964779086,2.777685120564111,80.39017409412273,0.0,8.254135805149257,0.2,10.432456473613335
istanbul,881ec91b6dfffff,5.907949519333659,1.0702294860324366,3.280839444773414,51.78515065893169,388.35071615127043,11.000938054203084,0.2,17.56272013051719
istanbul,881ec91ae7fffff,2.969443775107181,1.0962727950709916,3.3792250424690233,113.81355855130278,213.2217001905024,9.088095893064436,0.15,15.079051590990982
istanbul,881ec9cec7fffff,4.139711887100611,1.1190124347537198,3.053339968220378,73.76579236548129,0.0,7.863675187644098,0.1,7.322653054714421
istanbul,881ec9116dfffff,5.172875786834886,1.020863045916318,2.8663393071565335,59.34233142899474,426.8423297948481,12.768673057332785,0.3,15.895419084904361
istanbul,881ec91161fffff,4.441551107569057,1.0464182606718835,3.1098437983156417,68.5409301632604,562.533018543786,6.449710533560959,0.3,12.160627713244846
istanbul,881ec91a97fffff,5.775075749195133,1.0195276896310534,3.0188163131404346,51.94737056770392,143.6307565460758,12.380466392559981,0.2,18.529921033082474
istanbul,881ec91123fffff,5.330491413686616,1.0406604430881357,3.0439445226618207,60.96998846401428,379.52112337553564,12.350907378285386,0.2,17.545907759425678
istanbul,881ec91a13fffff,4.265485603597386,1.1672651144105195,3.3371953812870836,73.9387363348804,645.5333896865984,10.494762032581233,0.15,19.59109194935592
istanbul,881ec91a85fffff,5.519770041536486,1.1084989353376673,3.42241336191374,58.76460181614818,56.73860753254935,9.204777834459799,0.15,17.075819679871906
istanbul,881ec91ae3fffff,6.4657002006082385,1.124974312205021,2.959788287538895,45.935121577041464,357.9989081623991,5.293166403784987,0.1,8.202922806555287
istanbul,881ec91125fffff,5.139500876154947,1.0966333319993329,3.449646858512935,59.868130214719194,394.7656308778974,6.943336739618656,0.2,13.817386206101016
istanbul,881ec91127fffff,4.705563188765779,1.0549212072024559,3.284858855561687,64.84199616417219,106.51627178527278,17.130577257866292,0.3,26.09062496229551
istanbul,881ec9ccd3fffff,2.1612925650075576,1.1147366185583,2.4648689498663243,126.18711466594947,0.0,0.16205388470240475,0.15,0.5355001800497874
istanbul,881ec9ccdbfffff,2.5105244106016875,1.2052601470979178,3.2733486476571843,126.22916834126843,155.13628209663557,0.2904105865108463,0.1,0.41568159017948236
istanbul,881ec91b65fffff,6.095879401082745,1.0530905928900673,3.4736766481773635,49.653540108323455,259.9642823251154,5.731190555856349,0.3,11.080351941459279
istanbul,881ec91b67fffff,3.120228168694508,1.2597989899642665,3.2933984551010544,99.95460948912012,0.0,6.697729810551484,0.1,8.123615113272958
istanbul,881ec9ccd9fffff,4.455402795956083,1.0672515602309283,3.261746811368828,69.94382354376377,840.5730036314295,7.3892215071855345,0.15,9.54241271695438
istanbul,881ec9ce01fffff,6.359731600870903,1.0355444147090083,3.3645162314445005,54.15130334350594,826.4087611365421,3.417418751962561,0.3,3.9471784632018756
istanbul,881ec91165fffff,4.719103110539584,1.1166515997814552,3.310577492675247,63.207616959331375,158.55410000781953,8.491523720449859,0.2,14.667704909229716
istanbul,881ec9112dfffff,5.208651202498728,1.1281958370658336,2.830215650095377,61.56586283439288,136.15092124189826,10.136182671194337,0.2,16.935699403131686
istanbul,881ec9113dfffff,7.033447144528518,1.0305363208663756,3.236717311150289,45.248647173178156,689.601091412986,12.807299674270478,0.3,16.729781989707785
istanbul,881ec91107fffff,5.107227271327392,1.032413386297185,3.003990507765815,61.15352095753005,311.8920715352929,16.327751507877235,0.2,24.80860667584304
istanbul,881ec91103fffff,6.579330729987681,1.0368500691104172,3.3942703048369545,48.93878253149737,254.0020215260469,11.317878569154804,0.2,15.480468200466893
istanbul,881ec91109fffff,5.904907495876628,1.055305254966857,3.140969015649324,55.50938401772817,688.6527770580794,12.799351379095738,0.3,24.645033782962855
istanbul,881ec91139fffff,6.818701605166338,1.020991861379976,3.2421144814419844,47.06676939964649,587.1102005371711,9.328360891308083,0.3,18.779415251020488
istanbul,881ec9116bfffff,4.021874442135464,1.1503594856962596,3.2882790690624226,75.28275239169685,261.2484776538846,5.832640303248734,0.2,16.276909178375178
istanbul,881ec9110bfffff,5.908268511645358,1.018529458405168,3.093205738542993,54.05841565112671,977.0174950030907,10.789586842030499,0.2,20.59034287634303
istanbul,881ec9111dfffff,6.873407249503344,1.0125602269121927,3.348112854383131,46.561399517834836,512.5847248052573,13.083349873934996,0.3,19.280411411171443
istanbul,881ec91ac9fffff,5.679139617837854,1.019245004440362,3.4748954509199383,57.64622362032932,247.05069008585647,11.055912982593863,0.3,18.6062064262783
istanbul,881ec91119fffff,7.20757338311194,1.0273394461340846,3.5058996616598757,43.935267784945296,260.9977210769672,10.777543928773497,0.3,21.000095948267308
istanbul,881ec91157fffff,6.484382279211017,1.030285382069011,3.163151059094393,49.096330427751475,273.97309599414365,11.328956751398463,0.2,15.44592514701623
istanbul,881ec91111fffff,6.029695072957246,1.0204365577282752,3.5255560588600328,53.87457351965977,594.2792390263204,14.238287287784306,0.3,30.714149450385573
istanbul,881ec91115fffff,6.578846157496479,1.0160580741245884,3.1876938004140847,47.48502803320695,91.26978689360524,15.438197914880314,0.3,23.08034318539404
istanbul,881ec91117fffff,6.820447049691614,1.0327038516636695,3.3120352009403438,47.88315262370091,167.42817810501123,12.483273018373549,0.3,20.71134666118862
istanbul,881ec911edfffff,5.7655462366164985,1.0299404223411799,3.385331129040476,55.80375513970291,321.06380484380674,9.878679375838814,0.3,18.01128559511947
istanbul,881ec9113bfffff,6.2111585386915715,1.0247524264641719,3.201340919767893,50.54241309148741,637.6964082796542,11.946255099114003,0.3,24.913146446407357
istanbul,881ec91131fffff,6.764492104707337,1.016192768577305,2.9132062208174903,46.96344916170276,138.70821150173197,14.189720571701205,0.3,18.516606886714154
istanbul,881ec91137fffff,6.120123991646042,1.0212055567939777,2.7805660625950495,50.877604103121435,158.62050152963528,10.211221284373591,0.2,17.141960786953874
istanbul,881ec91a1bfffff,3.4989408915308764,1.0638450832128892,2.557875531442763,84.15244886163751,151.11865457649768,6.100470781262253,0.15,12.382360193165681
istanbul,881ec91a11fffff,5.568472751397351,1.0194058187590382,3.228264114557742,57.27629790380806,1332.2059873190592,6.5296766815584455,0.3,6.684876081972866
istanbul,881ec91ae1fffff,3.543674546040716,1.247067166403118,3.051322975044234,86.36077573787001,128.49329598629396,4.134451783458545,0.1,4.0590769250045575
istanbul,881ec91a89fffff,6.099076394184619,1.0115930486276203,2.9261336050483715,51.40525710792473,757.6834028003051,11.111944346235868,0.3,16.435773748444873
istanbul,881ec91a8dfffff,5.608144804475858,1.0905818216013488,3.184564126066551,55.36873312687118,326.86740610067903,9.205297936957091,0.3,18.517882348837798
istanbul,881ec91ac7fffff,5.844901696887501,1.0044558576131948,2.703730430303974,56.833104348507824,247.73362224159192,17.79348818823116,0.3,12.349590718667665
istanbul,881ec91aebfffff,5.437466810918968,1.108670563406116,3.393688447678707,58.32139001405658,145.40951664259697,7.265646448215404,0.2,13.102151913504388
istanbul,881ec91ae9fffff,3.283607987675635,1.1274743807495697,3.152013731390206,91.72983511053096,119.84830251814434,1.3458897710015507,0.05,2.4625733814391144
istanbul,881ec91ac5fffff,5.5235861522599485,1.0585192734118085,3.210263071020827,58.68251568808486,417.34899105292413,11.302851511295398,0.15,13.755888159966869
istanbul,881ec91ad3fffff,5.270542789342263,1.0431863907837324,3.3391714403189856,58.11382299140766,444.4066184532767,15.473830114257447,0.2,24.98669916242928
istanbul,881ec91ad5fffff,5.277545548550441,1.0159930386561786,3.2837588953754366,60.98271961824518,336.39967625574354,12.889558099676176,0.3,14.83597044394753
istanbul,881ec91addfffff,5.2223043971391965,1.0066076289186334,3.089758627712168,61.604187199544945,1021.8309697983348,10.866366022826728,0.3,15.748920858433339
istanbul,881ec911a5fffff,5.4943369245463725,1.121627266397536,3.417566653916034,55.79582944818427,276.63292578742795,7.892762463575907,0.2,28.67369485248009
istanbul,881ec91191fffff,6.435211537269292,1.0197590725613834,3.0438311803444127,47.08499082241256,794.5619334778917,14.01657548101893,0.3,16.9556183395048
istanbul,881ec911e9fffff,5.6648679867339835,1.015162296245458,3.0852185153876146,56.18662022992423,967.2610455907218,14.110629107078845,0.3,19.932150418102466
istanbul,881ec911ebfffff,7.097935488621455,1.0471807879197617,3.413970243229916,42.417301382895324,602.1492129861452,14.033993329263454,0.2,32.84146243726989
istanbul,881ec911c7fffff,6.08370341901721,1.0084891875710915,3.5099805951449237,52.09477057470788,366.03965093923273,12.396013609549126,0.3,18.603230486412343
istanbul,881ec911a1fffff,5.641521625337106,1.0657835324064824,3.478507753236162,55.773128212671416,370.336329713258,8.998617322107146,0.2,19.90225966373552
istanbul,881ec911adfffff,4.787943747346287,1.0484734723168585,3.1648526026352144,64.50024179647676,331.7167514824802,9.19001955095752,0.3,13.414024708308522
istanbul,881ec91187fffff,5.53970503332721,1.105331920924432,3.4488262810603008,56.10602169988373,142.10722159833156,12.860496342262548,0.15,25.645155724127946
istanbul,881ec91185fffff,6.313698719307553,1.0904216855210889,3.4375899396669722,49.673684571638226,380.1303423296857,10.474664488910406,0.2,25.692761026879797
istanbul,881ec911abfffff,4.4710214884825445,1.0783692939054266,3.3114647623219318,70.67114820095898,356.7190826641327,9.394939086648977,0.15,19.287595700983932
istanbul,881ec911a9fffff,5.0468606859313105,1.0388075818195475,3.5310046675188596,61.04757208934948,485.4596752594987,8.385573729213,0.2,13.8940742896197
istanbul,881ec911e1fffff,6.177312857630277,1.0199981367123547,3.349153436040207,50.72324173225271,302.7267546251315,10.113599753264031,0.3,17.85774178426629
istanbul,881ec9118dfffff,5.631430922328848,1.0513067106438752,3.426230314796229,56.15360819025033,1161.6869832461164,8.508909873521176,0.15,12.701595149307495
istanbul,881ec911e3fffff,5.5281110833873415,1.1407683327923457,3.4334029377121533,55.97924042977781,147.01235752853677,8.347098746227704,0.3,18.341083132512388
istanbul,881ec91189fffff,5.676744304996597,1.0529476089174645,3.5002123637042137,56.179898509469716,416.49361889687924,12.62063520913586,0.15,15.777413645651137
istanbul,881ec91a9dfffff,5.224078235463255,1.0417779476798397,3.349380800679452,58.39387120080086,118.09075086781338,6.359905193428064,0.15,14.556297356542673
istanbul,881ec91a95fffff,6.609803547963889,1.0599118317741745,3.4155721686427483,46.79085365717653,251.7376903455096,9.086456092312174,0.2,19.270010342017834
istanbul,881ec91a91fffff,5.970403872704096,1.033774385018164,3.141535830297816,51.150513109018526,522.6483677410357,9.170483093569793,0.2,17.404854104294166
istanbul,881ec91a9bfffff,5.315727403948234,1.0561118313172704,3.3742705731743223,56.343173329880194,424.3807096714426,5.334042347198619,0.2,12.141546710455795
istanbul,881ec91a93fffff,5.862586603240335,1.0695851180505587,3.381386402988469,51.032137879804004,146.22066669446994,9.46899542204381,0.2,17.47419463521742
istanbul,881ec911a7fffff,6.823912067163515,1.0418155277992616,3.5010366186516384,47.70805255860783,63.379631846060704,14.651556081731373,0.3,25.613955363670566
istanbul,881ec9034dfffff,7.3293018620692925,1.0200452823446928,3.256071562607829,43.37266765434683,415.155704312653,4.830739333947779,0.1,5.654392252837606
istanbul,881ec90345fffff,5.140250735687191,1.0411597522336824,3.3923823526690153,57.4061426934781,657.6712728724029,6.77496343886959,0.15,11.759952169962821
istanbul,881ec90341fffff,6.123646238834936,1.1085224212097367,3.41635683954094,48.58070303602698,86.72611242215036,8.585925386679602,0.1,12.491568913891042
istanbul,881ec90349fffff,7.660852054438125,1.0276898064792521,3.430832280723316,41.27316286842146,145.39806642394896,6.151047877480365,0.2,9.735253738555434
istanbul,881ec9034bfffff,4.809456659660624,1.1296991765448323,3.493350726498287,64.14667188614239,76.29300059097967,7.313221361869911,0.15,12.330568554874123
istanbul,881ec911b7fffff,5.5313339185679045,1.1009491526425688,3.42256519504498,55.68582229381624,208.41576149060617,10.036035595289006,0.15,20.477406551151123
istanbul,881ec911bdfffff,5.597026978103632,1.0489231121089722,3.434381090238685,56.8158776514856,595.3941576541215,8.926730017548959,0.2,13.81656662791912
istanbul,881ec911b1fffff,5.465918677628511,1.062986894665174,3.4898522953168887,56.50806748977468,296.08251115439805,12.468392322756754,0.15,19.734129463813325
istanbul,881ec911b5fffff,7.236681625226784,1.0688886277248228,3.438189126012624,43.339804053703226,246.18455744773956,11.50245511833104,0.3,13.836128380708832
istanbul,881ec91a83fffff,6.055426195883113,1.076958241708411,3.4951376092193973,50.29905416891433,394.67564420062087,9.178857807665198,0.2,16.197728344534795
istanbul,881ec9c4b3fffff,5.294473669858294,1.0935188440761758,3.4388242381781935,58.76148046259677,162.35448947754116,7.59392004564159,0.15,9.830903439015197
istanbul,881ec9c4bbfffff,5.2799478546361485,1.114600812708561,3.1703294236614528,57.38316755993991,536.074125442348,5.375807527287582,0.1,12.517450909035558
istanbul,881ec91a59fffff,4.934395931247057,1.1271079503201293,3.439688289642514,62.12464976845628,331.5901708291551,12.303368600205076,0.2,27.73749609811085
istanbul,881ec91a51fffff,5.950958453926025,1.0784277175667853,3.4089024395187915,53.5876095026154,252.02910346872096,8.145617726994782,0.2,23.545133001171823
istanbul,881ec91a33fffff,4.156437774482283,1.082313547523724,3.4019693816200065,78.19195610127512,212.8993702477276,8.110076524605157,0.3,11.288522888923723
istanbul,881ec91a39fffff,5.259342682121956,1.0043029074947714,3.459505808747023,61.72967875818037,297.612717796653,12.264923848500061,0.3,14.841730900749342
istanbul,881ec91a3bfffff,5.472748081944149,1.0677211823941173,3.2798195478143386,59.457665605033796,190.65735536194802,12.461206753488016,0.3,13.070507975812713
istanbul,881ec91a17fffff,5.74553762232607,1.0249224049446783,3.3115479229780984,55.07194126067882,115.56798273365585,18.67127982117694,0.15,27.813380995601026
istanbul,881ec91a37fffff,5.043168230915987,1.0631297844587513,3.2540340165530566,60.67022459771452,32.973716826229925,14.03774667805233,0.2,16.957964351649785
istanbul,881ec91a15fffff,5.911659680660171,1.0270141055757822,3.3718415456801423,52.57065414818603,284.9887920831966,13.855922869014035,0.2,18.76356420453307
istanbul,881ec91a31fffff,5.746443752561894,1.006036029654958,2.8629639187504017,54.517754198913245,287.46624798564244,9.48536529466291,0.2,18.16573889100642
istanbul,881ec91a3dfffff,4.701158796529513,1.0090781229961423,3.394882277410158,67.33377371204932,762.2501414352311,6.428190912338505,0.3,11.921194987039696
istanbul,881ec9185dfffff,5.8027166231421745,1.0831381306319312,3.370164595717539,52.21243727237307,12.534932254207067,8.513386282062148,0.15,12.928330394824307
istanbul,881ec9184bfffff,4.16310794628258,1.0616900556366713,3.5064529501689026,74.1058464682269,342.07693717485535,7.947266546994274,0.2,15.808100019967023
istanbul,881ec91a35fffff,5.257217935990988,1.047032510369402,3.41758627811876,57.19079092553677,327.42944262531574,11.903340695452409,0.2,18.507553196413305
istanbul,881ec91a23fffff,3.857313662492479,1.0574323271564976,3.1895228204517214,82.48792968944582,85.13919537491212,1.8657386028007168,0.15,2.682744905467337
istanbul,881ec91849fffff,5.564370402598354,1.087205931367356,3.444836617916198,52.916039576903444,56.15575030666421,8.174331778408087,0.15,14.28331971009348
istanbul,881ec91aa3fffff,4.6019473406321705,1.058609745326974,3.392654815391588,64.45318634410535,130.79758046130186,7.718281214862003,0.3,17.393610342481537
istanbul,881ec91aa1fffff,3.7664565808549852,1.0873744656415378,2.4701803819412147,86.28799855333124,53.02671338263185,1.7894542243314564,0.1,4.11186722997006
istanbul,881ec91aabfffff,2.910201719621588,1.262001256396525,3.0105833911346127,107.38087256736083,67.3992555349333,2.848601231703642,0.15,2.6135740494131174
istanbul,881ec91aa9fffff,4.675209520169025,1.2622256527881999,2.994474756442626,66.34150329935873,92.09470495686045,4.258280988929942,0.2,7.079601649749181
istanbul,881ec91aa7fffff,4.652959226172748,1.0444435786808475,3.112768443207464,68.38267921886262,414.1739120619319,11.198562393155001,0.3,15.822442895429662
istanbul,881ec91ae5fffff,4.036273639452223,1.092309388467321,2.836708019472882,75.56474789489063,11.10338389815,5.360522614157963,0.3,9.541496097371015
istanbul,881ec91aa5fffff,4.442510820410686,1.0712610852948414,3.2640959331865576,69.19677178838897,104.58134746508061,5.763289667054145,0.3,13.880822172925884
istanbul,881ec9185bfffff,4.821215129692293,1.0391457688602945,3.0401760537596045,58.335915829159546,10.708895187780143,8.235995157025485,0.2,12.526817474098527
istanbul,881ec918cdfffff,6.068376734454905,1.2066430550021328,2.673763827029011,50.49976728756162,386.45891084803503,0.9597162715463624,0.2,2.3538085131756326
istanbul,881ec918c9fffff,7.356351159950748,1.1416407499954384,3.3733612209713324,43.69402227268381,408.8383871107414,0.8689752487848199,0.2,3.0101034857888287
istanbul,881ec9181bfffff,6.398975394657155,1.066928848812067,3.3638982131549797,51.96144374576304,545.3140384576616,4.818806619629974,0.2,9.097632858242084
istanbul,881ec91855fffff,8.054129476303643,1.0687576519923143,3.206279015554517,42.978430775452324,50.122252079128955,1.847313198330478,0.3,2.857970816260253
istanbul,881ec91a19fffff,5.820888160015794,1.022993093005499,3.292637184687044,53.57750884322788,391.2486920194881,8.237597067780964,0.3,11.705673061652327
istanbul,881ec911b3fffff,6.395260118610613,1.0495555920644577,3.451002165581642,50.5181833240447,92.47262865411918,7.517215971868796,0.3,11.33321406118389
istanbul,881ec91b11fffff,6.171570500811726,1.0225391283800642,3.3506906028199555,52.28497549022463,660.5640803437449,18.78178198148685,0.2,24.742073491910485
istanbul,881ec91b1bfffff,4.929162666659045,1.0665982511456749,3.278897231095409,64.14994898335537,499.46954446867784,5.80297507474612,0.3,11.983771876203162
istanbul,881ec91199fffff,7.923108409197262,1.0338960633992245,3.4480585699743647,39.322235262257855,712.9055701164223,12.501940883936495,0.3,22.717058568875462
istanbul,881ec911d1fffff,6.4446853936901025,1.0534972557913167,3.5067465879843676,48.99039755139031,913.3888767791923,14.222102001854587,0.2,25.438062415324286
istanbul,881ec91a2bfffff,2.9631536801422587,1.126865290794833,3.2819765967477523,108.74300053406364,15.46442283393574,2.562002792277531,0.15,0.18510078632043658
istanbul,881ec91a07fffff,4.686802383116724,1.035067519909805,3.2562226244849146,66.67658980581717,33.29565356049895,11.180818023413583,0.15,13.3431081817654
istanbul,881ec91b57fffff,5.592681099587046,1.0957720371961186,3.4579883510729563,54.99611941014623,81.00582759422844,8.491578482724194,0.15,12.116152750933242
istanbul,881ec91b55fffff,5.70787923135495,1.0660486082344618,2.8410923754171797,54.42013469304774,811.2733456214426,11.20282586661633,0.2,10.790623966857687
istanbul,881ec91b0bfffff,5.71119813464769,1.0249096770279449,3.0620329073203503,54.629517772674376,1190.246191143657,12.276923581071499,0.2,17.598616558871907
istanbul,881ec91b1dfffff,5.7832164854019625,1.0395162282079462,3.0528695817968248,54.592742685922815,694.5873153515982,13.587549020142287,0.2,23.823080918702054
istanbul,881ec9184dfffff,4.156104953864063,1.0518091633220532,3.271217199988328,66.16772267608971,149.69036744632382,0.8570214640820165,0.05,2.7059948320452234
istanbul,881ec91a03fffff,5.507340931072766,1.004105625228,3.227729525593307,58.73003537128251,297.85968791824905,7.912941238161981,0.3,15.299453925530006
istanbul,881ec91b5dfffff,3.483926808433435,1.0151676234357119,2.9963672977579616,87.1348467587156,1829.2829039878013,7.4937832455711835,0.2,11.445831414925756
istanbul,881ec91b4bfffff,4.8897202084539835,1.0054294179621983,3.0976514858725888,63.789381070527234,2721.8722725943226,15.780542775440924,0.3,17.605795097338834
istanbul,881ec91b41fffff,3.879345439318276,1.0664455172404765,3.3338217208740226,80.34559349349546,1065.5502516049228,4.334931210878634,0.1,4.036590670027913
istanbul,881ec91b43fffff,3.6796578252297745,1.1062549914848454,2.816024124269176,88.56004070047474,440.7118663243786,5.889305286130029,0.15,8.69389382417318
istanbul,881ec91b47fffff,3.2051763240365285,1.1601531707603947,3.056214129345059,88.22818361823099,0.0,9.413990689541572,0.1,13.885086954903299
istanbul,881ec91a1dfffff,5.660020519301541,1.035541084969744,3.4620027311380164,55.92095653867852,238.79410181766508,10.1980384263553,0.1,19.19020453850882
istanbul,881ec91a0bfffff,4.7926811694185,1.0174718955671285,3.1078927639146148,69.29097523904326,317.5041535411289,17.403950178058643,0.3,27.87774822162308
istanbul,881ec91a57fffff,6.728923339418946,1.0584100814262927,3.4252553620267863,45.944008826453164,280.6050851680324,16.534957985878847,0.2,23.215900904165093
istanbul,881ec911c9fffff,6.182409038947613,1.0209579129964526,3.431916277674161,50.12187767384923,433.49793854689807,9.904955461785526,0.3,18.67076600585772
istanbul,881ec91b19fffff,5.066811811361757,1.0468022930734078,3.493671137397945,63.88070242884176,25.308373456314936,4.681214044141038,0.2,7.7595529672153685
istanbul,881ec91b13fffff,6.9170956561169525,1.056510111998655,3.3528497401758295,45.580781281375884,61.403462945379594,2.833940370435986,0.2,6.79127348449729
istanbul,881ec91a55fffff,7.72920596610469,1.0955599159673362,3.473236011246939,40.665444235962404,144.3654419749244,9.127527836382322,0.2,16.729859260147798
istanbul,881ec91a5dfffff,6.262214624784419,1.0918595978761723,3.3876845573469376,47.314937933238966,558.6201531649899,7.218049000704065,0.15,16.001318094349983
istanbul,881ec91b45fffff,3.2550253325956007,1.1137929355250633,3.2673116445429233,97.13487247612659,111.12189920972496,10.004514250992909,0.3,18.924474592733105
istanbul,881ec9ce93fffff,4.449485602470337,1.0140940425506533,2.761041845295944,73.33786838022691,316.69295476754695,9.507059713560732,0.3,8.570058691051537
istanbul,881ec91b63fffff,3.666908302086474,1.1737552180984805,3.3071142366271533,86.11872664078516,0.0,3.270221078980447,0.1,1.6986314453745166
istanbul,881ec9ce9bfffff,6.016465186766464,1.0480293336422384,3.2935213799779954,50.85292043822935,181.54007378078646,9.795226778074978,0.15,24.01283430177461
istanbul,881ec9c4b7fffff,4.816649497040265,1.0887231268334465,3.244351004250409,60.8998710646437,63.7932267227365,10.25779382270447,0.15,14.972954233818237
istanbul,881ec91b51fffff,4.046987089487298,1.0883636454073493,3.2083064671727755,74.12922091580138,32.02533834988069,1.3311560648006595,0.05,0.2586047865685872
istanbul,881ec9c5b7fffff,4.944045364555702,1.0161865794124871,2.9802578483973834,64.67224017858902,876.5550946526771,4.5395977748451894,0.3,6.026229008535615
istanbul,881ec9c5b5fffff,5.920103121507966,1.0191131690306798,2.9138944614752784,55.40683627713764,670.5185289139661,9.302333141520542,0.3,12.438842055566552
istanbul,881ec91b49fffff,4.8755549334975266,1.0091678454071364,3.30744761475233,63.870372300069874,1442.9691934519058,6.304593697575689,0.3,5.594466434209919
istanbul,881ec91b59fffff,3.1690375769478587,1.0751950313173853,2.8444692604812167,94.66596489175555,0.0,1.6966493425141196,0.05,2.709575842799458
istanbul,881ec9c5a3fffff,5.218000298277418,1.0303593204932164,3.3321075845271073,60.60103452286239,76.55139125513361,12.140263422259586,0.3,21.928933149786722
istanbul,881ec9c5a9fffff,5.7806777326454,1.0403289819371024,3.0962155380029097,54.3340719447972,1906.9486053262494,12.218132461452477,0.2,16.003766612754315
istanbul,881ec9c5e3fffff,6.077707005562822,1.0417643893463462,3.300461158973439,51.860853374486474,175.81625343677715,8.989431682398347,0.3,11.966595118173892
istanbul,881ec9c587fffff,5.710548671589371,1.018202590317891,3.4418982547132524,56.501481871226325,556.1321223889404,16.115348912888717,0.2,16.022273813783517
istanbul,881ec9c583fffff,5.311919063914648,1.069267435148187,2.873604714763977,59.79892671584451,226.62001933775198,4.661014846029351,0.2,3.318776977213539
istanbul,881ec9c5b1fffff,4.705790786478694,1.0338840542307504,3.383136424075574,70.0929868971059,600.6423529179569,5.740268125952012,0.15,5.479042979380498
istanbul,881ec9c5d3fffff,4.9243747827571225,1.0376381724566344,3.2809851952484594,63.28273551962789,248.80983294272343,5.0787287390581595,0.15,7.744094535139455
istanbul,881ec9c581fffff,5.9381258832410175,1.0060368265724735,3.488291764157076,53.34412553421947,0.0,12.758865940912223,0.2,14.2274951277851
istanbul,881ec9c58bfffff,5.571602577001659,1.07560066115765,3.347848727602209,56.25541870388903,116.14952496979652,2.3167030885209945,0.2,0.0
istanbul,881ec9c5b9fffff,6.789849583655264,1.0198547703416614,3.5244821169366474,46.720210026103466,0.0,7.890332419803892,0.2,9.124725718644662
istanbul,881ec9c5bdfffff,5.571590277272261,1.0410779831055323,3.022703695806508,59.12700355424786,273.71658471827027,11.038118597845028,0.2,14.585114859996846
istanbul,881ec9c5bbfffff,4.202705411622487,1.0920629086125122,2.8581776159908827,72.00875372098353,56.9351034881608,0.257490745782664,0.15,1.0494055721844848
istanbul,881ec91b39fffff,8.363061028377857,1.045997933203354,2.8824701501674728,39.17061059162112,199.26566228306274,0.08639446386226016,0.1,0.3040259330181172
istanbul,881ec91b03fffff,5.358896596055713,1.0560686639817929,3.3753245367582814,58.609921167993384,287.45141248323944,9.41259820713315,0.3,17.564174974627615
istanbul,881ec91b15fffff,5.43256253479363,1.0229194798250634,3.233362945414478,58.470943829751185,99.57090417226448,7.704803586220089,0.3,10.675851461889657
istanbul,881ec91b17fffff,7.161194917860739,1.0447298050827387,3.3291711967088293,43.74312047657137,54.70891042408368,0.8226797141097142,0.3,1.0363797655849742
istanbul,881ec91b05fffff,1.1704369368242695,1.472829285641599,2.5393673998815784,233.01321425079078,0.0,0.139767951833653,0.05,0.0
istanbul,881ec91b0dfffff,4.14223325934903,1.1951293947550448,2.9300581122131675,78.67564107050616,0.0,2.444049323921478,0.2,3.296281876120905
istanbul,881ec91b09fffff,5.467802157995479,1.019196828307121,2.7329299879119873,56.50796244018284,423.5898761587413,9.05675995438665,0.2,6.63954316000384
istanbul,881ec91b29fffff,2.231430989379383,1.1860287077274667,2.819051414116978,154.5320414783707,0.0,1.6583091222970405,0.1,1.675356839218864
istanbul,881ec91b01fffff,5.557497620869444,1.0449300583634067,3.289908027880768,55.831546697939935,300.4879319786521,7.5040086196203095,0.2,12.07407167577998
istanbul,881ec9c5c5fffff,5.060387661560602,1.1456797931019953,3.4449946122767128,62.76652542499456,174.89927260534427,9.098718738806484,0.2,21.737620169523655
istanbul,881ec9c5ebfffff,5.484917893384029,1.0313616181241438,3.319488566187651,58.03365981811299,669.2111056304167,12.401374289160461,0.15,18.680325646831886
istanbul,881ec911cbfffff,7.199954022434529,1.0380852758166532,3.421655142277896,42.93828993011491,595.1601087867006,12.965486661463558,0.3,18.963873381876347
istanbul,881ec911ddfffff,6.629084002166378,1.0556289083821788,3.3047182993169493,46.44911088989553,542.718560876588,10.76493696534185,0.2,20.348488881813854
istanbul,881ec91037fffff,6.836322446711421,1.0425123408745725,3.36362568848459,45.53103288510336,800.7215628397549,9.951833759968142,0.3,15.666246737054305
istanbul,881ec9ce81fffff,6.912911882839281,1.0848596348474764,3.018940521451766,43.39705251338794,155.1784982427627,8.089479569150134,0.2,12.16235650716856
istanbul,881ec9ced3fffff,4.914313752497521,1.0431279756667926,3.2938121184261084,66.4010899401461,651.0717858504178,15.057987928404948,0.15,15.676189480241693
istanbul,881ec9c5e7fffff,6.341029614745258,1.0289260824506907,3.4887561616283196,50.64449007387505,830.1510983101463,9.065702332226499,0.3,13.63687793108477
istanbul,881ec9c5e1fffff,5.420915277250263,1.0133947914523784,2.9930132961951457,59.54433773964332,110.97297449483378,11.056130719842354,0.2,11.391822179507638
istanbul,881ec91aadfffff,2.773878565509381,1.1947674687847658,2.8335367011909836,117.55632008420605,69.71562404230401,1.4484675907809306,0.3,2.612756845427002
istanbul,881ec9ce95fffff,5.660673752863578,1.0566590609684112,3.2365093555806603,52.23740806146915,289.3008610761957,11.24331898835377,0.15,20.273737742940444
istanbul,881ec9ce91fffff,4.896662167196695,1.0484090176396492,3.25237642034343,63.87947500774376,1652.5357428956795,9.388575298892873,0.2,20.884837648359202
istanbul,881ec9ce3dfffff,5.824695630926246,1.037858412991514,3.4217014449103873,55.64422460392465,92.4284078215656,4.560520035960638,0.15,4.183036616296116
istanbul,881ec9ce07fffff,4.4380813895002635,1.0638587350697641,2.995797400406693,74.48680710966363,0.0,6.691040805693921,0.15,9.364805623967872
istanbul,881ec9ce09fffff,9.089011931484874,1.04346872540398,2.8704858067121926,38.83163308961882,0.0,1.4782740346344272,0.15,2.882570551033359
istanbul,881ec9ce0dfffff,6.339291722537519,1.0239554122558427,3.410344643258018,53.888497608933996,0.0,3.4656871546308428,0.15,4.380285930452796
istanbul,881ec9ceb9fffff,5.993566150447706,1.0633603912201317,3.000993060495768,48.081114426334004,35.97542837959598,4.859111038134398,0.2,2.943705471806653
istanbul,881ec9c5adfffff,5.991931424173081,1.0250484466887049,3.1873457750975125,52.128691373683274,381.7238089615611,11.813024092644678,0.2,19.415564703043593
istanbul,881ec9c5a5fffff,6.885605304510716,1.0464318967587027,3.2863315879875747,45.61727694394531,93.52699667971481,13.5922049368654,0.3,16.881211205403797
istanbul,881ec9cf1dfffff,6.434981738757094,1.0971475498060692,3.2500867734656014,52.83620277462829,125.8503256092424,0.02767780627878924,0.3,0.0
istanbul,881ec9cf19fffff,4.867895824562219,1.041969320556661,3.3284015518479166,65.24851029412416,314.9285023114576,5.733553581278138,0.2,7.08199395555374
istanbul,881ec9cc4dfffff,6.138918817302598,1.1142984720653253,3.219318434498097,47.54899845198484,108.10871922511237,8.639449659047889,0.15,18.806021583074376
istanbul,881ec9ce27fffff,5.374346135658601,1.075259471323696,3.5121205538195555,57.44416612216074,36.56320688455715,12.376437714165228,0.15,20.925914976603234
istanbul,881ec9ce2dfffff,4.967892232427682,1.0123818266580107,2.851797381398701,62.042243201312886,327.31455718415543,1.407756308813406,0.1,2.2463896539161485
istanbul,881ec9ce29fffff,4.568557541996837,1.021656892705283,2.8814885274904594,74.88255538275797,0.0,2.1856901981896226,0.1,2.9817129228155372
istanbul,881ec9ce05fffff,6.275019562024966,1.0310193163072656,3.365652498983111,52.93687573599414,410.1205283768916,1.7412174081773477,0.2,0.5445910708531461
istanbul,881ec9ce89fffff,5.360677027241388,1.1462862965710972,3.1011894424273394,54.9486439936347,461.7270083169512,6.944631684809426,0.3,18.323370020497354
istanbul,881ec9c531fffff,3.8891940924260573,1.1327750494805267,3.383701646623433,75.39687548066028,0.0,5.0447414103113655,0.15,1.5784274844995143
istanbul,881ec9cea1fffff,5.619735855888118,1.0565136963313204,3.5239506417300266,56.192938917821095,464.11785612826714,7.809162289584858,0.3,10.66429816188782
istanbul,881ec9ceabfffff,4.831507456759323,1.013899387839821,3.295174675817221,63.988373837857566,826.6234545396742,7.17799221751897,0.3,12.019842760146958
istanbul,881ec9cea3fffff,4.004310574402601,1.074439939414683,3.2910798427477146,80.71412391325843,0.0,14.986364655054508,0.15,23.184359803852214
istanbul,881ec9ce87fffff,4.095765756351505,1.1257253397061724,3.029552643835552,72.87267034064402,684.5169746035598,6.0885487216437735,0.3,10.88014703476836
istanbul,881ec9c4b5fffff,5.8133291079469585,1.0811070569338854,3.319278619032089,53.047613132958,485.2069520648982,6.325842596360754,0.1,9.339067481009785
istanbul,881ec9ced1fffff,3.40738707855069,1.1296145903559422,3.383302954226961,92.53874245758799,2151.482271620055,7.632400057399922,0.3,10.802922496393847
istanbul,881ec9cedbfffff,6.0765715490348144,1.0358093617267723,3.5002246972278788,53.800580522252574,110.51485912690701,11.671074933793157,0.2,11.493517157624314
istanbul,881ec9cf13fffff,4.269619591480828,1.0479512434727019,2.6027519641116124,75.50284378867227,503.43409716928767,1.2339282100895974,0.15,0.576328341506799
istanbul,881ec9cc45fffff,3.4122000985474217,1.2277819529904388,2.889721556042921,99.43312364071171,1517.6044770051574,1.2415330799913828,0.1,2.2272384826151743
istanbul,881ec9cf1bfffff,5.350620798933471,1.0232041796302132,2.8847868927659888,59.89273628346035,15147.695059541262,9.433692667637212,0.2,8.513251066259535
istanbul,881ec9cc49fffff,3.9679512780134103,1.166737201864123,3.2475421826152777,78.12595928728348,21.96992913388495,0.6254151740558727,0.1,0.2349318311576365
istanbul,881ec9ce23fffff,4.534044391044516,1.069004364999659,3.4186853739142076,71.14633588467728,134.23623212641948,4.879842691011336,0.3,4.7560339565240115
istanbul,881ec9c5e5fffff,6.864632117099714,1.0110770680916172,3.2600894111623693,46.38508193944276,38.839118397160604,9.728434369587827,0.3,11.747951450001626
istanbul,881ec9c533fffff,6.485233333429476,1.024146568677477,3.449603600517856,50.63167230431542,91.62590883615358,6.741294980101337,0.3,1.7366526479230986
istanbul,881ec9c53bfffff,4.771116384198945,1.0243745876809116,3.3262285054228764,68.75235296991832,0.0,12.818517823365081,0.15,17.75979730509002
istanbul,881ec9ced9fffff,6.611902666276991,1.011565490406959,3.45987784670142,49.16872353360038,114.21347762566937,12.706442350244807,0.15,16.013250166526973
istanbul,881ec9c537fffff,5.505804472978442,1.0392180954838013,3.3775334085157316,56.62473257313104,19.169207097716914,8.407469342176713,0.1,11.613056495639572
istanbul,881ec9ceddfffff,2.8857221378548914,1.045578214698466,3.359140494820937,106.46517612781318,2832.0676237384932,9.061529647215885,0.2,12.871085506226908
istanbul,881ec9c5edfffff,5.304344090676269,1.0947516374646253,3.3636325665845974,62.117593037897244,1134.109186734526,4.130339402287079,0.3,3.596960332966824
istanbul,881ec9ccc3fffff,5.581895750219308,1.061335352063866,3.3834817991849264,59.716868291608066,0.0,2.833615457779082,0.1,4.168664854275555
istanbul,881ec9ccddfffff,3.8351952853857214,1.0531052415029687,3.3259007237476954,84.41317406388207,0.0,3.6860185072708798,0.1,4.013207335018835
istanbul,881ec9cccbfffff,4.395858075334801,1.0300895825103333,3.447697353129343,74.26777267153454,0.0,12.736920965695859,0.1,15.40839518157223
istanbul,881ec9ceb7fffff,4.213345889660462,1.04343073106712,3.5047482004069725,76.10392840044848,2085.8498724239653,10.634894671127377,0.2,13.69527336491733
istanbul,881ec9ceb5fffff,5.077704467532681,1.0055553750780508,3.5102874746673915,65.64646199177164,1708.1566509566483,6.715472602246505,0.3,5.526886442814289
istanbul,881ec9ceb1fffff,5.24321356874072,1.040410999737393,3.5113258371438323,60.11912106415571,50.374940446625004,9.26350902066843,0.15,9.189662789251846
istanbul,881ec9ccc5fffff,3.0927926272294592,1.0827687452117398,3.144730241081731,110.6137088358085,0.0,1.9433366897925541,0.05,2.6230127265675875
istanbul,881ec9ccc1fffff,3.452806378634232,1.1093648171354864,3.4192511558653766,92.3424440139801,0.0,9.996936679578626,0.1,12.635830389490938
istanbul,881ec9cc13fffff,3.473205473723072,1.0245863703170133,3.213096828160533,84.26881998303699,459.86803813423234,4.980204240431515,0.1,4.726147932779849
istanbul,881ec9cccdfffff,3.102106946047329,1.0816471876592726,3.428203639296961,103.6162121483698,0.0,7.374755426423587,0.15,8.947207386688675
istanbul,881ec9ccc9fffff,3.3445883165623327,1.021440729920748,3.118206694537369,95.02797572737315,0.0,4.60376017371844,0.3,1.0748222866162926
istanbul,881ec9cc19fffff,3.3664257097267956,1.092579306734167,3.068296431623793,97.112814929639,156.71518856260838,0.3421311808847881,0.2,0.8358333483439541
istanbul,881ec9cea7fffff,4.59567259299889,1.0320402196435003,3.347054367466455,70.80504949211124,0.0,8.298396890199557,0.15,9.337245075649497
istanbul,881ec9cebdfffff,4.887427044619637,1.0467941274696986,3.2200775892939864,62.551171183380326,577.413005030579,5.343283224969607,0.15,5.615411792123626
istanbul,881ec9c5e9fffff,4.877189134110543,1.1317756275387967,3.209847020119326,61.08589454860864,171.88929571348928,7.860629529085897,0.15,15.44636400517491
istanbul,881ec9c513fffff,3.8790536030143055,1.0560357949568062,2.861209963821677,85.1432496578935,103.29829343714636,4.1979358130064375,0.1,9.829957719225167
istanbul,881ec9c4b1fffff,5.411877211467553,1.1192540619753162,3.1578272980219158,54.72541889146958,123.776410858345,10.461431321801722,0.1,18.122527478186456
istanbul,881ec9c517fffff,3.315256500076545,1.0799510799866,3.203055037069888,97.06102022886988,61.04295805977794,6.0652670391361685,0.2,10.315730224298402
istanbul,881ec9c515fffff,3.9438659738987454,1.0345291294517809,3.4078600077152,78.90450974965121,46.13069664024069,9.678341843205269,0.2,12.87562247779833
istanbul,881ec9c511fffff,5.819977800553068,1.0471300760786375,3.2931302787261405,56.17256424792708,114.43300062136747,9.033763516779734,0.15,13.323354226069716
istanbul,881ec9c5c3fffff,3.6359990246810954,1.1205826152287446,3.399944760241402,94.68162470482554,133.94445536549895,4.605296249687908,0.15,10.348988167643943
istanbul,881ec91b2dfffff,1.6801579295289886,1.0068153703150458,1.9298320497004497,173.5947922160102,0.0,0.03567808870555307,0.1,0.0
istanbul,881ec9cf11fffff,5.325390974439565,1.0382680423696264,2.7061514868237193,58.04097963407041,0.0,1.7429490390941693,0.1,2.8724023214216805
istanbul,881ec9c4bdfffff,7.435116099611246,1.070207362709496,3.0911525610630646,38.22836944806961,438.209439937275,8.213977253195527,0.1,19.655299406873347
istanbul,881ec91aedfffff,4.753576219205464,1.0548296001275652,2.847195678753354,61.357313571258345,15.778282061676697,4.500506475770303,0.2,5.66998926744957
istanbul,881ec90265fffff,4.087917826446656,1.0071182445024365,2.2544347768232735,76.03157010643169,71.63379336169537,0.5674237736342758,0.4,3.0944941404247963
istanbul,881ec91169fffff,3.979444373605459,1.0099872670964554,2.4612579581494063,74.9737605189102,237.69682902319784,8.618769983685814,0.3,10.578473298477652
istanbul,881ec9c5ddfffff,3.7726770214352197,1.2060581384648636,3.325365546621013,85.46448707644626,155.32370786408225,10.99241305465507,0.1,16.74847442866778
istanbul,881ec91067fffff,6.914846725900126,1.0791516049414958,3.193518208626042,44.188333836970294,191.26643089650787,6.155063145630098,0.2,16.23951442378128
istanbul,881ec9102dfffff,6.144589825130494,1.0610377949411944,3.422635739083714,48.71272719734385,258.2053138808677,7.0290560602809755,0.15,14.537940704619512
istanbul,881ec91145fffff,4.7801874281565935,1.0803211895461227,2.825938174303783,57.55196306429516,157.04050161011148,3.0955965633432116,0.3,7.406574672074907
istanbul,881ec9c493fffff,4.895882338196018,1.0569583736906132,3.294186680935088,65.68949537286228,384.0989881869137,12.294051185355432,0.15,14.994185293025096
istanbul,881ec9c4a9fffff,4.324607629765524,1.0287677564561346,3.49356629879453,69.22317189295437,310.16440381806035,8.425301631787466,0.2,6.290807388834421
istanbul,881ec9100bfffff,7.142525565552238,1.0609978354538154,3.53429247352843,44.412119674211894,143.05009469548452,11.694544936859051,0.2,24.069826453807455
istanbul,881ec91001fffff,6.266990423172564,1.039211866133489,3.526799950636601,51.859022920841504,1202.954841225803,13.865909399192425,0.3,23.530229917897767
istanbul,881ec91055fffff,6.004227525037856,1.0471374471851203,3.168734237367838,51.333693934299845,1571.0472243618492,9.206609551427688,0.3,16.021855941367402
istanbul,881ec91009fffff,7.354525495880954,1.1041979792250258,3.5350645756705132,43.56684015467215,367.80680050711294,5.511625160861161,0.15,15.739920752362476
istanbul,881ec910e9fffff,6.858458426925398,1.0382883591149412,3.486011252867712,43.55737740146722,276.6028785384796,13.011704262807909,0.2,26.65904719692288
istanbul,881ec910e1fffff,6.319000726387671,1.1104060093073114,3.4761363737725386,47.84822067101011,111.84324131826696,10.685563189937138,0.15,28.47699863816473
istanbul,881ec91007fffff,6.981982526816404,1.0608460969399234,3.545435026024321,45.948159755878706,487.5656662592366,10.731277401573951,0.3,16.440508376342144
istanbul,881ec9102bfffff,5.6252073928814985,1.006401770385834,3.0140132047130352,54.52162790494865,1009.8658354571618,12.64732375518146,0.4,18.48758726750062
istanbul,881ec9103dfffff,6.061778551968497,1.0106675798973581,3.5165849709909134,53.69410906795777,804.2136200496365,17.775204200010414,0.3,19.272841624595582
istanbul,881ec91039fffff,5.970030155109233,1.0664054177005546,3.542131284497441,51.74186989589114,597.6780059125472,9.796242082815933,0.15,23.466713335513667
istanbul,881ec91005fffff,6.70380710860007,1.0141668026743176,3.242897473994,47.490529154747506,1653.294435561884,10.307154650557598,0.3,18.36682610828432
istanbul,881ec91003fffff,6.811270919445367,1.0161267958694085,3.4898384933918134,46.725848246458156,999.8617529068516,9.938793639184947,0.3,18.35024798288444
istanbul,881ec910edfffff,6.396437487190332,1.0488686755101326,3.462183157695236,49.529186435736875,235.4442861576559,13.031044305000307,0.2,15.975431100282272
istanbul,881ec91013fffff,6.764405660493028,1.0729420804963357,3.5030980580939137,45.72432941446756,447.7665208140264,11.70606018683159,0.2,28.496399903873087
istanbul,881ec91017fffff,6.692659637852835,1.0507493169587,3.5421481028312556,46.82137527432404,822.1177577251412,12.77445046862196,0.2,20.888195372407573
istanbul,881ec9c553fffff,2.977704466997127,1.249511631982946,3.3719637406950325,103.3320502765006,523.7596715813078,2.6667716615970405,0.15,3.2015504892671602
istanbul,881ec9c55bfffff,4.00213760026927,1.1694380875381318,3.198278618557015,80.10425110634569,67.64227318859291,5.397815077990911,0.15,6.898051142371934
istanbul,881ec9c551fffff,3.8835662058491844,1.1555928542639051,2.977855124039535,82.15325866392841,36.72270861658862,4.456272209804756,0.1,7.817281260219122
istanbul,881ec9c55dfffff,3.8869709324136776,1.2126640029887006,3.305556383480251,84.923991745331,175.6687076542558,4.534329995329869,0.2,6.032247802073815
istanbul,881ec9c555fffff,3.48161963609388,1.0183725125194816,3.071405611933128,97.38028025105872,93.80913319445177,11.21945938612461,0.2,8.25625413017603
istanbul,881ec91063fffff,6.217749670783125,1.0145751261090667,3.4277270833150366,50.39543964149002,993.5994197579369,11.681183446568614,0.3,19.271614498693847
istanbul,881ec9106bfffff,6.377365359566728,1.0484746605887034,3.173247289613143,48.96142534640629,355.6618093425064,10.808260477240303,0.3,18.618953636195414
istanbul,881ec9135dfffff,5.2935083298320995,1.0386895538241532,3.3834813882828416,58.05692966087747,216.80090697999978,7.036191999772084,0.2,12.302277393477329
istanbul,881ec9134bfffff,5.509675742290048,1.0642617109913102,3.5000075860942217,56.0279164533204,367.10661453276185,5.3292412569573875,0.2,9.582988218751662
istanbul,881ec989b3fffff,4.52037650749898,1.0809982402039116,3.4825427575207897,59.61461817029415,529.9171031513176,2.1778863025945676,0.05,4.298485820422513
istanbul,881ec989b1fffff,9.580207951146352,1.2362278484550442,2.265532672530118,33.92410703998455,0.0,0.0,,0.0
istanbul,881ec989bbfffff,2.868871948171512,1.1642873286994966,3.2241595008375077,87.14226515384853,0.0,0.08258773973015246,0.2,0.9966941778729836
istanbul,881ec9126dfffff,5.354928232498731,1.0422973151150354,3.3852710565827646,55.772496876479146,439.29440787187673,5.989982817975708,0.2,10.854238556009891
istanbul,881ec91261fffff,4.2631635152022165,1.1064738510931094,3.4926633866402486,73.15721928250233,0.0,7.158154218214842,0.1,10.240446581963559
istanbul,881ec91265fffff,3.373153457396523,1.0786041955065264,3.1743736697062217,86.7683402270016,68.68244598770762,1.5534225556766135,0.1,1.9328516372064795
istanbul,881ec91029fffff,6.504125693306143,1.0253633385533292,3.2693339513143074,47.045015834412816,393.3322210347878,11.089735664539159,0.3,16.04846062009282
istanbul,881ec9100dfffff,5.90897209240094,1.062045908800912,3.5198273875964707,52.594564952071934,817.405030797514,9.843004148647001,0.3,20.953914716416413
istanbul,881ec91043fffff,6.648436634256451,1.0112139916401701,2.830023157618278,46.10537473441146,360.3137205364,13.806277839463963,0.3,27.943885990826978
istanbul,881ec9105dfffff,5.924704780584754,1.03724340810258,3.3793314110482244,51.486073837471764,891.3589634830047,5.202273782554029,0.3,13.317127724651325
istanbul,881ec91041fffff,6.831244237014924,1.0116843827175128,3.2032809675534204,46.249975982094824,1117.9127250635056,7.424670619866079,0.3,16.1949636826049
istanbul,881ec91057fffff,6.557772875252759,1.084365162679623,3.4413895440412396,47.59697895190712,181.81491253921362,9.494732638616167,0.2,27.37336537463082
istanbul,881ec91019fffff,4.456397092810932,1.1092684322073783,3.3155927736134694,68.72143429364559,220.36832627198442,10.46279732330822,0.2,23.080605801754153
istanbul,881ec9101bfffff,5.106092985422052,1.0870342125535912,3.2817725845625736,57.1739458534043,476.784904699572,10.307603818794815,0.2,18.85090164528109
istanbul,881ec910cdfffff,5.709939222691434,1.0824701288174579,3.5352672464164177,51.68565543512108,390.34523438858844,11.940276625566632,0.2,25.16040522982508
istanbul,881ec9103bfffff,4.8173053575170695,1.0959516912769616,3.5469716946464227,65.18166831795807,438.62000919189234,10.341650002222718,0.2,25.309847960869828
istanbul,881ec9c6a7fffff,3.374715542550407,1.0291051128821522,3.246522687805352,86.02875619725651,21.456039051534145,3.243896692856862,0.05,3.054394998453758
istanbul,881ec9c6a3fffff,3.44334776185662,1.0868007097331076,3.3042168139190657,85.53319859461493,83.73586993146318,2.707800170340947,0.15,3.749448745912016
istanbul,881ec9c485fffff,4.5601767433565605,1.0126352976927122,3.360342072853559,67.53213632723688,161.84059944090004,13.925356907897655,0.3,14.513402284623659
istanbul,881ec9c48dfffff,4.126490038598138,1.0029483543663333,2.166398524919607,75.19142829369467,728.1343623295622,6.2874755618299965,0.2,6.813360173055555
istanbul,881ec9c4c7fffff,4.441578359672101,1.0085457556783572,2.4536502477276376,69.95582663484161,14980.190912066546,11.4686692376928,0.15,13.521010211988305
istanbul,881ec9c4c1fffff,4.876279825004787,1.114228397728147,3.429086239480702,69.1261912322807,71.61318701616202,4.863659334774622,0.15,5.276056520633665
istanbul,881ec9c4c3fffff,3.551723627840073,1.0821050463459057,3.293496422601547,91.97412324148766,247.5831264933984,3.0387646211084625,0.2,5.588340327260253
istanbul,881ec9c4c5fffff,2.9525441121862794,1.1486791194071289,3.3171587137223004,109.42323325279408,32.701687315265445,4.293988840895671,0.3,8.951827564180837
istanbul,881ec9c4e3fffff,4.205293257166382,1.117771663942147,3.222986698140077,79.26518151029987,27.354384190552434,4.987765582153947,0.1,4.677273309969532
istanbul,881ec9c481fffff,4.538975822301198,1.0485074311186995,3.439131417214168,71.53052525199813,144.7243540506246,10.149068444426282,0.15,11.072292505758424
istanbul,881ec9c4ebfffff,3.5462762271568318,1.0406626930393748,2.975579714177906,91.64542725442557,13.830458906534204,5.682347086581282,0.1,3.886888822324254
istanbul,881ec9c489fffff,4.257798402711903,1.1004789241528985,3.1030333520698923,71.19867537789683,302.47019758503353,5.414275499406548,0.15,4.840089081717895
istanbul,881ec9c495fffff,3.9588435009564114,1.0824919386599117,3.1326963058966677,79.36388218258314,166.968630682742,8.560854164648145,0.2,17.344325472779104
istanbul,881ec9c491fffff,4.754492499795566,1.053730824003611,3.088998456418505,66.11557207729277,0.0,9.202170236421473,0.2,10.253951474181951
istanbul,881ec9c4e1fffff,4.123355169620383,1.0094176143270883,2.7760622540891062,75.71663364587064,0.0,6.266600734469675,0.3,6.117319514440032
istanbul,881ec9c4e9fffff,3.5868686388612434,1.0220387312476336,2.267622648696131,85.38087976849579,0.0,2.5592460910352304,0.3,1.8907112738967848
istanbul,881ec9c4cdfffff,2.5381740932710466,1.046942701505728,2.852878796635438,134.78400243105864,25.736002495720026,2.8756238350276617,0.3,5.900703244347001
istanbul,881ec9c50dfffff,15.100539744559617,1.0361143372952288,2.991919920363986,22.764086967410904,0.0,0.0,,0.0
istanbul,881ec9c501fffff,4.788539178297585,1.0687994685968687,3.3309129575381413,66.16457992121019,0.0,3.698193373857844,0.15,4.822877935350405
istanbul,881ec9c509fffff,3.761697411988705,1.0643641172391143,3.409767880824108,82.59948945495313,0.0,5.553440448814492,0.15,6.0226376360979526
istanbul,881ec9c543fffff,3.8313006650621624,1.0631152801419526,3.431232714956852,79.15815411988018,0.0,3.2079614992298575,0.1,4.775818926808831
istanbul,881ec9c5c1fffff,6.345795851736931,1.0570948908344042,3.3486641784728532,48.83979378094673,365.042246732486,8.193341225245629,0.3,21.490197869736107
istanbul,881ec91023fffff,5.944900229025731,1.0114168610929248,3.4998911649051165,53.2896444395194,415.4807696303601,10.331472732413133,0.3,17.760809187598618
istanbul,881ec91047fffff,7.149238529465843,1.0172075005266294,3.4930905360076205,44.36896317949094,319.94087279088586,9.835278982085502,0.3,21.729065493501952
istanbul,881ec91051fffff,4.978985052634633,1.1804722837510053,3.4765160406983378,63.12244583249147,39.55360567941477,3.052988716511855,0.2,4.872577963112969
istanbul,881ec9104bfffff,5.7102322867211575,1.040172197742033,3.505102744237367,55.17612547625412,268.291763485364,13.134716623609155,0.3,16.713048513803376
istanbul,881ec912a1fffff,3.414361512706812,1.150472734903289,2.871995977266245,97.62684241044987,184.6051370048636,1.8399386477773874,0.3,9.357905766522574
istanbul,881ec912a7fffff,4.708590506170252,1.1821746814717684,3.456468234527632,65.77371553790313,551.0931182573833,10.161078949995108,0.15,29.416502993844833
istanbul,881ec9c687fffff,4.344616295910058,1.0524158057091904,3.3130351371500075,75.10808026496423,248.4264915380731,2.8187606074073566,0.3,9.679316964166109
istanbul,881ec9c6abfffff,2.11238844076729,1.1601326621193893,2.8987455395863386,142.01933423335242,226.2277859771245,0.4094181323541446,0.5,2.0058620861268777
istanbul,881ec9c6bdfffff,1.9632009790824223,1.0426433817590064,2.9381824546861237,137.13866898976624,291.62969031553473,1.3285420514783566,0.1,1.8571470325534882
istanbul,881ec989b7fffff,4.739004939384843,1.0810815309735464,3.510633430470702,57.42215872022995,217.8944292453089,9.670140842178942,0.1,4.623616715367091
istanbul,881ec91267fffff,1.4233030354945997,1.1622879821857037,2.6390573296152584,150.55522888788738,186.74537664544422,0.8718779319901322,0.05,1.134648992267925
istanbul,881ec9122dfffff,4.427947606754873,1.0130371339005588,2.361321152557342,80.65652280935588,40.69401095635602,0.9811889197401251,0.3,0.0
istanbul,881ec9135bfffff,4.030935542035111,1.0700572335739986,3.461931625436729,69.52598823462478,25.97589807528669,3.8659336691816697,0.1,5.043641992029256
istanbul,881ec91229fffff,2.8772252380223318,1.5431583306491943,2.639057329615258,108.61158725786714,1689.6216687733402,0.08146211881232425,0.15,0.6287293331488284
istanbul,881ec91351fffff,4.3403044966844835,1.1152470644270267,3.5063779983406156,67.86934963569368,102.0933004883691,6.512642086655424,0.2,10.955272667960642
istanbul,881ec91359fffff,4.913434252363033,1.089021655629497,3.550394274072326,61.39349324088519,175.79932836497494,10.176815008527718,0.15,13.344079260128725
istanbul,881ec91237fffff,2.672767224535179,1.0947153185621095,3.028444338368559,124.71468905837972,36.09223979375418,7.810757742913263,0.15,12.981353802269506
istanbul,881ec91147fffff,5.6485945974617,1.0457272835844298,3.462745170331225,55.75911396841839,286.3226154881855,7.005081716975245,0.2,17.435242135698868
istanbul,881ec91141fffff,4.918614727695068,1.0878812921802352,2.611852944990833,54.936761856131874,329.9182282015635,8.153540818696385,0.2,17.531356702567052
istanbul,881ec91143fffff,4.144551364309958,1.15886596426247,3.4755752361577783,74.46933290933626,480.187029736847,8.916652849144121,0.2,24.25333541000983
istanbul,881ec9c503fffff,4.87995545551381,1.0884679075161716,3.1597771929296425,66.44372621804686,154.3416041808954,4.26468914300259,0.2,0.8844505610265394
istanbul,881ec9c50bfffff,3.8833375352866866,1.01998696536549,3.1520214187488005,85.52354393696805,0.0,16.236489307842188,0.15,19.835839369268484
istanbul,881ec9c557fffff,4.116744246106157,1.0290193226514701,3.1442537789300133,74.60819491844066,107.06437843659161,4.522521982192555,0.2,3.2246028184445663
istanbul,881ec9101dfffff,6.102265667241244,1.0604724812728252,3.5580251701285492,48.34083380898101,448.94742220797343,13.811718312448914,0.2,32.16437036491757
istanbul,881ec9c497fffff,4.758593509931059,1.03418315262087,3.2308112452072413,68.84097290783252,166.74104043673927,12.418209750292531,0.15,15.764043773083092
istanbul,881ec9c4d5fffff,5.2530749140673985,1.1458972622626329,3.1202316534662233,56.68948616163554,63.9862842258008,2.440374293039572,0.1,5.294142959476252
istanbul,881ec9c487fffff,3.07190799875528,1.1042945752133315,3.064524939212152,112.3309756265591,36.45112619436327,3.778283497971696,0.3,9.146383829358863
istanbul,881ec91033fffff,5.960135115741042,1.0500714312830153,3.458050819487043,54.64441108630859,1467.2997752475897,12.012807197334869,0.2,12.680310707209134
istanbul,881ec91031fffff,6.519260989372302,1.0471258280022258,3.338417690686925,49.41271531802785,3735.900530797264,10.337867757151535,0.2,21.317802106459173
istanbul,881ec91015fffff,7.02497064050833,1.0938189620878873,3.5394183234750574,44.87099056139815,881.7516136478263,11.313934043930132,0.2,32.854264024725765
istanbul,881ec91011fffff,6.507628230790144,1.069606625954274,3.5178606059450055,46.915669378397205,596.2284217462613,12.90825082130662,0.3,24.731295572877382
istanbul,881ec989b5fffff,2.0989641698996295,1.248045503633365,2.7769132180455927,127.0467931233997,0.0,1.2772002623009984,0.05,1.8298236724301145
istanbul,881ec91155fffff,4.813320265054568,1.1105104195715805,3.498272952291009,69.25226558336122,314.17102683011956,10.543366175864893,0.1,14.882130180411508
istanbul,881ec9c4b9fffff,4.824039383110921,1.217563485973202,3.345692173746093,63.979986645466674,108.40163745935689,6.022555196512573,0.15,13.400185094259292
istanbul,881ec9114dfffff,5.24003090858087,1.1145445800421345,3.216982547061471,60.1141492284269,76.8605480815303,8.863995696704722,0.2,10.129046107843761
istanbul,881ec91321fffff,3.521952119924629,1.096905826790493,3.1267942213045474,83.69679920841556,31.310095846682604,11.676518097673867,0.1,20.689188797146485
istanbul,881ec91327fffff,3.6164466296978333,1.0361540239703553,3.224888184363008,89.86721864803376,22.335613626511698,11.809044203371869,0.15,21.24708975460062
istanbul,881ec9c49bfffff,4.481360739090496,1.0238818404326848,2.8135847332409925,72.15070425215426,0.0,15.963796508949782,0.15,20.43496387255066
istanbul,881ec91325fffff,4.551977521330381,1.0548956146776216,2.991544775181862,67.38556752864493,1030.0179885000316,10.33265053340698,0.2,17.532486504810176
istanbul,881ec9c499fffff,4.505255162048224,1.030078213569042,3.186759582586762,69.02973358616491,0.0,14.036923861422084,0.15,20.950925438456327
istanbul,881ec9c4d3fffff,4.5219118971073335,1.0311462150004518,2.95390128378095,69.31422879366545,354.9936544712088,7.209888130714579,0.15,12.206548297523568
istanbul,881ec9136bfffff,5.550278953611388,1.1361575214849735,3.383013093431215,55.11445887219289,93.63549380343484,10.262094667673804,0.15,16.97041341933891
istanbul,881ec91363fffff,5.62809282765795,1.0684454418250346,3.3302368774013082,54.17635601621688,43.965879653538806,13.32273026956609,0.2,18.423425657550794
istanbul,881ec91345fffff,5.54664453056626,1.0648361238945951,3.314163102679311,61.43186909905585,109.11875212278255,5.0189693053082785,0.15,11.42154392216637
istanbul,881ec91361fffff,6.010761371486984,1.0824864281894593,3.0952389582913953,50.34829370917137,261.3663895775234,7.867083385721889,0.2,11.090275636139227
istanbul,881ec91329fffff,4.372458759192136,1.106419158018941,3.478174907641878,67.21105153995912,26.03146117800567,10.038841511520058,0.1,17.75950407105086
istanbul,881ec9c49dfffff,5.571842978072145,1.089296659537864,3.42005027459727,56.23513343187338,190.49634860057446,7.2803457491239545,0.2,7.73763660559706
istanbul,881ec9c4d7fffff,3.991034073361519,1.0426497998973745,3.2347914943269958,80.5376665596449,109.47979322081372,12.265720423801795,0.3,19.379360212489264
istanbul,881ec9c4dbfffff,4.860381381893688,1.11342034469633,3.39770194369667,63.260727957117616,922.8590830285245,7.393013032465678,0.15,17.44744736717752
istanbul,881ec9132dfffff,4.26776303522226,1.0926139022915,3.301759625527439,73.94360180903725,327.0573954714984,8.51855530269383,0.2,15.227306727080554
istanbul,881ec91367fffff,5.003041321985014,1.0572858843141781,3.244314742502818,60.223954232012204,453.4638503623501,9.985273376542168,0.15,20.71526392837365
istanbul,881ec91365fffff,5.445950023605269,1.126678770434039,3.487878159229815,54.92038198894843,239.07446150438213,11.466025739174274,0.15,20.581457685799023
istanbul,881ec9c6b3fffff,5.774232730887272,1.1828179188157013,3.2429631404654513,49.542452664067795,378.23319964487393,5.082272276302247,0.15,10.365960712658369
istanbul,881ec9c4d1fffff,4.039967100024498,1.1520123582598845,3.3579749033397,78.35379713562736,43.17524930124486,7.448458289075056,0.15,9.37723141993682
istanbul,881ec91021fffff,6.852886608891652,1.0480728888065942,3.5106955747539206,44.60886328815632,158.0400174879716,9.114243223992547,0.3,21.489908809713867
istanbul,881ec91025fffff,8.104113508086856,1.0681877194204843,3.4836771187124373,35.24265360193651,28.149921461600947,11.12847283515066,0.1,16.313020860606493
istanbul,881ec91151fffff,5.85387503583079,1.02273584135242,3.3382761907755314,53.62282989816673,403.94497416411326,9.778132737160464,0.2,20.088652366391884
istanbul,881ec91153fffff,5.629682562924596,1.035958230158211,3.4192716235164275,56.63562308289517,719.6824787430274,15.599721647164637,0.2,22.417678604008273
istanbul,881ec9115bfffff,5.467758288168826,1.0594646853125416,3.2965896756461546,55.12961451694241,508.8651149941398,5.934549097532335,0.3,15.14176728283902
istanbul,881ec91159fffff,6.070031924945052,1.1966445223130002,2.752561574798404,46.072412864893494,212.7925235753059,2.347858531493466,0.3,5.6098190408374045
istanbul,881ec9131dfffff,5.597997395293676,1.0398354550040017,2.6690318318046984,55.41002670811567,281.59042426474025,10.939600344499816,0.3,16.214898791703238
istanbul,881ec91315fffff,5.063183616157658,1.048261253171654,2.407848444802989,62.44617903629867,980.0395226009775,2.6296903535813407,0.2,4.870603938702608
istanbul,881ec91357fffff,5.262139095091007,1.041472329281071,3.1682750582221404,59.29442347258456,206.70175966145894,6.760009684593436,0.3,10.415607913604248
istanbul,881ec9c4adfffff,4.048140871836306,1.0126455144897297,2.1288536408142202,73.19317822106605,0.0,0.8635918521154046,0.2,0.458183888489625
istanbul,881ec9c5c9fffff,4.214747379558009,1.0823490264203177,3.461392391212615,74.07966507082816,115.60773807676713,7.031738558098154,0.15,14.42626271224325
istanbul,881ec9c5cbfffff,6.244731451068087,1.064056928543467,3.3486775403749527,49.219961098713505,89.69299425573482,7.54713561775902,0.3,20.064531674403103
istanbul,881ec9c435fffff,3.873249585598025,1.114384225228417,3.440834345274686,81.16473016713465,42.685915953823944,12.7330458358906,0.15,15.424932563478121
istanbul,881ec9c5dbfffff,4.489097719325119,1.0568296302191176,3.362772194660177,72.69775037071005,286.2256503331943,9.531483467593537,0.2,10.531376768322467
istanbul,881ec9c5d1fffff,4.0230960314193895,1.2087173513604148,3.3578455117876005,73.83112425121558,344.7298620843662,3.4941033507240613,0.1,6.54598025030409
istanbul,881ec9c5cdfffff,7.179590339057597,1.0557475479013287,3.1549628349990186,41.22376895094511,366.47425171698876,7.530407401628029,0.15,27.899188220264598
istanbul,881ec9c437fffff,5.343460964814922,1.0249073331273126,3.08778314347999,62.09798930002561,251.04850545793292,2.9928062157235615,0.3,4.479589818852129
istanbul,881ec9c427fffff,3.3483171261645976,1.1099025733732544,3.364130568891373,91.18304001956892,781.7808963089909,7.646793950406816,0.1,9.162499062193593
istanbul,881ec9c423fffff,3.6899576609262748,1.2474308861868626,3.4868685113840874,86.15308460967543,177.01340479010753,12.028437487871592,0.1,14.516184646973691
istanbul,881ec9c4e7fffff,4.2872708723910895,1.0134434103681924,3.0575369049552346,70.55563135765716,0.0,6.811612123108189,0.15,6.770777567809198
istanbul,881ec9c4e5fffff,3.7378393200039692,1.0500498824621405,2.8963933972956686,87.3581190334718,0.0,3.6975528013873276,0.15,2.6990564947718916
istanbul,881ec9c5d9fffff,5.087121721929055,1.1059307568912002,3.205060991002403,59.21413417300623,165.85235854223814,5.145589466253483,0.2,8.793886714885359
istanbul,881ec91369fffff,5.72470441154351,1.0872729907674377,3.3629544602883863,57.128543527552075,167.74531985354088,8.715704569938936,0.2,12.783751010076855
istanbul,881ec9c48bfffff,5.41405093634274,1.0741654969451362,3.422220256853407,56.35054958843812,135.2784127901431,4.817496340354062,0.2,10.680499551533629
istanbul,881ec9c483fffff,3.221719179863885,1.244165432000699,3.2104272555420406,93.1179855386014,0.0,2.9785358280804717,0.15,3.0549573512021038
istanbul,881ec9c4edfffff,3.9893853362799647,1.0196591158993544,2.6628233356392497,76.26621484317414,745.5637818399563,6.438614027102859,0.2,3.1558514174947008
istanbul,881ec9c417fffff,5.073361881926861,1.066215736918399,3.41025112431936,56.04049782118314,319.6295844219152,6.698886708538849,0.1,10.966643872206847
istanbul,881ec9c43bfffff,5.00281039752561,1.040610006475365,2.7461409814170303,69.00883059826731,340.39438060493603,1.5750505497001066,0.1,1.6508191733773785
istanbul,881ec9c433fffff,4.511427860213844,1.2945485874234894,3.3556932811474,66.62232159433495,30.646786334290194,3.551773392177144,0.2,2.2961454514587114
istanbul,881ec9c51bfffff,5.450460748410666,1.0525687892001576,3.193595853559794,59.0670148642099,1610.8373227842608,8.888347542639433,0.2,6.0136910546454025
istanbul,881ec91035fffff,6.480191544824043,1.0301180123836677,3.408845948456237,47.96321353480148,184.70474393536037,12.913265295047456,0.3,23.060339971878058
istanbul,881ec91061fffff,5.79445516401515,1.0976523250774304,3.469829752762073,53.36973816516813,364.13990243806956,9.358473377311384,0.2,20.890275463473564
istanbul,881ec91045fffff,6.2623680342534,1.013003052182543,2.9669721977040253,50.38718092502972,386.5822523480633,12.42013303981414,0.3,24.44765553489494
istanbul,881ec91069fffff,6.051475503731,1.0017913640022813,2.196546705777133,51.997888932403235,773.7958911888726,11.782778176335466,0.3,21.267743890083636
istanbul,881ec9106dfffff,7.500968327264591,1.023470342283367,2.9764603181265006,43.47264810284227,660.4303256273919,5.881963243104153,0.2,9.993710236099147
istanbul,881ec91317fffff,6.920291714789902,1.009159561949072,2.4883302431252043,45.390472121250724,1878.7553182751324,12.293017568724954,0.3,14.327578024956376
istanbul,881ec91311fffff,6.357355969807188,1.0102328860217658,1.9060646524183875,49.54050405748068,983.3137892203657,13.228021596829139,0.3,19.071546208629442
istanbul,881ec91319fffff,5.690098120429907,1.0191389767991292,2.8014053189747647,54.61095422306393,166.30672458398536,12.288861699827786,0.3,21.634085953278653
istanbul,881ec9104dfffff,5.665638333202984,1.1024580434906939,3.231906399710189,55.68625041464445,240.39435532614442,8.338657561939748,0.2,21.136440276663873
istanbul,881ec9131bfffff,5.533894825531566,1.0133449528219158,2.0418700740473965,53.85627011246793,194.77219116619932,11.742237597519193,0.3,22.2671691765823
istanbul,881ec91313fffff,8.210138874359151,1.0552248942114357,3.155616228987963,38.987581433439466,566.4851481559816,11.878765694982253,0.3,26.448069108706537
istanbul,881ec91227fffff,2.990394358163518,1.078964831944704,3.1918890403540447,103.27184057470653,227.08368145898618,0.8299287391612518,0.2,1.270094169311897
istanbul,881ec9c559fffff,4.4036499994276115,1.0505912672115414,3.405793325737176,78.78436650399085,691.8432058887997,0.9386083652963506,0.1,1.2935525371230616
istanbul,881ec9c519fffff,3.2697557530483885,1.170347276744683,2.9675829528083946,114.68746546294423,40.550103054240424,0.776588965458244,0.2,0.0
istanbul,881ec9c51dfffff,2.379526130681753,1.0603358378060102,2.976918774572382,121.4060586113925,17.487294863793696,2.773696633436579,0.2,2.071847721693027
istanbul,881ec9c425fffff,3.410184241945968,1.0674634950009563,3.3194422480005557,89.5387139775598,18.37412067825262,6.327926418547636,0.3,9.253751300116036
istanbul,881ec9c431fffff,4.687501015169911,1.0576015394758043,2.782017604425201,74.20288248063748,0.0,1.600270986019863,0.15,2.3849213068594093
istanbul,881ec9c43dfffff,3.169744369406903,1.353471590278387,3.4849699963078935,98.58839186406462,257.00931384668326,2.1904552545107148,0.1,0.0
istanbul,881ec9c42bfffff,3.9403174179083615,1.1396414585631829,3.414898599729822,77.54592413464829,472.21811551286436,2.53323658195091,0.05,3.73800574151213
istanbul,881ec9c429fffff,3.7298544148974977,1.0157095604729496,3.1692668250241542,89.36899306363243,200.8177934046829,2.319700209468482,0.1,2.4758695753547064
istanbul,881ec9c421fffff,3.4773214546119386,1.0308843902504954,3.487999536763612,87.65209789382541,89.57416488388664,4.246786319746535,0.15,5.032135429327076
istanbul,881ec9c42dfffff,4.104514996497239,1.1580362893306793,3.3585211066851626,76.74475553599349,353.1759320046245,10.399831581982458,0.2,10.058764626999507
istanbul,881ec912a5fffff,5.730166664633254,1.0997407022185417,3.4059178934130574,54.53593556514827,169.78729817810878,2.8073762505630224,0.2,7.15197080777279
istanbul,881ec91049fffff,4.560526242252526,1.4369778356934555,3.124277809706941,67.46859711968963,86.11568835123438,0.0,,0.0
istanbul,881ec91235fffff,5.504272826503606,1.1041657272739622,3.372319437935803,58.0357214319553,53.572550686582005,3.6224848340468014,0.2,6.439637671855139
istanbul,881ec9136dfffff,4.72662392755611,1.1639062622431369,3.1745083515614905,63.470249505361956,685.8828297487909,4.673997565040936,0.2,8.2351295555273
istanbul,881ec9c4d9fffff,5.266536386530088,1.1056629898235508,3.265159427558447,52.380169568575205,426.48278377550446,6.20725029622771,0.2,20.475644723604454
istanbul,881ec9c4c9fffff,2.8141447876646524,1.211065807816028,3.154851391312392,122.15078680626964,47.603461611189054,3.080304400167307,0.05,4.357156999201701
istanbul,881ec9c6b5fffff,4.109074386408676,1.1283306448288697,3.4112586492848065,73.63315289810151,82.45792356839382,9.727561963962284,0.15,19.601051374935516
istanbul,881ec9c4ddfffff,3.297801781900975,1.1988986865571365,3.4454837604900757,94.28230994789219,139.0596658460354,5.174837467378958,0.2,7.395021987828067
istanbul,881ec9c6b7fffff,5.750949542580292,1.1123625508590909,3.3584425728245253,48.615588912144375,149.27475110350574,9.866356349031028,0.3,13.762314188492327
istanbul,881ec9c4cbfffff,4.8671655763238375,1.1486709751802162,3.474842351588171,61.98186047360382,107.26380585273638,4.551320715142815,0.2,14.252996571058997
istanbul,881ec91353fffff,2.0033012970538113,1.1176835067368351,2.975521556719195,146.8164811211237,49.956259439590134,0.9728483139585158,0.2,4.329880222977934
istanbul,881ec9c6b1fffff,7.329503872150123,1.0547636600278487,3.3211371249216954,41.760486866394736,96.80856001233349,5.558590624965307,0.15,15.213299984126305
istanbul,881ec91221fffff,2.6682348465542924,1.1122898562717405,3.3404459032202847,99.20636584698578,284.04802997299265,0.25817366453138785,0.05,0.14906226856046878
istanbul,881ec9114bfffff,2.331349044683421,1.1427879283141509,2.9381824546861233,137.8723499861939,56.392313192205066,0.8575957246359465,0.2,0.5545725994669692
istanbul,881ec9c405fffff,4.277632269234873,1.3364592011342076,2.3701349548823627,64.93727377539702,106.78342663019797,0.0,,0.4353115124789042
istanbul,881ec9c6bbfffff,5.91176963390273,1.1017510955934406,3.4087628844596827,55.01613536857133,130.75378017099823,2.620205882009238,0.2,6.602090013163137
istanbul,881ec91223fffff,2.511802053267578,1.1161729131621592,2.9932239578244846,125.12359955947296,16.271698848664368,0.6016102655491327,0.15,0.0
istanbul,881ec9c6b9fffff,13.194101912702529,1.186042167698778,2.3235797631888335,26.053307930648707,531.4215520007067,0.3197865350731389,0.1,0.7437483155048942
istanbul,881ec9c54bfffff,8.76160995217629,1.0488057390956385,3.2194981285707,35.66696094732893,732.3857123746674,0.2972799948409478,0.15,1.0212514017096952
istanbul,881ec9c467fffff,8.466679819103147,1.1257622808148433,2.486412320163373,37.1827943823394,187.44646684077148,0.045330093272036756,0.1,0.0
barcelona,88394461cbfffff,10.621076197948879,1.0517903694541495,3.407861101080138,28.529902508896054,475.76920788416885,11.902677808767267,0.3,20.474552510575737
barcelona,88394460a5fffff,7.89390024609353,1.042098528187167,2.900209209535738,37.48696564709954,1922.2298074795654,0.5578532900186396,0.5,2.9572690489778775
barcelona,88394460adfffff,11.061155154352543,1.0421828604318395,2.5872521591657462,26.915533759601765,411.2635741563916,5.709458088299567,0.3,8.26060572248839
barcelona,88394460e7fffff,11.029473556910373,1.0194152818917848,3.3028833828016295,26.94324527706649,470.02875007621475,9.68611798394988,0.4,20.099382261604195
barcelona,88394460a9fffff,8.624242137536925,1.0233251024846086,3.170412083027332,35.228943341394405,431.15607680620155,6.93602971615778,0.3,11.942879753455308
barcelona,88394461dbfffff,8.901384406084466,1.0202764219028901,3.3496953804216085,33.25106501062225,999.5445677549017,10.725593677951853,0.3,20.024783518754848
barcelona,8839446ad1fffff,3.9800582743254598,1.094763134715829,3.0508810305162424,79.60478498823326,0.0,7.762315739305681,0.15,14.295644553310144
barcelona,8839446ad9fffff,5.204431011361853,1.0309506277912992,2.8075047403657774,61.367565294773904,3417.0280203664975,5.795385597517815,0.3,3.112216465227844
barcelona,88394460e5fffff,9.135081860370184,1.022023923968054,3.2730274540918245,32.33740195431646,1068.5323184390518,9.453086810994018,0.3,23.985331387165257
barcelona,8839446033fffff,10.324433829464331,1.0201161595476271,3.138148883645766,28.850245781182192,2989.0456583411788,9.793052557296928,0.3,17.33009585450128
barcelona,88394460edfffff,10.211863333858327,1.0184796090155572,2.835208818711221,28.906246668303517,5839.451841332875,7.7511698009799,0.3,16.94073651197489
barcelona,883944603bfffff,9.681918778133062,1.0170974631059206,2.908125532378576,30.946909908137997,994.2656737606611,10.710760644546163,0.3,17.170664195778844
barcelona,8839446037fffff,10.35746031603399,1.0095437707415842,2.7399713938002206,28.585180146652235,10587.33425271375,7.978153425506518,0.4,14.527176746143553
barcelona,88394461d9fffff,9.952667168225476,1.024152523949159,3.351349831267785,29.770542035429514,1001.7151682584675,12.800506064290143,0.3,22.244427427368326
barcelona,88394461ddfffff,11.430390984293025,1.0503381658758753,3.430630103712091,25.551570330546905,223.86737753956254,13.622304593913618,0.3,23.753032385489565
barcelona,88394461d1fffff,9.682791429529317,1.064572761466797,3.417610870157119,31.714678190497334,106.05121689568888,13.87708866020414,0.3,26.193862093248637
barcelona,8839446027fffff,10.98406469675957,1.0276925142744495,3.1749683619314717,27.70302742147288,826.2876993829659,6.447962397923435,0.3,15.026239075083645
barcelona,8839446023fffff,11.732478211828356,1.0095198621404724,2.914408159414163,25.297130256540935,999.469943538164,9.982738613047932,0.4,20.53281788716906
barcelona,883944603dfffff,10.412106938871467,1.0155315607757742,3.2803944475502638,29.168065382747905,2295.357279026881,10.490555210246994,0.4,21.200274902291522
barcelona,883944602bfffff,10.099200781896348,1.019699676878652,3.105895409936221,29.863584127940346,646.2667487568976,13.914486024483551,0.3,21.356648550193675
barcelona,8839446031fffff,9.233163956820986,1.0204192450551564,2.823320333315116,32.739327830957876,6098.917877704276,9.303066416478641,0.3,19.696580543388787
barcelona,8839446039fffff,12.008706572673162,1.0061574357755572,2.6868246577527928,24.56398100509294,3592.3874472005855,7.173863775059242,0.4,16.612904374633295
barcelona,8839446001fffff,11.430952095757764,1.0243007350398825,3.221184766064059,26.193835298130914,521.470314341559,10.225202361130497,0.3,16.778664759791212
barcelona,8839446003fffff,11.823418082038614,1.0206056047368146,3.249373374398658,25.46769805028915,593.2922208875378,14.13450771470687,0.3,17.964619695274983
barcelona,8839446035fffff,10.097747776945601,1.0118898382541357,3.006674778231347,29.65518213222084,1538.0023758782077,8.755049764200214,0.3,15.00717918341939
barcelona,8839446017fffff,10.202335910774625,1.0085442551292827,2.8271660842801207,29.427239872160197,4759.037871163242,8.101916697635792,0.4,18.631283318107737
barcelona,88394460e1fffff,9.085286917936001,1.0183646591503148,3.1476676176712015,33.78326912971465,1133.5434281130174,7.58790115691367,0.3,17.531427253457288
barcelona,88394460ebfffff,9.099856287282218,1.0260395994504263,2.9592920622929735,32.6257125545876,1675.8402859361172,10.936657193795261,0.4,19.555329135428234
barcelona,88394460e9fffff,9.360078475334316,1.0108251270651298,2.7299614604968174,31.45471540938633,3470.420339416509,11.893886684502814,0.4,22.47470474756037
barcelona,8839446019fffff,9.555347665483456,1.0728403119256291,3.45418540111628,32.23117155515131,116.84014859816456,14.740639499168326,0.3,18.91404836527404
barcelona,8839446011fffff,11.755741285125584,1.029025819424926,2.8898215456977843,25.694895307512038,980.3277774121786,8.541943617654518,0.4,17.009158699011014
barcelona,8839446013fffff,10.086223535438645,1.016369184348482,2.82793908485532,29.92515541293894,687.7385835855105,10.596970621358308,0.4,21.112032085814267
barcelona,88394460e3fffff,9.233559619641797,1.0364617757691368,3.0284464143691854,32.40095038425524,617.0514481326434,7.325337643099251,0.4,21.839640746060176
barcelona,88394460c5fffff,10.196602618996145,1.0105579556973385,3.1395618382713315,29.253200595154766,734.5188467902628,10.400489625667502,0.4,22.011164303362534
barcelona,8839446015fffff,11.020448281083672,1.0163812176736733,2.4980360413967944,26.349129007898423,959.114882206368,11.009954579102786,0.3,20.589408619582112
barcelona,88394460c1fffff,9.885445374090564,1.0294091982910003,3.14404542911415,30.371098913258113,763.4579460522265,9.900902800100472,0.4,19.979694186849887
barcelona,88394460cbfffff,10.550767924238615,1.0217767432378901,2.955887892942114,28.17487001334359,655.8918248498896,10.067969041324817,0.3,18.85300719901149
barcelona,88394460cdfffff,10.944478226107556,1.0141938885453603,3.237390336789688,27.689927608541808,791.0127741075485,9.75946095952994,0.3,15.57332804543294
barcelona,8839446137fffff,7.23477931839993,1.0836573458828322,3.15128996583297,43.002156309021686,0.0,0.4466650032713597,0.2,0.623021586659319
barcelona,8839446addfffff,6.696167523829701,1.0729218713590312,3.1637417615368104,43.46438094382492,35525.5026019811,0.05912992741541025,0.5,0.0
barcelona,88394461e3fffff,6.043615736783519,1.0755539555527986,3.1851306869265983,48.47800867900307,412.3360198509821,4.609629290838258,0.2,5.8309012665586435
barcelona,88394461d5fffff,5.860579210853133,1.1139282715175864,3.5239916716853696,50.84634476516732,74.22421412287476,9.323117007860034,0.2,24.97591164243411
barcelona,88394461d7fffff,6.291819519774527,1.0548521823525172,3.238628347709445,50.737432665934016,41.969538210961005,0.9003584834948323,0.2,1.2764569938723516
barcelona,883944608dfffff,10.407261425866233,1.0467081786386645,2.876230061810387,29.619787276512994,821.4653460541012,12.044073770722488,0.3,23.808783427439522
barcelona,8839446085fffff,7.457609579978365,1.0222302018921843,2.905081049677282,40.1102570933263,589.6655091071559,3.864665088297918,0.4,9.21361788946171
barcelona,8839446081fffff,9.18691824068542,1.0396009057710618,2.8228758869476334,32.36741858406344,219.7052636598884,5.048275585895234,0.3,12.233377373231283
barcelona,883944608bfffff,7.563181884018957,1.0639051718606896,2.7159807323872296,40.338147414827844,302.50184801410876,2.80889816570955,0.3,8.06302303015211
barcelona,8839446089fffff,9.418679701382922,1.0158734152451805,2.8478789876570456,32.713081329486,676.8512041846269,11.554985313986803,0.3,23.782134039578025
barcelona,88394460c3fffff,9.226250782800218,1.0370858856913951,2.982092641763605,32.52666911121228,1078.5663630025188,12.10021911994611,0.3,19.512723079706262
barcelona,88394460ddfffff,9.760377236020508,1.019800450790818,2.9262920129789447,31.006135483217996,1010.074832280607,10.317177080984841,0.3,20.568024908949774
barcelona,88394460d5fffff,8.91216601650343,1.0458607112519318,3.0783395898127197,34.511544504256825,299.57746345612577,11.137244010498394,0.3,21.307963971430187
barcelona,88394460c9fffff,9.89359095387105,1.0159450147928026,3.1928161857188555,30.2107688020943,982.0218643835676,10.49305608432624,0.4,12.905518697988626
barcelona,883944601bfffff,11.043375415541954,1.0445934352989765,3.4061807573794503,27.40909749951825,527.0824814454169,10.467226429708202,0.3,20.461034370021995
barcelona,883944601dfffff,11.057996304037975,1.0393065116441045,2.981917100677547,27.36942109300727,214.46183986148853,10.9909726667952,0.2,23.38741115099656
barcelona,8839446057fffff,8.821560161838988,1.1041455392789383,3.4983280234742766,35.51531552957472,45.81193329085629,16.32839743192583,0.3,26.53567217553137
barcelona,883944600bfffff,10.065936776749334,1.0520722591001634,3.5078017302017166,30.727022330656865,309.08277343374687,13.328705805338402,0.3,20.6731820925788
barcelona,8839446055fffff,9.302448103050287,1.0901833726185244,3.495892666027773,32.68909244771312,1419.802062472383,12.80016504576023,0.4,20.391925889097045
barcelona,8839446051fffff,9.59651336858149,1.057638695139805,3.4705083188233417,31.673229379858494,1118.6086125413692,12.196971774259001,0.3,25.361580278571267
barcelona,8839446053fffff,10.450551889761243,1.0538054787219076,3.4473444935242132,29.00926730907503,933.4104922582185,14.874514475382266,0.3,19.100074697276405
barcelona,883944605bfffff,9.19575043686745,1.0397067816029584,3.47531237161115,33.216924225120586,657.4586166466448,9.750927016509644,0.3,20.116492917248678
barcelona,88394462adfffff,11.525985829722684,1.028049403848389,3.545543722355217,26.865060119395782,379.7617332251016,11.636065509516914,0.3,21.148821996088277
barcelona,88394462e7fffff,9.946235612603092,1.027919463962361,3.353990132076113,31.052071973250758,302.56443558716404,10.711784005335431,0.3,16.06589600860428
barcelona,88394462a7fffff,12.921414116091363,1.0206761944655427,3.4419530904094358,23.516901659026498,642.946090464701,12.831851565038086,0.3,20.070403848824363
barcelona,88394460d1fffff,10.164719984307009,1.0166490104741417,2.404925059661478,30.92991640491049,817.7925056362233,5.931684870774994,0.3,8.850044412332572
barcelona,88394461c1fffff,9.23409312600036,1.058824189342487,3.4963371006216484,32.96657285471239,73.76801827810219,13.426362156245814,0.3,25.24937269381571
barcelona,88394461c9fffff,11.893497814590948,1.0308026037799605,3.331302272738415,25.32516707638281,601.7725230500972,12.976329655621509,0.3,20.69242434813495
barcelona,8839446021fffff,9.337217366359045,1.0329221467511849,3.2324365246986098,32.384193714400936,450.26584442664114,12.275602211978077,0.2,30.05035508796543
barcelona,8839446025fffff,10.142294279950699,1.0305856254855637,3.2831225080329483,30.783685224686003,1330.758054857471,3.1059150423408277,0.3,4.715040187255876
barcelona,8839446063fffff,8.947886682357977,1.045253043121658,3.4242406297640207,33.86983631877555,244.75595560534515,10.392919902519267,0.4,16.37523161949196
barcelona,8839446005fffff,11.12661006992383,1.0276633555981103,3.137843192685439,27.65373332566276,873.0322380406585,8.723414776814762,0.4,15.289383888156785
barcelona,883944606bfffff,7.116386206676985,1.0658284824680309,3.4439378249111865,41.67074368279564,277.83106332805374,13.831866079166812,0.3,18.701057039121782
barcelona,883944600dfffff,10.2028604846452,1.0143544933097017,2.889782786246357,29.394021532151022,2152.0334326475186,8.687220119058347,0.3,18.302856391654153
barcelona,8839446009fffff,8.882739791851575,1.0483616519757042,3.335322403029644,34.451543505334705,728.1102316900176,7.162754174464364,0.4,14.23761745826467
barcelona,88394462a5fffff,7.619678332762315,1.0798319131751208,3.4791833967425294,40.636324678938315,25.6549922379305,12.95405937284773,0.3,18.249963056045846
barcelona,88394462a1fffff,11.53330176809183,1.0154280633878079,3.444930494939733,26.52064313734945,901.4902302641957,8.860197550877627,0.3,18.255061887264063
barcelona,88394462a3fffff,10.9856685663663,1.022730485065373,3.299788337495431,27.63793282877658,280.0518613114682,12.315650274717454,0.3,21.605569949334733
barcelona,88394462b5fffff,9.70123108417559,1.0664572436493092,3.2047861441286436,31.692206224277996,294.0100785364958,5.961791446032375,0.3,8.975979386356528
barcelona,88394462bdfffff,10.531531772123504,1.0154252915269557,3.2706758541123464,28.711223143864597,720.2943660446795,7.448335725241421,0.4,13.34305400019017
barcelona,88394462abfffff,10.476115422862387,1.0255744739297608,3.397979683574924,29.118742012248905,86.67127290034858,12.748599552356442,0.3,19.347572966359945
barcelona,8839446287fffff,9.98437933028594,1.0352880061358802,3.3916141956419366,30.210000669788055,407.925799706532,11.308909457381674,0.3,19.27710461503989
barcelona,8839446285fffff,12.173226656108904,1.0301456885803004,3.444507404007983,25.021252013559078,784.6461789247473,14.001473211937768,0.3,23.423874119746056
barcelona,8839446281fffff,9.517138559721968,1.0658364012980759,3.4814779405923253,32.18081447234856,722.5527792501916,8.881280940257456,0.3,13.945549782874314
barcelona,883944628dfffff,8.352872249487854,1.1433025229448044,3.491433697236806,36.92001370111285,247.68502956772255,8.456539995839357,0.2,15.32683420733603
barcelona,8839446283fffff,8.82845313043879,1.0531311251393345,3.3933982139242977,34.895409545979994,154.82647006949293,6.945654053945448,0.3,11.735332197611577
barcelona,88394462b9fffff,7.3361304495756885,1.0236712327540682,3.1472816684955722,40.091659912595304,1097.0396895094211,7.444903805886844,0.3,14.592137966837303
barcelona,88394462bbfffff,9.750073888519513,1.0367755430193542,2.61113598687632,31.682636409632146,188.7661300719028,3.2027262481637524,0.3,6.496463274167599
barcelona,8839446295fffff,10.955061969478095,1.0455010798899178,2.8891433628786194,29.107781581595205,78.72023311772283,2.584799389598671,0.2,4.987713205841247
barcelona,88394462b1fffff,9.751016009540699,1.0475926017727895,3.16368299298086,30.93082011464031,547.7429441362927,4.853466128042353,0.3,9.942307625694315
barcelona,88394462b7fffff,10.260069878714829,1.0340674711740647,3.077855980831271,29.973614642833105,1032.8671418962917,5.355300241631928,0.3,11.31052170983811
barcelona,88394460c7fffff,9.744148493951696,1.031017474493816,3.0418764902876285,31.113200089184485,705.5335200571158,11.32476194538329,0.3,21.672015666815145
barcelona,88394461cdfffff,10.266007998269558,1.0448929920404548,3.4219100013076185,31.053789327471772,886.7740093725148,4.765698844908906,0.3,8.803502602325448
barcelona,8839446007fffff,11.527501665728813,1.018413806645485,3.436021642804266,26.576303381823998,301.37979309574445,11.911534317359902,0.3,20.59308369924597
barcelona,8839446029fffff,9.585578294590617,1.032071700071028,3.3297060965283034,31.92986036568183,549.6837192330136,9.891405656728232,0.3,19.874460097556366
barcelona,88394461ebfffff,8.421728989133086,1.0331016100623094,2.9868271207430506,35.4422291277713,2249.7438438374497,2.621906785783116,0.4,7.9150455656163885
barcelona,883944618dfffff,7.009975564730613,1.082532444555204,3.3458966190794985,44.16406851024275,136.36571086633876,7.196230172680227,0.2,12.584193056545178
barcelona,8839446181fffff,7.461591996046355,1.0637080371966852,2.867119670559062,35.268330790035236,250.9237289965456,0.08622923598230713,0.15,0.0
barcelona,8839446199fffff,5.145816132238954,1.04295621331852,2.8427686961869996,53.60900231883904,28894.336789645684,0.6256968171062881,0.2,0.4392027222241932
barcelona,883944619dfffff,4.453877428371526,1.03062924907508,2.6547545156164762,58.937409980763235,3809.5147853631283,0.5092376908128287,0.05,0.0
barcelona,88394461e7fffff,6.73124708724176,1.041110260197059,2.9504960572181655,44.797997732711465,2505.9580755810725,2.6913858170571423,0.3,4.632309157314436
barcelona,88394462a9fffff,11.407526050272919,1.0408527394013654,3.2871592772103346,26.821421510532907,467.5629878919873,13.686730505888706,0.3,25.57954251630523
barcelona,88394462e5fffff,8.95290359809483,1.116310039651278,3.4967025697512213,34.39632924597556,693.9727018227917,8.475483259603056,0.3,20.74577245380435
barcelona,883944615bfffff,8.857205919993305,1.0379510687911968,3.4265053119903044,34.224335957595486,622.2783472900014,2.9634468707516874,0.3,7.382877804435837
barcelona,88394461c5fffff,9.413880278199692,1.0408292578804221,2.807636373056496,32.447592007967366,284.7230988812777,7.695270499204732,0.3,11.31275238652479
barcelona,88394461c3fffff,7.571612256646869,1.1105370441930267,3.4241671119384245,40.563524646862156,90.0886561416882,11.19241416269545,0.3,24.069486211118196
barcelona,8839446189fffff,5.847526764782126,1.154027457658919,3.4670368070423665,52.51822519168232,18.619182444957254,11.843098683891627,0.15,17.26099338885155
barcelona,88394461c7fffff,6.8604515813605005,1.096818832142047,3.3472192063172974,44.4973782298743,46.361826154872176,13.066485420968563,0.2,21.91729560696106
barcelona,883944602dfffff,9.285812159035778,1.0310795066468186,2.994583820526941,32.489658482522465,962.8910986812103,9.34861146521294,0.3,22.92984619377076
barcelona,883944628bfffff,9.087686842988242,1.0654672809109518,3.517664009326902,33.588684443764656,98.36909237352397,2.8205149182420013,0.3,3.1859992504772143
barcelona,8839446069fffff,4.87602623692981,1.1441671319923157,3.3733118184864312,68.05919225090162,0.0,10.76614671098493,0.1,16.34384140469313
barcelona,8839446313fffff,6.225367979908772,1.127866420452279,3.4635228438088355,49.69585749765329,564.5222268074594,3.6287459659620733,0.15,1.843591889002759
barcelona,8839446045fffff,3.8925296865247883,1.1545298896700165,3.485193235869544,78.27493289383804,1044.1085079639236,12.986515670687847,0.2,17.61082874808554
barcelona,883944604dfffff,2.524957497186481,1.2086852090564895,3.4030341249352865,132.0154235090139,0.0,3.6379083089241977,0.1,6.825453833960954
barcelona,883944631bfffff,3.5262065781332224,1.2486441910093102,3.4777302041689153,90.3217504782552,610.4087350744998,0.7324872668441188,0.1,0.7765011956521407
barcelona,8839446225fffff,4.3422106553332105,1.1443350770405583,3.517612507236366,69.48629670014965,0.0,3.125113936108977,0.1,3.0764133357586
barcelona,8839446067fffff,8.830032244651422,1.0404537472858206,3.157969469094434,33.86723210070579,1287.3662302884843,8.682351736034775,0.4,17.698010624718613
barcelona,8839446041fffff,4.81374605400118,1.2011007805676963,3.5251110073594347,65.63957023856427,0.0,7.526151258554692,0.15,9.144018071729105
barcelona,88394460d7fffff,5.092226794448989,1.0380851704936236,3.2216614246756636,59.37001504428528,266.3352962668724,4.872219710109793,0.2,10.9795063684969
barcelona,8839446065fffff,4.492024509599738,1.1971642217385992,3.2439871414948858,67.94148263051206,247.2606274287131,3.11882631672064,0.1,2.765427400562918
barcelona,8839446061fffff,5.273088151770049,1.171459772238384,3.4950741492217947,58.40979538652541,9.161407423506283,7.176345739727078,0.2,5.242223061326179
barcelona,88394462e3fffff,10.504083775666377,1.0781547745370772,3.17574198576857,29.17192507505906,545.2812799521813,12.630687278186333,0.3,19.362982049386662
barcelona,8839446043fffff,4.314001089377291,1.2186962476693388,3.5216982092669165,73.808038895272,336.39733992137985,9.692556671637787,0.15,15.916806431033145
barcelona,8839446047fffff,5.402081819251865,1.1978418837378746,3.430349148084617,58.23805564214931,367.92359587629363,7.8421325494838054,0.15,7.945434416198774
barcelona,88394461d3fffff,5.549803020229771,1.1418080048191044,2.165565653310257,52.44236147814724,13645.114040362403,0.9167848409841817,0.3,0.7669871348489584
barcelona,8839446059fffff,11.0960212295628,1.0730058225560852,2.9365064162009995,27.340928892411167,2684.121457332813,5.319365597685919,0.3,18.049172330430792
barcelona,88394462ebfffff,2.132955633650462,1.2088989242190438,3.044820482464577,162.28834800535384,0.0,0.5474948988061977,0.05,0.4416700300386118
barcelona,88394462e1fffff,3.8968831451082977,1.190182065941206,3.4488721872205494,83.73763783071189,0.0,8.756148139310081,0.3,11.998125346220558
barcelona,8839446153fffff,8.487889853179835,1.07095778061486,3.440396341879489,38.004810470112425,309.48112823156276,3.057661466447951,0.3,4.245115591842803
barcelona,8839446311fffff,3.607485840125749,1.122066522894608,3.2811235607848115,99.7924914897105,0.0,1.4475484023548888,0.1,1.728192985906281
barcelona,8839446237fffff,4.9848203783121,1.1472678056340408,3.284707746531151,64.1948908314234,918.2946594229694,0.9231095566931251,0.3,1.9849881214130325
barcelona,8839446289fffff,7.240182014699311,1.1201952443865852,3.4525353279920767,43.24411146841055,1397.845304969702,9.57596213704808,0.2,12.37320474287354
barcelona,88394462c7fffff,8.667879941673316,1.1134980099442577,3.43723441052398,36.131881762814665,609.6841460659186,5.4037213827388255,0.15,8.99228322664794
barcelona,88394462c3fffff,9.906019244055503,1.0675318815385502,3.4623178637475687,31.864451259109288,2923.5089844151994,4.542755166236632,0.2,8.014277977098187
barcelona,883944605dfffff,9.064127651833255,1.1601238391023008,3.4731835019483155,34.0754541189089,3284.666732656983,11.346664103058824,0.3,23.088936418026563
barcelona,883944604bfffff,4.875548659637693,1.2833201391173485,3.2081269519184468,72.1666168086195,239.3366121670028,1.4229186388131625,0.15,2.114376906760782
barcelona,88394461a5fffff,6.1224112599133855,1.2746177972067385,2.6792041487148097,45.37064989353681,3214.237056681044,0.9273275932224994,0.2,1.2541674930253182
barcelona,8839446ad3fffff,6.043296666001132,1.128919718487963,3.1160747388811365,49.88967843280249,1114.917699678211,4.601914046361726,0.2,3.021793335159324
barcelona,8839446233fffff,3.4152600051451345,1.4911768907736211,3.3107196349884025,96.41090054252965,338.4565151507307,1.4755804910547519,0.3,2.8075350984760874
barcelona,8839446adbfffff,6.604483140297777,1.1142056202103678,3.229164860365079,45.60611525212074,5357.598919440208,1.4343865869747243,0.3,2.5542737870428356
barcelona,88394461adfffff,5.825149008958279,1.0532426155945118,3.1045138625949495,51.19058252857699,2503.5316678909903,1.606651066392769,0.3,2.9826466020183053
barcelona,8839446133fffff,3.5996926574414196,1.1262808779429465,3.177801057576312,78.28951208809363,1159.4838891526706,1.4213910786611037,0.2,0.0
barcelona,88394461a9fffff,5.881703109288776,1.0246812942209034,2.518501087179275,53.47364924549718,0.0,0.47474621192266653,0.4,0.2603911627354565
barcelona,88394461e5fffff,5.850040488504152,1.038741078279766,3.32044517262469,49.43370729783355,2880.9462222026423,4.778821577261304,0.15,7.204047477917561
barcelona,88394461e1fffff,6.24659088112088,1.0535025406083356,3.0965759655808647,47.29852668076921,2399.5494474258435,1.083587090144775,0.15,0.39657529621140836
barcelona,8839446319fffff,5.2455713995858195,1.1758085727320569,3.2186824872455024,61.49580676506679,0.0,0.10071991564004923,0.2,0.0
barcelona,88394462d5fffff,7.836936457850724,1.1626456450995293,3.2880084410964896,39.213929425556785,112.88850347111547,0.7148949167251796,0.2,0.0
barcelona,8839446227fffff,4.478635211715479,1.0668760989609958,2.665394159983387,60.895174497323794,0.0,0.2872104078863498,0.15,0.28029673625975704
barcelona,88394462b3fffff,10.875639003159188,1.0520715074904823,2.1036607376747836,31.82836852651088,12.199709453023692,0.09752403331791376,0.3,0.5351050339824623
amsterdam,881969c9b7fffff,6.236558532411135,1.0113588390411503,3.0977412735722147,46.27094046688323,1179.209989677933,8.595958781592884,0.3,8.730225121248083
amsterdam,881969526bfffff,6.873923469340349,1.0312816694065503,3.2499963925461013,41.64288434061803,523.811707058231,6.960795886795044,0.3,21.98594395125037
amsterdam,881969526dfffff,7.881638367257753,1.0458089649303692,3.3053514423801444,36.43007957128425,1021.2543775444423,6.95590498364461,0.15,17.734007517759977
amsterdam,8819695265fffff,6.447511126752841,1.037383464518673,3.1095371651847112,45.19885466098654,543.5306984828171,7.268852534528328,0.2,14.77524175883546
amsterdam,8819695269fffff,6.901667519434747,1.071277901472309,3.2165798986691394,42.238985550676226,1145.7914672544196,5.395448710708226,0.2,16.6964093039416
amsterdam,881969c9b3fffff,7.232829242810573,1.0253834139297506,3.2749357890065665,41.72541871982401,341.45464281598794,13.529938716208061,0.3,15.084093060448227
amsterdam,8819695343fffff,5.697831590658963,1.0314773044445071,3.0559513307505313,53.385661661952454,362.22742166672106,7.126224801376052,0.3,19.47312038038286
amsterdam,881969535dfffff,7.318712275687153,1.031319155904046,2.95328053341389,38.32474816776615,1225.169456772069,8.929301718930006,0.3,13.971789635193666
amsterdam,8819695355fffff,9.691078626050457,1.0444683644948687,3.3736316409482248,32.25670778125698,255.05493173428317,7.210193316874554,0.3,12.263193892684306
amsterdam,8819695309fffff,6.078726573281957,1.0452592858300873,3.2755543987553475,46.60215101486032,1178.8199849354635,6.3834995882987915,0.3,17.644929248483972
amsterdam,881969c9bbfffff,11.113860808930871,1.0388034396954187,3.3892908459094278,25.636809113939595,192.29804963731118,12.422452125401797,0.15,12.964343404937358
amsterdam,881969c9b5fffff,6.5777809011735195,1.0129367178649715,3.1213900256115714,43.43627281098893,845.4074223645134,7.690645120105474,0.2,13.4535586248549
amsterdam,8819695351fffff,7.914861781840411,1.0310627976226054,3.3281605306635313,36.321629863633184,560.3915729987775,8.945630787370197,0.4,20.606912174050088
amsterdam,881969530bfffff,6.560654128129472,1.0215172085191082,3.1640291016307547,44.345528179454504,173.2957434192505,6.8096842621408635,0.2,16.270927230058756
amsterdam,881969c983fffff,9.909301035640803,1.0370438398016628,3.377585755403266,29.774869286183186,1195.824801320994,6.102284431428119,0.3,30.318188549092817
amsterdam,8819695357fffff,6.394491760728152,1.0226406181254837,3.1537326067632603,46.96875188312503,735.6490860958726,6.040807993620701,0.2,12.740983472093767
amsterdam,8819695251fffff,6.114639276651216,1.171145045995534,3.225700209789186,51.10685779834682,225.05790439834433,1.6460805945208996,0.3,4.063137771134962
amsterdam,8819695259fffff,6.374604030726687,1.0507668072624283,2.6702231488476236,48.846523487277025,125.26271141145646,4.204639620686221,0.2,11.999258879067298
amsterdam,881969534bfffff,6.905082128924545,1.03731505341524,3.1881875132394133,40.83721655133648,1245.0695116665509,5.550127432286902,0.2,14.124718515815815
amsterdam,8819695245fffff,7.4613828997259315,1.023089693334709,3.135732680828991,38.44435762342321,1082.248954501746,5.566265638947864,0.3,15.69596401815693
amsterdam,881969524bfffff,8.0973992555016,1.0535724903969794,3.367900159973992,35.762511418290536,895.3232005071097,3.182657243785295,0.15,12.439323629117666
amsterdam,8819695243fffff,6.841218991009829,1.047171130884751,3.341484327589414,47.01463691240614,359.74227449812844,3.19085116396739,0.2,7.625595676431132
amsterdam,8819695249fffff,4.102935220292444,1.129456082603412,2.4091210799227603,75.82647407456173,589.8342700559778,1.6195257956771483,0.3,3.0640596647218907
amsterdam,881969520bfffff,6.9179735665554745,1.077934581047807,2.803862344305496,38.82972697804765,1419.3418051483861,8.748378892809246,0.2,27.124730658192803
amsterdam,881969525dfffff,7.560970797760484,1.0310082494451578,3.163892550988623,39.67744460656536,940.3041260566779,1.8271516398954724,0.2,5.906995645559738
amsterdam,881968269bfffff,6.8338129395016995,1.0425458668659855,3.1942454540136502,45.24954595711785,915.2721253639967,8.900961821425543,0.3,26.010329603752755
amsterdam,881969c9a7fffff,6.525918699324815,1.0773023450793149,3.147803788503485,45.68500768996382,294.95487727750884,3.0824406358375036,0.2,17.258504148138186
amsterdam,8819695349fffff,6.506049806488701,1.054575688521782,2.997860166713794,48.27853666126239,854.6135715115694,2.2208162183536198,0.15,9.284722411876778
amsterdam,8819695241fffff,8.00484283553345,1.0552522540926415,2.7390977607120273,36.99551093921879,1640.6203994016917,6.316579683611052,0.3,13.381223728775092
amsterdam,8819695247fffff,6.366257878097785,1.033356051439268,3.10899415035735,47.33149506053197,804.5240768853826,5.144201592114704,0.4,14.15908112456113
amsterdam,8819682699fffff,8.003774439236684,1.0932223956777134,2.4772492385932043,34.66770953867485,1195.46179279315,5.436260874408106,0.15,20.781193705612527
amsterdam,881969c9a5fffff,10.306673812743645,1.0507862180157057,2.8774279594709995,28.51990058485716,724.6713900366736,4.301458597912625,0.3,13.244581075798662
amsterdam,881969c9bdfffff,4.876325519758992,1.0545541349591234,3.1530155660407813,59.99007226785967,694.288725858315,7.1225702949102665,0.15,16.862864715484218
amsterdam,881969c993fffff,6.143406662070998,1.0326380784686158,3.038179657906793,46.89024501664509,530.8435073520999,5.093033469992328,0.2,14.53649632777295
amsterdam,881969522dfffff,6.841669243615113,1.0529842156735276,3.2130028227443517,44.0704074954421,647.5276411625488,6.972065992591969,0.3,18.594928713129683
amsterdam,8819695267fffff,7.670437502584229,1.0175611232482495,2.739553029234786,37.327178453278925,1442.076807636656,6.976781156164261,0.3,19.521394792362674
amsterdam,8819695315fffff,5.881083408004665,1.0406004343947886,2.9146501921426906,46.79909103542962,750.5660170240368,3.096200971126213,0.3,12.485567210468355
amsterdam,8819695311fffff,6.5871451477585365,1.0687454852514602,2.411985902198422,41.22016028451119,1945.2267352952251,3.6181746590208337,0.2,12.39405433767806
amsterdam,8819695207fffff,10.1343310991269,1.042853845496068,2.9348874877119036,28.799007660268504,4373.502498222681,2.514339994237896,0.3,16.774016893383646
amsterdam,8819695049fffff,10.146263070859472,1.1068437060350818,3.5032390561550266,30.74040065394827,418.58682949468107,2.9261498383254025,0.3,17.788505202595307
amsterdam,881969531bfffff,6.929144691760089,1.0673119560391573,3.117230390072108,41.498020367178604,943.949454290867,4.021715186993586,0.2,15.06610909134332
amsterdam,881969c9a1fffff,7.163960821576283,1.0952533506995874,3.3289058836582788,40.27445115207237,1333.1862873446394,3.9359237454609515,0.2,15.342562074415719
amsterdam,8819695301fffff,6.068185061799626,1.0613544461559898,2.5070412516522875,49.6805198201862,873.2414029890855,5.637208201870289,0.3,17.430382502555506
amsterdam,8819695347fffff,5.830439696136241,1.0344448008212181,3.060577934525159,47.64268087051092,318.4819750728054,6.255588211989338,0.3,13.787752489930849
amsterdam,881969530dfffff,6.429044660347228,1.0403868849374556,2.8930370132071808,48.21867266096377,168.50306255684768,6.090409966417199,0.15,23.732392187320055
amsterdam,8819695345fffff,7.844624285276471,1.0522095545265522,2.8509968520907383,37.397246352434586,503.7072083301398,8.164171018787364,0.3,24.49840899274254
amsterdam,8819695209fffff,8.53491799861499,1.033872904210452,3.0232377369208736,35.04022189894257,1219.170161363317,2.3744718471155943,0.3,14.112890066185734
amsterdam,881969505dfffff,6.233787150565502,0.9991883789071927,2.166649565640594,46.788037451713116,386.3250302479766,0.9253660801565231,0.3,2.151112798919858
amsterdam,8819695237fffff,3.2462958529411674,1.663188931639289,2.1776047163774317,94.78258348312163,374.6152356478729,0.6201845561219651,0.2,0.10887444474910153
amsterdam,881969504bfffff,6.399732724366985,1.0852444153424814,3.4230540596328125,48.67991757722608,274.45274054868236,1.705262541331095,0.2,8.413427944029534
amsterdam,8819695061fffff,7.927941579913846,1.096261376426774,1.8370656682286506,39.7095275793185,22.57119938702123,0.5110528418348158,0.05,2.044066619514785
amsterdam,8819695043fffff,24.310582441812098,0.9981041573211537,1.5518880935662323,14.238813363783978,217.5488461773786,0.02435456906379154,0.05,0.0
amsterdam,881969506bfffff,4.315084658745999,1.033078893726136,2.2603280353929356,63.72991997795879,208.63441294477883,0.6213679928566163,0.15,3.3162122637641915
amsterdam,8819695045fffff,6.556097863751837,1.0409603403443057,2.0642073263391287,45.449046595024264,304.1057552554653,9.441066374754849,0.3,18.352551919581014
amsterdam,8819695069fffff,7.470515373844725,1.065826527111744,2.2104336985427415,40.40749356084192,557.6833079552051,7.456660454453219,0.3,20.036975903019407
amsterdam,8819695041fffff,6.523688138305342,1.0553230692158524,2.7646193671769095,46.63610446211364,339.6143260463567,8.188605257322635,0.4,18.339679013750548
amsterdam,8819695235fffff,5.314729062078688,1.0159545359056623,2.815753242815647,65.44568554553574,458.939499648043,0.16480873048688865,0.3,0.354967436320968
amsterdam,881969504dfffff,7.416423829748059,1.064121361271399,2.389239519431448,41.70644041947083,1111.9594462370753,5.077570553066193,0.4,17.839637548883122
amsterdam,8819695313fffff,7.552321402632568,1.0482326233667247,2.4554574364271025,40.11950439496012,897.1286711078169,8.519392674844308,0.3,23.049110195495366
amsterdam,881969514bfffff,4.531112684973602,1.075483602413016,3.0806329152133505,66.20890294670478,183.13950417286395,1.5007689478628656,0.2,5.798624436615049
amsterdam,8819695317fffff,6.67266126131603,1.0796354191479742,2.6528549506963057,40.646108285081844,648.5492006192463,4.1737420763792334,0.15,17.66296941526151
amsterdam,8819695231fffff,9.363278669597177,1.0405826492787162,2.7295807137914223,33.50594393978188,660.1145168611772,0.5804152527113557,0.2,2.6919911795803757
amsterdam,881969533bfffff,4.667396638976724,1.1909501680786116,3.0254643959249035,61.465795194242546,302.14537695372667,2.411863878633546,0.2,6.344762961335924
amsterdam,8819695149fffff,5.942333762630004,1.1264064673825218,3.302086499705013,52.026748697246,379.90219782615526,1.2823162555563816,0.3,4.638379704876497
amsterdam,881969523dfffff,7.034074809768533,1.0832733651600768,2.9743895337087136,41.2577059610971,920.6434500219566,3.4199704370971507,0.4,9.949455496586904
amsterdam,8819695227fffff,10.21182534501154,1.0519209326031256,3.0683511282526954,27.003279439194404,2083.720496005138,4.966706106109419,0.3,18.57845248911749
amsterdam,8819695223fffff,10.228604455758802,1.0856223742962638,3.4263871621174298,28.967421467693793,1406.0720753262044,5.254332661356611,0.3,20.27167626355827
amsterdam,881969514dfffff,3.92074158837593,1.0690003733997595,3.216449536631245,78.16164518768139,446.9054213572207,1.7063683960285776,0.1,2.8565116902279115
amsterdam,8819695331fffff,4.044721123601519,1.1030054197341583,3.2712245374955375,72.86950894721323,161.81723596842775,4.950742057245168,0.15,12.223818197633113
amsterdam,8819695239fffff,7.987071542294153,1.172578111346693,3.0067199259011246,37.334430962000226,1613.8528603655266,4.098691567377216,0.15,9.202829475841721
amsterdam,8819695335fffff,5.470704242676523,1.0426508725269419,3.3685212056058904,52.98313701600462,173.27095662218161,4.957307498007983,0.2,12.57598989143132
amsterdam,8819695339fffff,6.330141176779461,1.0959960613058457,2.4216054398187543,45.40580402139308,513.4870852523292,5.723693757481363,0.15,18.202352024029942
amsterdam,8819695215fffff,9.968201186200847,1.0836879090505291,3.1179036088624903,32.1535264513433,1067.4985817354566,0.0,,1.547835599422186
amsterdam,881969521dfffff,9.446763309038896,1.068552603522179,3.1229299327073017,29.778678477888164,943.7096190362786,4.196392318754022,0.4,20.70135258026614
amsterdam,8819695203fffff,8.377431844832325,1.0729400557097115,3.116757830223868,35.20390685009895,1163.3295929687463,7.47593038786014,0.2,20.699294194668248
amsterdam,8819695323fffff,7.271899452772589,1.0571621725311566,2.848966594222392,38.80997311020552,813.7656202227097,5.092822190319479,0.2,21.982766209776734
amsterdam,8819695221fffff,8.750727218145684,1.0270778401917702,3.1988520814920434,33.307107499212975,2580.9145972302067,3.011430857896566,0.4,12.670650245935974
amsterdam,8819695327fffff,8.398067324379943,1.0476238361287054,2.9703585516724953,34.5034552408709,1279.727738862301,4.893028527092715,0.3,22.610172419379243
amsterdam,881969522bfffff,8.845395978377603,1.0368976591429002,3.1888887297052966,31.902341273530595,1691.1124503295562,3.268972389701428,0.3,12.311289627704497
amsterdam,881968249bfffff,6.187460437131372,1.0398061417209363,2.9094512030060287,47.50235123203232,810.3072709827907,6.314216096544042,0.4,16.21386123303445
amsterdam,881969533dfffff,6.865756000918442,1.135235474608971,2.770235111161402,40.82624408230261,757.2606368239565,2.5010497077133764,0.2,7.294046923163233
amsterdam,8819695319fffff,7.207248227613314,1.0222102872815302,2.680077807683766,41.25431616857731,907.5474290889564,4.736472551989101,0.2,19.025421306053467
amsterdam,881969531dfffff,7.20204240700332,1.0242559141363448,3.140873368092754,39.93459121947858,799.1829938343806,6.3259739417067244,0.4,18.176285129787203
amsterdam,8819695303fffff,6.16287034179947,1.051302474897479,3.3174499706943403,48.90089297671364,664.5267809346927,4.48438984525424,0.3,17.56623345942112
amsterdam,881969cd67fffff,4.477209157182712,1.0127394482122205,2.937414078358666,65.22710643561982,50.76866713393396,5.295285081662985,0.2,15.766063955372758
amsterdam,8819695225fffff,8.135172198045707,1.0438041819319972,3.2147244318176544,36.76202706964104,700.4002195579069,5.992709767493944,0.3,20.222444803502455
amsterdam,8819695307fffff,7.994312456522192,1.093431622422393,2.367977830357084,35.2845192419244,1305.0456210449076,3.6269677397498907,0.4,18.402854607826796
amsterdam,8819695201fffff,7.437705279999266,1.0701738616997387,3.0411001536385545,39.51840469921552,644.1896998855204,5.409005602135134,0.2,23.082930273732998
amsterdam,8819682491fffff,6.447237480850398,1.040274301990857,2.47971731984882,50.4823498560313,884.3086194666566,1.8346033753668596,0.15,8.984719439367778
amsterdam,8819695321fffff,8.712200663581077,1.024213380571629,2.6160794890189214,33.99968993486943,1334.5387008405576,6.816558088582766,0.4,23.631373060189308
amsterdam,8819695205fffff,9.035615843506228,1.0404394860101325,3.168585230938208,31.841207397009565,1392.17776007601,5.816109644248084,0.2,20.040151683078577
amsterdam,881969532bfffff,7.7843705309935505,1.0788341691898584,2.7257521875125166,36.55715859774015,1513.0180899753811,5.697088487372545,0.4,20.358208999483207
amsterdam,8819695229fffff,6.2424639625353056,1.027522855356451,2.777117266781959,49.59716912799329,925.9667183861262,4.8484917172538875,0.3,13.116386926555524
amsterdam,8819695325fffff,8.897740230914371,1.0365943265428463,2.4455502969803167,32.904832274634735,824.2005089870551,6.891676829047466,0.3,16.41225721129489
amsterdam,8819682499fffff,7.583041320316692,1.0484581688817707,2.916878371571343,38.962539299760294,1688.1249402735439,5.488813757386048,0.3,16.642298140750565
amsterdam,8819695353fffff,6.467165310950304,1.0102063735877604,3.4733520832998797,44.05078689543671,1344.1390066552376,9.56724820159801,0.3,17.177009517130603
amsterdam,881968249dfffff,6.513309808828037,1.068458133578848,2.342586210052183,46.8783678797974,973.8265025762073,8.468507479372391,0.3,22.406768231332546
amsterdam,8819695305fffff,7.101054350335539,1.0672502345281027,2.881113494162733,42.07959960134709,855.7408876070285,8.984993300421706,0.3,17.772907060269265
amsterdam,881969cd63fffff,5.735631880884296,1.03332301548034,2.198644616695466,50.448121124405354,251.69325474004484,5.104104064302745,0.2,16.74352306842512
amsterdam,8819695263fffff,5.9864706267211965,1.0495765663816021,3.060273088570626,50.561008515787954,531.1460273330422,4.5420227646917954,0.3,17.9366569242947
amsterdam,881969520dfffff,6.222610801082034,1.0473827451669768,2.9467665992810126,49.52852286019304,730.3194213128398,6.173950002443117,0.2,14.494474444764354
amsterdam,881969532dfffff,10.674652917279369,1.0292442054787627,2.3125762806687824,27.75699580982847,1032.9804720614927,6.874489733780354,0.3,22.158564654439523
amsterdam,8819695329fffff,7.5785606444478715,1.0647281779985645,2.808863344647045,41.15177564656227,628.4087775290888,7.222620639345774,0.3,21.48269790404202
amsterdam,8819682483fffff,5.525182622636708,1.1900229448910946,2.9371452139090066,57.51067992647733,412.2187283534031,2.8327529755017147,0.15,9.008587590258706
amsterdam,88196824d3fffff,10.200348135364996,1.0220401401563666,2.25611182880501,29.101061519312843,1074.6157804001605,7.021801904965176,0.4,23.7372401622966
amsterdam,881969535bfffff,7.42069635163551,1.0102132344191226,3.2585825262093038,39.77445930084113,2156.301417131079,5.8783813820669035,0.3,8.93926721624934
amsterdam,88196824d7fffff,8.716775160940339,1.072028901333101,2.643639993202647,35.013527558474664,1248.8889454352977,7.6326278671167795,0.3,23.60069319391611
amsterdam,881969cd61fffff,7.205476771295507,1.049520854233577,1.8585808425558434,41.20129859868018,559.6641505654221,4.588409193543397,0.2,12.625132574800359
amsterdam,8819695255fffff,10.957542788700037,1.0743559552986799,3.2714535605196353,25.48684701255272,1640.070983476078,2.497538564492409,0.3,18.62055773083742
amsterdam,881968248bfffff,6.79988702586195,1.0679045742264455,2.9222662807864697,44.51704009525397,699.470613207879,4.901634736190916,0.3,15.136583171707626
amsterdam,881969cd65fffff,8.955272102315533,1.053060256989564,2.859749118179389,33.419772252869805,126.21335698954144,5.0880466039361325,0.2,18.056063950542434
amsterdam,8819682481fffff,2.8000893085863208,1.411660825220931,3.048634713330811,111.60358315777135,102.06168899893203,2.2445897483029107,0.3,3.4215213764268424
amsterdam,8819695363fffff,6.708325783732771,1.0487177469692806,2.3518409876913604,44.09798740106255,599.2524200572468,8.41393434672527,0.3,25.396144920719465
amsterdam,8819695367fffff,6.359986812884003,1.07532773958904,3.326866493445723,52.874824387916775,221.3489730391383,1.7937275145940932,0.3,4.72342480323417
amsterdam,8819695261fffff,8.5739748784826,1.031544875462325,2.8740052932746263,32.99458429159413,1754.3063459123564,7.018441681903342,0.3,19.90025034167709
amsterdam,88196824d5fffff,5.047327029500553,1.0946895645432113,2.961292147039201,52.72672658272329,426.0265051000554,2.377230940140846,0.15,4.211443414577872
amsterdam,88196824dbfffff,9.077889442699325,1.050541720486728,2.959954118711849,32.83067994889226,656.8087032037885,9.087639870129365,0.3,23.44931425393053
amsterdam,88196824d1fffff,6.636058326464978,1.0411616149744158,2.4286263613777193,44.649441237526496,911.268390399116,5.860146999409366,0.3,8.269731372346559
amsterdam,8819695359fffff,5.481209423388945,1.0108938788934192,3.30993699648817,53.56378189036558,1113.4099419236236,11.10226651139996,0.3,14.371846038140507
amsterdam,881969c8b3fffff,8.155442710062188,1.0974802102383534,2.8736432152235074,36.25469363646874,1012.3015665608194,4.106122048002572,0.15,9.804730743335105
amsterdam,881969536bfffff,8.775941010180587,1.0537708232516458,2.921138588653501,33.44410359389856,520.1208506059625,7.101501875921911,0.2,21.979876219057637
amsterdam,881969c8b7fffff,8.675164199228469,1.1121259903771314,2.5415044884352307,32.42013563558984,274.1235506438528,0.5750518052051521,0.2,2.418036187970598
amsterdam,8819695361fffff,7.673376863659848,1.0124638420359724,3.4344365738134464,39.947557478674504,203.4337479456021,3.3762960576251424,0.3,7.7773094106048095
amsterdam,881969c8b5fffff,6.726942335560477,1.0398806444935513,2.9324895296460616,43.46665189517359,816.1738122620048,5.041797441146195,0.3,14.961723920473666
amsterdam,88196824d9fffff,5.999788078922546,1.0471224320224333,3.132848664579008,51.74175426797902,209.77225791307237,6.466195572751247,0.2,12.555040743483534
amsterdam,8819695341fffff,6.345746340493146,1.0335317718351962,2.8362466982996857,45.890392647834744,342.5280884296582,5.670579462194909,0.2,17.05313504704801
amsterdam,881969c8b1fffff,4.394072645253656,1.1687791480238132,2.8639509530202005,55.43598462188873,1441.725132916716,0.5513223268522779,0.15,1.6707046666973708
amsterdam,88196824c3fffff,4.911815610082565,1.0136957385698209,2.4462475081796526,60.09605130242346,330.7883480691076,2.134569929071591,0.2,7.890746934900766
amsterdam,881969524dfffff,7.3554855576275315,1.0136046594960002,2.949556980770499,40.3675698357088,730.8418022447844,5.10419104269527,0.2,12.646540364679414
amsterdam,881969536dfffff,6.994240960443439,1.0739220960261577,2.9773864349001165,43.34274555505063,495.20908870599465,9.715662729066217,0.2,30.69142273285051
amsterdam,88196824ddfffff,4.445405344790815,1.2528779541067856,2.6016824622035046,59.987030649331054,163.12935488047947,0.0,,0.0
amsterdam,8819695369fffff,7.142685944709112,1.098307086464858,2.8672292028156385,42.1557065096404,799.5629479257283,6.618139242162192,0.3,23.43275408444612
amsterdam,8819695365fffff,6.544174232188719,1.0611294532164464,3.543245770151812,45.780434791419694,85.58361834426789,6.656156525241572,0.2,21.328662740785894
amsterdam,881969c997fffff,8.022874565719393,1.0486500159150525,3.24133311273813,36.18010651894212,1399.7837803962661,5.514039559262297,0.15,17.397573105875473
amsterdam,88196826b3fffff,7.552364975882526,1.0963820429656772,2.4998452208018924,39.18767126651107,859.3912835359232,11.517945283237433,0.2,29.543310214793486
amsterdam,88196826b7fffff,7.65203662812023,1.0989077864895285,2.905152781348719,40.08791858903112,1096.2276194879566,5.377806696291699,0.3,25.58204653539885
amsterdam,881969c9b1fffff,7.60913885475765,1.045030497214477,3.2922053028488323,37.17529377735987,1758.3256682261683,7.6426639695831255,0.3,12.942519586119758
amsterdam,88196824c1fffff,5.129728789693037,1.090865849902507,2.7136733501875607,57.85377857493829,206.75825484472222,4.94000879452194,0.3,14.405963208351306
amsterdam,881969c8a3fffff,8.110476701412436,1.097460204052234,3.3535515103062,35.51942515888202,1811.06154936655,3.268428474236837,0.15,9.412194493440266
amsterdam,881969c8bdfffff,7.127547157281896,1.0389597881361337,2.9303278161412214,39.250796745144605,943.314407319551,1.8973163570759248,0.2,5.4174590330335555
amsterdam,8819682693fffff,7.176998356641078,1.0356806455258092,3.2065958578978795,40.487109205130075,1305.439163106166,6.700937503133825,0.3,15.712848794017592
amsterdam,881969534dfffff,6.842063985167007,1.02991111033243,3.3119574015176467,43.04294996941024,681.2394260304474,6.130120489305144,0.3,14.973616710480975
amsterdam,88196824cbfffff,5.464605428553103,1.0343914014745816,2.450485720162954,54.47317697436547,283.5684296160435,6.1231884203040625,0.2,15.473989019375315
amsterdam,88196824c5fffff,4.343767288710663,1.0046550613873455,2.138818472210382,67.88388402807836,401.81960049698165,2.007170380872237,0.15,4.13602791225257
amsterdam,8819682697fffff,7.643442811244489,1.0278836629927237,2.721518747648815,39.97616821388972,662.5284543810621,8.47729870227245,0.3,18.983943432008505
amsterdam,88196826bbfffff,7.448605253721144,1.0707127160577115,3.0696914986629626,41.54684117041561,1127.8335860287493,5.9937402088058285,0.4,13.716102067159495
amsterdam,881969c991fffff,5.551849415761433,1.0802883138201573,3.0877521680917344,56.28754971502421,3760.7820620501925,3.5529744814285555,0.15,8.286988627990633
amsterdam,88196826b1fffff,6.747538649851675,1.0461137291770097,2.6485364498609205,42.622058188392515,282.461325608815,5.708760268058484,0.2,18.82711104923909
amsterdam,881969c8a7fffff,6.113581556297497,1.081318582781991,2.772588722239781,30.66941992568323,314.6430770520384,0.0,,0.26926730063594223
amsterdam,88196826b5fffff,7.827448346757014,1.0664662111488032,2.3327238855287002,39.0093294677426,802.9780491198867,2.27534867146276,0.3,15.766365231898467
amsterdam,881969c8abfffff,5.131381573509183,1.1166244146364916,2.8867060740690254,57.57797217416708,437.67585534189544,3.167261563111386,0.15,10.500754600200631
amsterdam,881969c9b9fffff,11.759386163582972,1.0532050979244796,3.228520771360586,24.00531957632546,2542.863865003422,3.0552051897091106,0.15,13.197767325833855
amsterdam,881969c995fffff,8.349340275470071,1.0255342302637185,3.1969157492268194,35.11022409555853,1836.333901018847,3.6756955797916806,0.3,14.749780935083566
amsterdam,881969c9a3fffff,5.917188298592676,1.037406526948486,3.4453085238920287,48.48802120190947,311.1220275029083,4.203985402324511,0.3,14.328543598867094
amsterdam,88196824cdfffff,5.146530755833713,1.1120282502621919,3.2708943272160402,61.24851987856899,335.420018950364,2.956377932657869,0.3,7.064319046961616
amsterdam,88196824c9fffff,8.010418735767011,1.1122947296486494,3.195515377217243,37.45122569691411,404.9440573217419,2.267794090967596,0.3,7.547821473265137
amsterdam,8819682691fffff,8.74661307234217,1.0626852684633878,2.923264509508196,32.01239127467447,1121.7685799462515,7.006430108059758,0.3,22.034590716578336
amsterdam,8819682695fffff,4.5305438800098266,1.1749280476682398,2.388314180423754,65.30297377122834,304.97652791230587,4.316860937974473,0.2,18.10472899340023
amsterdam,881969c8a1fffff,5.311086047496865,1.0847562269424258,2.704429326029699,58.839189801355694,384.9003815050847,3.5138336592818304,0.1,14.731511056046116
amsterdam,881969c99dfffff,9.720664601763627,1.036479047152063,3.227358826341233,31.555207510897002,725.5417417297122,4.421400190847219,0.3,23.6868647281017
amsterdam,881969c8a5fffff,7.477724405607012,1.0837030440586206,3.1465402507279627,40.15234082880634,529.8560063972864,7.078077387848195,0.2,20.06645931754823
amsterdam,881969c999fffff,6.526634101630831,1.0708512212493244,3.347806437489433,46.268902671339504,194.3468519988584,4.056854944077272,0.1,10.617315714882913
amsterdam,88196826b9fffff,5.819437444969999,1.0302686671413828,2.2866386489046175,50.77029321965133,473.8863096181675,1.6461532746515026,0.4,8.38905080887915
amsterdam,88196826bdfffff,5.059074440710897,1.0634888333446828,2.3277395158438843,58.91926014732404,285.02840055989327,2.0726191220178323,0.3,4.277086312747212
amsterdam,881969c9abfffff,5.852145843322818,1.106690103650585,3.2540760680376217,50.386952541218385,653.4722162411116,4.057862908628628,0.2,8.813311996983067
amsterdam,881969c987fffff,7.874939713300503,1.0681215362945289,2.7487551377223207,39.442341391065895,1248.4882290994574,1.815812393712319,0.15,6.4032822077577745
amsterdam,881969c8adfffff,8.613569112948786,1.0373716511356286,2.7017937458020373,36.17166822411926,1743.4943948243258,4.192354885951808,0.4,16.841129304500814
amsterdam,88196826a3fffff,4.343318117874841,1.0337842711558676,2.1164929799769734,71.7627176341435,374.18583006898837,0.8786410018884889,0.4,4.422901281582923
amsterdam,88196826a7fffff,5.196359077241657,1.0972469388270805,2.8302952528715717,60.01917563486884,187.6277294947154,4.166309667379557,0.2,11.290987970132395
amsterdam,881969c9d3fffff,8.532822226413893,1.0435281689803502,2.824962832204338,35.707705131465154,770.729154753979,6.250890420955782,0.3,25.167919565638165
amsterdam,881969c8a9fffff,5.743841594795625,1.0496785845904373,2.7756738587300833,56.16113185530286,268.74565630704757,1.968156899991026,0.15,5.536282692570273
amsterdam,8819682683fffff,3.754241827014482,1.0830624324180507,1.672384831555096,75.27716877975205,913.7996082377484,0.5887868911988295,0.1,0.9000382802639679
amsterdam,881968269dfffff,8.267616595277678,1.306020231054051,2.57408333489989,33.13803918970003,1151.2717334157494,0.489021931510764,0.4,3.329594265440184
amsterdam,881969c9d7fffff,8.766247128253147,1.0739598769231007,3.210969881057012,33.35121476860229,1184.6378085329168,5.969671038402181,0.15,32.09734534044321
amsterdam,881969c98bfffff,7.307762847845143,1.0339325642558523,3.5249897111727084,42.537018011518946,420.4447978905539,5.219406986851574,0.2,14.749051103471642
amsterdam,881968241bfffff,2.8697307390071085,1.0680374028044264,3.375467667020905,100.66759398787389,42.92665702660002,7.250012066887137,0.15,6.937699710217649
amsterdam,881969c981fffff,6.198123209518699,1.0458256545386317,2.680774374768393,47.289064506773876,1367.6560450949867,6.965542729313068,0.15,21.422783381946864
amsterdam,88196826abfffff,4.974098387532315,1.138230158621591,2.4595734257009227,61.14147482536705,179.13886463831014,2.439033828273394,0.2,9.699939410917523
amsterdam,881969c9dbfffff,9.038507228751321,1.060728861322123,2.989241261028499,35.70847647548006,720.0020296340049,7.1625137936708585,0.3,18.03409930843283
amsterdam,88196826a1fffff,3.3697282013966543,1.388154881652154,1.7305780457710318,89.92722407246553,299.24982353656765,0.31365154727177214,0.4,1.1791611516844502
amsterdam,88196826a5fffff,3.9745592327127306,1.0626983098691056,2.859889378375482,76.98215860904386,208.46871425929183,2.562981620711654,0.3,5.177323623560262
amsterdam,8819682687fffff,4.283873648260733,1.0815730093087645,3.282913768154821,67.77104193141486,742.1125253504036,0.7867120948301016,0.2,1.715920490264073
amsterdam,881969c9adfffff,8.71246467892025,1.1123255564493575,2.933858369570676,30.804412164852277,5973.151853628913,2.8003452868978274,0.1,13.41505711472616
amsterdam,881969c9a9fffff,13.175465113385455,1.0555781478512853,2.9746377175699275,20.865126711785063,3597.530812340418,1.7017052083268969,0.1,9.046948980706905
amsterdam,881969c985fffff,5.1274969130387955,1.165891616630371,2.9411344172543297,55.97995316333123,1263.1628998367676,1.7308990153162336,0.3,4.081109688363179
amsterdam,8819682419fffff,4.03452158926478,1.129666616051356,2.9754675678375238,81.43999760608664,68.30444411599571,1.5697385862999527,0.15,1.9705876383141032
amsterdam,88196826d3fffff,8.853408627393252,1.2120050678991265,2.2896580160796254,36.604441036569746,1392.223812607854,0.37546610609294595,0.4,0.8734203595752315
amsterdam,881969c9d5fffff,10.279157852983959,1.0477304219802717,3.054169065661448,29.146278584468075,1331.9548828643808,3.5450368529030687,0.3,18.071678883767465
amsterdam,881969c9d1fffff,7.808422250275317,1.1066258761906618,2.6655501748189185,38.39620484793028,1329.3642277291722,9.216809560849082,0.3,27.00633718304528
amsterdam,8819682685fffff,1.4557142267203853,1.7923456128672937,2.7223017433708607,198.8533730708182,280.1670554058924,1.279511244733706,0.3,1.4333073449071765
amsterdam,881969c989fffff,8.347809196460528,1.0679751166922218,3.2692174551705335,36.66229244839733,1633.0792267999207,6.844719125151531,0.3,24.16464709150742
amsterdam,881969c98dfffff,6.666590028761694,1.0826184009496658,3.2958555907818785,47.305126015105365,640.2276481588583,8.114780012407715,0.2,27.590803526988278
amsterdam,88196826d7fffff,14.469232480501244,1.0861380562369929,2.7424937634766526,20.157715142093195,1762.1764782056116,0.03840194799443725,0.5,2.0074953185794393
amsterdam,881969c9e3fffff,6.904838257966535,1.050649103431026,2.659195124537462,44.638145973452815,797.6580700405129,4.887849473981623,0.3,15.239278458962843
amsterdam,881969c9d9fffff,4.3867005033660975,1.1566456610742535,2.7842860631803625,77.98692044177238,390.36561094775465,0.556169543037192,0.3,1.7042087255425813
amsterdam,8819682457fffff,4.104939667307689,1.0965339071573679,3.0667848273912743,74.85899710389903,459.64303030899066,1.7183945806831225,0.3,4.165760682153616
amsterdam,881968241dfffff,4.672457793874866,1.0838413459692113,2.7237887900662057,62.52273307714718,598.0465804367439,2.0233780655126803,0.15,5.8947571375808305
amsterdam,881968240bfffff,3.6518276994675176,1.1085513876193682,2.593323151493058,80.08396185595572,173.40999620139138,0.7068724064082361,0.3,2.180411852124514
amsterdam,881969c9c3fffff,7.5427627227896386,1.0654767020753666,3.1593499443820163,40.31261934903904,643.3267700716442,7.483134686016672,0.15,22.213024239571418
amsterdam,881969c9ddfffff,6.96102398104454,1.0421977501414965,3.2729731761934495,42.716198889443596,917.1429368917629,3.7710665450734044,0.15,15.220656747441419
amsterdam,881969c9c7fffff,8.149615190771701,1.0551182778438215,2.8967331406206447,36.883521887549016,866.1256725971805,6.552102438223768,0.3,23.899568348460395
amsterdam,881969c9ebfffff,7.777198561192516,1.051174647312228,3.1318640815784855,39.86011126768328,724.6416711704874,8.26345280292053,0.3,22.113836388753295
amsterdam,881969c9e1fffff,7.35539470458379,1.0312184613335251,2.4418584729073936,41.781180414317575,1229.4282429303655,5.359271818698849,0.4,18.684011034811245
amsterdam,8819682455fffff,6.479043079692348,1.075162899940262,3.295733641304339,50.37609487609504,163.168312124874,2.420595304863613,0.15,5.287843194607552
amsterdam,8819682451fffff,2.719349860628637,1.1954567573343904,2.4020785075841276,113.6635317014545,252.17441626871832,0.8176088315254336,0.2,4.238837179305495
amsterdam,88196826e1fffff,4.208409900653101,1.1143992913528316,2.9535306232921577,70.20574336370942,165.7275657819245,1.4023992633948819,0.3,4.273398725266488
amsterdam,881969c9c1fffff,9.693480060520054,1.0585768830653444,2.7389255281903426,31.22011672360447,602.3565420264019,2.923035131004222,0.2,7.789920029027883
amsterdam,881969c9e5fffff,4.784381659382498,1.0940921981900464,2.279660477518513,61.03931898020453,900.7523461293465,1.001958759219135,0.15,2.7673972799548734
amsterdam,881969c9c5fffff,8.240233918093729,1.0399118581529505,3.054834223704986,34.228552836583894,1016.8403004564317,2.9913676780608514,0.1,13.269126311815471
amsterdam,881969c9e9fffff,7.562110661119728,1.0454168962898058,3.3564970478408807,40.222456440703326,879.0486984746367,5.434311241754466,0.15,19.714699188702486
amsterdam,881969c9edfffff,7.77578359476844,1.074212648002072,3.223107522200753,39.2206541752073,606.0469751091509,13.301664915886356,0.3,33.572882390682736
amsterdam,881968245dfffff,4.38566941318946,1.0159731166725605,1.8226120031157835,68.40460867793186,273.07459024312897,1.4683531804342183,0.15,3.6166307672554563
amsterdam,881969c933fffff,4.575739249869076,1.1107075976926548,3.1237037275400272,66.31677621725308,599.1190722744186,3.4484893238945227,0.2,10.792937439040735
amsterdam,88196826d9fffff,11.013493606882236,1.2283747972948236,3.3069652882488354,32.42775361667997,1175.9233753273807,0.6908676496434736,0.3,1.1743529924130314
amsterdam,881969c937fffff,5.350767393457016,1.0535623667251381,2.876549252747245,60.46411439232467,858.7428974909317,2.306328752179234,0.2,2.1565413104719378
amsterdam,881969c913fffff,7.596967237537267,1.0268056455056187,2.7172750912786388,40.549980328436746,1060.6582058647843,1.8703836011901789,0.4,5.09526721623178
amsterdam,881969c93bfffff,4.280521234363874,1.2386580716576157,3.1701264182327042,67.62580264446339,185.44465985292445,1.988417143435701,0.15,3.3799087607173037
amsterdam,881969c917fffff,8.178233203964272,1.072354563633601,3.0909625089383104,36.32831711516218,2525.5539147581803,4.1354908452244326,0.1,15.182405009592735
amsterdam,881969c931fffff,4.889089108758895,1.1075587832334737,3.4673096860077206,68.17902597360326,532.122580714366,2.6176895291685898,0.1,5.247212038735419
amsterdam,881969525bfffff,4.849316214616112,1.0169653596804484,2.9553048875801426,64.9194238696881,19.030880440868344,0.4408692142346646,0.2,0.7405794132228216
amsterdam,881969cd29fffff,7.453163559127453,1.030311136714973,3.2601936350342298,48.301636901437526,61.80738582675209,0.3581934591432385,0.3,0.9843408332476804
amsterdam,881969c8b9fffff,18.197675649700592,1.0139406983838957,2.098641637270467,14.09027511788161,1222.7863172685913,0.02886413302508645,0.1,0.9975039758920128
amsterdam,8819695257fffff,8.994110488314227,1.1190068278730811,2.708262389530773,32.42862838360947,1049.9495050712405,0.007823400325563497,0.5,1.7407419571161813
amsterdam,88196824c7fffff,1.5560927339181065,1.784127651182289,1.732867951399863,192.79056669368669,330.627706005835,0.0,,0.0
amsterdam,8819682489fffff,2.822487355571096,1.0300662109257652,2.6182683713507635,109.01459207070563,214.08557961557764,0.4618520535370697,0.1,0.6008117829985626
amsterdam,881969c8e7fffff,25.308956581048324,1.1159961026626999,2.4849066497880004,13.17056798710294,612.0039707203824,0.0,,0.0
amsterdam,881968248dfffff,4.3502252355170805,1.0674207113974112,3.1562518243577564,71.83536094835222,63.64902851959113,0.7512908854408972,0.1,3.3734941362704074
bogota,8866e42d61fffff,6.755067994994432,1.032121230805136,2.708532147227629,44.123902964040695,453.1372363213914,14.979771090723965,0.2,26.333594590642793
bogota,8866e42d63fffff,7.008369943765644,1.0397808862573599,2.6000905416165567,40.82141091171565,1041.957746160557,9.47866601705729,0.3,15.585837387943297
bogota,8866e42d67fffff,8.354732061735788,1.0259378413334082,2.398867270035102,33.69541738815302,3062.5978936047827,13.134012948466962,0.3,22.971120992086398
bogota,8866e42d05fffff,4.983581618114857,1.1147390930366246,3.240106762880729,60.1976696658339,27.13353549160306,6.593909570966466,0.2,10.136967339225288
bogota,8866e092c7fffff,7.4329757836793044,1.0608960790206918,3.206626117946679,41.14841359485341,157.2177804548903,11.467650911945025,0.3,19.748428583562376
bogota,8866e0928dfffff,7.359969839511285,1.0613223968063008,3.2025887064572918,39.73704355412973,419.19147325585374,10.47356803877832,0.3,22.820748088602077
bogota,8866e092ebfffff,8.501148977434763,1.0417268619447504,3.322293185349525,34.494705031725836,426.399810417534,13.045616059701963,0.3,18.28446623372511
bogota,8866e092e9fffff,6.684716771299264,1.044261027449767,3.4115751280282147,43.77852777248613,1016.5164092155845,12.826236758120965,0.3,28.26307205035865
bogota,8866e092cdfffff,7.854781625759056,1.0272936959834034,2.564578766546923,36.329437925176826,1602.465012516365,8.002226391407186,0.3,18.222726039060777
bogota,8866e42d27fffff,6.439389785528251,1.0203023058289007,2.78583023176649,43.733784783161,901.2581037955375,8.932906866954756,0.3,15.491128228041177
bogota,8866e09253fffff,6.276375394131709,1.0271206400434418,2.7408578454756163,46.511791839515254,563.0985898541574,9.51474438497608,0.3,14.515269679672834
bogota,8866e42d2dfffff,7.740421560799967,1.014583958057484,2.3659464028364368,37.23182063138759,2461.8102132843615,10.160225462007322,0.3,14.607714699683173
bogota,8866e092c1fffff,8.140537362064505,1.123313316333285,3.2381344517889916,36.4687227385577,126.84080361371666,11.363460833489999,0.2,24.35773350502325
bogota,8866e42d21fffff,7.825609755113516,1.020995565845175,2.7619038335319726,37.211300643781165,1153.1006635939316,11.490002531785342,0.3,18.37246836634161
bogota,8866e09259fffff,6.324674499628085,1.0146931079659063,2.4334426167423713,46.701797143520395,448.90619592764074,9.545665122288689,0.3,23.98173770580651
bogota,8866e0925bfffff,7.050533786975706,1.0224169993072079,2.5158172700513473,42.01105254900104,826.3350400668862,6.70912656823401,0.3,19.154345257550833
bogota,8866e42d6bfffff,5.008153675805136,1.0193228459287575,2.1740606553265196,56.42971720645942,354.42915959574617,9.27244516597127,0.3,19.64009255772824
bogota,8866e42f23fffff,7.229268469267136,1.0365015572424343,2.9824279957974147,41.20979431503505,497.858621855161,8.536488360328475,0.2,15.39054650105637
bogota,8866e42d49fffff,5.8393222914824845,1.0358675500586068,3.2796384031263224,50.87214041306059,491.96542073456226,6.312771815722558,0.4,19.286964226730483
bogota,8866e42d25fffff,7.86562503046099,1.0107515436849477,2.532425081083341,35.952872911267214,1299.6851522455709,7.349823944780169,0.3,18.83816251874802
bogota,8866e42d29fffff,7.647531527442093,1.0361052250605314,2.4062404738821868,38.11234741249747,551.7456513853758,8.13909826165218,0.3,15.886861121746062
bogota,8866e09215fffff,5.381395172407343,1.1151216503836683,3.0284076587907642,54.229207189735284,107.82837625046406,7.676648184075228,0.15,13.623014916312242
bogota,8866e09239fffff,6.275213713492975,1.0590517919992728,2.933558451522045,47.49053317376647,293.2110969711413,8.541097434235734,0.3,26.33261834143378
bogota,8866e09223fffff,5.044916527169941,1.058595806409298,2.501241613727611,53.51922049569816,2480.524206983223,7.263423759835399,0.15,16.427930841961548
bogota,8866e09235fffff,5.2867909912287505,1.0224994222591217,2.3217859183786103,50.23345370233343,987.5909614763941,10.785465873093756,0.15,21.13672732409421
bogota,8866e42d69fffff,5.286496953998337,1.0514244254305518,2.708866815035185,53.475142333821466,680.7577583997096,12.027206467837688,0.2,33.76231373831351
bogota,8866e09219fffff,6.926365142999798,1.0505685836079361,3.30619426562815,43.31276128334034,496.0323931727105,11.549040407300662,0.3,23.930363688079446
bogota,8866e42f21fffff,7.47129465914398,1.0555354443950131,3.1403196033058953,40.31022793013238,206.00505021019302,9.623771021978994,0.2,19.334242474516213
bogota,8866e42f29fffff,7.018211781743689,1.0600347552072094,3.083258287653738,42.06090053597194,498.8195152171133,9.923714825434343,0.3,19.464489954420014
bogota,8866e42f2bfffff,5.811923014778859,1.0363661684362298,3.1937116308200175,50.69627667015275,51.58178858096063,6.181794240572425,0.2,11.959622167898157
bogota,8866e09251fffff,5.886181179649558,1.054858760492125,2.9007819715047214,49.428332977577085,458.7264419710913,12.895111123924739,0.3,25.130185645141886
bogota,8866e0923bfffff,6.121172137724739,1.0243685404858331,2.6620074599406878,47.883549372752846,426.9397460464231,7.898309597800923,0.3,24.198668623098975
bogota,8866e09049fffff,5.106195873516138,1.0755661778115,2.9460453184954836,55.4653190422481,1306.2848717850918,7.303565656717657,0.3,21.985125821290698
bogota,8866e09207fffff,6.021478307842311,1.0438738463204669,3.116137577776394,47.77180769563665,365.8693950702082,9.10500218006208,0.3,19.973381875553553
bogota,8866e0922bfffff,4.305521297314255,1.110904391825639,2.5576594408853177,68.81775186691637,356.5935013582604,8.404262578287623,0.2,19.035236949395046
bogota,8866e09255fffff,5.201412324843267,1.0913915521778712,3.032553545012543,54.61803282428096,28.507586685138328,4.371786927750988,0.15,8.589447345026604
bogota,8866e0920bfffff,5.8578692542612645,1.083982709754501,3.4377381050690787,50.87559758239091,37.05228381819745,12.56223069934238,0.2,26.607413061151867
bogota,8866e09257fffff,4.9913096313233725,1.1280125907334209,3.3349240527246016,57.386173561842675,80.45625075843542,7.384211214510879,0.2,13.22746350696255
bogota,8866e42a83fffff,5.633039902689322,1.1009774894783093,2.81550684882101,52.85577567543792,411.72822392805296,9.888665635222635,0.3,25.566802954569628
bogota,8866e42ab9fffff,8.047222659313107,1.06717095973866,2.581521069048627,37.51440779427846,293.2437075828774,8.031596439918511,0.3,18.023395808989285
bogota,8866e42a8bfffff,7.654050896401439,1.1485781395399544,3.018955551465428,36.89723968024188,706.4369554890327,9.190613591145537,0.3,29.825217059955538
bogota,8866e42a89fffff,6.326923688977692,1.0844643446964064,2.8147451439586177,45.40324599286295,375.271659547411,6.922080100327321,0.15,26.47493199947895
bogota,8866e42a95fffff,6.272755304543082,1.0295444464593155,2.2926608451719472,47.18669096232131,286.18871919577697,8.723895806384515,0.3,15.870989707771164
bogota,8866e42abbfffff,5.8997601081024795,1.0322037984837005,2.1643407626444726,49.53650924304395,332.34269517050484,8.455742600273314,0.3,24.33346884005262
bogota,8866e428a1fffff,6.109361026497956,1.0490078254917952,2.9492957723694477,48.34449642439775,1897.2965914047772,10.59614433418836,0.3,25.52138185609453
bogota,8866e42d65fffff,5.765758604059976,1.0546869165672195,3.150483624330606,49.619881151985226,882.9379580358759,12.07973518707287,0.3,32.73876843367755
bogota,8866e429d3fffff,6.469520516790501,1.0427403891633908,3.112464504181704,46.0952685659352,1506.1609476913836,10.067556408780147,0.15,29.015524016792718
bogota,8866e429cbfffff,5.1663317962228605,1.1165848822462388,2.729041772746136,55.235680733314375,80.3780460178608,4.974598035787933,0.15,8.70549372753384
bogota,8866e09157fffff,5.790106045593425,1.034938805291823,3.022781420227599,53.03989194092485,358.6218353042588,8.066308663855331,0.2,20.15266283587811
bogota,8866e09119fffff,6.808530915711037,1.0713647496913,2.8503692766168207,43.285450430409306,499.79715301677174,9.015642353395327,0.15,35.07577073858527
bogota,8866e09021fffff,6.22152560051793,1.0282964607765703,3.035129452732712,47.8894124384297,635.3854080366515,8.889215139170636,0.15,25.22012991509392
bogota,8866e0902bfffff,7.299188313837438,1.0395377433042565,2.8446208669783117,40.15163217103584,463.45892014064384,8.115440198539886,0.3,23.59387011251071
bogota,8866e09025fffff,5.228493341971365,1.0373376879851217,3.3582884436259444,57.19915872513805,373.31101861188534,7.547045436920694,0.15,14.641828890119985
bogota,8866e09007fffff,7.836547714472518,1.0609027365712962,3.0830300744014925,38.41073488510289,858.2300557082234,10.453228239414146,0.3,33.034149321854045
bogota,8866e09003fffff,6.205171528330404,1.0262000349204412,3.1202373397930567,49.395886052633244,254.00668941879192,12.579382865461078,0.3,29.413832003314067
bogota,8866e0901dfffff,7.051447186741836,1.0290157780627691,3.121456754097923,41.692351729128376,797.2670691647868,11.82064749493827,0.3,24.160910249855593
bogota,8866e0905bfffff,5.547897599897105,1.0806122893919414,2.1268893296586486,53.875917181832634,638.5513331416016,13.498002682307035,0.3,22.15871535493197
bogota,8866e092e5fffff,5.667015959624657,1.0574839036207095,2.5790444696803645,52.07330009649288,548.7670841704643,15.791277123069808,0.3,30.325749954913032
bogota,8866e092e1fffff,7.769801016652053,1.0291342849283958,3.058117448425279,36.66329011929788,744.3916015097863,8.761033786015327,0.3,20.636691042082838
bogota,8866e09213fffff,7.458486166734464,1.0354697343442905,2.9343861692058057,38.97101560101873,895.2162415099223,8.854891840615599,0.3,22.239596861935055
bogota,8866e429ddfffff,6.752600327451736,1.057746372758365,2.9904953832164582,43.17878632113335,306.45378594030365,9.611973491185383,0.15,23.18658909407244
bogota,8866e429d1fffff,7.082187574975025,1.050096893245826,3.2044316808362723,42.98889888490813,378.8538175968067,11.963889255966958,0.2,24.518405935312217
bogota,8866e428a3fffff,5.861735357214708,1.0398743660887002,3.0597492480000894,50.031127797038906,290.7482527944578,13.703309807779284,0.3,22.179274910271726
bogota,8866e42d47fffff,5.34665594503699,1.0830594137191623,3.187485162114411,52.434049187226854,127.50945110925475,6.8047700766907155,0.15,17.075797914587806
bogota,8866e42d0dfffff,5.426432813920863,1.0444138927869548,3.288593745080384,53.65204923563155,28.601440762182378,7.1184370398495105,0.3,11.779293388310219
bogota,8866e42ac3fffff,5.502616069120806,1.1403966893471587,2.9996029384239256,54.463946936848714,120.28862319932063,3.9588762292835176,0.3,15.148151387004248
bogota,8866e4212bfffff,5.409466325053179,1.0952692519203917,2.9713544712470377,55.90558045219677,56.37251447834144,3.9732547616021883,0.15,4.781465151074732
bogota,8866e091d1fffff,4.674004518517588,1.012159464342905,2.666576153197183,65.71299961863765,29.713907323697665,6.937885613867623,0.4,6.45364005359015
bogota,8866e091dbfffff,6.793862776266015,1.045098594210851,3.3189627695138517,44.46171237226956,274.13396250526694,14.423318661999602,0.3,26.34639499912156
bogota,8866e091d9fffff,6.483682957980439,1.045245018084532,3.3853509871303546,45.693681679958374,684.3013739589184,11.626426099396115,0.3,19.527160528318632
bogota,8866e09033fffff,5.950550479281994,1.0297127954694758,3.4388376983941753,48.949015039833114,77.98036623580471,8.417810323628116,0.2,17.70832409335058
bogota,8866e09017fffff,7.833981301821733,1.0319729578129366,2.8448791582240136,37.47494030693015,499.9355743882778,12.498143342864257,0.3,24.503879352331428
bogota,8866e09013fffff,7.304307371131686,1.0109957021086697,2.808386108463631,38.44487922966605,580.1201284384877,6.655107544379697,0.4,12.402504368313581
bogota,8866e092a9fffff,6.3800847433232075,1.0174200630547956,2.5249568326358265,44.319914682330925,1669.932589322765,7.212510333275075,0.4,13.333087455014777
bogota,8866e42885fffff,4.564945997186634,1.1309791839647816,3.408804676194875,63.342836187817014,113.13116038895006,3.6567927345856615,0.15,8.389521433499256
bogota,8866e428abfffff,6.449174532251745,1.1058474290124578,3.2621297142102175,44.999524940514014,507.42816514139037,5.155458998638162,0.2,10.47211903132357
bogota,8866e0926bfffff,5.389056182532179,1.0497521928721743,2.8322807826342307,51.931075739132226,499.35527444763983,9.315631579287826,0.3,25.32612253969333
bogota,8866e0931bfffff,3.9799487168818186,1.0945930627135971,2.58867261116609,79.5125059929079,69.28965847494923,2.1837317335573627,0.3,6.276777994793143
bogota,8866e09319fffff,7.01718749863675,1.043568335205638,3.275657685984484,43.02754731983656,339.09291538107385,10.374492383803615,0.3,24.704461508785876
bogota,8866e09313fffff,5.85616376319212,1.0533326040287982,2.524862829838873,49.85856982174485,259.3972900646684,9.395564613252713,0.3,24.21811608782503
bogota,8866e09061fffff,6.540772985282067,1.0367383747246244,3.2645926459281998,45.3932917658113,388.9662422328532,15.295060000630347,0.3,27.755279051571517
bogota,8866e09029fffff,6.09254293899639,1.0306524175352647,3.074848353125756,47.90642004573966,556.8458954604636,9.61149576499868,0.2,21.691618145546748
bogota,8866e09027fffff,4.93602976866279,1.0302087139883764,2.862540841803568,57.88342030029701,176.99823963433198,4.485903452018919,0.3,14.015109592346803
bogota,8866e091c9fffff,5.363047923840075,1.025801455292459,2.863139010476771,51.6857179709227,170.19714110672626,8.636356707436143,0.3,11.104550930987294
bogota,8866e091cbfffff,5.589011011196499,1.1008579132535365,3.489868635885469,49.26497106587008,62.8414282943171,12.972611539973398,0.3,28.579848184804955
bogota,8866e0918bfffff,6.472118682913581,1.026626838825986,3.161786557374266,46.290118642499124,317.95387923943343,10.82855904604301,0.3,19.616454807455412
bogota,8866e0919dfffff,7.261790542814552,1.0307225993469937,3.4170761722790464,43.81589035181622,325.93816136488874,8.719814645218536,0.15,14.568044153086731
bogota,8866e09225fffff,5.404101402081958,1.0841505551086046,3.153171785115491,52.9512355270764,278.48763919204964,7.659252699209237,0.3,22.06430535311132
bogota,8866e09263fffff,5.9514767841947025,1.061023582832005,3.202449189936319,48.92309408108286,348.43979743780176,9.409952772860441,0.2,23.04088405625355
bogota,8866e09245fffff,5.794219888535566,1.0250617788390552,2.7040596888042,48.913546091843024,379.01064088108853,10.755839730502487,0.2,19.706469456354966
bogota,8866e42887fffff,4.828587945177208,1.0582259466094919,3.2289220023179097,60.91173038539938,156.7604428864066,10.437005811501962,0.3,19.005334691199778
bogota,8866e0920dfffff,4.512217136848518,1.0862979958366945,3.1706547043998983,65.31201354392192,111.70304107400707,4.866691598319699,0.15,10.768987524113795
bogota,8866e09261fffff,6.034324108507823,1.0139067694593435,2.3109366455627667,49.78748805617016,243.06534888801727,11.847437755519863,0.3,19.755493185049357
bogota,8866e09265fffff,6.938409549653677,1.059221673852787,2.283296252312348,41.52179775977881,215.59813344196536,10.74074813894248,0.2,25.47177406057281
bogota,8866e0922dfffff,6.093783038183061,1.0732792610151611,3.0432065522701155,47.60496686622065,316.0941163615212,9.192448754687351,0.2,18.022509901663163
bogota,8866e09317fffff,5.743656354892656,1.0764795974882182,3.157661127249537,49.66460258601975,863.1526077102143,12.167118524164545,0.2,42.276044272929006
bogota,8866e0904dfffff,5.1533423515084955,1.1070868260193811,3.007597458812813,57.5835927905722,236.3412163982765,11.187874719698438,0.2,22.90966731250594
bogota,8866e09069fffff,6.463422998526716,1.0296227413829713,2.614595706942274,44.66352354608707,445.34047111245775,12.529121394371302,0.3,29.454626775310388
bogota,8866e0906bfffff,6.677021166860609,1.0214008091294593,3.059328093845974,44.79797057961592,479.88208038907385,10.10435559528614,0.3,19.719227248601335
bogota,8866e091c3fffff,5.6281853172982,1.016023375081123,3.3448888499656713,51.69870629015306,194.81613246767503,11.463572740307939,0.3,20.747445337350662
bogota,8866e091ddfffff,5.10702594690322,1.0162620064704528,2.7738758572367845,58.92674954078831,351.77865345949255,9.717979112251465,0.3,16.481478173696793
bogota,8866e0919bfffff,4.469638463348941,1.0462282247253845,3.3569695733844584,70.65212908687938,810.0914165384271,0.7534072280736288,0.3,1.5361999242128295
bogota,8866e09193fffff,7.177236583729473,1.009861793139416,2.6725141986221943,46.443130227724055,78.23412132436464,0.42046913460831903,0.15,0.9686878630614535
bogota,8866e08245fffff,7.009336208008471,1.0266261831995807,3.2980965351655493,43.12642063794427,187.84496972562067,10.729004518377417,0.2,24.644736280602256
bogota,8866e0820dfffff,6.738677556583029,1.0217535508683238,3.3382158989355024,43.14224075026848,247.43642514033002,13.188656595078745,0.3,19.003336197454235
bogota,8866e08209fffff,6.764588783729625,1.0145227403740935,3.2770185184400784,45.01271580788121,207.66164055416016,12.521280508179052,0.3,22.419936719384697
bogota,8866e09047fffff,6.077499646129193,1.038111928169075,3.2787765508097078,51.34759084617515,137.3664602858548,10.386927760359292,0.3,20.54617117998485
bogota,8866e428b1fffff,4.963420212557526,1.1431550956278091,2.954097015328827,55.96499306566787,532.0697282486295,7.1078552760548765,0.2,22.10354939797458
bogota,8866e42897fffff,6.736447712756304,1.0624188077550285,2.643850753057833,43.826970508362315,594.8492686265712,12.190972568987306,0.2,34.16340135745467
bogota,8866e428b9fffff,6.734687741355758,1.0311632406440558,2.528256021409155,42.36435977740536,400.90578960498726,11.743309289571377,0.2,25.751485702714866
bogota,8866e090e1fffff,7.31501266739785,1.0318459136225333,3.29840476530261,42.23305895198502,167.32968342936698,8.318030923845031,0.3,18.602394506857035
bogota,8866e090ebfffff,6.398777562334799,1.0837864521775258,2.833434525615702,47.66413533160877,285.3794000642679,12.45814091041387,0.3,22.658717984875413
bogota,8866e090c5fffff,6.3845274543357995,1.0346212959710228,2.10531153737091,45.248280464782276,509.600444537152,9.667048947617412,0.3,17.12311412959752
bogota,8866e090cdfffff,7.011358457479095,1.019365291427334,2.8854748149177065,41.280093145516595,167.46313840020125,8.498579849338363,0.3,21.04783988446051
bogota,8866e092a7fffff,6.2449185827042895,1.027832868586459,2.740943072168483,45.20341825568267,204.5349436918398,9.080416190630737,0.3,20.44615777171233
bogota,8866e092a3fffff,7.919336655313768,1.0223126975043133,2.6295299228661424,37.402705978321656,490.2279856594645,8.601153964505677,0.3,20.974599850307
bogota,8866e09285fffff,7.815424585453678,1.0109054440717402,2.3766155097123995,36.47757280248863,914.0881043826905,6.587778847160278,0.4,11.96964030056764
bogota,8866e42d41fffff,6.0076481762206315,1.0802587431613426,2.792688031772516,47.64918543629112,1106.5421784121302,3.039695721565299,0.2,7.658511924280187
bogota,8866e42893fffff,6.263158799248284,1.0162480964753886,2.5899116382910377,45.832522634840885,471.61269171507985,12.274539782052743,0.3,28.265299926497114
bogota,8866e42d4dfffff,6.309282843892508,1.021826977853834,2.760360551899994,45.231346501895345,390.3780260474339,5.972172425597659,0.3,14.934011151059131
bogota,8866e428d7fffff,9.88048162359817,1.0679366392806988,2.7779173248124382,29.465274719314454,2904.2405658611888,7.338978904541648,0.3,25.786481116151723
bogota,8866e42d6dfffff,6.185744269183281,1.0422956317329286,2.9184026287373714,46.388625862378206,427.4614113702969,16.474362745248605,0.3,24.50932169373088
bogota,8866e428d3fffff,6.601610186221389,1.0402342648313945,2.3785112743694032,44.36889943926774,665.2933898906855,10.983630489943065,0.2,15.400392511609462
bogota,8866e42891fffff,5.266088830183796,1.0246585041480625,2.130790343818077,59.24051454994617,339.907393814182,11.275845994887485,0.3,24.953778395829765
bogota,8866e0924bfffff,5.941878291249032,1.043451400525789,2.7430812982628807,50.0290480948053,588.207937521098,9.898593769402957,0.3,19.188719880901097
bogota,8866e428b7fffff,4.993740939158534,1.0215402911254157,2.255874885639436,55.56088126701997,361.70730423144937,8.345165717283974,0.2,15.89821794765017
bogota,8866e09201fffff,6.090158576909821,1.0920379856024733,2.9548011104429253,47.74936206852834,85.21940006006571,4.198093651945983,0.3,9.918264606763938
bogota,8866e09205fffff,6.530631823916627,1.0508321262549138,3.130077402745983,42.53459470192354,389.4154227732483,9.029369447116899,0.3,17.17455759398648
bogota,8866e09159fffff,7.548743176726659,1.0223937465167015,3.029334678316104,40.23438089678961,706.4899304606093,11.305601590326734,0.3,29.81572690585665
bogota,8866e0915dfffff,7.06534189934135,1.033993995040933,2.8443618075240606,43.47984915332082,402.9466288255661,13.41905824225429,0.3,28.48202166659261
bogota,8866e09065fffff,7.414165863888008,1.0186785709372432,3.1911435357420053,40.46308182302771,772.0851303951124,11.528448267960254,0.3,28.091097479838766
bogota,8866e090c3fffff,6.746893767888954,1.028394474502849,3.5257743238352695,45.59443625864561,417.16067106109233,8.82437759939487,0.3,17.93354396791072
bogota,8866e09011fffff,7.471586020047214,1.0250098158023495,2.5462498563174685,39.35898928086166,1253.1847880443129,6.450020070586572,0.4,16.148270836374795
bogota,8866e090c7fffff,5.88207221867523,1.0354296687407385,2.9320438047152755,51.42745426341088,198.1544346490556,9.16611609714816,0.15,23.538792042380805
bogota,8866e09001fffff,5.980605298325176,1.0148957605331659,2.7334396133142924,53.01690295805035,658.3739101368718,9.858218994036152,0.3,20.596269674694714
bogota,8866e0900dfffff,6.163780302349025,1.048428807447323,3.1176667922447177,48.97125375579659,259.76659034492707,9.011206129623382,0.3,22.59203277938681
bogota,8866e09009fffff,6.320526124457358,1.0340642843542542,3.047896719687435,46.989759104191556,223.12028674556637,9.895736732072445,0.3,26.021450916105138
bogota,8866e0933dfffff,7.7722128050238775,1.0131629488938245,2.2739891461364277,39.48288306915799,1114.8083437460452,13.960080117138043,0.3,27.51710821483228
bogota,8866e09339fffff,5.80117907282947,1.0341576606219975,2.6505512708200096,51.91924592588759,647.6813363284142,13.446028035725632,0.2,24.247021095502756
bogota,8866e09303fffff,6.880503272743585,1.0740242701652885,3.175833334455417,40.931091064185814,157.31571787279094,7.02885313662495,0.2,20.809093089575047
bogota,8866e09357fffff,6.031098076299011,1.0476304528473432,2.921282176599183,48.21752092607358,392.5692101341328,7.6166749952576085,0.2,26.816495580294717
bogota,8866e09351fffff,4.2034385601785615,1.1672506167913417,2.980234553236852,65.15745297507974,364.8646359271116,3.4412476061390413,0.1,9.443468202279895
bogota,8866e0933bfffff,6.463607446072724,1.0298631681099149,2.675514831409122,44.800321958842154,450.1706819533695,9.453261903197436,0.3,26.737879061061427
bogota,8866e09315fffff,6.374192158026211,1.0530754802245588,3.0954084832430704,47.967709178402174,404.9510455333265,6.769699881362401,0.15,23.94629007784232
bogota,8866e09331fffff,5.909088766829623,1.0221590010567143,3.1270832656912635,51.894675880786366,149.19009853671903,14.027203786395752,0.2,19.681690130457593
bogota,8866e09337fffff,7.288740648432024,1.0271119925487684,2.424523799116649,40.756547339275386,338.3853866415705,10.73931425707131,0.15,32.6286563177086
bogota,8866e09227fffff,5.084979601741879,1.0397264320843982,3.29091806732109,55.63801069512201,224.9589677986467,12.26850899008165,0.3,21.90058110602444
bogota,8866e09221fffff,4.661242241803136,1.0219325835221151,2.0900214992354926,62.46503475474932,675.9023294963731,9.462074503391882,0.2,13.758116353769022
bogota,8866e09359fffff,6.432006928385922,1.0601551550808352,2.7754388889202954,46.01210151953412,260.7402597368012,6.913042625404538,0.2,26.05626687363593
bogota,8866e0935bfffff,6.940290157029273,1.1297150043357198,2.9018661855768606,41.89339991825825,384.5887188459424,10.591541720792076,0.3,29.318861976229343
bogota,8866e0926dfffff,4.735966451189607,1.057860152748244,3.3698602735164487,61.7900616338241,474.71729257683216,5.826868569141158,0.15,18.398476041733883
bogota,8866e42997fffff,5.770312015667193,1.161616777017968,3.120682539822614,50.896610025756374,395.6918954202717,8.644855858417321,0.2,18.286073899991507
bogota,8866e429bbfffff,5.374938953340098,1.0756137045861245,2.930983643215214,52.79758267904327,219.3104190559358,8.442190690249971,0.15,15.392682378885466
bogota,8866e42993fffff,6.731322880964112,1.027919521652107,2.917909911523138,43.82781249766276,176.95570687005971,10.6632852053323,0.2,27.058778534063475
bogota,8866e4299bfffff,5.2114267577727,1.0087119966973424,2.7465162112441797,55.573550162024475,173.63047003017144,8.782490759687875,0.2,22.438008392293252
bogota,8866e428a5fffff,5.81889983535135,1.0228139673913452,2.906312988541029,49.51025902611065,454.084370150019,8.962136423448626,0.3,17.31750355154712
bogota,8866e428adfffff,6.510904449835141,1.037173260554659,2.8873553115979913,46.911966363086016,2070.2625590183834,12.184917443038492,0.3,31.054367390066794
bogota,8866e09041fffff,4.918789967160032,1.0564410547810545,3.0374956197454637,59.406438201000114,444.4651468018826,9.760208927093721,0.3,18.497431592224924
bogota,8866e09233fffff,5.854247283904618,1.0178585476387683,3.0627692859530886,50.42163553683867,409.8952293784092,7.064044026778101,0.3,14.70662541170108
bogota,8866e09237fffff,4.3675643715558135,1.0648199132522578,2.9256661876796484,62.046564940651436,612.1471551445056,7.546486568422797,0.3,10.640340045132586
bogota,8866e092edfffff,6.540597049783037,1.0485573925170584,3.2100536335403094,43.362011635858025,443.5729118612217,7.607192731637855,0.3,16.61376654630243
bogota,8866e092c5fffff,8.412798838734764,1.0206352670925638,2.550415408054077,34.16665386151997,1042.6645350019644,12.854107912435552,0.3,23.280574242997872
bogota,8866e09281fffff,9.559413333236321,1.0614194136850468,3.2356051022333037,30.316004751900948,121.46580481556829,6.777102455182602,0.3,18.28992145908659
bogota,8866e09287fffff,6.314155847778968,1.079248350719945,3.1835795214189604,47.986227455855555,224.24186857866232,8.214447477079043,0.3,16.03065469780682
bogota,8866e092c3fffff,4.078440254867467,1.2246408150982244,3.367527816415571,80.15884909259276,7.227036883177094,2.7773438771111154,0.1,2.923580051302113
bogota,8866e09289fffff,6.222501967063691,1.0368161602581145,3.133597952738432,50.35487895252382,15.466241173533552,2.133341226547716,0.3,5.37601411156324
bogota,8866e092c9fffff,6.270945711010259,1.1084537432432024,3.376185125458401,47.044555001893876,99.16126686511478,7.249277778992406,0.1,19.695993759058755
bogota,8866e42d23fffff,5.126396350783055,1.0766505230916656,3.518328307843339,58.27135170358115,105.66705988444653,6.5810055908473775,0.3,10.972693584864835
bogota,8866e42d2bfffff,6.525462635877804,1.0732594566325717,3.2468016244459124,44.74471254640936,119.88338653403473,10.39791746300867,0.15,17.093094779628643
bogota,8866e092e7fffff,5.788042228937654,1.0515493192869372,2.052528873962686,48.702651598823124,1011.8377318525231,8.149083143256775,0.2,16.58376150882995
bogota,8866e092abfffff,7.216045871417917,1.0229874151076244,2.289017773346522,39.84489692854512,698.2934728591772,9.936605486041941,0.3,12.531798323734613
bogota,8866e428a7fffff,6.223439522083007,1.0092203665782997,1.8861142309603047,48.30655304444608,157.41748545209583,12.758917576441583,0.3,24.23019585101443
bogota,8866e0925dfffff,6.748781249924216,1.03998360344421,2.6334641666885776,44.55038351627091,173.378796091219,7.964597889807051,0.2,17.77788615967557
bogota,8866e09023fffff,6.4906646598470905,1.0120729253784129,2.8748311583791866,44.63874110306819,964.7050141499366,7.57109008458883,0.4,16.560802387695357
bogota,8866e092a5fffff,7.500104847193193,1.0133799232839844,2.914063160222705,39.01115814966194,657.144787594579,9.83414203363872,0.4,19.08026447813582
bogota,8866e09019fffff,7.7042183186839175,1.022419716722202,2.7257411032441743,38.56985852319511,288.0944141764625,9.011845109172981,0.4,20.795153623913745
bogota,8866e09057fffff,7.975569027895244,1.0101333356498745,2.4312564468088906,37.13480130825614,308.14264263327175,15.542911056818255,0.3,26.229002289488708
bogota,8866e09015fffff,6.364882229690106,1.022950794359815,3.330052368571084,47.509945772486205,1711.3576809853732,8.371208230669916,0.4,18.36973292678683
bogota,8866e09039fffff,6.411127811736577,1.0442355065639957,3.2855758131114654,47.33746358370238,793.6057131901265,12.581925227543355,0.3,19.580018406315162
bogota,8866e0903dfffff,7.534180561581415,1.053980516213995,3.0749792897321035,38.01291713722001,491.6310195228488,6.482869085291271,0.3,13.100033828366922
bogota,8866e09031fffff,6.584593698602268,1.017904098027887,2.9446624833643407,43.622136110564206,861.7249615026979,8.870530458253576,0.3,19.147834394646065
bogota,8866e091cdfffff,6.98290344326598,1.0180699279019247,2.9311128692953576,44.88063335442943,258.15970149205384,7.873011277536865,0.3,16.60159571177604
bogota,8866e0911bfffff,6.3215755685950565,1.0600888096311356,3.2548138765182495,45.04930861072409,344.40104762674025,9.950520411698754,0.2,30.621098585214053
bogota,8866e42987fffff,7.4983860265589755,1.086814347566677,2.6494891263905407,37.54195423436118,204.73836474279548,6.139575832425505,0.2,18.324198351819344
bogota,8866e09247fffff,5.747870743329953,1.0446819628073452,2.952531603842874,49.70784808371681,120.31343461277805,8.638292462901857,0.3,16.11369656053084
bogota,8866e09249fffff,5.414769947926007,1.0312358813627576,2.532564060170992,54.370526499801464,241.9024835532909,8.481546071388998,0.3,19.961279944145588
bogota,8866e09043fffff,6.138114462166904,1.0122575860969505,2.7798980326852467,50.86914977310252,355.5288679489991,10.07054217777722,0.3,20.349281675610072
bogota,8866e092a1fffff,5.834365188477642,1.0441354882016731,3.0168204898607978,50.249286990475404,179.86387689469404,11.493535528302946,0.2,22.655743510141647
bogota,8866e092adfffff,6.995085863669254,1.0130892589782776,2.2424593468813203,41.21408184643276,262.47409896230306,9.97300391357993,0.3,14.365201066065374
bogota,8866e09053fffff,6.945556620774577,1.0264900756874962,2.219445902403996,41.85143365137715,689.7360553839924,13.87025002293176,0.4,25.367774170857125
bogota,8866e09051fffff,4.539328405954649,1.060404623470852,2.7788370254387327,66.80299674792256,306.7284090180944,8.183191219645378,0.3,18.913099487395264
bogota,8866e0905dfffff,5.494270913303865,1.0117860431807344,2.998623672406535,54.90317047009081,361.26019465396297,10.818001914373985,0.3,20.160316075964737
bogota,8866e0904bfffff,5.699839831308686,1.0228791849031942,2.599524835229881,51.4708137429201,801.6247575875364,12.000617084185075,0.3,19.778408948471007
bogota,8866e09333fffff,7.252762502955255,1.0472261251711241,2.559389635701394,42.220190944720535,899.8000169024814,14.68105694530697,0.3,31.005034361860456
bogota,8866e0906dfffff,7.006830810447863,1.0406719061258363,2.03759840161773,43.33433642833397,867.9650941721969,10.311649215687279,0.3,23.84170890526707
bogota,8866e429a7fffff,5.095286991382231,1.0766289409481895,2.629352524492007,59.61162114533068,165.50241364736743,6.3284347852491525,0.2,14.383369484347838
bogota,8866e09349fffff,7.028913475138254,1.063055156136592,2.767346393934329,43.116368633892584,590.5420258363728,9.051562325465918,0.2,17.711403847952877
bogota,8866e429a5fffff,4.826870230585366,1.0480822576253044,2.764990624132711,61.504657431819375,627.6716577991992,1.857542760173332,0.1,3.387455137327394
bogota,8866e4669bfffff,3.5758805287316457,1.0523069636242157,2.664355029810747,77.47099624866033,175.7211148416469,0.23235615420189998,0.1,0.5394422015008953
bogota,8866e0935dfffff,5.664897191281213,1.0324944557420765,2.7641466833260395,51.98303122969127,442.2441786710675,6.408618116830055,0.3,13.225732755578552
bogota,8866e0934bfffff,6.331854498183603,1.0247269407887583,2.764286230494266,45.39351777319765,379.9448400619753,11.199922251917723,0.3,23.831348305067728
bogota,8866e09143fffff,6.5934263264215085,1.0196138425882093,2.670745878397362,45.80938670933154,244.15797136268927,11.547917378449313,0.2,24.121352778182366
bogota,8866e09109fffff,7.609738134337935,1.0315554531841953,2.63814084819509,39.114609260802695,495.58158432350854,11.032649506480892,0.2,28.582041297906034
bogota,8866e09147fffff,7.933120610144805,1.0323728238972523,3.1589763464260137,38.096259602525514,225.31829593534894,11.690574216139845,0.3,19.746059050124085
bogota,8866e4288dfffff,3.7610232795576595,1.1129591323978263,3.4356697852041003,73.34761006796053,227.17218874659858,3.7085920734065327,0.15,11.826018035756906
bogota,8866e428c7fffff,4.148320715012152,1.1448298918021353,3.4525182121042763,63.47474738743395,287.73869992797364,7.201623554079231,0.05,15.424932175460908
bogota,8866e428c1fffff,5.54916564558082,1.0680474857982418,3.1308336666220122,47.03939807105622,288.91772689267543,6.291606289888698,0.15,21.560465511688022
bogota,8866e428c3fffff,5.51165666608889,1.0258057930598252,2.2417615928089405,52.79421854189276,371.00370275634316,8.185354855128596,0.3,20.439140147752234
bogota,8866e428cbfffff,6.468986384808037,1.0255680253045805,2.715295962529227,44.94217792163111,423.65550002907787,7.469917342252437,0.3,15.992674272219663
bogota,8866e42aabfffff,7.702439882103555,1.0367663564226133,2.7350971217799813,36.49996550947531,405.34630684554423,13.340440373205919,0.15,33.2138024239808
bogota,8866e42881fffff,9.579365045270961,1.0649790338770053,2.8500966412195443,33.019343801104775,235.8604446663642,13.03956264828576,0.3,21.810331082769626
bogota,8866e42895fffff,6.339372320611666,1.0221794294119857,3.3016696600402375,46.092261580770234,267.51611090669115,11.05816146041738,0.2,17.967751959956487
bogota,8866e42811fffff,6.3243055359821305,1.0266252608068838,2.7021240443465873,44.724401422534555,485.2626911983945,13.231920869527546,0.2,36.07066429540218
bogota,8866e4281dfffff,6.976637173043481,1.0471413313032998,2.899309500356069,43.86223926680926,381.5767934479342,13.163730217140452,0.2,26.261961758934817
bogota,8866e42813fffff,7.056761776956476,1.0642863545387906,2.7403856064032768,41.08952881763561,559.085154027203,13.416154979269653,0.3,27.80853768918111
bogota,8866e4289bfffff,6.398860270380191,1.030225869514414,2.6441341171699198,45.79954313334021,302.3091465824028,10.653083886392594,0.3,25.327015395584127
bogota,8866e42f27fffff,5.366153787431072,1.018518149922899,3.0542293016454076,53.70277321840162,277.1918697611052,10.379150407625568,0.3,21.176330386810328
bogota,8866e4289dfffff,6.245753478755174,1.0199175962159812,2.4188906893969446,45.34549501195335,92.15687352308419,15.65692429410878,0.2,19.040468244628496
bogota,8866e428a9fffff,7.098130622578277,1.0234235371296918,3.0664092913365524,42.570914669039816,285.2016971056971,5.751925462388304,0.2,18.907101944805426
bogota,8866e428edfffff,6.5923798884958185,1.023426896595662,3.0216828035908336,45.20571479097665,118.25640347586142,8.513466682165397,0.15,16.70269946203625
bogota,8866e42815fffff,7.069865523519929,1.0159091590570126,2.4873123433578948,43.26407781076517,328.46615483624157,10.063764859994404,0.2,26.483776705107115
bogota,8866e4283bfffff,7.143333264772813,1.0249406351342545,2.751052629362321,42.96461577947284,225.86618986112157,13.344610507819146,0.2,24.06332813856598
bogota,8866e428e7fffff,8.004009913585659,1.0288499254345924,2.674953786161314,38.12365141867486,325.7981068601157,12.117456119246986,0.2,22.844506330472193
bogota,8866e09311fffff,7.466733445812858,1.024640882166549,2.8050718933688064,39.25131359946285,193.76194903909567,9.506764143275984,0.3,25.189829612185857
bogota,8866e09067fffff,7.183274338978567,1.027763778724571,3.288588745222521,41.83581477381776,380.32880747147345,11.272971060687045,0.2,25.45188254489582
bogota,8866e09203fffff,5.0185401911246235,1.099684658473652,2.557405945962754,59.8452057833367,115.82848515561496,5.919090285735765,0.3,11.93214408447827
bogota,8866e0921dfffff,7.185822736581951,1.0521691845602472,3.321226608385947,41.836950675380216,403.7460449004056,9.855092240936877,0.3,21.236303682928394
bogota,8866e09209fffff,4.2125439058984915,1.123297374682913,3.390602957962555,71.21587494433797,18.82458149952152,6.724271843320856,0.2,13.507011664356238
bogota,8866e092e3fffff,6.416454895488257,1.0244293576024903,2.8454211821060387,44.785875179262376,822.3183415374268,8.809013044854641,0.3,13.094619878083353
bogota,8866e428d1fffff,5.762604785415851,1.0444114248603755,2.151149812277012,47.99438420846682,518.1452448260055,15.946296467006343,0.3,31.14213614054666
bogota,8866e428d9fffff,5.485278967717204,1.0494647115358406,2.798028607416176,54.13787114831769,190.2553306732702,11.49928658124836,0.3,19.337543664017847
bogota,8866e09211fffff,7.70095724463321,1.1232549118792496,3.2083057874359615,38.46057012110803,160.05967125285105,15.47726442799949,0.2,26.799963516760073
bogota,8866e0921bfffff,9.312746034612955,1.0093018259101003,2.0941953651763954,30.845250376486863,1092.5679989316513,4.680022163793432,0.4,12.333375155793815
bogota,8866e09217fffff,7.8838471355349204,1.0292912046221752,3.2546909399784973,35.95131229503434,263.72063153545184,13.068418397270472,0.2,32.94373751937444
bogota,8866e0903bfffff,6.924616987664075,1.0158151169943783,2.3578993550577976,42.43600389548708,891.9952835693814,12.236333837321958,0.3,25.734163748169415
bogota,8866e09037fffff,8.637859840420177,1.076660929510925,3.1261567890653224,34.55407797265557,79.81205191767718,10.139084598629813,0.2,19.456868645432753
bogota,8866e09035fffff,6.080731086128633,1.0442236067587705,2.956269165562023,46.942420304639484,1093.9678462522666,9.703161474419382,0.3,17.12514737461945
bogota,8866e428ddfffff,5.711829564741411,1.035646195027464,2.5827043231181426,46.343449038981355,307.05221578435254,11.50493105385566,0.3,24.830515823216658
bogota,8866e0901bfffff,7.643217325977222,1.0227837202164771,3.137980386405025,38.015466469710965,267.7737729534113,9.554879641417156,0.3,17.90587526659671
bogota,8866e092bdfffff,7.05909410355108,1.0373435973810181,3.3274488870378347,42.842360738398874,286.33064881259725,8.267697025097155,0.3,17.769459926647745
bogota,8866e090cbfffff,6.701056775441882,1.047730644332012,3.4122394263982008,45.598114714586416,136.39581189665506,9.332096102442428,0.2,23.265976470246095
bogota,8866e090c1fffff,6.322317981531064,1.052115188906601,2.994083645894071,47.30813387376022,54.992900370841625,12.30570959720106,0.2,27.53200422380822
bogota,8866e090c9fffff,6.334270015450573,1.0544035834507168,3.1771544911027787,47.505921135945734,356.639389937826,9.298128890854265,0.3,20.224158092538463
bogota,8866e090e9fffff,6.353486119577301,1.019344723118394,2.286227324351283,47.58851054145158,114.97800351060525,7.552488680936524,0.3,15.548962342135193
bogota,8866e09229fffff,5.158450437708806,1.169099938279537,3.1752152162191196,58.40958156611049,300.54162594261646,8.02672119214639,0.15,26.970178862073237
bogota,8866e09243fffff,7.033801939623876,1.0178487782719166,2.729900724032325,40.44509087156668,84.1093583091336,3.7319237560124776,0.2,6.903885313346221
bogota,8866e42d45fffff,5.595977506915083,1.012335107551754,1.9165610698260238,50.91720016694458,411.8980672043798,9.062168340812379,0.3,20.559635659734404
bogota,8866e09241fffff,5.130914414422924,1.0125817506467825,2.0947153800172584,58.80037988273739,715.7003233075743,12.531901321156102,0.3,18.87166519186434
bogota,8866e42acbfffff,8.159270482036089,1.051940974874599,3.210116436475183,37.66572531710464,54.20041870158458,4.782305462248105,0.2,10.224406755836325
bogota,8866e42105fffff,3.3638879455460966,1.2862568591234438,2.8029784079950293,96.73236167918799,54.683847806129755,4.600288651695922,0.15,6.3164992398538935
bogota,8866e42135fffff,8.238084039837336,1.0270496201747519,1.813514631937056,38.33287839224882,14.420160171837688,0.029240898467073704,0.5,0.1807345631997628
bogota,8866e42123fffff,4.387468585068325,1.087755536982866,2.9195427790595874,67.91610975720695,32.55721054949547,4.606703876879084,0.15,8.049331319822105
bogota,8866e42f25fffff,7.977455929190976,1.0515859454902203,2.8885307988932247,36.96046721611566,220.65383109835437,8.784120894112707,0.3,19.061630756474578
bogota,8866e4288bfffff,9.004500859556124,1.0793419203859755,3.35146823902535,29.65183791577335,2105.6678638823732,4.840857212601665,0.2,17.385922476613825
bogota,8866e42889fffff,6.495415756176528,1.0433638925802489,3.040921458090231,44.62198388253118,1646.7247050101278,8.83212756733825,0.3,25.187326699143686
bogota,8866e42f35fffff,4.970646134865034,1.0927851648857898,3.3831131455637604,70.25371344722188,37.87697941628552,2.2002785166684733,0.2,8.291605841176173
bogota,8866e09231fffff,5.708715616898266,1.0926960575902591,2.924693297606357,50.27463782899771,158.94019674684256,8.259400695883121,0.1,16.766083216603484
bogota,8866e0923dfffff,5.464752732072232,1.1016343400995392,2.781359972611995,53.22571740681274,163.90029166430025,8.67906182822537,0.1,18.543838538812253
bogota,8866e09101fffff,7.131416799287469,1.0268979497274782,2.958142496533797,40.9958935531467,2092.3990750058747,6.48756717193964,0.3,13.96861960634915
bogota,8866e42899fffff,5.7501791615477105,1.047513712301765,1.8895798977882194,51.69691351432035,811.0606779527784,13.26460898620148,0.2,24.442902832872388
bogota,8866e42ab3fffff,6.373394467193086,1.0358725781268914,2.3758239890210753,47.76728443018995,319.7802138495229,12.004414560398459,0.2,32.02512564568283
bogota,8866e428dbfffff,6.703950084093166,1.0492231214362755,2.6729628923171345,43.86040120989022,1034.2444444248886,10.645788743488199,0.2,17.77331914897644
bogota,8866e42883fffff,6.9750260350213855,1.0530935742581555,3.3032120174222572,41.29445879353617,326.40603543283277,13.896216568255301,0.15,24.926389196991046
bogota,8866e09269fffff,5.865242156125955,1.0702783493984704,3.1585187239228785,50.263090075025325,281.60272449843336,9.641916029378018,0.3,20.641618288921947
bogota,8866e42a87fffff,8.012497305144809,1.0922004195157784,2.8147782094639253,37.42191762563202,780.304405617219,9.192271929083413,0.3,31.313421298786448
bogota,8866e42a85fffff,6.72409771215154,1.052112409500054,2.4636038905513127,39.46936909446435,481.03134726079867,6.8645111141830855,0.15,25.96570820786046
bogota,8866e42aa9fffff,6.166851985818865,1.1026448607570574,3.2350056497997897,45.55589391403142,491.072667651933,6.8166978477485785,0.15,27.60183306789383
bogota,8866e42aadfffff,4.855283639397139,1.0768924025693767,3.364127412766776,59.48017147853675,288.6564862536678,4.519683135336053,0.1,14.086544631518894
bogota,8866e46699fffff,5.685617509526428,1.1271356058074564,2.8324429541982497,56.65442391713312,902.9165832109918,1.0594836125591247,0.2,2.736954953044582
bogota,8866e09267fffff,6.349800237340703,1.0731905176758036,2.8625286648143278,45.87897306381915,207.00872969889073,11.141175624024505,0.3,23.680809238642404
bogota,8866e429b7fffff,6.307850419622818,1.0238205007817844,2.390285451968888,46.27871184311427,278.4651643937292,6.911388239679443,0.4,13.908295474482124
bogota,8866e429b9fffff,5.875799023365631,1.1140636752105808,2.6973198225334722,47.140590626426615,174.52399578009397,8.384434507864297,0.15,13.671362720694749
bogota,8866e429b1fffff,6.151946940515351,1.038543368850583,2.4789839238670206,47.75379317863687,85.06824681556562,8.974464165397693,0.3,14.29857640632582
bogota,8866e429b3fffff,5.063614645277956,1.0662498794748483,2.9972455577552104,62.03792106245597,308.9369453398515,6.776818451941491,0.3,13.656135703240412
bogota,8866e0924dfffff,5.467717904976216,1.0037446498991212,1.8351805075289624,53.40436450356164,226.96982886919005,10.499532007936406,0.3,16.497379960753733
bogota,8866e09055fffff,6.2753392438185,1.0262356535678652,2.782917750274384,49.443149546578525,411.562275065752,13.870173221657506,0.3,24.01165289704184
bogota,8866e0914bfffff,6.804120711434192,1.0207275317500337,2.3031345072675045,46.750642502684755,196.3834423114468,10.781475060142652,0.3,19.219866882466846
bogota,8866e09149fffff,6.709756824957044,1.0165910926336597,2.8440305982031107,44.77234130398879,344.9845783696678,14.34937197120348,0.3,29.25487528701499
bogota,8866e09141fffff,6.542673074270921,1.0317126043242184,3.238890439374187,45.9505855536142,473.2037063248678,16.360919169536356,0.3,27.150306062446173
bogota,8866e0910bfffff,5.737393214688218,1.1146747620409287,3.249542063635268,49.9462480780492,45.746147140668555,6.288857605250133,0.3,12.180574704153443
bogota,8866e09341fffff,3.802318330594742,1.0483757725768235,3.226817241536863,79.08314732087854,172.636897024272,6.65044282966948,0.3,10.111590794851523
bogota,8866e09345fffff,2.3884817273452352,1.0413692197631799,2.9998159059644767,130.83625318220018,12.161050912463764,3.1151721593661,0.1,4.0594235706625135
bogota,8866e09343fffff,5.804213846345973,1.0621966016720454,3.154297922064973,51.75605754008685,210.5837505623413,6.568104387508071,0.15,14.095241899555663
bogota,8866e0931dfffff,5.672562790444107,1.021318084761842,2.697453762153875,51.15690145971988,245.87600390130945,7.877604784369061,0.3,18.63503909840457
bogota,8866e09045fffff,5.44073283963536,1.0465744962332724,2.171439707454808,53.628288123860045,131.5371505602401,12.401986736501808,0.3,22.299514230326068
bogota,8866e0820bfffff,6.388932167868822,1.0176310493390746,3.1753293965744307,46.15020015734875,220.56123197832795,13.413841543897448,0.3,21.428550174875642
bogota,8866e08203fffff,6.256535493316292,1.0497159799941536,3.536224081733057,49.256669439204465,111.4465346218747,8.390279795652065,0.2,16.41194353428402
bogota,8866e08215fffff,5.921637749852834,1.0476137570409176,3.2131431848188616,48.97804015241734,403.31649887199575,5.771248720540365,0.3,14.145017546158137
bogota,8866e42ab7fffff,5.451647080539894,1.042303788199709,2.590826715608845,56.703712866677286,131.9155447828334,7.3755985941304445,0.2,16.526636682519047
bogota,8866e42ab1fffff,6.5502334247392,1.0567915845781837,2.565331163213162,45.09256025155395,208.56578129343276,4.723923620129142,0.3,15.69918983336039
bogota,8866e09063fffff,5.802488320502696,1.0128724296279432,2.9526200087088883,52.52675703449656,200.23962512923106,10.454547787202602,0.3,13.820546957025133
bogota,8866e428d5fffff,6.0078713445220515,1.026150599279684,2.6032537571637513,48.21550387305249,517.8807233393311,10.165800173478763,0.2,18.036274375053814
bogota,8866e42abdfffff,7.579082686947011,1.0802755928857048,2.457206631296851,38.09595518247383,258.3939803257081,8.348013177177751,0.3,21.46267466575014
bogota,8866e42a81fffff,6.912540232059115,1.039126281945773,2.970746278805506,42.40853218791079,454.7975278974845,7.9307904923894705,0.2,21.46936621576837
bogota,8866e0915bfffff,6.127273312828953,1.0538493894194074,2.9788052696412515,51.16688900707201,67.68471119701026,10.708721776240221,0.1,30.873681510055707
bogota,8866e0902dfffff,5.578292033554051,1.0399931974588774,3.019902557824498,54.159015305782376,383.13180577079805,8.321093870097751,0.2,17.816680442393785
bogota,8866e09005fffff,7.640152876370155,1.0109678541650438,2.6488977632488258,38.94328566951136,946.0859938185044,9.058031042744595,0.2,18.81846134756975
bogota,8866e0932bfffff,7.443856903470135,1.0077053862183172,2.3948502750769363,42.312977734109516,179.01180320270106,13.92313828709431,0.3,21.439686785432627
bogota,8866e091c1fffff,7.845302852304578,1.0130526856455895,2.7072554712350625,37.76314959067526,390.81499637622653,8.052268606745042,0.3,21.44219470624937
bogota,8866e091c5fffff,9.134983037469572,1.034675520960084,3.4836237543805617,34.420130993743854,239.81548227980957,11.552573561308808,0.3,33.31857540591598
bogota,8866e42f6dfffff,6.834540990975564,1.054398291048905,3.006316661631482,43.267142788161294,346.5131179888948,6.7073073706712165,0.3,18.673727714599444
bogota,8866e42a97fffff,6.262618881686279,1.0407699410683646,2.572231002611333,47.089391545722414,228.80815234222044,10.29388834490077,0.3,20.188269450301586
bogota,8866e42ad5fffff,6.666009354790781,1.0590831135399938,2.798203027100657,45.00443729266504,228.45456397923317,6.949288392293103,0.2,17.015091922386908
bogota,8866e42ad1fffff,7.010623763520488,1.0364270866672212,2.602159400624568,41.00197106686614,555.2722656571277,6.530581333772953,0.3,22.690977809660343
bogota,8866e42163fffff,3.7431531563988196,1.0536267931832872,3.0642880637123238,84.50803838242457,28.2886268620138,3.765792957670371,0.2,6.936740238783856
bogota,8866e42129fffff,3.9942119932491353,1.1490153323960393,2.767515459569187,79.22856792213157,138.902805036743,3.084777311760089,0.3,4.827936176433109
bogota,8866e4212dfffff,4.442003880468112,1.036196020616787,2.5270647428196478,67.05810000196155,111.14071261141427,4.560121603077825,0.15,8.189589065983224
bogota,8866e42ac9fffff,5.669671542753903,1.202180904653478,3.1238709649478973,55.815525434974504,1963.841201612662,5.1047710317498165,0.1,6.841316683203374
bogota,8866e42acdfffff,3.7249676486005034,1.1467227047662139,3.0391635391560436,89.48623579551602,15.39292839777679,0.3455218989264141,0.15,0.0
bogota,8866e42aa5fffff,6.243625557527492,1.0570414927878988,2.9482659260956923,46.33077816503368,91.50802103641315,8.803217955673679,0.1,17.212649701730868
bogota,8866e42aa3fffff,6.239158480301455,1.0680887477385024,2.905923629415783,46.18698817174052,269.9999689382475,7.616963334860136,0.3,21.927625601380324
bogota,8866e42aa1fffff,5.530315941408353,1.0867115632667579,3.1961771283477662,53.8987150526186,335.62878552786606,0.8229391975181433,0.05,2.375492769100478
bogota,8866e428e3fffff,5.205706079832887,1.092295542565274,3.269382563072581,58.25889588724648,101.90667427162957,4.762506844786951,0.3,6.206855221374482
bogota,8866e428e1fffff,7.599998077570139,1.0125996335625786,3.2123930273860917,39.23002941646418,466.8599977884154,7.132412908228451,0.2,15.079059118142423
bogota,8866e428e9fffff,7.111731667240813,1.0319193777367783,2.8564737742665134,42.20675725431116,1434.1271237426652,7.449382189043909,0.2,21.036195481555428
bogota,8866e429dbfffff,6.5727881770593655,1.025791964892087,2.572814121374629,46.41896750624147,214.69895436389524,9.55487599834822,0.3,21.266437418202916
bogota,8866e42999fffff,6.699961137147448,1.0182192711747784,2.773886368896293,45.09059932943407,364.7434020623376,7.299252112085659,0.3,17.856217977373355
bogota,8866e42991fffff,6.103650305121116,1.0361383669366597,3.1322277743318185,48.10142969748604,270.3448775366767,11.083906114997864,0.15,20.70192513734198
bogota,8866e4299dfffff,6.011256393307521,1.0370933336317276,2.9187066169946196,49.750900808973036,254.28644754168846,13.496277403901377,0.3,25.699067633217975
bogota,8866e428e5fffff,7.620534395832164,1.0156674490637156,1.945545009513976,40.09634228836635,55.006387428930914,3.1253441048943555,0.3,6.815300739568594
bogota,8866e429abfffff,6.989253712414676,1.2057640053853982,3.0168327946817732,46.84815314930972,31.073468063547704,2.844345356530927,0.2,5.759544067306459
bogota,8866e429a1fffff,5.440650090316542,1.1147458833315917,2.76248348683812,58.1817902888718,61.25989776697442,3.3721406261692306,0.2,8.05206495691075
bogota,8866e42f69fffff,6.714008190014087,1.0251626096466024,2.6994595324505064,46.62270304489707,334.3860064859338,13.369562808212738,0.2,30.43585079975053
bogota,8866e428bbfffff,4.8331662353678695,1.022695120971425,3.0456363746766284,58.39442539582188,552.8503021838862,7.621729674862275,0.3,15.427992646075905
bogota,8866e428bdfffff,6.210586135778652,1.0639924239637544,3.133176334133042,46.34686401155755,519.3636388009055,11.748475796285184,0.2,28.651829777000145
bogota,8866e42835fffff,5.230517889558246,1.2791569111064958,3.12871715525141,61.452532658428275,25.98416616550053,0.5041876490142194,0.3,1.4235789462029893
bogota,8866e42837fffff,5.87672932205842,1.0305640097596556,3.1976971764612077,48.657628546033294,130.49283667790678,8.907834192668584,0.3,22.062577935772005
bogota,8866e429d9fffff,7.145251557189754,1.0649727873815606,3.086866108767271,40.56409142916084,158.38378550985178,13.224512565422028,0.3,18.827721745511283
bogota,8866e0910dfffff,7.138404998342703,1.0083917257820612,3.1951366425321113,42.16111049062521,614.9855227148997,13.294130456000106,0.3,21.847538048543257
bogota,8866e0916bfffff,7.691106045085871,1.02906044001524,3.0200525280635517,40.32767493985807,319.80359600884236,13.34917189293714,0.3,25.198145582787188
bogota,8866e09161fffff,6.8941996572722495,1.0298290634160885,3.1767221366692904,43.393966165615026,364.670621879972,11.461853675423669,0.3,25.999959542217454
bogota,8866e09145fffff,7.664121615383206,1.025913291452693,3.167734852817129,39.312881034395716,454.3241868375191,11.958266007506474,0.3,24.856657414989392
bogota,8866e46497fffff,6.55976049140333,1.0474775012482513,2.4436925997977275,46.039030377269206,159.28062814786972,8.982021717953872,0.15,22.980139117791598
bogota,8866e09329fffff,6.698714920143986,1.0263814696323592,2.208439293945849,46.73581612991833,101.3664343404848,7.699216822612151,0.2,11.886972964225427
bogota,8866e090e3fffff,7.488620229809111,1.02844674254476,3.259800101984781,40.32640737853434,69.5291917127351,8.921187021816868,0.3,15.499410036060029
bogota,8866e090d5fffff,5.986412002467596,1.0518553846855985,3.254040780336791,54.28961452469948,40.303903828358735,1.921162342671184,0.15,2.3059668125688164
bogota,8866e42f65fffff,6.666731069424222,1.014507155637334,2.704313580632547,43.470917632572515,476.20147237588844,9.221576749082107,0.3,21.61551372707183
bogota,8866e42a93fffff,6.503930839067069,1.035560120073309,2.7586962491554634,46.158804981502236,257.57809955669484,10.873170850598965,0.3,20.10015561724807
bogota,8866e42f45fffff,5.544148845061715,1.0931780942365026,3.3073661945938055,52.82813241018644,52.43891477529706,7.285099130435498,0.15,23.562116337902587
bogota,8866e42f4dfffff,4.987704478175508,1.10108129059691,3.4577074174780313,61.15037515445751,17.704002974392004,2.1627536543764716,0.05,2.779664437986529
bogota,8866e42a9bfffff,5.727533588956007,1.070585032784808,3.1137921693436064,51.287346540650084,114.8632646023608,6.5796719441046845,0.3,18.41031581406009
bogota,8866e42a99fffff,5.381958088131622,1.1113436034833246,3.1685912676756587,56.668099648706,412.30907349790533,12.089940419364462,0.3,26.210084972791048
bogota,8866e42ad3fffff,6.931231081160512,1.0547649643317154,2.9002319021476373,43.65083546662743,184.4285769526686,11.158442598212766,0.2,24.37094632665799
bogota,8866e421adfffff,4.875723654470857,1.0759096303963835,2.9004012400325943,65.25837818762702,24.043632582649884,0.45140446625197406,0.15,0.0
bogota,8866e42f6bfffff,6.006068513562963,1.0697992647283319,2.940281119181536,49.671983038427555,90.62583237466144,5.314269070967163,0.2,11.658529039101776
bogota,8866e428b5fffff,6.366041536781844,1.0206178986192649,1.9248606407188822,45.46295927614006,1298.5031128108371,9.593664534536263,0.3,14.64308807506354
bogota,8866e42ae3fffff,7.844001053563695,1.0356881278172703,2.2555498850907214,31.163234524731205,940.2226226923395,4.114222201821891,0.1,10.63248077720877
bogota,8866e42f67fffff,6.612426533038306,1.0586913111964067,1.9231870224746883,42.03315909551264,759.5518575234162,5.76151292504847,0.15,12.036713493769645
bogota,8866e42f63fffff,6.5616276629894745,1.0233565452117055,2.793669690470271,44.86577698167668,132.73474239710532,6.481527275244675,0.3,13.23150786411482
bogota,8866e42a8dfffff,5.681195318160312,1.0215446981543772,2.7570055531141073,49.28540286319005,817.0165827426449,7.319662162532312,0.15,14.71296915255396
bogota,8866e429a3fffff,6.537184859640425,1.058935635892359,2.308777467496445,45.468352115382054,263.12420421466015,11.37449957997187,0.2,16.21165987852153
bogota,8866e429bdfffff,5.14510370832057,1.0270024036351824,2.51545334166814,60.06249733664718,21.145596073155275,4.343631869215031,0.4,6.115341801952459
bogota,8866e429b5fffff,5.769440544660622,1.0101861704682809,2.077164372681342,51.789281544709574,750.7746627875572,11.401529710974193,0.3,18.756337108085006
bogota,8866e42f61fffff,6.836978555611272,1.0171670502605015,2.366726799129891,41.63126040499723,734.0946058896989,9.179114491453856,0.3,22.243571807363764
bogota,8866e42f2dfffff,8.96566695772935,1.332015950920892,2.7955779540195587,31.989791423566075,383.7688318584966,7.4957781338365095,0.15,14.428709926734406
bogota,8866e42839fffff,7.3997751000789895,1.0191818406775996,3.120805899611321,41.52498388665697,92.7223378555658,13.12240339730132,0.3,22.97133184839825
bogota,8866e4281bfffff,6.047101849939092,1.0559362465643396,2.8032323192207724,47.24813519010995,206.56749230933124,10.02347880785079,0.2,23.44600972241328
bogota,8866e42817fffff,7.434509234623169,1.012796609964851,2.3011592729470305,42.03370930587576,390.21402354199034,13.70356565209627,0.3,27.004406448393816
bogota,8866e42ac7fffff,3.613212672604528,1.226110853294689,2.544475667723814,77.68758161241178,3.462657388826814,0.0,,0.0
bogota,8866e42ae7fffff,9.710668339775244,1.0105693122766206,1.8864481909728419,24.91440088423073,219.48875453462267,1.3745052912079074,0.1,2.1952757544508037
bogota,8866e42a9dfffff,4.916482216255253,1.0945035951545332,2.6457737770452066,58.51159837934356,199.79237198136676,5.026550302347599,0.2,14.933067400156359
bogota,8866e42ad7fffff,7.451395429055215,1.0365743440904311,2.5503943116442853,38.37401613252971,536.7756549949604,8.301143199903704,0.3,24.640868165376975
bogota,8866e0900bfffff,5.1575653066034635,1.0350162495535808,2.4221388254217153,59.064157455708475,228.43146067851757,12.03850204614867,0.2,30.160823712446355
bogota,8866e428b3fffff,6.036307973869083,1.034489083855939,2.9865167496349985,46.59305012559316,333.95508781994783,3.872985787471177,0.3,7.2112641249338445
bogota,8866e091d5fffff,6.361599026445514,1.0307347572455934,3.4830848550528164,45.27009559722955,91.25156416105592,12.231775769102464,0.2,22.46990506976662
bogota,8866e42ab5fffff,7.4943383178861644,1.041913919147315,3.0404148623057647,38.66704139693677,241.1137247435129,8.787737995894004,0.3,20.79515243338621
bogota,8866e428ebfffff,7.8034769896924345,1.0519828507561544,3.009741103321824,39.83332637724896,1359.0890862089118,7.150534116344719,0.2,17.24514291612599
bogota,8866e428c5fffff,3.4918494995082656,1.3625199558922005,3.066087113994551,85.48692110831351,291.69456822023204,0.17362372490501315,0.15,0.05424845249265564
bogota,8866e428cdfffff,5.729266494798413,1.0789835961733394,3.470744066771338,51.217078783593585,236.63599783884754,8.906798507175127,0.15,20.683585190430595
bogota,8866e428c9fffff,4.190640513147932,1.0660484697436916,3.133929999860273,67.2188750052125,318.0461620648618,3.9731679880177517,0.2,9.589104721666924
bogota,8866e42aa7fffff,2.621384241432508,1.1116684791917593,2.8377125876309037,104.03941109306254,46.554058543918806,2.1793078607282834,0.1,4.162591271525004
bogota,8866e42819fffff,5.876709542747099,1.0945322191672395,2.906030704615614,49.28104537135418,291.35896667583603,9.364006475680009,0.2,24.700646574738265
bogota,8866e090a9fffff,8.75533136691868,1.0294339313964267,3.3826953239723605,35.11613704431068,58.910323596993905,6.8826067080884314,0.3,18.25726815817839
bogota,8866e090e7fffff,7.88656712063226,1.0902999902542498,3.3095096373800685,39.54215402998444,252.2009231796894,11.096129356218231,0.3,26.628411103469805
bogota,8866e090adfffff,6.80040418040844,1.0360238118966172,3.2702951877679807,44.37414402614529,182.02647101903244,8.433648938529739,0.2,18.88162835461758
bogota,8866e08207fffff,7.373830418288061,1.0196789208569084,3.2015757847825714,42.66109035763401,172.75871300872612,9.521980991531917,0.2,20.686895848549437
bogota,8866e08205fffff,4.663781439497186,1.0484443481166006,2.890837471082347,74.797074826031,4.140588936277423,2.537734554380041,0.15,5.043408408325979
bogota,8866e08201fffff,7.929037775287193,1.0127771052770242,3.3216770169854235,40.19795678337891,84.18121104957216,11.1884917156443,0.3,20.24365014429236
bogota,8866e08247fffff,6.755921835723268,1.0192278386468991,2.9156265596174356,44.22177646705167,456.27043842368727,14.135104162798296,0.3,24.189069707616323
bogota,8866e090a7fffff,5.833191211143192,1.0365535296099158,3.3958939502987624,50.278079893302966,203.5091446555851,10.662191637426579,0.2,15.393823801254074
bogota,8866e090a5fffff,6.520482183555971,1.0333405144608308,3.492110350251495,46.04388173307652,60.88971468985031,8.583128243900699,0.2,13.889271457646846
bogota,8866e090a1fffff,7.100407812988805,1.0217195302268727,3.3500418790358824,43.667922776613636,254.27982754321468,13.217823763421505,0.3,22.503547357447275
bogota,8866e091d3fffff,4.81215376575721,1.017504196776485,2.714661168895945,64.93973701000945,200.7507376406853,0.9596835592188427,0.3,1.5671827248132624
bogota,8866e09085fffff,8.478565686434031,1.024224683327357,3.311283972250441,37.26662449359882,210.23897773386173,10.653888148466159,0.3,18.8997374813486
bogota,8866e090abfffff,6.662048797628713,1.0249600294485466,3.2879604210429165,46.2895488911309,47.50108276168134,8.50564947549678,0.3,20.168734419063867
bogota,8866e09113fffff,8.107586724946088,1.0260902945858825,3.3430780644983544,37.8873391446108,528.8778929840812,13.278379115389669,0.3,23.363969084819082
bogota,8866e09117fffff,7.5913833305628815,1.0493401095790296,3.4814407903057294,42.254757118126534,119.41916918057699,9.02233386733311,0.15,19.10701483989286
bogota,8866e09111fffff,6.168198490866926,1.0545630124700975,3.1229357531582402,50.85073184201685,469.18620781569564,10.270467808044465,0.2,18.670250383877985
bogota,8866e0911dfffff,6.865131040561797,1.091196745955661,2.380121683300598,44.681095119869184,335.25248052934586,12.56976616710204,0.2,29.414860159822656
bogota,8866e09115fffff,6.729659509423864,1.03081402105035,3.046080793135974,44.951432768177796,19.25341075427272,7.983948789190545,0.3,14.15777702247634
bogota,8866e09151fffff,7.335541454048651,1.033418654930361,2.7821218734322626,43.18759694809539,326.4302769490552,7.644704125029667,0.15,17.519570799878576
bogota,8866e42983fffff,6.386347590149945,1.0113427335459935,2.5955570701480655,44.73829237778418,25.964268256798366,4.627418534316822,0.2,9.2011939981466
bogota,8866e42981fffff,6.976144466435948,1.0216547522815298,2.849717029903809,41.55499049883939,71.66513127839609,6.128455923967851,0.3,10.172948044838844
bogota,8866e429ebfffff,6.198876220884413,1.007983386403842,2.6408638473926063,45.892634162019384,235.50524513168443,1.6364217506153755,0.15,1.1397362020809418
bogota,8866e429d5fffff,8.404940686481597,1.0149687510754601,2.820830347457225,37.13712773662795,655.1478796826322,12.824087885487849,0.3,23.81295380486347
bogota,8866e42989fffff,6.441259542470227,1.0367432681614746,3.139935366726934,45.814501160487765,193.38505616217972,6.131735842024825,0.3,13.856072631720938
bogota,8866e429d7fffff,7.507586608467594,1.0116327523845567,2.431101633247997,39.40034822694301,337.264193973977,13.904889138147054,0.2,23.355782801285812
bogota,8866e42833fffff,6.379082610514575,1.0501049294971396,3.3763050229190634,43.66951262118191,53.42231924572403,4.776426339862702,0.1,9.174794942264924
bogota,8866e090edfffff,6.2836274465729876,1.0334277491932444,3.3832485991246193,47.905514883355735,221.15516481769438,9.416017375534107,0.2,21.282927576965115
bogota,8866e08243fffff,5.985960373532039,1.0279062460840238,2.997607252176374,49.614842509852096,21.62952388291248,3.100692406422104,0.3,4.918271330488709
bogota,8866e090e5fffff,5.858450333266783,1.060972652272671,3.4281868563010245,52.68321104576776,807.2443593488061,12.232590342068239,0.15,23.162363942927914
bogota,8866e09087fffff,5.802939449344341,1.0329337901357043,3.3287616970739293,53.27503214758097,189.46001752524728,9.450430058946978,0.3,21.464307362237257
bogota,8866e0908dfffff,6.158044221828522,1.0157679369148778,3.289270442611608,49.21835442727729,248.55824933000068,11.823096109401051,0.3,25.108032626997264
bogota,8866e42831fffff,6.135033838678194,1.0169625602400254,2.592334241595008,49.22225467054051,56.193207784175264,1.4446133677344521,0.1,2.5878161791847014
bogota,8866e42823fffff,5.873774511742805,1.0225587572604582,1.907553738432123,48.59313217488271,46.0165935114764,6.961796826291499,0.3,11.083390603377229
bogota,8866e42827fffff,5.481518640907995,1.0163867307839571,2.564949357461537,56.132675604901245,76.7850446434696,0.3488682330682169,0.15,1.0170631333122495
bogota,8866e429c9fffff,7.434760721473417,1.0511811787408836,2.6435566772922154,39.55979998244456,61.20897667948159,0.0,,0.0
bogota,8866e42821fffff,6.478100057008727,1.0053679800486621,2.1521728986575344,51.45541600159393,75.94918390144502,0.1722037097932544,0.3,1.7283280480925143
bogota,8866e42829fffff,7.98732627072315,1.0323072598810565,1.6300354880989614,41.732780411780304,0.0,0.015645454957483748,0.4,0.7041019656804401
bogota,8866e42807fffff,7.429836094386719,1.0230528606268183,2.6844743757494234,40.72921169231713,342.11052282903444,12.748844165654123,0.3,24.65939346410363
bogota,8866e42805fffff,6.711018085967311,1.0568946710008087,2.7305997623175355,46.68938890039812,34.92293182804237,4.995497145202678,0.2,11.437699874324373
bogota,8866e4282bfffff,6.174768367890757,1.018841142752446,2.798749293679623,49.40828992860275,114.22699988341368,8.3974653962118,0.3,14.278978414951972
bogota,8866e4283dfffff,7.174202418263426,1.0244779357064042,2.9606604695288357,42.99205918062423,293.1411396709201,9.954055307750581,0.3,16.546167135300184
bogota,8866e42803fffff,6.593459454604215,1.0334065339447045,3.0710913554593566,45.81154359855766,315.1478150012971,12.066854591274195,0.2,23.33907223186954
bogota,8866e4280bfffff,5.6921599180408355,1.034889469355984,2.7287231800059613,51.35268448471505,349.9760264969601,10.360226636950754,0.3,21.56098661304072
bogota,8866e42857fffff,6.645178756567329,1.0236026807594854,2.9151491432322025,42.03363037875723,454.21507820598737,8.105517139376792,0.15,21.905888563138173
bogota,8866e09301fffff,7.068059531359029,1.0340771359675798,2.773757468762653,41.543058255454135,174.10545291659903,7.797855943251856,0.2,22.160657525238847
bogota,8866e42aebfffff,4.564086983587006,1.4467239634051783,2.6055954058786366,63.20246294579401,31.645455742156162,0.027567406882143722,0.1,0.0
bogota,8866e42853fffff,6.663549378035972,1.0283439539343437,3.3072946094501465,45.15098242649759,243.19177829934077,7.378557977039587,0.15,15.034975923210744
bogota,8866e09335fffff,7.014913582989963,1.0163674617173588,2.4524612210202363,42.28279735487513,682.8548628447511,11.859976905196927,0.2,18.856803371692965
bogota,8866e0821dfffff,5.7910404658585515,1.0370581080064585,3.07504036175079,53.523154078887856,9.82039853260199,8.917498713097336,0.3,13.105398596855935
bogota,8866e08211fffff,6.558683725609427,1.027506108831893,2.8981257756563017,47.552405507986634,15.437808960738714,1.4627706035292363,0.1,1.8922042927048892
bogota,8866e091c7fffff,6.868173760217839,1.0173006708470207,2.9990901797560623,44.9534136288181,299.9171211738419,11.466421060604574,0.3,22.33060894353832
bogota,8866e09189fffff,7.8565284860154225,1.0192077243742528,3.3855325525063034,39.53349460170927,670.5722619621678,12.467581572190266,0.3,23.95489765143772
bogota,8866e0913bfffff,6.909213457106262,1.011344891813068,2.9383399643246775,46.42420139027982,20.560128396271953,8.31034711626583,0.15,15.281764147940963
bogota,8866e09059fffff,5.240006845790641,1.0349498237541945,2.236585018692324,54.568153900351675,1390.187912374667,10.602036116867582,0.3,16.405279602245155
bogota,8866e09103fffff,7.158032824988152,1.0593826113154714,3.091205582352951,43.07103564117915,502.49081330215614,9.209663006656442,0.2,20.57974063147555
bogota,8866e09139fffff,6.636032449374863,1.0114980580076278,2.0461120801269628,50.948400369423716,62.94993711434873,3.5001635233069637,0.1,4.6311796892017005
bogota,8866e42a91fffff,5.465977497008718,1.1141920053916194,2.719090931838401,54.19675523293394,331.1275765187736,6.674140651182453,0.3,17.96681557241386
bogota,8866e42adbfffff,7.991430850701442,1.0441540393848452,2.848266157636627,40.58401184762261,658.7811833527127,1.0672782808237289,0.15,2.136160608947843
bogota,8866e4298bfffff,6.0966050192921175,1.0142488061207724,2.770991899705316,50.751486069177574,441.44845941364986,10.776181316986449,0.2,19.43465614517348
bogota,8866e09307fffff,7.15203813966382,1.014210513540467,1.823220469006369,43.14454461031896,182.56392579677882,9.712639270878618,0.3,17.67082411048139
bogota,8866e09163fffff,6.563413481543817,1.0111974289093546,3.1710952096198244,47.0981705014591,826.67052603895,11.731055831247964,0.3,24.413599984348316
bogota,8866e09167fffff,5.837760212032865,1.0792644325513465,2.98327133609382,54.91389694606745,58.51241515678935,5.406065366282175,0.15,15.65917834388176
bogota,8866e09165fffff,6.98679543496466,1.0319354256580362,3.24727572923406,43.99516665432076,171.7829588717853,7.765926037415031,0.2,19.687272978222463
bogota,8866e0916dfffff,5.771161922427327,1.0619461997670394,2.9234696163370373,51.18198760043787,124.8410606530479,9.838891643906045,0.1,16.104917697145105
bogota,8866e464b3fffff,3.735023149190434,1.1798494643291304,3.200311757769981,81.27698716866794,20.255818541046292,5.991335510487832,0.15,11.603725950519644
bogota,8866e46495fffff,6.964149968816505,1.0422082849442689,2.367591414836755,43.28144009907584,54.77851512573183,4.430520999261431,0.15,9.84977691131868
bogota,8866e4649dfffff,5.67111094453051,1.052558977691685,2.432849297330937,56.881385026050786,28.277106944779195,1.421038874563877,0.3,4.857891925445024
bogota,8866e46491fffff,5.972401652844022,1.0211676128770173,2.403026994200101,49.55171101441196,182.5348951804142,9.918622382837587,0.3,24.592574238745645
bogota,8866e4649bfffff,6.636189623134379,1.0191956058629073,2.048761837658629,45.126794391216656,242.9157015491313,10.452060023381526,0.3,14.857318576857741
bogota,8866e46493fffff,7.456133934500138,1.0192344071322679,2.811646505722897,41.031884513733296,605.9473777808928,10.927486136933389,0.3,32.40626572029858
bogota,8866e429c1fffff,4.265264249824463,1.066802575224735,3.108367407002276,67.16074703815187,1055.6610675443585,5.285893300572399,0.2,4.2290023228758375
bogota,8866e09169fffff,6.619622827294672,1.0418241768123526,3.2889818547688243,46.45077809390944,121.38777104152777,11.966351749141376,0.3,20.81482096836171
bogota,8866e0914dfffff,7.220248337944007,1.0209786762223572,2.6728455904368866,42.97877937060321,437.1494352847925,17.35976857854117,0.3,26.394038548104728
bogota,8866e46499fffff,6.03248907016912,1.0271525555663732,1.8367485457859514,49.172426323851724,73.53349279362362,11.129912884289649,0.15,23.41253542768827
bogota,8866e09327fffff,7.184584049843947,1.0409207554586242,2.522880714281284,41.844866236790004,246.0076060487793,12.128309048324393,0.3,27.096261229735006
bogota,8866e429c3fffff,7.415946518915393,1.0231540117206388,3.2047820229637,39.909150478046335,367.3668723508842,8.185711052708527,0.3,18.949489807712872
bogota,8866e09105fffff,5.861922261109345,1.012011712317933,2.8620762403039355,56.051822923569084,1218.9885491666246,6.6222026571346255,0.3,10.451405862792269
bogota,8866e09155fffff,7.720298101087879,1.0258680575267332,3.282742209701765,40.801533292556684,114.34564908932865,9.635048693743562,0.3,18.033006980127706
bogota,8866e09153fffff,6.135082032964091,1.0393179792054423,2.4215596761285565,48.097477039039624,197.3541858125282,9.40899924920306,0.3,24.201852346139265
bogota,8866e092cbfffff,8.333029001872257,1.0518866106131999,1.9730014063936128,42.001533886581015,1.5394028392313521,0.0,,0.35307767809627677
bogota,8866e09353fffff,6.552173142571671,1.0623609180525735,2.7515347004208763,44.13318638531656,306.2449578919464,10.47635276895575,0.3,22.69140764938475
bogota,8866e4298dfffff,7.418777873971305,1.012739004274532,2.50816560337721,40.95276197854524,325.9062098210806,11.70263349396001,0.3,21.612293086300618
bogota,8866e429e3fffff,5.8230003518285685,1.141148247562457,2.6966394262789515,48.085176555428646,36.747997573855784,1.3092883571744574,0.15,0.7802007487867896
bogota,8866e429c7fffff,7.428674201661508,1.0228623808880764,2.9719935815428604,40.032125900543534,905.6539041775109,3.806388328034902,0.15,8.035534048377105
bogota,8866e09323fffff,7.312978242309565,1.0321164156496085,2.3595448442851654,41.519385532919564,270.2394510360912,12.67329301873098,0.3,24.925977612025864
bogota,8866e09321fffff,6.563476707184358,1.0049063255701276,1.563575503037625,49.135544222621036,19.955241705075856,4.834771232811885,0.3,6.607030124248393
bogota,8866e0826bfffff,6.456608383264023,1.0737465262957397,2.8561660719611566,47.23521003729456,127.06894814153004,6.622410990672305,0.15,18.544734921019632
bogota,8866e0930bfffff,5.792786120292703,1.0634679961224798,2.878252954809561,51.219446142490106,184.7049052517891,6.785404004052639,0.3,18.609260858182957
bogota,8866e09355fffff,4.182664345843349,1.1792922563937143,3.1891807574256488,76.50625858085169,509.27622501344325,1.248699612607918,0.05,0.8490463083122042
bogota,8866e09309fffff,4.631858543390773,1.037092509977742,3.154838185178443,60.10742519465637,54.61885042603295,2.400966379750197,0.2,5.934320895627333
bogota,8866e42167fffff,3.502249717355239,1.006544563899618,2.513312687975969,82.01415254024185,91.83463802396172,3.5982394443225236,0.15,7.233415725396826
bogota,8866e4210dfffff,5.089320150486224,1.0855092319891335,3.144930984366205,65.49663284623333,81.7229707578095,2.3236783006377935,0.1,2.4811814335030755
bogota,8866e42995fffff,4.669341286074096,1.1127095426725313,3.150934481168501,55.21389082629349,52.19903196454917,2.2314118267680154,0.3,2.083062581753195
bogota,8866e090a3fffff,6.550421494314477,1.0650209264747053,3.3772665725347077,46.23475651452534,6.745003476838671,0.6238090577047576,0.2,1.012495810095833
bogota,8866e42a5bfffff,3.547782574869328,1.0530809959135292,2.465931856301205,73.8221005311771,119.7132352451852,1.119686376332758,0.2,3.60531419731651
bogota,8866e42ac1fffff,5.892429646563174,1.156710208818111,2.8977141766504784,53.810259901302985,73.58551248974373,4.938675652326947,0.2,5.962092315495258
bogota,8866e42ac5fffff,4.589376244684133,1.0525171050669961,2.3174368294387824,62.85419261401003,42.588698501377266,1.2854016207062389,0.15,2.3767518154357834
bogota,8866e42107fffff,4.778766671398993,1.0235882199638482,2.645285389975311,69.75300454159844,0.0,2.363420802355136,0.1,3.200684881921868
bogota,8866e42801fffff,5.990004464287235,1.074474211474131,3.3096514436382445,50.52276350571624,88.97396946057205,6.737002777996929,0.3,12.837851586452897
bogota,8866e42809fffff,7.616071079800966,1.020558883256847,1.927415046639022,38.29621121055621,221.71922978664838,0.29350631408632427,0.1,0.06290201051457611
bogota,8866e42f41fffff,3.5383620110986302,1.1919143131805043,3.4054106013520284,85.48281234473095,26.793275775516395,3.181716933673512,0.2,9.235384687817135
bogota,8866e42127fffff,5.381832855422497,1.2967090578740557,2.33051383624924,56.40669948817968,9.770050326754589,0.3210797942816767,0.15,0.0
bogota,8866e466d3fffff,5.286269715064292,1.117427241855542,2.3336499806221616,60.19023533269498,128.40984506718405,0.2302846535774644,0.3,0.0
bogota,8866e0934dfffff,3.5693053385858002,1.290774443674696,2.333612785006914,80.04758870741188,55.24938656814784,2.8930043446652087,0.3,6.485677952301155
bogota,8866e09347fffff,3.9754442373062213,1.0868881142828353,3.0351023463408953,91.9103862546445,33.416014218893885,2.958064328145152,0.05,2.2917381765972946
bogota,8866e42f07fffff,4.9273306119345195,1.0291392232213354,2.789499760024084,69.76394057411144,3.8666855599794747,0.011946837975507966,0.05,0.42615205830559055
bogota,8866e09305fffff,6.747602335327371,1.048209827788587,3.130128453565085,43.60523258614559,175.70394136276667,4.042178894876774,0.15,12.94024566652219
bogota,8866e09325fffff,6.36323969106527,1.0602177928559309,2.485802663075452,46.09492713604049,51.81762162651812,8.443470998039688,0.3,16.111932029021105
bogota,8866e0930dfffff,2.5501023152236377,1.0640639064579032,2.0794415416798357,98.03528215614972,83.91781577856601,0.0,,0.0
bogota,8866e09083fffff,5.8373918342448885,1.0326651555236999,3.1689358075016445,54.53171388958805,155.4908483339251,9.857680144943387,0.3,16.441315063280932
bogota,8866e08239fffff,7.1525774447768065,1.065234542601592,1.9225469383900342,43.1327924345878,141.6192828834635,1.748055226971045,0.2,4.023967396173704
bogota,8866e429adfffff,4.734734756100246,1.0554229766459327,2.6630673711077497,66.37873724199389,21.06448493582314,1.0701222754385535,0.05,0.4622671716330249
bogota,8866e46693fffff,3.1851140905391717,1.055924916053509,2.398805144279696,82.89968155442989,62.66557641482948,0.9910447939043091,0.15,0.5496673586724143
bogota,8866e42121fffff,4.31187248947723,1.0594949572985022,1.914296315475092,62.81107198653945,5025.312940958047,0.8415817259267426,0.2,0.6034257731826113
bogota,8866e090ddfffff,4.486033320898917,1.106333439647095,3.4118704004907294,68.02157652328441,130.3102159368749,3.7092606703038387,0.15,6.555138439363965
bogota,8866e091e1fffff,7.777290290808499,1.0763013857970367,3.3778415202960463,41.47017601372001,92.34088808220544,6.42905827934022,0.2,11.529316054685015
bogota,8866e09129fffff,7.759708084307111,1.0907499178998237,2.5591160813277813,46.767638919351974,71.9594208328724,0.8659976577247234,0.2,0.576324613499827
bogota,8866e08249fffff,5.3859357123521425,1.1066536684343466,3.05245088668543,60.45029364204005,5.589229144793539,0.36776579953724625,0.3,0.46615705026344023
bogota,8866e0824dfffff,5.63202602655015,1.0782091189689218,3.343751497163727,56.79586260602787,129.94090199735163,10.007629767482971,0.3,21.12203992895299
bogota,8866e42d35fffff,7.364144216497659,1.1135775747252117,2.955533434743266,43.93306299459931,4.151565538932233,1.2051717887588704,0.2,2.6065257944064593
bogota,8866e091abfffff,6.195301592191316,1.0273019277809423,3.242907440820541,47.95103600469544,280.9495848563782,7.883648515761597,0.1,15.804176878358902
bogota,8866e09185fffff,6.553638277353402,1.0547328961751294,3.3206458168292743,45.98276393239806,202.98425671205516,8.737399947231655,0.2,20.993924846215368
bogota,8866e09089fffff,6.215792240849332,1.018117057399872,3.345826535692288,48.92960402418562,113.42136718924367,11.05031082891649,0.3,22.43188250560267
bogota,8866e4213dfffff,6.790416804554745,1.0055334844698014,1.683512222034259,34.878875933549985,15.479814928374065,0.1435169476920242,0.05,0.0
bogota,8866e42addfffff,8.264448093423887,1.0888350355728513,2.4510603925425274,37.125066108445964,1400.7898105637655,0.1562864064863438,0.3,0.940280379182669
bogota,8866e421a5fffff,5.126345173850284,1.106076708641039,2.738664212164753,52.51904819131714,7.005555129002596,1.5913138191990046,0.1,1.532992436714897
bogota,8866e429a9fffff,5.142864510660445,1.1229243046214958,2.46455436872137,57.036955324273926,67.75694925090275,6.027814289057389,0.15,11.359321533600106
bogota,8866e092b5fffff,5.916671734491657,1.0503133368413409,3.41939910932341,52.31383849122783,119.11613367855,9.296472438863045,0.2,24.904802715610757
bogota,8866e092b7fffff,5.007371948278828,1.0166348891216967,2.719376803555236,66.56851873124967,210.74857724440463,0.7805156534505131,0.3,1.777935772961896
bogota,8866e092b9fffff,5.907214170410956,1.0381172804539291,3.0788878169319696,57.913130164044,9.756378556076074,1.9849522900327785,0.15,2.4005473361092804
bogota,8866e090b7fffff,5.167679144023559,1.0172512547828816,3.015758111967867,64.50348871191714,8.40613024651036,5.476858965048572,0.3,7.104285249971148
bogota,8866e09095fffff,5.191054887136607,1.0491056683767046,3.4197006625600976,59.49147834615017,11.391238517853807,4.716208703524244,0.15,7.840219559157048
bogota,8866e090b9fffff,6.389713135665542,1.02238134437944,3.3338421989362756,48.71577484859736,99.18008224384556,11.83352331603953,0.3,20.68235097752333
bogota,8866e08253fffff,5.241047959555038,1.0392324069837766,2.680795823712668,53.74691149916245,90.03944146943078,6.906996911613986,0.3,12.248049631620532
bogota,8866e08251fffff,7.470904844523441,1.0223479502641228,2.6576781611350295,42.542297617045186,233.34115874674285,1.8305717170443145,0.3,2.987379568874828
bogota,8866e08259fffff,5.7743635303490155,1.0347834090927712,3.21737053602651,54.34881014757895,63.348787011638244,4.68572847531071,0.15,3.952267645769073
bogota,8866e090bbfffff,5.6765135508057,1.0540107028028969,3.129218799757358,52.19687994125217,18.61443225032263,3.4186891803875668,0.2,8.380962452861027
bogota,8866e090b1fffff,5.367389727674493,1.0310760190793615,3.268517234173619,57.104395905384095,185.10062930533033,6.921664628683813,0.3,14.77646445110412
bogota,8866e0825dfffff,6.8610465866947505,1.0319957117595566,2.868301601213673,44.000108239792816,10.249188981848416,2.3965533196663857,0.15,4.24713319126091
bogota,8866e09081fffff,6.271222583434466,1.0233327533677432,3.373982410123527,49.120561886162704,206.195764276123,9.426407923512173,0.3,23.617272137600246
bogota,8866e090b3fffff,4.3886729992194295,1.0516684935917793,3.173566482293512,75.95310322564931,7.294203423686475,3.73656428026827,0.05,3.1956453011538803
bogota,8866e0908bfffff,6.539516106911929,1.0391037037747337,3.2082260693800464,48.981070581269165,181.28125410712585,1.502946574114434,0.1,3.3160658159685084
bogota,8866e090bdfffff,7.13613126754275,1.0289687092539697,3.41682394949994,46.07942546186617,19.103738979559054,4.335501078317536,0.15,8.92193677635341
bogota,8866e0952dfffff,4.292785436639587,1.027750583026799,1.7801781356416073,73.33579081959738,10.516053937717281,0.4799043179441979,0.3,1.1817682520936195
bogota,8866e0825bfffff,8.117386417076348,1.0046217737593799,2.067923583067635,40.0375174103213,8.965548598313186,0.8779520323233547,0.1,1.5228767384727746
bogota,8866e08257fffff,6.04847336449209,1.0641629476327072,3.0463153746292377,48.22153444188296,32.08611376446681,4.080506919417658,0.1,9.322628722890842
bogota,8866e09181fffff,7.771604710850852,1.0164770744888905,3.385209896808458,41.1755373447148,159.35038465547004,11.663996978340386,0.3,19.398660318751272
bogota,8866e091a9fffff,6.707446597025991,1.009647942986239,3.320729631028277,45.75094761854019,52.63136455470464,3.722479451036407,0.2,6.0928080472147235
bogota,8866e0918dfffff,6.501735071803364,1.1175503866587349,3.4572366073371783,49.41397829911418,255.45479666076676,6.146994259221581,0.2,12.49733251685197
bogota,8866e09187fffff,7.170815858056655,1.0253819915678197,3.3104264017338854,43.20046907181434,105.08352853674688,9.896542336246426,0.3,20.814727964719644
bogota,8866e09183fffff,6.57837792113267,1.0267948439141015,3.03275591759187,46.960586459080616,102.8630997387841,12.025786210799904,0.3,25.06379580262967
bogota,8866e09195fffff,6.893105416999487,1.0279294034961581,3.084200211874232,43.76353594168297,367.9246420498484,6.452695152703196,0.2,14.162914635057938
bogota,8866e091bdfffff,6.940504950309117,1.0149285102912637,3.1677400910684392,43.6969198489056,141.3605551064279,2.896810839103022,0.1,4.04890692580657
bogota,8866e091b9fffff,7.084701852548232,1.025043727838651,3.310569909831723,44.35261491851421,121.06056579369891,7.561187155507232,0.2,15.915630520915988
bogota,8866e091e9fffff,6.710752921771193,1.0135866847390915,2.9643076105399038,46.463077465318136,313.48468037082154,9.494521340647044,0.3,17.550219532640888
bogota,8866e091e3fffff,6.519362893551666,1.07756810513196,2.1483537631725,47.55065871645564,126.34446191084729,2.8929089311941385,0.15,4.412838854347019
bogota,8866e091ebfffff,6.4047003780273135,1.1467191270298787,3.3711611590621136,52.661028088992204,226.94763822751503,5.21493344232558,0.15,10.448029077378791
bogota,8866e08241fffff,5.1902686867320265,1.1480799279616138,3.304819219811808,58.8708550554719,192.26039037270013,0.4417685624034508,0.3,0.4231612195559056
bogota,8866e09191fffff,9.441472347944094,1.0233579282134966,2.904216051704555,38.83575073399536,33.098073592935066,0.5016179978694559,0.1,0.7979925656637359
bogota,8866e091edfffff,6.658602495671776,1.0233329004956426,3.157391123047575,46.45619460455953,184.17341576613742,7.351941666361425,0.3,10.896168840137141
bogota,8866e0823dfffff,6.590797599094885,1.0447662034490062,2.436599764503238,50.575568179958985,84.10548915477949,1.6166887445504536,0.3,3.8984100092511564
bogota,8866e08255fffff,6.38810564960058,1.0265273562860915,3.414636780401164,46.87626753156039,127.24887529630482,8.654085129426964,0.15,20.230939623795905
bogota,8866e08269fffff,3.92610521133663,1.1190293748823192,2.513223155920566,63.67633737326369,51.901548654104246,0.05874555932183868,0.05,0.0
bogota,8866e091a1fffff,6.723926361417389,1.0243697938498029,2.2485870500700695,41.71488350727901,0.0,1.2654795733347193,0.1,2.194251364994388
bogota,8866e429e7fffff,7.870039693768141,1.255324281545709,2.897518025602416,36.98136063403415,83.2464991537966,2.68905370735077,0.3,9.443122167489069
bogota,8866e464bbfffff,4.4457423824597,1.0644080871184916,2.808392380085311,66.32678403390773,65.84632275951614,8.106704283618551,0.2,17.74934411218977
phoenix,8829b6d313fffff,6.815660042556414,1.058384434650619,2.718452559806117,43.81767286417109,123.44945148008463,6.586471842311161,0.3,6.397455611620243
phoenix,8829b6d209fffff,4.218685737152466,1.1417143149317643,2.2853488393370425,73.07268090080734,448.63669930767907,3.5484890750639884,0.15,3.903575102801874
phoenix,8829b6d201fffff,4.4763473582912665,1.0562598969302024,2.4937865806900428,66.75455323945252,204.00992495159744,5.999103690598515,0.1,5.850655098088219
phoenix,8829b6d35bfffff,7.132475218168619,1.0483378668493677,2.0693298295212714,41.39637526360284,1135.6759659423735,10.516319379934608,0.3,10.718926650368683
phoenix,8829b6d267fffff,7.467168973663225,1.0537637316271067,2.242196743192738,37.893351494594086,357.3297669389133,6.97542363341211,0.3,7.454178127053584
phoenix,8829b6d263fffff,4.431149436999888,1.0739147947897123,2.1287673923515644,71.26581447409183,685.5844157531301,12.232398767825636,0.1,18.62098684710766
phoenix,8829b6d359fffff,8.117279027897299,1.0410244688298977,2.307287356915808,36.09783442517516,62.94825986771001,8.473307713362521,0.3,12.206048889424343
phoenix,8829b6d20dfffff,4.311925349276741,1.05132227298571,1.919012512148056,72.3644427750374,0.0,3.1753961373385717,0.15,3.270638904592734
phoenix,8829b6d20bfffff,3.1312228512071707,1.0365074100929719,1.9188053287012967,96.1192761065778,31037.566246944956,2.4250603424282784,0.1,4.315121045141894
phoenix,8829b6d257fffff,3.4130732347744317,1.2109655097804308,2.016251126265353,97.6636920465503,61.45513471276884,1.2053338636963908,0.05,0.824602140835692
phoenix,8829b6d66bfffff,2.970305789728133,1.1440680803644874,2.7496029825371786,113.44169442230107,248.43505230487133,0.33240978813555255,0.05,0.0
phoenix,8848e96d97fffff,4.551483232198421,1.1097340587094249,2.786956884141182,67.55015902817343,864.8989720798172,5.023034906396313,0.2,8.897508298759856
phoenix,8848eba4ebfffff,6.028494325486112,1.2576165506685606,2.8437191412436724,47.11186410866783,31.04623791675217,11.380984986664117,0.15,17.10020674428783
phoenix,8829b6c33bfffff,7.33642958699393,1.0651404516034375,2.310701636064776,43.370118176543635,46.74659168139312,8.301224392258314,0.15,10.379827380890578
phoenix,8829b6c331fffff,6.314744007113753,1.0992053109154885,2.344554349832197,49.48735841832376,0.0,7.505809450996673,0.1,8.130760981823753
phoenix,8829b6d001fffff,6.498687158973715,1.0865327884951663,2.210128371672362,43.620469264218364,501.2546054074137,9.978768754784726,0.15,11.016884573600349
phoenix,8829b6d8a9fffff,4.099237344475538,1.2927762426130662,2.841089016767668,73.5231613985623,29.51972452564438,8.063487336804833,0.3,5.053727139143029
phoenix,8829b6c13bfffff,3.941553401088551,1.0816512661574593,3.407542145014098,88.34442928468711,429.7056351672964,7.467039409862691,0.2,13.790245036971408
phoenix,8829b6d0e7fffff,5.482097733297392,1.109630852361975,2.0751002437648185,51.786436305283736,234.25954893736082,9.329958848240718,0.2,15.55584990876461
phoenix,8848e9698bfffff,7.0205862616656525,1.1279949114128973,2.2087746304232856,44.52776460284182,568.3492639883611,11.957790802698558,0.3,14.62540221468802
phoenix,8829b6d03bfffff,8.083498879153806,1.0600274564822587,2.294359497287419,36.35553267399116,0.0,10.246203428560413,0.2,16.5008485515122
phoenix,8829b6c2b9fffff,6.400625857451801,1.0053316522448792,1.8614296307365077,54.68215261989097,0.0,0.0,,0.0
phoenix,8848eba48bfffff,5.642641813617736,1.1196268042284587,2.4385251054786865,48.57065301947988,61.88169329574547,5.604276521728284,0.1,4.5656158419617965
phoenix,8848eba489fffff,7.154939867458388,1.10077727770849,3.1576746536432903,40.05595343265086,0.0,4.804795872196274,0.1,8.189587203063448
phoenix,8829b6d9dbfffff,6.080065385128565,1.1990380657599498,3.2975473578515113,47.65074186156939,602.3887676777207,12.734837757893708,0.2,17.958671260739262
phoenix,8829b6d229fffff,5.0662103736217405,1.0252354310772012,1.8754660689819713,57.23465941891422,442.43008558583864,11.002493457438552,0.3,14.670496948252254
phoenix,8829b6da45fffff,5.0852771084556805,1.0653027754553641,2.2953078240913354,59.49484447908795,1178.6698756812568,2.7206520258158964,0.2,4.464683720352188
phoenix,8829b6d9d9fffff,7.761903990374865,1.1000869559879825,2.9095375090902187,38.31406704577747,1019.714465798693,3.4613085934114083,0.3,3.607424426603009
phoenix,8829b6c327fffff,5.27023252169207,1.1272277412505938,2.1947881064266754,57.812914087930345,0.0,11.207523989271449,0.1,14.919382119948384
phoenix,8829b6c065fffff,4.426962476997522,1.1113057721756765,2.1667236582312963,67.76655586280638,64.62096333909996,5.727613397052917,0.1,4.3154880911646964
phoenix,8829b6d335fffff,7.914860911383399,1.1013113716197784,2.2280563632495736,36.03928165422271,3043.9811143307606,7.211023367945609,0.3,8.619483379439766
phoenix,8848ebb481fffff,4.200318405592594,1.109291105681398,2.7244563313358476,76.05243545801528,298.2804895512466,13.086741824011732,0.15,13.808862803265276
phoenix,8848eba6c7fffff,4.2893571643837625,1.0725160193261738,2.060007423542365,63.997889054549425,692.8318326264164,1.0045901139234978,0.1,0.6253621994653633
phoenix,8848eba6c3fffff,5.923077040049462,1.0542724334843085,2.8403017742873047,50.88882647958857,983.0290809736758,3.7505286818302004,0.15,6.057166949241794
phoenix,8848eba481fffff,6.231389027352627,1.1501778857490805,2.386415592372197,44.51065129493895,75.03247459520796,6.660111669006898,0.1,8.485040993326965
phoenix,8829b6c247fffff,4.722238519002647,1.2191020364138139,3.0680015451955764,68.49131866863718,380.27310370842065,5.776036466539862,0.15,4.354394124955546
phoenix,8829b6c323fffff,6.328095923099817,1.1392974497861947,2.341002462727378,49.086914416606106,0.0,7.9246236142483335,0.15,6.416023008855877
phoenix,8829b6d305fffff,8.617869189308028,1.0461398120325105,2.5466878250592417,34.790833499012784,76.4356269355059,8.255932306186775,0.3,8.413549456320801
phoenix,8829b6c365fffff,5.284516858708627,1.117607348263745,2.149473254444096,61.22213636835035,0.0,14.233937257383602,0.15,17.243560276438295
phoenix,8829b6d1e1fffff,6.346711937059268,1.124930352283542,2.9711861074100123,43.24303679230113,0.0,6.686075693478845,0.1,9.651480404509913
phoenix,8829b6d109fffff,7.357430882875925,1.0843691147560126,2.36926803637045,39.09688727502666,0.0,5.660287148435348,0.3,6.0543202182401945
phoenix,8829b6d10bfffff,8.355573293598807,1.1024707507216347,2.3904521201828435,35.15455980799592,0.0,10.650562863233167,0.2,16.031370562871327
phoenix,8829b6d053fffff,5.441674973834559,1.1196583778124134,2.731346381478385,52.92826832999294,0.0,8.562587287373873,0.2,10.922009952436385
phoenix,8829b6d055fffff,8.507460512620032,1.1480807747603523,2.175587116132813,34.945480717340274,10388.994791461753,9.574072965739806,0.2,7.079797341372162
phoenix,8829b6c201fffff,6.516469911478901,1.0714275449091077,2.375688053052123,46.09610436935745,90.18698129922315,6.75713690834713,0.3,8.350131151150105
phoenix,8829b6c111fffff,5.848887874276104,1.218620359300933,2.8169688538329947,49.492089852441104,718.0297393937533,0.0,,0.0
phoenix,8829b6d881fffff,7.091539553247364,1.1340574466931235,2.612004597163304,41.121981829514276,826.6567164469983,17.37321143173719,0.3,12.423910796805032
phoenix,8848eba5dbfffff,8.480747670203549,1.0249856010657612,2.736339051105066,39.304710657112736,10.230218535915792,0.07111740308549842,0.1,0.0
phoenix,8848eba4e7fffff,3.9727464445638434,1.1299311089997717,3.431082375298298,81.85854712110212,4.447043603655796,9.494333828126376,0.3,13.34900444164051
phoenix,8829b6d1a3fffff,4.774782743517927,1.1219642748373382,2.8237381038553235,55.78371927990025,717.1803618573591,8.684967091577306,0.15,9.54811057292989
phoenix,8829b6d191fffff,6.807522032816745,1.1409802813469736,2.4283639851162455,46.739741222719694,0.0,9.724471696345994,0.15,10.56922369820975
phoenix,8829b6d199fffff,7.3053608283836375,1.142665716299561,2.517943654579721,42.73987598452698,61.93198259125375,7.354611518633976,0.3,13.202386307148064
phoenix,8829b6d1c7fffff,3.1248397593146877,1.1535105329777104,2.3202807952730784,84.21484460200145,0.0,11.203492865306329,0.1,10.650041477837
phoenix,8829b6d28bfffff,3.299420250903859,1.0787679112426232,2.427776048331642,90.36894816081644,364.0456906831119,8.002237841245186,0.1,11.440195208051989
phoenix,8848eba681fffff,7.4812720008846,1.0949644197325354,2.324233368930728,36.42536169691294,0.0,19.327419086051613,0.15,34.11072860494528
phoenix,8829b6c35dfffff,4.737543978332354,1.178605081423994,3.256629304002251,65.96244835493893,258.0809904584198,5.014386642997388,0.3,9.693882543026401
phoenix,8829b6c34bfffff,3.710884739575563,1.1643213206114478,3.257843496142649,85.61525232650361,3586.128898772682,3.255824569711803,0.15,2.3554873556740006
phoenix,8829b6c0e1fffff,4.51245968988656,1.0769098766685317,3.2513469946064055,69.57480175961099,737.7862833697152,1.3783029973631682,0.1,1.17097640019312
phoenix,8829b6d003fffff,6.831038900602997,1.0770309706773264,2.311361208019668,41.710984303247955,310.21191526088006,6.404018042672255,0.3,8.952909065071003
phoenix,8848ebb4b1fffff,6.375168019549684,1.1029238927388834,2.9217724735852064,48.51076932070509,6293.390358666621,12.680583060331061,0.1,17.247287018295015
phoenix,8829b6c0e9fffff,3.855830847860669,1.0473719021080132,2.2201852823663146,83.18692640759808,0.0,4.3424016371413385,0.1,5.742389755173488
phoenix,8829b6d1b7fffff,2.5489328947215406,1.0788333102682794,3.3370683385818634,135.28311668031083,1965.420148314603,0.8983113340753675,0.3,0.0
phoenix,8829b6d1b5fffff,4.50411094261172,1.2364418488544935,3.4886026761918356,62.28877554975907,0.0,9.014668684900432,0.1,7.838035922521209
phoenix,8829b6d8dbfffff,5.8308068509419835,1.124328737058109,2.9350380047864264,49.4331747708436,41.49211702181895,7.899185225208262,0.2,8.434207263927213
phoenix,8829b6d8d3fffff,3.791903075183439,1.0853597858187891,2.0472163841486832,80.64159813793495,0.0,14.798508747319987,0.15,19.014303626069257
phoenix,8829b6d8a1fffff,4.4018449605717045,1.258683409216802,2.77655192206514,66.47819964849322,4248.853646998289,9.539289452566218,0.3,8.900139067515243
phoenix,8829b6d119fffff,5.891330175020165,1.115693047778686,2.1202775651827195,47.96402571556247,0.0,8.846447825997975,0.15,14.560353400479292
phoenix,8848ebb483fffff,6.558534562268464,1.1175041228391847,2.7526725800147775,47.40634914481454,166.53264882487156,8.092627722014234,0.15,13.74612311942392
phoenix,8829b6c055fffff,5.113164383058262,1.1210596862800106,2.7692326575683457,61.11675209101897,0.0,18.429871686916805,0.1,28.098314459534237
phoenix,8829b6d139fffff,7.01417532798071,1.074335623912965,3.292781590433261,40.972746743165416,494.93157669628795,5.762922273165205,0.1,6.307512503737307
phoenix,8829b6d131fffff,5.4674088539880215,1.1523313624470484,3.3892850790650235,54.50110023552506,46.93570906532616,8.816211031327434,0.15,11.794176814163785
phoenix,8829b6d13dfffff,3.505308661575339,1.407837702414527,3.4548350617684345,78.59798684827206,674.3112065030268,6.748444266230239,0.15,11.3629902394305
phoenix,8829b6d107fffff,4.387719766005615,1.381238739437774,3.514133425244443,65.55441640339755,1365.8838267573617,7.860351467656877,0.05,12.551941115306574
phoenix,8829b6da49fffff,5.334803909136179,1.116550625466449,3.0030177704874057,54.332844730688905,275.88968458868635,6.648195262418678,0.2,5.950063769780604
phoenix,8829b6d1bdfffff,6.309125948968241,1.0693879301798854,2.5837935957252034,44.639736058470284,6902.265978332503,4.333265472510439,0.1,6.0952736151109335
phoenix,8829b6c017fffff,4.867256208883991,1.1219394461750873,2.557621652515994,61.25053889366871,261.6077183709594,6.8698983710387935,0.05,8.244705586209196
phoenix,8829b6c145fffff,7.338902443685637,1.063437818211591,3.3271363231255693,39.915696103988154,478.3818329408519,3.1723020261141444,0.15,0.3750125752973175
phoenix,8829b6d0a5fffff,6.848956889921101,1.0885159776710784,2.6919900371803154,44.84761085308407,0.0,7.758371817640246,0.1,11.196941312955776
phoenix,8829b6d0adfffff,6.008657116456456,1.0991639471616896,2.014450207629682,48.34845018258995,3509.4820792580094,1.1352446913564518,0.3,0.14213053638749074
phoenix,8829b6c03bfffff,6.18399861785703,1.0746644510138088,2.20629029110221,49.10151884891262,0.0,5.794015660922701,0.1,7.720596608136951
phoenix,8829b6d1d3fffff,7.214093806425349,1.1228016578733204,2.9952231498497803,41.064725850799796,0.0,12.918530695621515,0.2,20.40027079737142
phoenix,8848eba4d5fffff,8.500516706620893,1.0688540318506952,2.4063198522804754,33.539582938731584,0.0,7.139315694578021,0.1,13.245513529552174
phoenix,8829b6c05dfffff,5.0225972997535,1.062546584326223,2.6014576791180124,60.690623438687595,0.0,12.33284124577349,0.1,14.642186824219552
phoenix,8829b6d8c1fffff,6.0029520125927815,1.176175918752473,3.094931063393008,50.32246346458105,74.55853135729882,10.128068371356003,0.4,11.139055987505749
phoenix,8829b6d8cbfffff,11.11422700519779,1.0819990995188684,3.281895878204481,25.97913638387044,982.5407928618865,6.620519161435725,0.3,16.45643495446938
phoenix,8829b6d9d1fffff,7.7497690714968,1.056728195159558,2.448814427106519,39.04311270499534,1043.9892593351083,3.0582589320263325,0.3,4.27148895149402
phoenix,8829b6da53fffff,4.109210963838351,1.1269292991115765,3.127749745790953,72.6142073016068,0.0,1.3808641384115343,0.05,1.6688545735769154
phoenix,8829b6d81bfffff,3.8741973750413345,1.2043002164900292,2.3214291782769223,74.68388249572735,0.0,4.276004186338607,0.3,0.10807898300581442
phoenix,8829b6dab3fffff,5.416324568577998,1.1140133732856135,2.9022126937495027,55.01512957854927,62.1589907478563,6.0063986877571836,0.15,4.676345435916935
phoenix,8829b6dab7fffff,5.2607639825998405,1.1535148791227414,2.3854807797350457,56.07914707139666,0.0,8.565143285215608,0.2,12.445134772856292
phoenix,8848e96d85fffff,4.502738183185852,1.0916695290786056,2.283028902461559,61.69085709114887,218.92941228365572,15.709292833584549,0.15,16.453788116029223
phoenix,8848e96d87fffff,3.0422393571519506,1.054958707257408,2.2930746143137264,100.28295276816168,186.65783734161175,7.637430292976772,0.2,8.637415036438439
phoenix,8829b6d1cbfffff,6.276702271791395,1.106643732694352,2.217033996413152,46.36905870578095,0.0,9.812749384672347,0.15,16.402417218881517
phoenix,8829b6da4bfffff,4.326774944930048,1.2164154149329027,3.1151882333752288,68.3923640848676,0.0,8.600923437616062,0.1,11.39938828586001
phoenix,8829b6c04dfffff,5.6614213027373115,1.1199993554212757,3.139422055410032,55.48122058160455,73.73638978286283,2.7326516323701,0.15,2.332303774340685
phoenix,8829b6d999fffff,7.568576702427586,1.1190951236129363,2.892722657815831,43.331395339115865,58.27778609106336,0.46731041814484314,0.15,0.0829537594495835
phoenix,8829b6d9d3fffff,5.9951939623583055,1.0907987031458237,2.6308506114506534,48.38481251801845,780.9727363901148,5.380591887019555,0.2,6.82834034365864
phoenix,8829b6c109fffff,5.9066535189320435,1.1398472582577277,2.75439269660586,51.165885419774604,12.375328864839672,2.0042829926730983,0.15,0.0
phoenix,8829b6c069fffff,3.9035260249532766,1.052285105162393,2.5757565468519914,75.593697935355,173.8321550788652,7.051900799844826,0.1,10.73856754021013
phoenix,8829b6c301fffff,4.108521176650119,1.0472713927274533,3.248667764408212,72.64161472484889,404.638757751753,7.118966318374021,0.2,6.276860881539956
phoenix,8829b6c30dfffff,3.7266134360561196,1.058187065427927,2.787711324071838,79.91011752542134,0.0,7.598560501172761,0.1,10.135266274378615
phoenix,8829b6d333fffff,8.916878325071853,1.0576155551514512,2.6131010053806287,32.29056447626678,880.7431733774189,5.515134501911903,0.15,7.659611309019909
phoenix,8829b6d331fffff,7.1027074241606964,1.0177937978152065,1.9749566079261,40.30571249542032,300.68233871811805,9.34810609171248,0.4,8.689095265586566
phoenix,8829b6d1ddfffff,6.373002884729997,1.1872003409434766,2.317821994694543,46.282417963439144,1134.1567155101943,6.446407489892768,0.3,0.0
phoenix,8829b6d343fffff,6.092243827104075,1.0763379523159935,2.2697552265599885,45.74122024251444,153.00614566438693,4.786191526807474,0.3,7.201084197874609
phoenix,8829b6d525fffff,6.8612265772633,1.0554807170997906,2.3652099775755873,42.32986323045173,257.47559456420953,3.509806250097601,0.15,5.1182758060623526
phoenix,8829b6d325fffff,8.354927893370714,1.0376082165462852,2.08146028629473,32.945373803403896,0.0,11.949643381691837,0.05,17.336646035494844
phoenix,8829b6d2d3fffff,4.399605025598137,1.2280346861945053,2.89216883848458,69.04334345761359,72.44460579237787,7.852456688865308,0.2,4.15487650676165
phoenix,8829b6d129fffff,5.525542385930895,1.1626352839640495,2.3925350052491483,52.71598393876977,0.0,2.105710981650454,0.15,1.0591313537938847
phoenix,8829b6d2d5fffff,4.588834923792786,1.0600087954338728,2.4103403497942595,66.42488546366441,193.67688397026075,13.808274138928697,0.15,12.953402288799786
phoenix,8829b6d2d1fffff,7.023727144500977,1.0728221399205928,2.3090712033248124,42.97480693119883,10.629462524722765,13.709283764736842,0.15,17.056154834815857
phoenix,8829b6d1d7fffff,7.017108779042917,1.0879625087027465,2.3749159476257216,43.11103082837906,0.0,7.207230950678859,0.2,8.926146144396894
phoenix,8829b6c263fffff,3.4272674358516126,1.0496104449731616,2.020882636548355,89.77773501817538,37.07015647431557,5.901237249552049,0.15,4.602210986101794
phoenix,8829b6c267fffff,3.2208214414469443,1.0555342453849434,2.2508596523429163,94.77804449712004,1972.5157842278313,6.576520525668863,0.15,7.080937366705111
phoenix,8848e96931fffff,4.1574349016923735,1.0728114025532642,2.623911412232873,72.98930302878436,630.5966680110431,10.399142686861756,0.1,12.587818975684575
phoenix,8848e96933fffff,5.90669479015431,1.1842439861471055,2.7251523360396153,48.51666735350287,0.0,9.385884639505601,0.15,15.248378817176123
phoenix,8829b6d023fffff,6.336609950720049,1.082399978007294,2.523324137281572,46.17826229471264,0.0,7.6059251657324065,0.2,6.993159506657046
phoenix,8829b6c141fffff,3.457667871704099,1.0944096305385893,2.460887010355856,89.92314510377226,0.0,13.810645883550748,0.1,16.12781601901992
phoenix,8848e969a3fffff,5.031646736125065,1.1552885908814554,2.3553032651442627,51.398816971467134,0.0,10.220337740961153,0.1,15.057169624159988
phoenix,8829b6c231fffff,4.824587272146653,1.1019247063366964,3.216856104979465,65.45419449811365,11.112171150581691,7.473524167163946,0.1,8.158275796858483
phoenix,8829b6d1d9fffff,6.406358034058105,1.1090051934422884,2.287777729226058,45.16578220618525,5426.366323403098,9.578150586919143,0.2,15.465574054611782
phoenix,8829b6d143fffff,8.149411314156163,1.047939309002289,2.1995588924731124,35.24453621862178,0.0,7.611358055817465,0.2,4.628635683242516
phoenix,8829b6d0b9fffff,6.259606128484812,1.1843447865657444,1.969963878780451,55.299620942385936,0.0,6.1197980031263945,0.1,6.677521036094173
phoenix,8829b6d087fffff,3.7142890749913806,1.082255453160716,2.132995373178043,83.24035575019704,36.04900175271881,7.658240701044202,0.15,4.535930819453892
phoenix,8848e96b27fffff,3.589308721681274,1.2213485627380083,3.4482702615720946,83.58155379275271,260.32144597061966,6.7938639173534945,0.2,9.588975296692826
phoenix,8829b6d345fffff,6.621014489589019,1.1209150545202513,2.847665529567308,45.186478346979534,30.41824938195317,7.22654720579849,0.15,11.372480408422922
phoenix,8829b6d34dfffff,6.957668895375271,1.082208930655835,2.7193686861711774,41.32974560447227,13.923525193154793,2.0098721456372033,0.1,0.5934352348498164
phoenix,8829b6c23dfffff,4.31461605441597,1.1138910361051408,3.1575260533796636,72.80743447216689,0.0,15.600674372419855,0.1,23.998471634066576
phoenix,8829b6c235fffff,4.699250023044893,1.1122479599352244,2.558858460115749,68.75665086052128,81.10929284176989,11.017869944289403,0.15,10.571722762680304
phoenix,8829b6d0edfffff,5.863863923345412,1.1073378433708239,2.001234621497997,48.55809151175374,2932.654456456284,5.412111352612308,0.3,3.045677594182699
phoenix,8829b6d017fffff,4.165929711880632,1.0413876886790872,1.9782527334812652,69.82367040785753,0.0,11.965564321735163,0.2,14.82284147302413
phoenix,8848eba65dfffff,2.64674620006513,1.0676029513319512,3.407896983688912,111.72167725182939,0.0,5.439592042743216,0.1,3.4870557887341267
phoenix,8829b6d0e5fffff,6.779819743424858,1.178229005633785,2.337020424683324,42.504618647728016,162.85081580427496,8.34471924142835,0.2,10.453159716711244
phoenix,8829b6d027fffff,6.308008255158936,1.1150996583119979,2.71990225658631,46.58517193322889,2003.6087104760811,4.984906624674222,0.1,4.735287749639377
phoenix,8829b6d057fffff,6.079858971863787,1.0366424506580765,1.9828293037413478,47.27290365494787,0.0,10.49198978167379,0.3,9.878083066080903
phoenix,8829b6da5bfffff,5.717098078396607,1.123286136368415,3.187031570226605,50.56397934021972,0.0,9.127905336760723,0.1,12.696855679329186
phoenix,8848eba689fffff,6.531734882822382,1.1036556141587017,2.612069494735738,44.86696585538376,9.599870157974236,8.07074194548508,0.15,7.913886009041107
phoenix,8829b6c245fffff,5.54079842788563,1.1388394145100988,3.005669840869503,56.399813865679576,37.99649096189826,9.643057026966154,0.1,18.316491859379518
phoenix,8829b6c20dfffff,5.887612244881574,1.0790256038523147,2.3623394615104956,51.616694498351734,70.15520564423838,21.162200348347223,0.1,28.462678912935964
phoenix,8829b6d039fffff,5.274091110314481,1.055968462348497,2.3102328644600822,52.49280796655489,0.0,5.870047591888848,0.15,4.922402153349113
phoenix,8829b6d015fffff,6.34037077679869,1.0484000157916202,2.1065084983421336,44.46347122925874,873.8760765550056,4.476222798757425,0.3,5.8151074235418605
phoenix,8829b6c227fffff,3.9878885541194795,1.0899513894407409,2.6979025035275814,75.91794240720176,0.0,6.554324567246561,0.1,9.554366670460654
phoenix,8848e96db1fffff,3.129042529016724,1.0567755333444435,2.0130449775720796,101.96333737524411,84.86514591597448,9.615179621265419,0.15,10.683331695643531
phoenix,8829b6c013fffff,3.65901850755006,1.1662261574028376,2.82226046385873,87.54055201936359,0.0,7.549284730715378,0.1,9.31535025326536
phoenix,8829b6d1e5fffff,6.164046643908671,1.1756331412238816,3.357721247856,43.828560348347615,0.0,2.061651880845384,0.1,2.378844319672285
phoenix,8829b6d02bfffff,8.332142548784054,1.0709360532176728,2.3977175558699066,35.51929869459877,334.9861634460622,9.889907295443749,0.2,17.874300652029394
phoenix,8829b6d0e1fffff,5.89533840661621,1.1455233372066516,2.136539543923093,50.04555135661014,0.0,5.147401715724875,0.3,2.5973648730804832
phoenix,8829b6d31dfffff,10.837316804578188,1.0477709329747156,2.3079145864760746,25.933783855078993,521.5978027392425,9.390977618872771,0.3,29.99085835406445
phoenix,8829b6d893fffff,2.716952113768102,1.0975890015202916,3.4026829194745667,109.90665223649138,71.68676935267524,3.285041904394012,0.1,3.474997532924599
phoenix,8829b6d05bfffff,4.833338239241388,1.1196785317632518,2.4079978198731764,64.41112525281164,0.0,13.653366768719273,0.1,16.620812399109134
phoenix,8829b6d813fffff,4.710652489222429,1.187643326311761,2.5030141033272972,58.87250988205447,12697.204964468146,6.714280770622459,0.1,4.694014353521979
phoenix,8848e969adfffff,6.294314360543548,1.1747872712450338,2.3911713841526256,48.402332765212634,1553.488295387955,6.730706045620332,0.2,10.49277905677986
phoenix,8848e969a5fffff,6.610743169871627,1.0554121381374906,2.297567498317519,43.12033669126842,444.95366677179436,7.905298099255976,0.15,9.82981493486579
phoenix,8829b6da47fffff,7.199322227793945,1.2460541740236486,3.509019009209707,40.63621299792926,417.85488067097174,8.394878115502724,0.2,11.755509986520947
phoenix,8829b6da41fffff,3.9463127587099947,1.1021584362044017,2.5682950559585342,75.08180785781208,992.693827708847,8.494425355316553,0.2,11.3903405534212
phoenix,8848ebb495fffff,4.256473116304354,1.106515059677649,3.2430710294058134,66.29390345281466,184.24604269571677,0.979311054341295,0.15,1.2690469342909312
phoenix,8848eba4e5fffff,4.984329934443888,1.1865006794458068,3.490153206426147,58.94178647851517,5.064354015663011,7.246707362867422,0.15,10.640134193456094
phoenix,8848eba4e1fffff,5.819602198302208,1.067830304796991,3.3357656538306935,50.23690520840115,34.395769979348636,7.045674984856388,0.15,10.94025626026491
phoenix,8829b6c315fffff,3.9352734219139007,1.0558915623385092,2.552773075425304,75.03305587533374,36.73810759654507,5.102882758408659,0.1,4.264967509131406
phoenix,8829b6c339fffff,3.195994853988539,1.026652534702771,2.436925123207245,91.37542817555986,0.0,9.344268457542348,0.15,5.488256624501394
phoenix,8829b6c10bfffff,5.9103043531481685,1.2110725987719262,2.3192137703255855,53.66686401370303,230.05517882702736,3.7287754514517966,0.1,3.363521668293254
phoenix,8829b6c329fffff,5.21967904548686,1.072196071335421,2.6346953639285604,58.49205130289714,1593.3100689795358,4.982057465776332,0.2,7.762066917609982
phoenix,8829b6c32dfffff,4.567346947436686,1.134031241151098,2.601199141688185,67.96934062865256,0.0,8.735963837479547,0.15,9.62358223213274
phoenix,8829b6d8abfffff,5.321565508801664,1.2067819151335004,2.6805249623679517,54.71176910120349,0.0,15.624400863456998,0.15,19.760658236355304
phoenix,8829b6d2a9fffff,5.730184430742093,1.1369161077365413,2.451001950670199,55.548999299441256,0.0,8.854791514572748,0.1,13.744844203434033
phoenix,8829b6d8ddfffff,6.246361721946867,1.17910375856419,2.133959313909774,47.2037655193404,850.5019113223265,9.180974420618226,0.3,14.659686924365987
phoenix,8829b6d0a9fffff,5.841211515553874,1.1154126539307352,2.6859820977406637,50.8784670584433,13.995464034214251,4.2755795807830745,0.2,1.9878744913221862
phoenix,8829b6c335fffff,5.244641634250161,1.088124822135022,1.959093673712406,61.38032503820514,16.658893370798783,4.1518437957475705,0.2,2.754028416093953
phoenix,8829b6d0e3fffff,5.705938590361514,1.1679045971370563,2.1066488393259784,53.064753141452215,0.0,12.507048057224678,0.2,12.247369410000099
phoenix,8829b6dab9fffff,5.211281056810256,1.2204365145922822,2.565577050653005,56.6383358642069,0.0,4.57134270112692,0.2,6.524659001591036
phoenix,8829b6c205fffff,5.628404907218879,1.0973546324557908,3.0836391531609153,55.72682521989128,40.091914880863484,10.099890538921692,0.15,15.435251509665205
phoenix,8829b6c207fffff,5.517832781450451,1.0887995511256348,3.002404697117471,57.46335260423737,77.71840946925434,13.023353848259744,0.15,17.155711596342726
phoenix,8829b6d021fffff,7.519625072044542,1.0832772289733563,2.1631520758938434,37.151781798019805,1059.958078837222,12.214856115044679,0.2,18.843021123645627
phoenix,8829b6d645fffff,4.530482662400172,1.1370462545477495,2.9540241573327783,69.06183267834467,15.686655881886006,10.989498127010476,0.15,12.673012906945372
phoenix,8829b6c147fffff,3.267147377782334,1.1629620137343137,1.9827488549096612,93.04753194401295,0.0,15.22949949705982,0.1,19.476483053911487
phoenix,8829b6d29dfffff,4.532099665832668,1.0508552578043284,2.6285986635269643,67.077077384649,129.6314840420031,2.440744790197219,0.2,3.372102305265149
phoenix,8829b6c313fffff,5.242871851494188,1.1713712435490025,2.2982740074674886,60.71633701781322,297.0239867593617,5.338132955061651,0.05,3.651784216460088
phoenix,8829b6c317fffff,7.009362974237746,1.067788047327795,2.57883906679585,45.16271250714586,0.0,3.8186590497443054,0.3,3.7088753600425584
phoenix,8829b6d2d7fffff,3.5503407347643914,1.239379310052848,2.772186945962968,86.06372694417817,460.6378759605426,7.6163712480315136,0.15,5.79980281471247
phoenix,8829b6d061fffff,8.282693133441345,1.0912997725394586,2.401426452544176,35.26866932181269,1239.3849662902362,8.708727008400064,0.3,14.7849921752719
phoenix,8848e96937fffff,9.264794553125764,1.0895734755270536,2.92476909282116,31.606603209584335,270.4717563438591,6.126869172159062,0.2,9.789460573739126
phoenix,8829b6d04bfffff,4.7941005256006175,1.1065607365559995,2.7542793420432554,64.49150206807933,1937.5588588035719,9.587937085576153,0.1,14.786814630847147
phoenix,8848e96db5fffff,4.404502079877824,1.1472495372580391,2.546479127158944,73.9503080728074,121.27757355020798,2.0417978141988127,0.1,2.3751399636518844
phoenix,8829b6c2c5fffff,3.87275600110059,1.0456258670348204,3.0692916237250625,79.0655415163202,44.0622433103929,5.332505634893527,0.2,3.9608020561461132
phoenix,8829b6d05dfffff,5.678709602165026,1.0737026373447107,2.532988287167669,54.24396312998202,0.0,14.35101799490229,0.1,19.216060729176935
phoenix,8829b6d153fffff,7.772063413159785,1.103184367518677,2.206559902961168,35.59575331785814,23688.84890653777,6.173140256351668,0.15,5.264282909825382
phoenix,8829b6d025fffff,5.430916784742085,1.1505993690976735,2.4777891982302487,50.64674823061896,6523.729652091891,12.05804493290013,0.15,13.945245511833257
phoenix,8829b6c143fffff,4.727674544177411,1.1469840453584998,2.6679992326111295,65.75766290816779,0.0,10.890812010005332,0.1,13.013724214699698
phoenix,8829b6d01dfffff,6.029797112198509,1.1161057979702507,2.5727312187429616,49.622332701688876,560.0121269282212,8.70704206826877,0.3,7.4987387979395494
phoenix,8829b6d8d5fffff,5.106376334142939,1.1411864017847226,2.2494139744590065,58.50113544548625,0.0,14.824482761593826,0.2,18.398143335368793
phoenix,8848e9693bfffff,3.21139287892379,1.0723833608449602,2.670347553401551,95.14736037465283,0.0,7.2614198540910895,0.15,10.061809562812435
phoenix,8829b6d891fffff,6.833804795613765,1.1017055150524955,2.392970685416312,44.14954929690871,94.96054588777677,5.8485689220511325,0.3,7.298644592578926
phoenix,8829b6d8a3fffff,4.590664541296031,1.2309613230405096,2.4092207358888618,63.12217428784699,0.0,1.7495152649103323,0.15,1.383090747762596
phoenix,8829b6c149fffff,6.885955914121302,1.1451635518846668,2.151169470585967,45.026285888937124,203.54575693473694,5.482989061477232,0.2,4.248342681478366
phoenix,8829b6c14dfffff,4.406990436728224,1.0302072492003704,2.1535417306847724,71.0065462044308,0.0,8.58252007911361,0.1,10.353944295667223
phoenix,8829b6d897fffff,5.764198064530159,1.063729314132395,2.5058490445964825,52.368915586422865,3.587751608783787,5.237217033817974,0.2,8.856296666805864
phoenix,8829b6d895fffff,6.470100823286388,1.057497448288757,2.146370161972373,46.04870716351813,0.0,12.140438807797544,0.3,16.931494704986683
phoenix,8829b6d8bdfffff,6.875262132685804,1.128258720850414,2.4455611967103117,44.06611644006676,1761.2934046461883,9.204418500975056,0.3,11.255419992855856
phoenix,8829b6c337fffff,3.972535798909044,1.0438639155395,2.172246892528505,80.50772504244023,730.0876962845928,3.949444621964701,0.1,4.332405166988389
phoenix,8829b6d8b9fffff,7.769045665503575,1.1558982892326857,2.662927110643179,39.967286525649634,210.07964698011315,11.618315142335582,0.2,13.812353687360936
phoenix,8829b6da85fffff,2.5102072955205084,1.0372510734474694,2.5866720746044303,102.61134928394334,0.0,1.3614810688550496,0.2,0.0
phoenix,8829b6daa9fffff,3.4948722005598682,1.032810598948694,2.964065255714564,76.30226553747725,743.1352186925578,0.6466720591891008,0.15,0.0
phoenix,8848ebb4b5fffff,5.997550288088154,1.130817462622452,3.3744778250388108,51.9986314077368,5.595428745104613,4.802662873237167,0.15,5.349680936002065
phoenix,8848ebb4b7fffff,6.329358055471461,1.1220075796541997,3.4052503195015205,47.5444623749463,129.2094082506254,5.384853291196466,0.1,4.441314151670521
phoenix,8848eba64bfffff,4.641613317333611,1.044047875044364,3.2708922766164052,66.68453151147382,0.0,2.0508603546211632,0.05,1.2567861834086216
phoenix,8848ebb4b3fffff,3.3250027433588984,1.3220684570307426,3.093497620850962,88.4563622229398,1155.2505049239876,8.488810523107206,0.1,7.126803441181802
phoenix,8848e9696dfffff,3.674150806068177,1.0870960286339069,3.1160210817564775,84.24363230072218,0.0,8.08560704545026,0.15,12.127538643020298
phoenix,8829b6d88bfffff,5.747630934363151,1.1618292412596887,2.1146878350868583,50.75707064554109,0.0,7.995163414673194,0.15,4.524736938224909
phoenix,8829b6d889fffff,5.636953337204529,1.2372412390857264,2.19587083851477,51.97943881203248,0.0,12.888456491792486,0.2,8.811562097901374
phoenix,8848eba61dfffff,4.004224027892189,1.3186601887894274,3.41121527690445,78.38437883404484,476.4062277981814,4.6269121415913474,0.15,8.644813766884033
phoenix,8848eba603fffff,4.3620504808171825,1.0393208137157512,3.3713475490245055,70.0486060166624,300.2861761370088,0.8160463175196351,0.3,2.2279223962230335
phoenix,8829b6d289fffff,4.959163131818535,1.0811712978271524,2.51457730139404,61.20023428509345,19.176740518977464,8.141923405665478,0.15,5.2212390714734065
phoenix,8829b6d2b9fffff,3.156818066678513,1.0932778358683026,3.027819453632064,97.15511773237357,172.34755405660883,8.187367469182227,0.2,6.231240454086742
phoenix,8829b6d2bdfffff,5.050799907503624,1.0528939726643667,2.4021724665886532,65.21972177446538,1428.326710199728,4.44453066090126,0.2,4.532713464694836
phoenix,8829b6d2c7fffff,3.0484869802718424,1.0642512092557133,2.352415591215245,104.37368446738279,8934.817743274914,7.665197842833685,0.2,8.236069007825447
phoenix,8829b6d281fffff,5.779950968981303,1.0971407878107258,2.852479145357468,53.05696679996505,20.03189036585495,5.961432153911946,0.2,7.309517061373622
phoenix,8829b6d28dfffff,4.972999173372722,1.0849141261283326,2.663343355871364,60.325769126669236,69.44643090565219,9.07761912185215,0.1,9.055832085516254
phoenix,8829b6d2c1fffff,4.28174659326387,1.1113579012565882,2.1044965389846157,64.81771716341119,0.0,11.90168093969684,0.1,13.6159227097561
phoenix,8829b6d2cdfffff,6.051074791970348,1.2063335464001972,2.4138505632415703,49.722091259309316,0.0,4.204059840459335,0.1,4.409577498741253
phoenix,8848e9698dfffff,6.867207342838717,1.0490816425462608,2.0228354885219115,41.04212793815245,91.37243979219,9.25886727675266,0.15,11.801717473752896
phoenix,8848e969e3fffff,5.937998884223116,1.216763059303574,2.212790518810371,47.804264871780845,48.28531490549623,1.664817976461954,0.15,2.6868153032014535
phoenix,8848e969ebfffff,7.184349597517253,1.0918818546681586,2.2565840457471302,42.05018789486685,3786.4754479651006,9.79363975645407,0.15,15.402937812129231
phoenix,8848e96985fffff,7.082782713123569,1.0807321547424356,2.2299011096747927,40.95165577353257,344.0075787768124,6.834488839945566,0.2,9.140264290099697
phoenix,8848e969abfffff,6.610008288245833,1.0482234675445914,2.240585286071136,43.32708713430296,0.0,9.215922175392885,0.2,10.881203517808503
phoenix,8829b6d35dfffff,8.814761947807714,1.0220788832335972,2.285243405490427,32.68268961330427,568.7497413920065,9.95888611523372,0.15,9.883412717685982
phoenix,8829b6c029fffff,3.769849813994829,1.0638082688597978,2.262496604932884,81.73788084072032,0.0,3.971692244690206,0.1,3.3932141121306127
phoenix,8829b6c00bfffff,5.160568609964737,1.0917037726632122,2.618116829813439,59.30544581329538,17.93351946516064,6.522369016075046,0.2,5.272246432247862
phoenix,8829b6c2abfffff,3.1136667885001126,1.0748627179909211,3.032131290088915,96.00033137208312,0.0,3.9779108140712824,0.1,5.929350685958255
phoenix,8829b6c005fffff,4.235584049123929,1.0736036378661424,2.391656559462057,74.01895697911122,5177.821039683021,3.9542805765564424,0.2,0.0
phoenix,8829b6c001fffff,4.379830209768609,1.0828560512095158,2.9521468277336083,68.26633923102878,9.789909414157673,6.106322169856959,0.2,5.683424067242635
phoenix,8829b6c2a5fffff,4.092994484987559,1.0931250307321692,2.1263429109801444,78.14643834719037,0.0,6.003199413632071,0.1,7.619722006300588
phoenix,8829b6c053fffff,4.455126557328788,1.1040458185200033,2.830960788143767,70.04975793546699,0.0,3.1120134407668285,0.1,2.079713581591445
phoenix,8829b6c2a1fffff,3.270350954306229,1.3231051877470505,2.405052605537259,93.60538158037915,88.09412155980462,3.4386599655035113,0.1,5.818198680601212
phoenix,8829b6c019fffff,6.467145381451953,1.0490825569401603,2.5756117224576136,49.802177480292194,0.0,16.16441599467478,0.1,20.1303864908855
phoenix,8829b6c287fffff,3.5639550320516493,1.1268343147460782,2.639820404845222,87.32559389694566,0.0,7.413523667741744,0.05,9.933653803096684
phoenix,8848eba6a9fffff,8.483006623835552,1.1054087897683178,2.625895645557905,35.926166072484826,682.8740358082467,0.9541552575440759,0.2,0.7638134957122917
phoenix,8829b6d0ebfffff,5.688422575557486,1.0974227030961414,2.164389257777987,54.15926893416752,0.0,7.845527266965046,0.2,2.3469129538084452
phoenix,8829b6dae3fffff,2.473686677401116,1.0867821224552106,2.8607641908825476,137.44667144232187,0.0,3.495289280164233,0.05,5.363463692185416
phoenix,8829b6c241fffff,7.3690159765776055,1.078964776416989,2.620912257734245,40.474650397850965,2797.4512393669356,10.862204412614796,0.15,11.863820487509223
phoenix,8848e96d35fffff,3.8993838506068657,1.0748638375278028,2.716925191931954,76.62248684708955,43.95867673310597,2.7244598074953457,0.1,4.067178909954508
phoenix,8829b6d2ddfffff,4.850305238854169,1.0649389664524567,2.8271663545169314,62.034231029817306,10.63036658602272,4.5496365793829545,0.3,5.225290776808174
phoenix,8848e96917fffff,4.826566226192359,1.0551516761075084,2.116466044312442,63.16665606409877,35.10656152708301,5.119329157517177,0.15,8.271905866002133
phoenix,8848e969cdfffff,5.6859874264374,1.0727867205894184,2.31637920788387,56.47232280856117,0.0,4.717720888556473,0.15,5.226761430824361
phoenix,8848e96913fffff,3.8473808892003425,1.1052642582866277,2.5324465941637193,82.92592499567445,608.2278021091735,7.05518211533352,0.15,7.0538238018662875
phoenix,8848e969e7fffff,5.5680369287975,1.0992519130063028,2.408440017944991,54.59893901092073,5353.808119618983,13.085278427744697,0.15,19.310157819432593
phoenix,8848e96b07fffff,5.16351253048961,1.0974573814329078,2.8100668413400816,58.099984889850504,789.0499237178765,5.2518404021090195,0.15,7.764413102316853
phoenix,8848eba657fffff,3.782341930129957,1.093864353160785,3.37275530947015,80.06068911861875,52.57010313302135,12.121363634330255,0.15,13.709843139519851
phoenix,8848eba655fffff,5.776786918515769,1.1522210144363967,3.489826988466499,52.96545529021253,26.484509583775868,2.4867243261455343,0.1,3.6158736961038693
phoenix,8848e96d89fffff,3.1618001095957036,1.16400083568276,2.8496985167751445,100.99554684792169,154.59577613577073,5.0733509901242595,0.15,7.210307436476146
phoenix,8848e96dc3fffff,6.025168200608881,1.066214471471239,1.946401605006873,46.41547051265574,468.15034863154796,0.17405037491922762,0.05,1.4668027212166646
phoenix,8848e96dd5fffff,5.928689693122609,1.1088811497157027,2.9430511566691395,49.70507913072354,135.163586331757,9.238266023175754,0.1,11.604003792621853
phoenix,8829b6d2e9fffff,7.39307878748898,1.0566702961779044,2.7807382154245395,37.66431990743356,40.5814785647118,20.349292018033516,0.2,19.406429809773115
phoenix,8829b6d213fffff,5.083900606223049,1.1664819723133308,2.4486697712012884,59.369624166771345,0.0,5.592928721208095,0.1,4.796660300062679
phoenix,8829b6d22bfffff,6.703143398823096,1.1215053616004553,2.2868926686874356,43.64573206566717,188.29563209915548,8.24446950958501,0.15,8.869144287615592
phoenix,8829b6d205fffff,3.96869537570088,1.1028340102660799,1.835625312747663,77.52983753205518,1253.6432704844995,7.857857837534159,0.1,10.218470918276406
phoenix,8829b6d26bfffff,4.624480349552846,1.0810293265433664,2.5270430290378356,67.57516009992702,0.0,6.946245428749043,0.1,8.544535217033356
phoenix,8829b6d261fffff,5.194176335050848,1.139375179019225,2.6675273706457356,56.223620337916316,330.32535718392387,4.47382554036066,0.2,6.437375093120071
phoenix,8848e9699bfffff,3.6232770695620684,1.2099347701905092,2.313008293221849,89.69780498715258,289.6469516571496,5.9213267468154465,0.1,9.61400226143061
phoenix,8848e96991fffff,4.013872303307424,1.159091969305551,1.8537508467354005,71.78494268064176,0.0,0.4650350021051935,0.05,0.0
phoenix,8848eba617fffff,6.1491863595935925,1.1523622860850264,2.670251129945103,47.98715634187047,0.0,7.822058649216549,0.15,9.945036695077388
phoenix,8848eba6e9fffff,5.396058843097431,1.1629338834356588,2.9634009500886114,54.224927001171906,28.06115188040233,7.056427463491385,0.15,3.278323289858591
phoenix,8848eba6e1fffff,5.351947617333578,1.1109063587031927,2.527753052232034,55.33571464613754,621.4447036503433,7.790444209040427,0.3,3.3981687579345072
phoenix,8848e969e1fffff,5.639785335690156,1.1395290562265474,2.072250198695967,51.73434026286044,209.45321116033588,4.593307592038142,0.2,5.180742725913323
phoenix,8848e969e9fffff,5.205601919142225,1.07256661647059,2.4303746018683103,56.204147715963785,577.2812262861249,6.389405311692579,0.15,10.75172571885399
phoenix,8829b6d341fffff,6.419041074738705,1.0179339705755863,2.6218601828260537,45.45145504975796,49.285996033935895,12.422177695682818,0.2,16.53253502388464
phoenix,8829b6d34bfffff,8.267687958017978,1.0389324403165605,2.473103937267887,35.40081922726953,0.0,4.892467630754032,0.3,4.490866527954531
phoenix,8848e96b39fffff,5.429921767509365,1.1193189565206114,3.3297149932909647,59.052816530747656,9.208029176917321,4.288446710250037,0.1,5.555385793395739
phoenix,8848e96b3dfffff,6.448134851466006,1.063652359817901,3.1327472779306884,45.97611306527637,40.666710732637135,7.588658410184554,0.15,12.287607820217593
phoenix,8829b6d349fffff,6.231372237019614,1.187161814908857,2.9220232026685182,48.29207989504651,3.6861200752608054,5.4931803627077604,0.1,5.9510450892676605
phoenix,8848e969a1fffff,6.4155872948165475,1.1064552037895694,2.1569389430476673,45.892869147099766,19.16037327726427,10.824785020879613,0.15,13.540060735281841
phoenix,8848e969a9fffff,6.775694882133806,1.1696628308559116,2.792278688095296,43.33644032498797,359.2884152515133,8.703796332800152,0.3,14.600936233542047
phoenix,8848e96b31fffff,4.0928518421836335,1.1738269040882703,3.1554016174193813,77.90181321101424,130.4614117515209,3.045573334394507,0.2,3.567136631919017
phoenix,8829b6d309fffff,8.230961914041774,1.078186157294358,2.138412567591206,35.45190486068422,546.347102675993,8.286544642158015,0.2,13.926194151999736
phoenix,8829b6c369fffff,3.7111124869240912,1.135809406358758,2.628480571358912,77.5570342432117,0.0,6.100102849524368,0.1,6.445597100547819
phoenix,8829b6c36dfffff,4.752049214021002,1.1042052439358792,2.368842048887229,59.14783994626394,0.0,13.25724230377114,0.1,16.491493555828974
phoenix,8848e96dabfffff,4.647006880518681,1.0397535170355237,2.2881893572365155,68.2821653735696,1001776.3097635371,5.297605926574508,0.3,1.9399392392982868
phoenix,8848eba659fffff,2.808207650454117,1.115152447731701,3.476661936630617,110.51348981832624,242.08442276185627,5.4940149420208835,0.15,3.6379728997360896
phoenix,8848eba65bfffff,2.0596522453760993,1.0878585070722604,3.2208619873666433,161.83961835385736,395.1318647070152,3.8114208928929725,0.1,4.315458324619259
phoenix,8848eba651fffff,5.1108969651811815,1.0835807742762746,3.0725801169226408,62.342765497151255,0.0,7.398491144688622,0.1,7.9688949557506055
phoenix,8848eba619fffff,3.9273121948233363,1.0811225009345278,3.472265327824605,85.571392621515,2326.3676907681547,4.418572643432225,0.3,7.498580047725548
phoenix,8829b6d207fffff,5.454326921553371,1.107136774805872,2.1275225216689275,57.560445658559914,35412.085111838016,13.698875540662524,0.2,16.09849799013547
phoenix,8829b6d239fffff,5.698484346075254,1.059055216312821,2.2557229129002514,54.549669877884504,576.7278569099477,8.753005583513268,0.3,10.111467251312204
phoenix,8829b6d203fffff,6.929389727112068,1.0690961396574177,2.2166495968360533,44.74983122370105,0.0,5.835218645376417,0.15,6.184370625616787
phoenix,8829b6d215fffff,4.170810972347063,1.1461556685527876,1.9396438544604062,71.01217147282381,0.0,4.8697487294848525,0.15,3.7111953369514676
phoenix,8829b6d211fffff,4.9301266554938135,1.1483925764256564,2.5061478489178945,58.99754812409603,0.0,4.758104672781665,0.15,4.084329470776282
phoenix,8829b6d21bfffff,5.2656760606472135,1.113292275250471,2.2445311010698417,58.75313947094082,0.0,8.759531496233864,0.05,12.165479111327432
phoenix,8829b6d221fffff,4.827557667634833,1.148607842841518,2.2622630002162674,56.79757079348003,2283.781014858713,2.810523518506473,0.2,1.2075795961448659
phoenix,8829b6d319fffff,8.187355595093697,1.0307822811116545,2.138467614737176,34.418100737196404,1056.5477100389448,8.114577791722512,0.3,12.978810226141965
phoenix,8829b6d353fffff,9.787358060398489,1.042303349528744,2.1533364871093736,28.994932241421438,84.87282006400909,14.433393492050374,0.3,15.794623926100936
phoenix,8829b6d225fffff,7.495541793172243,1.0215274662740192,2.269850905875862,39.03029288100975,3349.754240511233,9.235475787326639,0.3,12.334502925791714
phoenix,8829b6d147fffff,7.948066958526156,1.0813090310455584,2.0896027343160575,35.018997044904914,30.36914619476485,4.7390703353266845,0.3,5.521685466181238
phoenix,8829b6d161fffff,6.033674897873719,1.0978728071684951,1.9931179681842943,46.42972130804623,0.0,14.128725920331112,0.1,19.051956393987883
phoenix,8829b6d165fffff,6.5620059419131875,1.0979222862921323,2.418211763348205,42.56478084598503,81.16810650213874,7.996006893682298,0.3,5.200983380537503
phoenix,8848eba4b3fffff,7.7990839378101535,1.1506247392320852,2.4362052004412917,36.55256603024707,511.71614475459984,8.966369329552617,0.3,7.943617364701828
phoenix,8829b6da59fffff,3.9617164805456397,1.040527814190503,3.174544085471561,72.35920795300947,0.0,10.535645264847371,0.1,9.085508000746575
phoenix,8848eba4b7fffff,6.280265885742297,1.0893927694974626,2.9288600461383787,44.14067730838628,118.43314319499453,3.584010876265214,0.1,4.0995265213421765
phoenix,8848e96939fffff,3.2821505919470337,1.1878172389970436,2.674354731295563,101.55942696571815,1192.8141818328756,0.9735135276839695,0.05,1.246777382504336
phoenix,8848e96b23fffff,2.460893936322289,1.0637960766498014,3.0829689035182684,132.22708244107358,592.4562854347173,2.9097184338088278,0.15,6.153753384041365
phoenix,8848e96b21fffff,5.498828118888242,1.1261822303864863,3.475247120001408,56.55306967823007,631.7249739713535,3.4031719968799647,0.05,4.2082497241697965
phoenix,8848eba699fffff,7.131521938821171,1.1057258700054373,2.463024060479326,41.08081732248415,973.677025053837,6.547042336309864,0.1,7.040475318052099
phoenix,8848eba6d1fffff,7.1148068065808365,1.1405929623822024,2.5993575165519394,40.83931924117415,93.96617899330961,11.072016145094516,0.3,13.536858501148767
phoenix,8848eba6d9fffff,6.356608572139752,1.0823545660600429,2.7098047807404755,47.91629835025367,521.3529255210924,8.492897337044427,0.2,7.16757809981911
phoenix,8848eba6d7fffff,6.273909461888823,1.0554553123918067,2.3758342136578396,46.65080498964567,616.855411004416,11.061164556556273,0.4,13.779713718179133
phoenix,8848eba6d3fffff,4.235012087429759,1.0532391966291001,2.365670160587065,73.78963590860914,111.15702948797579,9.099493616882556,0.2,9.2659115075205
phoenix,8829b6c007fffff,3.5810374240229637,1.0714157434863005,2.662533408435695,89.68570980497492,0.0,4.182178058308227,0.05,5.543542776762099
phoenix,8829b6c2edfffff,3.4030279307272613,1.0823485513928153,2.8489871495893073,87.74865125696896,0.0,14.587487689772813,0.15,17.951964307723102
phoenix,8829b6c233fffff,4.6412470618991115,1.0283694444399913,2.3777089514691863,64.11228957244938,141.92688256940778,10.446165478730077,0.15,7.52156781236158
phoenix,8829b6c2ebfffff,6.507848154740141,1.1664765985500205,3.025362416398236,48.47338256032316,267.69986689616303,6.885574384826796,0.15,14.913627614850881
phoenix,8829b6c2e9fffff,6.523764273380158,1.0734976967721057,2.8496597364374776,48.42058408260469,107.74048774030263,9.816556565476695,0.15,12.632126178406008
phoenix,8829b6c011fffff,5.193414049016018,1.1249591014325249,2.4627074020185313,60.24619501349087,430.8289218822352,6.4454353904755655,0.1,6.060816220776363
phoenix,8829b6c01bfffff,2.959336560546048,1.0851199374441032,2.983645776148087,110.69582664707336,0.0,1.935571248933542,0.1,2.9634241461946615
phoenix,8829b6c253fffff,4.291036331613578,1.0255956920661446,1.9843521889327276,73.82689603344504,0.0,8.332495960343554,0.15,11.226071993636824
phoenix,8829b6c257fffff,5.820956588740946,1.0281809218435185,2.4427127481589386,52.02184499952589,90.06480241919998,4.773779517252235,0.2,7.392528995962046
phoenix,8829b6c20bfffff,4.633499954206494,1.1164933455116817,2.51701835093898,69.1729413360295,0.0,14.905044778890886,0.15,15.883979312442547
phoenix,8829b6c35bfffff,3.6384247617698686,1.058702825263405,3.081033691291169,82.70775009225254,1961.095976711714,6.124426467075791,0.2,9.192301260644793
phoenix,8829b6c22dfffff,3.3363558799062036,1.0709097322212904,3.060733532723863,86.17186245973326,0.0,6.302547994244293,0.05,8.794705834653817
phoenix,8829b6c229fffff,5.068358076463408,1.1263947938209078,2.315886052486274,61.65704855211326,458.44316304414195,5.660248235156136,0.2,7.625699576119096
phoenix,8829b6c219fffff,6.110399346324568,1.0627202323713325,2.377459863662881,50.85007838336811,0.0,11.287765929665738,0.15,16.655034109682923
phoenix,8829b6c351fffff,4.3882300909756315,1.161726133785053,3.021280426677276,65.5699093008661,1110.7511521403276,8.840951510496724,0.15,13.279341149248985
phoenix,8829b6d521fffff,4.632458484142174,1.012414003934352,2.879453574877611,75.9535898824157,0.0,2.3551220847917604,0.05,3.047456776164358
phoenix,8829b6d52dfffff,3.4485029554268105,1.081042025690245,2.3237240019427263,97.74637169875182,39.08213446116047,3.4818402685430243,0.1,2.9240617245874496
phoenix,8829b6d189fffff,5.298418898369664,1.089811751101482,2.5858437975650554,52.93149959824133,0.0,10.54322415160235,0.2,12.727575837451111
phoenix,8829b6d1c3fffff,5.527870768884049,1.0822228332676804,2.429042508768504,53.114807832431815,0.0,9.98173563234002,0.15,13.953734365093771
phoenix,8829b6d081fffff,4.912541737342397,1.1047811447160678,2.334712078903076,60.928118804630714,164.3346777379845,7.788021643984975,0.15,8.531556446107166
phoenix,8829b6d08dfffff,5.17620345881099,1.1062510873525335,2.4531728595763087,57.22430016885117,144.62268200098222,12.194480206659481,0.2,13.022180697434427
phoenix,8829b6d085fffff,6.514150625585214,1.1255032906577394,2.324921765227891,46.66414551934991,154.85344609944502,14.921368418204025,0.15,15.014897293074116
phoenix,8829b6d1dbfffff,6.538423479255947,1.0575755136850409,2.110767376560415,43.51257346115413,0.0,15.733053779330499,0.2,24.420939070597864
phoenix,8829b6d1d1fffff,6.432995976677209,1.1446934154985462,2.236248295201394,44.628781866865125,0.0,12.174248025430545,0.15,12.831575429652695
phoenix,8829b6d1d5fffff,4.975960589078912,1.1802205118483693,2.5204113206160157,57.79230948219629,710.6292888503152,5.686523666115299,0.3,3.6698178275119844
phoenix,8829b6da4dfffff,4.454142110714876,1.0624996219926481,2.8157318784115835,65.26457108750601,73086.35364799412,5.139864729102582,0.1,5.29427330137862
phoenix,8829b6d81dfffff,3.892744591944137,1.0556936977274414,1.952957514208851,86.5601412526389,0.0,1.5949282205031428,0.05,2.4213318608883263
phoenix,8829b6d819fffff,3.194925852063388,1.173524458020012,2.387673083006224,101.15124627966028,0.0,5.036607036355592,0.15,8.348232227227804
phoenix,8829b6d811fffff,4.143005004189377,1.0977075039258737,2.5536815580297967,84.47974348234742,0.0,0.10320062783017758,0.05,0.04560084913642015
phoenix,8829b6d8e7fffff,5.47922370167758,1.175209037439309,2.330469692754703,53.847285377984456,23.194094337887766,12.08504163671625,0.2,11.96899305492705
phoenix,8829b6d8adfffff,5.321409691321666,1.148499645156204,3.2570308838812707,55.01379265074394,47.76814608279904,9.829102425858888,0.3,10.985642511151546
phoenix,8829b6d817fffff,3.9074793697644203,1.0019238862634652,2.2381137455499305,83.51055977382102,0.0,4.313188058769356,0.1,4.018968870737623
phoenix,8829b6d8edfffff,4.557266199300445,1.0791254401745922,1.8885746232618124,66.98383297021272,142.48933954372794,4.791870970718412,0.1,5.812472705854961
phoenix,8829b6d8e9fffff,4.3157444208853475,1.189572962621125,2.639993299700039,72.08747339289587,32.35155775269756,6.752943892527784,0.1,4.956950366563492
phoenix,8829b6d8e1fffff,4.271355978189924,1.161226764100371,3.08813474073861,69.3368150799612,28.377364061112722,8.58358021948107,0.1,7.854919299347532
phoenix,8829b6d857fffff,3.3153534549694115,1.0254722570494963,2.2250222140202265,90.48808945252205,0.0,4.73596906426186,0.1,7.159188622107678
phoenix,8829b6d8cdfffff,4.660764764444612,1.106556847307494,2.304980114374782,61.85698060840676,514.3019479939722,9.249167133575012,0.2,7.780240214623844
phoenix,8848eba4a3fffff,5.413148345941113,1.0999911430085654,2.360924145650056,53.486417889694486,716.5866467719446,3.7324067254627487,0.15,3.835057830178184
phoenix,8829b6daa7fffff,4.351514702148313,1.120600542058387,2.903002569133908,68.32041660126383,547.3467606574194,6.597491458305245,0.3,8.30010322623454
phoenix,8829b6daa5fffff,4.849792421295437,1.1029104403810341,2.322290066309168,61.49657307506425,3495.5847623311633,4.164078642085337,0.2,7.730450017445044
phoenix,8848eba4abfffff,4.9519633895344715,1.0823761041519928,2.400712571244225,54.01897771807791,0.0,7.24923009612051,0.05,11.357202889905228
phoenix,8829b6d8c7fffff,4.851519255810286,1.2786912506860624,2.538617238624172,60.20168468781714,0.0,10.427675247450566,0.2,13.97363301191411
phoenix,8829b6d8ebfffff,4.076775600370628,1.3144458397557846,2.352135747581383,73.76531532758872,235.5320265250735,10.376767566783961,0.3,9.790472492966433
phoenix,8829b6d88dfffff,5.480680693755639,1.1718961765516616,2.6782819409671954,53.15112558153253,18024.290496124955,9.256058902597356,0.3,8.768205196314872
phoenix,8848eba4b5fffff,4.6636520347400765,1.1113634240837853,2.693822301106502,59.871700791746804,44490.04599659763,9.95064151043501,0.15,9.52768671920154
phoenix,8829b6d885fffff,4.418325415896071,1.1466070928769607,2.7041579375894194,66.63725719448891,7.8056362269399715,8.831332682013116,0.2,4.350586712045832
phoenix,8829b6d887fffff,6.8182920209940585,1.082590620456002,2.7182777858798097,44.69279776687827,66.13376254945516,9.605678231364445,0.3,7.902070805062766
phoenix,8829b6d899fffff,6.689971258931062,1.1138433045011749,2.5393224231174254,44.94777168106203,43.57735460893713,4.892940474585555,0.3,5.248980450072161
phoenix,8829b6d2c9fffff,3.923352695560032,1.1412045502667119,2.4493071203582537,81.17882214498911,0.0,2.501128534417939,0.05,1.0464110135740743
phoenix,8829b6d23dfffff,4.70007687544979,1.0596925445224836,2.153422448706536,62.89693675019172,0.0,6.214887822675309,0.15,4.501380172536714
phoenix,8829b6da5dfffff,4.243685274930674,1.0806933246738222,2.7419867421496993,65.76118382068745,814.1824709930769,2.7652478194745704,0.15,1.4247201389912627
phoenix,8829b6d2c5fffff,5.097070582942459,1.1460398923672417,2.48276738982309,60.087024749616674,0.0,17.61738378116268,0.1,17.168859047381268
phoenix,8829b6d235fffff,5.6826720702978015,1.1304115906551389,2.0101601389613006,53.482158545798974,0.0,13.802676665950292,0.1,19.18938931456706
phoenix,8829b6d049fffff,5.989746830641939,1.0505674439028687,2.6396714926373424,46.44772552126403,0.0,13.194463571145068,0.05,17.840123973682395
phoenix,8848e96d8dfffff,3.876389016225938,1.082994337043595,3.098808043978427,77.56022254545518,20.062600130568207,3.4731093592329527,0.15,1.4150792206763612
phoenix,8829b6d237fffff,4.72858460836433,1.1661437497293887,1.9553037011179857,66.16472432841739,0.0,12.357261159638325,0.1,13.534963950506732
phoenix,8829b6d2d9fffff,4.756378494360358,1.1088052750661113,2.7302679249028126,58.08110268981199,29.04107692890597,3.108743747055575,0.15,6.048790992044415
phoenix,8829b6d2ebfffff,5.542340375632058,1.0873072757617708,2.968557668272396,54.12875782927487,0.0,13.663537391294646,0.15,17.659182602692407
phoenix,8848e96de5fffff,5.7121475341111525,1.114313968976567,2.2062544806404887,50.43808031516342,0.0,14.928579802953056,0.15,19.036886927051263
phoenix,8829b6d2c3fffff,3.315976709648714,1.0372788497275904,2.342333499051244,93.55945201686525,0.0,14.40846250057502,0.15,19.209488943313566
phoenix,8829b6d233fffff,3.91859327034319,1.1191749786565912,2.3402943560614595,79.46818852793496,0.0,7.7260276280872215,0.1,6.603025917734051
phoenix,8829b6d2edfffff,3.5283061685917407,1.1160456070030196,2.419216429322199,91.6953904524212,0.0,15.37825762810813,0.15,17.253325157272943
phoenix,8829b6d1a7fffff,6.4347108019403265,1.123623334863998,3.3398477823857746,43.09609754118671,0.0,10.079235657527203,0.1,11.830015388381296
phoenix,8829b6c36bfffff,5.765946663484483,1.0768651098840236,2.698384262959303,52.78367002844122,2480.4485888128575,13.683452436731926,0.15,13.775297131603471
phoenix,8829b6c345fffff,6.056648076014777,1.1126037472345836,3.1422245330276186,49.67226985145784,0.0,12.780949327721695,0.1,15.1098719565191
phoenix,8829b6d00bfffff,7.175055307128276,1.0690065178900032,2.1178316453066865,40.355721188984944,0.0,20.415456455924314,0.2,30.523690403209393
phoenix,8829b6c059fffff,2.3974366205022184,1.0445647976261785,2.3248819871693724,130.69514774813777,0.0,14.240612697973443,0.1,18.7916751669495
phoenix,8829b6c237fffff,7.229876961931949,1.0751692908810266,2.967627586577076,43.390304614912274,0.0,7.3839685646114495,0.15,6.88087516149583
phoenix,8829b6c041fffff,7.7763905014353965,1.09790262388914,2.334806732173304,38.98704470301702,0.0,14.684590726737222,0.2,19.798420172970907
phoenix,8829b6c043fffff,3.7964736240069503,1.0971279335454667,2.908859481114561,84.18871953790021,30.909389190154666,5.025026812865372,0.15,0.8002880934603898
phoenix,8829b6d037fffff,6.9486142950853695,1.0474581509135932,2.800807588553995,40.26263573821839,0.0,11.242503247187242,0.2,16.69169133341626
phoenix,8829b6c009fffff,5.1455891154754,1.0849478389250036,2.1538562905166194,58.15787052957484,1081.7205794202255,13.198489696876639,0.15,14.967112277229667
phoenix,8829b6d193fffff,6.831579509539192,1.0731998413690513,2.6221579669658244,45.05597391910524,16.655895554418894,2.6848277661380253,0.05,3.8267510610066138
phoenix,8829b6d041fffff,5.631815438610083,1.0810349933123986,2.42489251504095,51.60610207683868,1180.7883854624324,6.175866367565366,0.3,5.881230363163964
phoenix,8829b6d031fffff,7.621507528380096,1.10973791448797,2.4986117972296884,38.92072720259623,0.0,9.374027023899451,0.3,11.967715977801811
phoenix,8829b6d03dfffff,8.049872302159452,1.0878039128371921,2.333753501548025,36.55251404218412,97.91861776941512,6.602422355033967,0.3,5.482632163197378
phoenix,8829b6d007fffff,8.038299412688001,1.1145776588672465,2.0797796731096825,35.6296662623721,4038.025588088412,9.52877760489021,0.3,10.685234412355529
phoenix,8829b6c26dfffff,4.525253150247166,1.1225905809921788,2.5506169442708813,65.11080095635404,1928.961612764341,12.487608657415121,0.1,17.177161996441903
phoenix,8829b6c261fffff,6.288664153191097,1.2306789526909647,2.6556631326725735,47.26772679626933,4012.4166916102818,5.592669464462048,0.1,5.786798347873126
phoenix,8829b6c25dfffff,3.1934613694587397,1.095323632743049,2.650660137388973,100.42070908995133,50.487430190074214,9.821512868305842,0.2,6.2809086011746
phoenix,8829b6c243fffff,4.0369058036751975,1.0946726067970258,2.680308661502943,80.080110309895,57.87014619915128,13.417565163040491,0.15,15.82961362588559
phoenix,8829b6c26bfffff,3.4832027003274084,1.0536030602929352,2.7701610485999777,91.67647092786804,42.229031896994634,8.789544557906016,0.1,9.479437301299836
phoenix,8829b6c269fffff,5.988197749107754,1.0911054628695416,2.1098120870147583,50.253171076517006,4399.672736053917,14.859324875369772,0.1,24.360631114152113
phoenix,8829b6c251fffff,4.914399870620709,1.0971554757660715,2.5440790477448583,63.00330439395776,172.57582980170656,12.93094331310159,0.15,12.708097132383934
phoenix,8829b6d641fffff,4.3790483842267065,1.1385562766271797,3.3826690558602257,68.6623323822378,137.41131729382613,7.896383660476728,0.15,12.599945264537967
phoenix,8829b6d649fffff,2.336305333650006,1.241291234951887,2.993757826992205,145.5289234257829,75872.7536585176,1.6119599211792344,0.1,2.5060616611063544
phoenix,8848eba4d3fffff,7.301146649936011,1.05044967496688,2.3413766773200724,40.06948572823494,0.0,6.659427688976123,0.1,8.812787074311077
phoenix,8848eba499fffff,5.396283026882068,1.0729790737208158,2.219219582265063,48.211444864917596,1232.2446998187174,6.346381792737435,0.15,3.677562064614621
phoenix,8829b6d181fffff,4.940141360297528,1.161120809656159,2.432230003340401,56.228710378653695,424.1180999177152,10.301828670693006,0.2,14.606143489853412
phoenix,8829b6d18bfffff,5.370943504191874,1.1025201180953128,2.4044499921833324,53.3918678642851,18.32058008469797,10.356376984934531,0.15,11.586461322228056
phoenix,8829b6d0a1fffff,3.0108586603730223,1.109833541275408,2.8417814068786114,107.13908607098983,0.0,6.570218467400603,0.05,6.076010932171107
phoenix,8829b6d0abfffff,5.168787646688026,1.0914085810970195,2.6445496783888895,59.72867397881697,0.0,10.075770830815463,0.15,9.079901935866319
phoenix,8848eba613fffff,5.405147776375403,1.1723049360864026,2.7919377239668774,51.802468976669296,1240.8092102721973,4.362708292712856,0.1,6.419030241164357
phoenix,8829b6da51fffff,3.1546784519652356,1.0869311284397452,3.0090412496752683,94.34211826997559,1090.0599952028786,4.132928771097454,0.1,3.632695519637938
phoenix,8829b6da55fffff,3.401374428822484,1.091661332995903,3.107696683133895,91.87462496099965,0.0,0.3929627354886818,0.15,0.5908248752055734
phoenix,8829b6c25bfffff,2.864069770741492,1.0385694745779728,2.6320015459023067,106.33311299068296,0.0,9.466706824381184,0.1,9.26667738742888
phoenix,8829b6c259fffff,3.4981853928636024,1.0792491657685537,2.510694961203107,88.7906230583737,110.89319325447576,5.7800793081806505,0.2,5.258174206766782
phoenix,8829b6d567fffff,9.63952598372952,1.0381562235303656,1.867476138651618,35.423257866673076,0.0,0.09758279687957089,0.2,0.9534891167318023
phoenix,8829b6c223fffff,4.697424051419058,1.06440018417459,2.6966245293368547,63.86478987550047,275.9011229842501,2.847642147026177,0.1,0.0
phoenix,8829b6c049fffff,4.772113896061461,1.0317676287484474,3.2469906807235565,61.02301779702547,29.53444287915521,4.748084550457183,0.1,5.048837848430865
phoenix,8829b6c31bfffff,4.148214728874234,1.1584948536169763,2.8717523904741418,73.9639102292681,33.55172302618637,11.559649212717915,0.1,17.240622588071357
phoenix,8829b6c23bfffff,8.023922970744218,1.1398013638694469,2.2718084620306542,36.857866398938455,56.26389891327586,9.766206173741912,0.2,12.784511108885981
phoenix,8829b6c217fffff,4.05165894578864,1.089788460576993,1.8857423661767985,76.44634393432335,229.17603721499063,3.026610374491803,0.2,0.0
phoenix,8829b6d133fffff,4.640559448933404,1.2009157613471617,2.8026840847296817,63.02102869426603,0.0,11.907558331399628,0.15,16.81472771822942
phoenix,8829b6d1ebfffff,5.005007553294513,1.121069707762862,2.5452137244172723,54.68529325799645,0.0,15.43949139491146,0.1,18.57034307612701
phoenix,8829b6d1edfffff,6.2061930361247715,1.2053981286708513,2.7144169622319727,44.72578469772244,110.26666817951036,4.055442204510133,0.15,1.307825305856072
phoenix,8829b6d1e9fffff,5.9828201725823815,1.1882064963436176,2.237723576195961,49.004873867924395,0.0,10.231798333051344,0.1,15.620204518042613
phoenix,8829b6c357fffff,4.834375566354148,1.3213721730863657,2.771511635874505,62.47206462830859,141.5933484984828,6.151013695989095,0.15,9.709316851300766
phoenix,8829b6c353fffff,2.5422728942060924,1.2198311471142278,3.4068405992822544,141.60556910332073,0.0,1.7342658136393747,0.1,0.365031949038507
phoenix,8848eba653fffff,2.9347689132203634,1.1558847681274633,3.4701274314823385,101.21059332210312,89.85137352566579,8.590231297788133,0.2,14.792570186750403
phoenix,8829b6d255fffff,3.9125479821679106,1.1548994911401782,2.110205792202438,76.29490144199248,0.0,0.05108085469172867,0.05,0.0
phoenix,8829b6d15dfffff,8.241070100461316,1.0686985357585224,2.3277033206461004,33.87014188565246,415.50603311615845,5.113585369799419,0.2,5.380218621444502
phoenix,8829b6d1e7fffff,6.313498290792094,1.1689848552239601,3.198839918491864,44.99275735488614,0.0,2.8038162445771717,0.15,1.8698104950110217
phoenix,8829b6d337fffff,7.801779299400685,1.0482667870629985,2.3840227978765283,37.220992930055495,0.0,14.75383261036891,0.3,25.969860002507122
phoenix,8829b6d117fffff,6.323002763778848,1.1772629278709787,2.1687039134706634,43.31688346900003,0.0,11.807295772795435,0.1,14.44276716120238
phoenix,8829b6d111fffff,5.6852499578245785,1.110303635824516,2.1489225690266074,48.672892010854135,0.0,10.930648792913786,0.15,12.237220248629427
phoenix,8829b6d11dfffff,7.226936993218579,1.1440931228507576,2.371789017829576,39.80870101308838,202.7409869995894,3.714620726484178,0.3,2.3817322474502927
phoenix,8829b6c151fffff,3.568781083843672,1.1083369503632128,3.230908292995122,88.42620577665753,44.640887386405396,7.151927062133025,0.2,7.246836665512599
phoenix,8829b6c159fffff,3.8992137247092242,1.0558375590898925,2.589525698790744,77.99616353753099,32.785974556461795,8.48421034770447,0.05,13.09742205335015
phoenix,8829b6d1a1fffff,5.6627273940595675,1.1261307333251906,2.85293553984103,50.852812789104625,135.47258149469883,6.0571999077584895,0.2,3.419403396485667
phoenix,8829b6c153fffff,2.28109310115722,1.3204690585070922,2.382407690613964,138.43778385196447,236.66983957491104,1.3637228980686118,0.1,0.3688232642871778
phoenix,8829b6d33dfffff,8.41716919277095,1.023955285650298,1.8793998617457348,33.50771478646039,2455.473414015488,4.991544267169097,0.4,7.481485346981105
phoenix,8829b6c30bfffff,3.219939815260453,1.1027322452686752,2.4785509034497717,90.93113834151261,0.0,9.509989518080266,0.15,8.00181318321094
phoenix,8829b6c31dfffff,3.1882458034207652,1.0666538348823964,2.4009664366472885,95.91014709055881,0.0,10.26009274202122,0.1,11.142340048776118
phoenix,8829b6d8e5fffff,4.342612863429525,1.1809146759101425,2.691034105384064,71.00180076605564,12.936941456466286,6.179512430285492,0.3,5.684926672841062
phoenix,8829b6d8e3fffff,5.713947843399221,1.134589044099329,2.594549859767834,50.9053453574542,432.0754674622923,9.37748309821079,0.3,3.5579778491137795
phoenix,8829b6c367fffff,3.934074308345778,1.0896616657840752,3.0090707522241624,84.344665558111,2423.9042665155607,10.575559690107799,0.15,13.747331970408606
phoenix,8829b6d8d1fffff,4.70845251340622,1.0989688939444318,2.4349745646934657,61.490625821381414,0.0,4.84681922498692,0.3,0.27612675838210254
phoenix,8829b6c347fffff,3.7333712352007673,1.256055308386269,2.958690488282399,79.36427363628161,0.0,0.6258014890767436,0.15,0.0
phoenix,8848eba485fffff,6.250138088641925,1.1434531418415022,2.3410147689018985,46.45058661547817,0.0,5.224937324164859,0.1,9.1720112013849
phoenix,8829b6d8b1fffff,4.911932814861132,1.17487327327862,2.5480234081871287,63.511823904014875,56.01618727070893,5.014047878812822,0.15,6.7320615976011275
phoenix,8829b6c249fffff,6.566469286184079,1.0842343809629669,3.3531411343414668,47.418101794681725,0.0,8.472137287668948,0.05,10.985388974694724
phoenix,8829b6c209fffff,3.6214633324619574,1.0819574296269348,2.4970903852568256,86.9548625085117,74.49723262003721,10.029387841544136,0.15,10.604522225078366
phoenix,8829b6c203fffff,4.412296251298012,1.0581524950700105,2.361351894484841,70.15027819873923,0.0,12.227435612837038,0.2,15.49082757454769
phoenix,8829b6c239fffff,4.672095340656798,1.076274350610622,2.62580043472595,68.49175298614828,489.8934776459287,7.703411943198738,0.15,8.936397586233898
phoenix,8829b6c057fffff,6.914571640937703,1.098530663460172,2.447385146998549,46.52180039235206,0.0,5.1104773788586,0.15,6.508908892241228
phoenix,8829b6c051fffff,2.9460918181974054,1.1862387963074474,2.0096999232053903,109.24271893762308,0.0,5.116515051320968,0.15,4.431235400565363
phoenix,8829b6c05bfffff,4.990770531975002,1.07108794560574,2.249778570005871,64.3108507260787,0.0,13.796693527267607,0.1,18.317770258803865
phoenix,8829b6d011fffff,6.608724241076615,1.0558831695858317,2.5537980847836295,45.02803322034245,150.34944541490412,14.754908173538915,0.2,24.279324346539713
phoenix,8829b6d019fffff,6.6435811025296205,1.1060430943699158,2.3614830088049543,43.56507007136492,5.572657090879432,9.603775629063474,0.3,5.741352516622878
phoenix,8829b6d051fffff,6.936581768456504,1.097881540461876,2.7458107011737325,45.466863350303015,2235.7213627092115,7.17925290491031,0.2,7.504358110201743
phoenix,8829b6d0e9fffff,5.573763468665369,1.0885622755679056,2.2467269810368187,52.927894402946315,0.0,15.223622741191548,0.15,14.028231948835858
phoenix,8829b6d0a7fffff,6.318020140065393,1.1302056004566166,3.007813002242808,45.75513838945872,0.0,9.07856629833919,0.15,10.191015826444346
phoenix,8829b6d231fffff,4.328447870317311,1.066851278399481,2.2956889596342047,73.080822523353,4184.785540458264,3.512833447652846,0.2,1.1262514043335212
phoenix,8848eba4bdfffff,5.809955470417903,1.1914255719909093,2.3724370813821194,47.72779445507924,84.21706407557254,5.648379751411562,0.1,4.461858656730627
phoenix,8848eba487fffff,5.09374156448534,1.1453866734752693,2.215107984199332,52.85520787075335,62.48619650159444,2.77858554899163,0.05,3.0111012703160345
phoenix,8829b6d8c9fffff,6.913565919721605,1.0757932783014528,3.089040493125463,43.16134958162877,951.732104905585,7.310345879184411,0.3,14.375265298527246
phoenix,8848eba48dfffff,5.5879445994692265,1.1312166178304268,2.8506528517680985,49.0784199372423,76.82027772725655,8.9590730853166,0.2,13.840293889003375
phoenix,8829b6d8c5fffff,2.806469729011704,1.0274430868359643,1.428311651643789,109.79613701097419,75.91554381818898,5.150820046795401,0.3,4.192428545627439
phoenix,8829b6d0bdfffff,2.864763572682917,1.1500104091879844,2.5039320746502085,114.02918892910095,115.9271160265971,7.848617712158972,0.15,6.651630155475544
phoenix,8848e9693dfffff,5.454642758964882,1.149847352954125,2.869332842120252,57.29064465063201,0.0,0.02901432033583424,0.05,0.0
phoenix,8848e9699dfffff,5.2030738561566245,1.145519972915765,2.3608351210247434,56.816498502400975,64.4868829855592,6.33733998385583,0.3,6.897635913251436
phoenix,8848e969d7fffff,7.076030471765428,1.1727331874585452,2.6260860291872725,42.701087313994016,624.1954181180846,10.486622894973532,0.3,21.6287588827302
phoenix,8848e96debfffff,6.540336031180429,1.0757986711728482,2.2618071769048913,45.74214132775325,532.359880012799,10.104969916865238,0.1,9.985966767767504
phoenix,8848e96dc7fffff,4.427320387458408,1.0689085336512194,2.844811498166796,74.57980230674796,0.0,3.2861855533291053,0.1,5.005404920378307
phoenix,8848e96dbdfffff,3.9188403090065447,1.0418803536511063,2.090817599746516,82.61143135896643,416.2749030195568,7.727348815840018,0.3,6.6717120502297576
phoenix,8848e96da3fffff,4.232872589269111,1.0742668334343215,2.373462685915122,78.52113078932096,0.0,12.551294193576027,0.15,14.84210115780335
phoenix,8848e96d81fffff,5.617792556071991,1.1274273963179984,2.8656030556076426,56.63822845112199,142.1648516335328,11.88226829263046,0.15,11.802290891182055
phoenix,8829b6c311fffff,4.218228491917902,1.0875048893505672,3.197213955831611,73.2600849787709,1529.488886903773,2.372540947593993,0.3,1.0644441303625145
phoenix,8829b6d1b9fffff,4.1926995395344555,1.099665810332695,2.8407839579618464,69.96287965960566,80.19498193871837,6.263050201007813,0.15,10.743544019277618
phoenix,8829b6d187fffff,7.50915185654376,1.107008938297027,2.3656861238262206,35.943649608018646,465.2924870615927,19.701820147230976,0.1,26.3869796750269
phoenix,8829b6d183fffff,5.621575066465171,1.1213138800400146,2.3922961027503016,48.78253703547695,0.0,9.026740418303785,0.1,13.698288007369468
phoenix,8829b6c063fffff,2.8096950913024172,1.0481691702513152,2.5074909866159016,109.91353843616234,0.0,5.176560965178578,0.1,6.954865372721709
phoenix,8829b6c061fffff,3.031494500546032,1.0746560525049567,2.650080930493879,100.61044146544344,0.0,11.58008689557953,0.15,15.047751172518781
phoenix,8829b6c319fffff,4.278906403018873,1.1432388525931239,2.9457850832788157,74.21699323535466,185.81555165540757,13.709143840891274,0.15,16.91763484090048
phoenix,8829b6dabbfffff,7.088846267206757,1.130561520405572,2.426098297508563,43.31507982182591,0.0,13.675378747104876,0.15,19.256978157784037
phoenix,8829b6dab1fffff,4.497790000555288,1.1953532762829127,2.454302584137521,66.69942348641511,38.53714228268755,13.060056108983598,0.3,11.554579879166521
phoenix,8829b6dab5fffff,4.231045474620338,1.1505850555140753,3.399991832336591,72.41060179035298,430.6536772296966,5.295020656181618,0.2,14.905962901195315
phoenix,8848e96db9fffff,4.6974123489833675,1.1207576780549102,2.5078526448180445,67.30864720800247,1144.38770817044,8.46970560077614,0.15,13.899019269519309
phoenix,8829b6d2cbfffff,6.38620499919925,1.13194821234244,2.3596887196106495,40.755655766668106,0.0,3.240820257076904,0.15,4.5259997527922735
phoenix,8829b6da99fffff,4.945706184976131,1.2267046120069032,2.924458195486098,63.444025679741536,0.0,1.5699827664721027,0.1,0.23943325273161165
phoenix,8829b6d1abfffff,7.325378047955,1.0654605867142615,2.6325053197555377,36.29030729136078,107.58625616400826,10.654276268919595,0.15,15.103851272702999
phoenix,8829b6da8bfffff,5.485895044428407,1.1324141984340481,3.1344003574378743,54.68569806210312,152.5077998346304,2.5002665573668956,0.3,0.6193710329013111
phoenix,8829b6da83fffff,5.016162441525491,1.1301930683263306,2.733172201022639,58.90051386866437,56.90645823146553,4.011516996652491,0.3,0.07680849724875394
phoenix,8829b6d1a5fffff,9.262349074952112,1.0504942722330273,3.0453370209209574,30.17626558104076,0.0,3.3310003152371808,0.05,4.446000614502077
phoenix,8848e969edfffff,5.6631718387501415,1.1416412364082866,2.56391981309269,50.91842461616514,0.0,6.093406824386312,0.15,10.290611019028582
phoenix,8829b6c24bfffff,7.468420829500302,1.0830378623644759,2.3303928970169188,40.92924901711092,1346.208945869764,6.730179875043648,0.3,7.477727230258531
phoenix,8829b6d1b3fffff,3.237814528387772,1.0879030899124402,3.403618198862373,100.3763486606595,920.9965456243256,5.550018983689592,0.3,3.884540143861863
phoenix,8829b6c115fffff,3.7951565557769036,1.230489939702106,2.8307756236748163,79.52288591162477,0.0,9.657461650146265,0.1,13.395534889096039
phoenix,8848e96db3fffff,5.2967400593920555,1.0893475059157578,2.1292692494591403,62.93179004362777,689.7527807430653,0.15255660494384995,0.3,0.0
phoenix,8829b6c04bfffff,5.007623758635375,1.1774689926176252,2.490820809590663,62.00736499116388,0.0,11.262826804461143,0.1,13.324210672572914
phoenix,8829b6c2e1fffff,3.857064825686087,1.0751466987677345,2.342635736869639,82.63108469682135,343.6538653993818,7.573996615537743,0.2,3.269708791045926
phoenix,8829b6c2c7fffff,6.654790331792532,1.0453695043845472,2.7642507917454573,46.77593600589957,410.2616461832007,2.1904541127394412,0.15,5.77484939226708
phoenix,8848eba6dbfffff,5.8614077163418115,1.0589560681525871,2.496314313217214,49.986904981267934,32.049539353286626,11.432706471486096,0.2,12.460326780435768
phoenix,8829b6c10dfffff,4.201958116621995,1.1484851980039181,2.4700231246148254,69.53155328774979,339.95558318811374,7.610786680877572,0.15,6.925153453212257
phoenix,8848eba6b9fffff,7.122420001573477,1.1018820873157529,2.859135410455144,44.037439025229205,4.687436969270131,2.8888650416707145,0.15,4.99836198607778
phoenix,8848eba687fffff,5.537959708194496,1.1322217743804788,3.197688593476957,51.70679518383662,725.7778828234636,9.034912204928894,0.1,9.659108078714574
phoenix,8848eba6abfffff,5.978021335847154,1.0739832606286113,2.57610241901457,49.28768911814245,552.7168233158006,4.035542672756063,0.1,1.6896258074409296
phoenix,8848eba6a1fffff,6.087818514542792,1.0954325226158124,2.527684049204278,50.38968955650501,0.0,0.13424053376261177,0.2,0.9557602777426979
phoenix,8848e969a7fffff,4.594898734908904,1.2261694958933993,2.5477039429385737,62.998925745915344,10.380576628608338,0.1745886922130519,0.05,0.33700505103422707
phoenix,8848eba6d5fffff,6.272361097684829,1.1194536612769463,2.589307857401295,46.757775768844404,1189.0587633174355,7.598035812752798,0.1,9.7327983649872
phoenix,8829b6c215fffff,3.5788125261712542,1.1228331974382233,1.8878865340210924,88.83806577843681,2271.938034445009,14.202379950551862,0.1,17.731973379446234
phoenix,8829b6c211fffff,2.6262228690816913,1.0265006593847448,2.104315598763176,126.92499835320137,332.72593070982253,5.98757396893987,0.15,5.443764907215787
phoenix,8829b6d145fffff,5.53268315456799,1.0851017689751261,2.164638139181948,49.238591304249326,0.0,11.284496187037787,0.1,13.07324347629571
phoenix,8848eba493fffff,7.674828361736813,1.1130868887325351,2.159881478055333,35.9958456688774,10641.175158028116,3.1728726407461822,0.15,2.555674181971007
phoenix,8829b6d14dfffff,6.6511340326316395,1.0852221992426572,2.2153253062634217,38.929988503948636,0.0,7.57954991506273,0.15,8.862840390758912
phoenix,8829b6d32dfffff,6.535283931610641,1.1073916348548303,2.443673179831257,42.604326829974426,1874.6263834498102,8.174263677517283,0.2,10.618917907028806
phoenix,8829b6d10dfffff,6.497125547640147,1.1422182289802767,2.1542199749877153,44.96001686569309,782.5797656950019,7.074276238452604,0.2,10.186800274878244
phoenix,8829b6d105fffff,6.604549142262824,1.1166905384641472,3.0741350953422915,42.49270544365559,761.4700313333672,12.364864946473368,0.2,15.441549520700041
phoenix,8829b6c361fffff,2.8374551413216653,1.0474330684747353,2.9649472349759387,115.04896632116596,5815.587193793745,3.637859524128503,0.15,2.1978001150780875
phoenix,8829b6da9dfffff,4.740965679658572,1.1930965685296282,3.4275677297944176,63.76076144071898,330.64819529263065,9.921876194037537,0.1,13.396312262301189
phoenix,8829b6dad7fffff,2.4483926826137066,1.3135847009344603,3.3709931084540843,140.39823041500043,148.05777383788418,1.9253796158619865,0.15,0.9462851862395549
phoenix,8848eba49bfffff,6.9668719215571695,1.0366807277672616,2.004056270659475,42.25064591741278,27.784981265501727,1.7568268762527923,0.3,0.0
phoenix,8829b6d327fffff,12.2348526603709,1.0367355043792286,1.933362315136444,21.304481618316625,0.0,14.247992739928058,0.1,22.158016923479142
phoenix,8848eba4dbfffff,8.043054540185295,1.0958054744624444,2.2790392094420304,36.9534984490355,952.6108622247259,7.10798992359846,0.3,9.97143654269456
phoenix,8829b6c101fffff,5.031689039159609,1.1947786158595095,2.2606347464992727,59.95521092535897,152.33353904513132,8.013709919438405,0.05,11.58761084003643
phoenix,8829b6d30dfffff,8.338332981955322,1.0386206782521152,2.279995573330283,35.56338900313411,77.06426344780135,2.768415184899653,0.3,1.374203147508167
phoenix,8829b6d347fffff,7.9630205217662215,1.1039074839809095,2.320643760240777,37.54729730667353,629.2303582010361,6.4654016993971615,0.2,5.736017661261539
phoenix,8848e96b2bfffff,4.711690523513737,1.1204753144695798,3.302112536141653,63.09779808619273,0.0,0.6438210087374071,0.15,0.14557019781826597
phoenix,8848e969e5fffff,5.117433625460502,1.164513153504844,2.333721004763383,56.889363477274394,9349.991372656885,11.944558429652263,0.3,11.116055938925324
phoenix,8829b6c06bfffff,4.3767159038624195,1.1283898878745506,2.628061860936264,69.00846741874474,112.94261775353762,7.9490157333058375,0.3,6.767681046136113
phoenix,8829b6d063fffff,7.907342354713481,1.082645690395274,2.5026505398739456,35.572101922420416,2339.970814357455,8.511780846177246,0.3,8.974513777241146
phoenix,8829b6c02bfffff,3.6584719255022864,1.0331860559444317,2.342774534145381,79.05368475249462,0.0,2.308197867931826,0.1,0.20713171718027468
phoenix,8829b6d83bfffff,3.3773074638120493,1.0170409294781007,1.8113825899971112,94.65295492721263,0.0,8.833225633770937,0.1,8.58832487836225
phoenix,8829b6da6bfffff,7.518425377229824,1.0482608877518416,2.520362215271735,40.71629811033425,334.6772141792401,1.9758107884432294,0.5,1.4382797230626547
phoenix,8829b6da0dfffff,4.759685272328977,1.090464164803821,3.034034947229462,61.58042633193746,0.0,0.0,,0.0
phoenix,8848eba4a5fffff,9.947231613381302,1.3071945967217462,2.1112165458116356,35.3718366604162,0.0,0.0,,0.0
phoenix,8829b6d64dfffff,3.336715913283513,1.143590917463973,2.1787953878889232,94.90369420004028,0.0,3.5756124975266728,0.1,4.398699324392404
phoenix,8829b6c00dfffff,3.133481088230137,1.0396483988121406,1.8522304147720492,104.20698355940301,0.0,14.673822866040744,0.3,10.654581112366921
phoenix,8829b6c225fffff,2.88090143095427,1.1140966734704139,3.013098221896893,104.13407302888112,0.0,5.0722384229715844,0.1,5.540026529840775
phoenix,8829b6d069fffff,7.259527333248936,1.0723406773435116,2.534535330847562,39.21518188805616,5754.400110073061,8.669936735368772,0.2,11.79439861629126
phoenix,8829b6d1bbfffff,5.482783938393086,1.0398056829253939,2.4822071645495787,56.996592153071084,206.5169331753016,12.42950431271228,0.2,20.74362585804902
phoenix,8829b6c045fffff,4.8131031381469,1.080197067445161,2.8613964169027715,62.81302783628834,0.0,23.74218330257592,0.15,35.224857055910974
phoenix,8829b6d1c9fffff,6.538632082732106,1.179685600774674,2.181948402917343,44.25086132112579,0.0,10.034421264223544,0.2,13.787195278408642
phoenix,8848e96d93fffff,3.7897407200247835,1.1201509809426529,2.8686405012514724,83.95873007896367,0.0,7.131729592749336,0.05,10.071793271636283
phoenix,8848ebb491fffff,3.0892118008159337,1.0476821298094339,3.223449581245896,98.09308087916325,0.0,2.2382252701007848,0.1,2.4118444830023194
phoenix,8848ebb499fffff,4.876454160119423,1.1383333699694005,2.9665433077566483,61.61417819807258,242.77366828317827,3.1288732116216793,0.15,6.382407987423242
phoenix,8848ebb4d3fffff,4.238152680569119,1.069853897110627,2.580271911702887,71.5591700872524,45.64496281205441,1.732253538765224,0.2,1.909053846291975
phoenix,8829b6d883fffff,5.684259908836044,1.0930302747258467,2.3612780150262593,52.68239602998666,5026.896429188603,10.522899581868293,0.2,14.820449919324927
phoenix,8829b6c325fffff,6.304969160006511,1.1122089715310135,2.2687156364655925,47.104509739219786,42.86210705438932,6.466789998003319,0.1,3.8665079195689436
phoenix,8829b6d89bfffff,7.105691802706105,1.0952920870877259,2.136203926954967,43.83728727932376,69.7953042444283,1.3015679015545885,0.15,1.5826319246437737
phoenix,8829b6c02dfffff,4.7148340629475936,1.087573550489043,2.628094460783908,61.09302563254838,118.8720713560816,1.7242174043606613,0.05,0.0
phoenix,8829b6c025fffff,4.463368835869148,1.109870550539537,2.8308232401323865,69.0374347751427,1009.0817978348963,13.765915776633694,0.1,19.346375488241467
phoenix,8829b6c309fffff,3.3724514809470776,1.106281440246708,3.211714808232661,87.33129286192016,0.0,7.3565734550611745,0.1,6.996749598109808
phoenix,8829b6c355fffff,5.927893144111362,1.194618696345914,2.412616631475934,51.40675116813921,5692.426563097136,8.583655874869226,0.1,11.178832467551574
phoenix,8829b6d8c3fffff,5.829865767582039,1.1183919067599322,2.242098398459739,50.45015765102423,0.0,6.562407877106796,0.2,4.173552379112333
phoenix,8829b6d833fffff,6.853292329118028,1.0120091907475777,2.162909547729886,44.14465593400307,0.0,1.258413869266316,0.3,0.6407038214070067
phoenix,8829b6c305fffff,4.561234476624608,1.1056618015465065,3.4354730893579037,67.51396391606593,36.69876215278025,3.4296628504778193,0.15,5.747703532103412
phoenix,8829b6c0c5fffff,3.488962535071622,1.2326793170206014,3.0334563019514498,100.31635378188864,27.40832066837078,2.6949116804652977,0.05,3.604720833100459
phoenix,8829b6c341fffff,3.2541188052691523,1.0784160753052083,2.976236072156414,97.16193215695583,0.0,3.4856622888596975,0.05,3.279949901884301
phoenix,8848e96967fffff,2.125357497464893,1.2333218987685723,2.803719856655597,171.09421077164936,0.0,5.8512403018505985,0.1,7.347201068394391
phoenix,8848e96961fffff,2.969789158350429,1.0323835372770551,3.2447192545738868,102.38237054611017,59.697954877955674,0.5725476454325293,0.2,0.7263660070689042
phoenix,8848e96965fffff,3.7452633549198246,1.0423492271932973,2.9248797347714706,85.40198935711892,105.88983658300643,9.650575518024702,0.1,12.797730623025966
phoenix,8829b6d0c1fffff,6.923894556808502,1.120718009487698,2.16227401676701,43.36361502558912,906.1303245393826,3.9890284591522684,0.3,2.0829423165500867
phoenix,8829b6d0c5fffff,5.7808230387553055,1.0958607739514843,1.9649234734451413,49.983319274949594,0.0,13.31774834755424,0.2,16.76536223156561
phoenix,8848eba4a7fffff,4.515909198182839,1.0337670027856443,3.0569318629928497,78.04829568656281,371.8177931997709,3.4932607127589654,0.2,4.881368295589678
phoenix,8829b6d2e3fffff,3.177028024394071,1.096829498777307,2.716046224123803,93.89886568217737,95.85552929098323,4.0896165550833405,0.15,3.2974843597305066
phoenix,8829b6d285fffff,5.686882401146823,1.0783705250149767,2.500400300478997,52.91393606927718,45.88176596166918,7.084733999389541,0.2,10.226919634622462
phoenix,8829b6d043fffff,6.892144046864951,1.0743410365525936,2.3740362961325947,40.93617638267096,12132.911139807708,5.698744426539111,0.3,5.398040193913033
phoenix,8829b6d047fffff,7.098800030391733,1.0527510864030791,1.9579783667693929,41.11152224845448,408.9693636654549,12.516541315378824,0.3,16.97443597317167
phoenix,8829b6d2e7fffff,3.9452246197440948,1.1500384407433903,2.637485679088982,76.04129774985012,634.3857383840392,9.149071355867434,0.1,12.217308026415866
phoenix,8848e96dadfffff,7.837499589755656,1.0570261778222307,2.7934966416698788,40.07012481217243,15.694576348951884,10.250734268655377,0.15,11.545707513930497
phoenix,8848e96da9fffff,4.344294037159601,1.0554331840214601,3.0670552949514227,71.9334366704883,457.2526831994371,17.782257931491536,0.2,20.250219531029238
phoenix,8848e96d83fffff,3.785594757794188,1.1680121891667155,2.5327338907075196,80.04826782010728,0.0,4.638659089853121,0.1,6.436966632061518
phoenix,8829b6d06bfffff,7.841670176647231,1.0521640439183502,2.2241798012325034,37.49500713056166,340.76147664963855,8.322148316006142,0.4,9.40683887709555
phoenix,8829b6d059fffff,6.035261849632778,1.1036329912983525,2.463327226679123,52.00146901982956,0.0,8.965282201318319,0.1,10.913750152005315
phoenix,8829b6d13bfffff,5.920813093814274,1.0956192137581635,2.853990100438655,47.45165511910921,16.97175896780553,6.39353545089446,0.3,2.7884748631168543
phoenix,8829b6d1c5fffff,5.840787792065195,1.0925216843452872,1.9836407039152633,45.116090995721585,1073.9503915785997,9.345203619587116,0.1,8.217363889242806
phoenix,8829b6d113fffff,5.445782477227783,1.1323004129029952,2.059909729571918,48.39466121381272,4519.061257963254,12.519453662567631,0.1,16.354635650754958
phoenix,8829b6d0c7fffff,4.376968138414589,1.1051431730698318,2.327251264063183,69.44119744581599,19.812299452455278,8.851423696817147,0.3,6.876305503183204
phoenix,8829b6d21dfffff,5.028534463574088,1.0710181044744302,1.9727362855243866,63.46758453821439,0.0,0.9064418617406442,0.05,1.1690971804582695
phoenix,8829b6d2a7fffff,5.9088553360756215,1.1006770995772046,2.3615964544728167,49.52021774645096,2425.0926146123097,1.926343106302697,0.15,0.3088896605664651
phoenix,8829b6d2e5fffff,4.416892771424427,1.1357771050205074,2.5708665011484158,71.11931629500263,1265.7170991558535,5.389385667848181,0.3,3.2805628926362447
phoenix,8829b6d0b1fffff,3.3541081431901305,1.091524180182367,2.794227750169248,94.19819122018357,0.0,11.300054634107832,0.05,6.20615639802663
phoenix,8829b6d0b7fffff,4.290814682623841,1.122602540671412,3.0935599146265442,72.96612305756382,139.2457962622344,5.620417468475829,0.15,6.219296873655754
phoenix,8829b6c2e3fffff,3.816378890402944,1.0891749656252379,3.0795031661667567,79.51209368261382,727.794164773254,9.4124984311437,0.15,10.769055271397908
phoenix,8829b6c2e7fffff,3.0595794546690405,1.1648670299225017,2.737033210382786,98.73361284092236,0.0,10.251198895545823,0.15,11.414013148755526
phoenix,8829b6d0cdfffff,5.059832520168436,1.1709457691706253,2.754993769077963,58.77250503306488,0.0,7.19011489609809,0.2,11.426005081983309
phoenix,8829b6d089fffff,8.84930492313912,1.1227863558822238,1.6662852739585445,36.17729162603218,0.0,7.871519842228007,0.15,9.7471280788691
phoenix,8829b6d2e1fffff,6.001193327349689,1.100251894057457,2.389409992698262,50.31119285639709,184.5584016725397,11.317867292019269,0.3,8.330094571016865
phoenix,8829b6da87fffff,4.539342057857263,1.0636520688852371,2.1788107084507247,69.16277389333614,0.0,6.364128259896898,0.15,5.935035808737625
phoenix,8829b6daabfffff,4.700063027348669,1.1208039583777183,2.66223107078019,61.798412030895165,0.0,9.880620710791014,0.15,9.952937621651357
phoenix,8848e96d29fffff,5.758818210342927,1.0745454398223813,2.378692372800195,55.56695632886538,0.0,1.5469374078754226,0.05,2.066987889004885
phoenix,8848e96d21fffff,4.414434183567504,1.1817494610711825,2.142272987565651,67.95887933197285,0.0,0.3341773375750183,0.05,1.5864566691795368
phoenix,8829b6d0b5fffff,2.902089519756808,1.1256571025697515,2.789938580240322,109.07546456956109,984.0787011045663,6.815698321882454,0.15,8.35232831581325
phoenix,8829b6d0b3fffff,7.158779931282121,1.1338164335946586,1.645316422950616,45.835324335949174,1452.0917490129577,0.39329447037169096,0.05,0.0
phoenix,8829b6d195fffff,4.963262824074688,1.0863398263907817,1.871042834735666,60.89184331651147,0.0,3.172168658968286,0.05,3.1931665407361196
phoenix,8829b6d197fffff,5.745611330653484,1.1454566396259185,2.264550649682762,52.93561432099093,391.2758131050055,6.021756923619173,0.2,5.009182290638321
phoenix,8829b6c003fffff,5.667185908001726,1.0672762604288997,2.2797833883039798,56.605953181109804,0.0,5.594092273627403,0.05,6.062894941822828
phoenix,8829b6c01dfffff,5.437663144190762,1.089998329923591,2.288084051195587,61.55415201826832,15823.47824945904,7.989525468262384,0.05,9.877383726230224
phoenix,8848e96da7fffff,3.707831008673331,1.0280673735381132,2.6379370221470277,85.73227689136915,0.0,7.489867998808888,0.1,7.252327444053805
phoenix,8829b6d155fffff,6.626241826843906,1.068957174425623,2.4072286108810315,44.462521934927075,1867.0575705665321,9.211014350132672,0.3,9.653422447583337
phoenix,8829b6d15bfffff,8.827086782773964,1.0812034601351002,2.473630523918609,32.65059176141093,86.69767275619242,10.957678316792897,0.2,23.18181494653415
phoenix,8829b6d151fffff,7.035034600515741,1.0934167068786238,2.1375986828851747,40.41667237388755,13.377948147892903,7.468775526989125,0.2,12.271864240880202
phoenix,8829b6d16bfffff,7.190303898991463,1.1549709024513064,2.213306216119853,41.338311595309044,14.189041918463323,6.388533481258702,0.3,2.6689138825577654
phoenix,8829b6d16dfffff,6.665847905737936,1.1493935069103736,2.29023896136619,41.49685052291962,0.0,9.362502694115525,0.15,9.599331031595362
phoenix,8829b6d035fffff,5.60069580722109,1.060844436822526,2.1710597865277204,52.48030912686566,0.0,5.737515818687529,0.15,6.122138335416254
phoenix,8829b6c285fffff,2.9493287394329206,1.069819134167844,3.147867006008458,101.06602193631207,189.18597961444218,4.738218425163982,0.15,5.771150306323466
phoenix,8829b6c281fffff,5.748580368828512,1.0707074899405122,2.211247042377747,55.821698889017,546.9428342142373,3.496474555757882,0.1,3.577374760555349
phoenix,8829b6d167fffff,6.103388020784632,1.06383268265687,2.271965929161209,45.43699117350479,0.0,10.212304022101904,0.2,15.05549380206446
phoenix,8829b6d163fffff,6.309762147196645,1.1745025521377703,2.3631580772902385,46.621106975574975,0.0,8.46245129493328,0.15,12.647918111589881
phoenix,8848e96da1fffff,4.74283468307193,1.0508680562627486,2.52728268358297,67.13452639103424,33.21494348702332,4.498714537576267,0.3,2.087212930382801
phoenix,8829b6d749fffff,2.788935203087897,1.0512707698583632,2.354524932355058,118.00701704587448,0.0,4.708697968012029,0.15,4.18072426737292
phoenix,8829b6c2a7fffff,2.665984149790957,1.0235728910687627,2.6397887549718964,114.6126677382964,0.0,5.108384866100078,0.05,5.624117534089507
phoenix,8829b6c2a3fffff,4.043945125848396,1.1513766349856507,2.0149030205422647,86.54914671389666,0.0,0.40752237147710285,0.15,0.0
phoenix,8829b6c021fffff,3.326201217559963,1.0432428312920494,1.5518880935662323,92.50562054631949,0.0,3.9482338046760366,0.1,5.803590899224652
phoenix,8829b6c015fffff,6.193776604621483,1.0492950600633668,2.4798379479836563,51.61928339820929,0.0,9.731663209701136,0.1,7.22753447263884
phoenix,8829b6d18dfffff,4.070537538567014,1.1891746134442533,2.6173000753075724,66.25293018794228,1606.7947764483604,7.645117462928981,0.1,8.531600249684322
phoenix,8829b6d355fffff,7.694002967338903,1.095002291810614,2.413133042786086,36.97331163201087,404.0079888919365,10.30641495439156,0.3,13.059988295377885
phoenix,8829b6c32bfffff,4.724367955343191,1.1109209786992178,2.575630719353066,66.14641428311423,0.0,8.256606080442454,0.1,8.323236581959126
phoenix,8829b6c307fffff,3.6451028000340577,1.085410218639239,3.473249357225166,83.53983272917404,0.0,2.2076908195172407,0.2,0.13068317360344928
phoenix,8829b6d8d7fffff,6.375227479907458,1.1266099070038673,2.4389705819870757,46.22360398384443,0.0,6.344349459879581,0.4,3.1848845717716188
phoenix,8829b6d351fffff,7.306969997761304,1.077622109494978,2.2936715698744945,40.64368232571458,153.89300677909617,11.345019319454527,0.4,11.995797328249024
phoenix,8829b6c28dfffff,3.3080214987185825,1.0502969485082714,2.6806795551585827,89.99636906212521,114.35029513676865,10.528731833939792,0.1,20.79808169805518
phoenix,8829b6c047fffff,2.993249619444263,1.0295511930514303,1.8642188858642885,106.76945443838903,3008.29539622729,2.166447494830008,0.2,0.13399052551089952
phoenix,8848eba491fffff,5.375118140955701,1.0632818836193578,2.348590278864215,52.25120933320863,0.0,5.816763135405032,0.1,5.991754633793709
phoenix,8848eba4d1fffff,7.522562207769723,1.0444316312770598,2.3942732303864176,39.08668551600303,0.0,10.868873553029054,0.2,14.290701966397636
phoenix,8829b6c16bfffff,2.5601077664606304,1.1635071794439968,2.452518443962681,114.88486965743783,0.0,10.949099685358743,0.1,18.056513805828263
phoenix,8829b6d169fffff,5.8843814779360715,1.1942703586229564,2.1481648731603347,49.803854161454886,0.0,8.844785142333622,0.15,10.78189979080278
phoenix,8848e969c7fffff,6.10919257884261,1.0923146867847684,2.344153896627745,48.0419237089653,306.0939991814094,12.83528016334997,0.2,15.946731974972518
phoenix,8848e969c5fffff,5.976542108536868,1.118855388690396,2.600242970725804,52.56151800649736,5542.4472205234,7.426290875455423,0.1,7.9738430998369525
phoenix,8829b6d293fffff,4.446661558136613,1.09125926599699,2.689004454249542,74.96260486103142,0.0,5.807772344202317,0.1,9.63277740254027
phoenix,8829b6d299fffff,7.299654882513088,1.1210148448946367,2.2942233044559233,42.648695003756295,540.7855918255535,5.162424409521325,0.1,8.423270918323992
phoenix,8829b6d29bfffff,4.628560173810423,1.034562820674295,2.8500543421009046,67.60745422272737,16.491581626470854,2.779491514040231,0.15,0.909555636804015
phoenix,8829b6d2dbfffff,4.2289349532814615,1.0356079362244184,2.1664743263064157,68.7682193609887,560.5802377647725,19.452609390076027,0.1,18.35384574780989
phoenix,8829b6c33dfffff,4.094368517196065,1.022966675437976,2.293962819309225,72.94353619281299,0.0,9.188415495626913,0.1,10.883604511311027
phoenix,8829b6c15dfffff,3.901394913010684,1.1611820686949268,2.7669096151632657,78.21486048641236,59.075369356256815,4.4274636926349284,0.15,3.5423662062694623
phoenix,8829b6d32bfffff,7.678667460872354,1.0689137594157276,2.1970719010285786,38.52490516078567,221.40740115574962,8.98184377724477,0.3,12.18338876613413
phoenix,8829b6d103fffff,4.367221934339831,1.088479302570831,2.3777071738488655,70.30875612121353,0.0,4.967451661277693,0.2,6.189881323824242
phoenix,8829b6c155fffff,3.4651323569497365,1.0449887645475138,2.2268169368406783,86.57677949828208,0.0,1.0952887641721418,0.1,0.521740570632975
phoenix,8829b6c169fffff,3.8400649395166733,1.274829498387739,2.640308766949318,76.37789829210297,126.58701382198863,5.217910334624131,0.1,7.305248109486575
phoenix,8829b6c067fffff,2.5968359142298914,1.1580595597877665,2.0370043482064735,117.6645601214931,0.0,6.163537175105995,0.1,5.536194729138288
phoenix,8829b6d8b3fffff,6.8881792832454884,1.080699858712264,2.5138691970810543,43.000572429113,37.79260807512907,2.5152705958696666,0.3,2.1004764792846533
phoenix,8829b6c16dfffff,4.4144469865093585,1.1251892347757542,2.443829201025542,69.6297973720556,10232.49131507268,6.698498070310626,0.3,9.474427833883023
phoenix,8848e96981fffff,6.756048138609315,1.1159403401522723,2.079584601007416,45.226965422193025,540.2274498227637,10.835508761627404,0.4,13.382364771119656
phoenix,8829b6c0edfffff,3.6764685519662264,1.1539441125285899,2.339052056189903,88.9877036081786,246.3251684556819,1.579789103241945,0.1,0.10179943694511095
phoenix,8829b6c22bfffff,3.3837889484577315,1.066327241537495,3.1755407087209537,93.32422278527204,3583.2104284536017,11.79553449843626,0.1,16.845376810488098
phoenix,8829b6d223fffff,4.380787166129146,1.143962759335725,2.181347875362814,69.10198486151467,0.0,5.883743108505524,0.1,10.52133846627544
phoenix,8829b6d8bbfffff,5.635910429329139,1.1208054441796766,2.146467718237933,53.19402281614416,324.7617389897375,8.548733110312211,0.3,7.864149687304798
phoenix,8829b6da43fffff,4.046261748845888,1.2744629074672122,3.3039712604256524,73.64323330412087,1805.811210199769,6.633312078469082,0.15,9.160928647076544
phoenix,8829b6d8b5fffff,8.435127091886365,1.1395636451120077,2.874910300166583,38.95275376318598,25.00864775419473,0.5153608419428725,0.1,0.1284176888069989
phoenix,8829b6d247fffff,5.260159146772282,1.1272552315369742,2.459636020312155,61.90706717321356,0.0,5.994744812902144,0.15,4.922789239017153
phoenix,8829b6d19dfffff,4.214811659463056,1.0553120166467829,2.5897748836560543,73.00262326110821,0.0,10.11230107950632,0.2,15.185919646772224
phoenix,8829b6d19bfffff,7.519946650273961,1.130760506644643,2.791240625425432,40.30730833431011,83.69612276696738,3.124805558644373,0.1,3.6159372546201243
phoenix,8848e96d23fffff,4.123820591981699,1.1458255057807303,2.251630095054586,71.64582911997266,0.0,1.951748038365486,0.15,0.44796107572691923
phoenix,8829b6d295fffff,3.2114243800880025,1.0426505119685883,2.7770489454518614,100.08909860108972,4200.261081829884,5.862638794918605,0.1,5.543485462313705
phoenix,8829b6d283fffff,3.3418643070980765,1.148284420618561,2.8115791634444505,91.6194516427782,37.123398441681616,8.252503919061144,0.2,10.248692928593753
phoenix,8848e96b03fffff,7.007105387346189,1.0073019969805628,2.583933452225744,44.290018549834336,44.469809768543875,0.30010523516165394,0.1,0.0
phoenix,8848eba68bfffff,6.9040627858229024,1.0448382105343224,2.0781862540723077,42.62762471869326,734.4493469351194,5.667671512757301,0.3,5.4775414526624875
phoenix,8848eba68dfffff,6.1529046524966455,1.1292882655198782,2.49405927112086,46.10759766264194,22.855478359690117,6.905394300312056,0.15,12.713129709214611
phoenix,8848eba6e3fffff,6.332606181922532,1.1237878374381154,2.9579545547292834,47.828093495860436,3200.3691586047808,9.052051708993949,0.15,15.131037758377317
phoenix,8848eba6e7fffff,7.249840085135436,1.0919487771759084,3.078393522904179,42.04726179159758,0.0,13.201587163543788,0.2,22.95257898628631
phoenix,8829b6c333fffff,3.740241190958666,1.0747255213126197,2.385700682128877,78.25242060238647,74.13235325789596,5.6822983804323,0.15,6.94301229633448
phoenix,8829b6c06dfffff,3.4702036960447855,1.054826039672964,2.6168818631163964,86.79744639209824,163.23899076300023,6.57319363073875,0.2,5.007172635387065
phoenix,8829b6c14bfffff,5.153935020214601,1.1145756688521802,2.593941316613375,59.58682012486522,11.731973896488233,4.246279123593247,0.15,2.9275596200417393
phoenix,8848eba69dfffff,5.247383380263121,1.038496428584317,2.286338473436681,54.10283269039701,225.46675368098272,5.492283584965348,0.2,3.8826184048490266
phoenix,8829b6d217fffff,6.811345947188477,1.1089466654829425,2.46929834968752,44.69127186591849,1653.1685535299525,3.333236027981957,0.15,2.4579993951930694
phoenix,8848e96da5fffff,6.118834225717156,1.1898444470187355,1.9951075532081068,50.625433882518266,199.6563733712802,8.11846552042067,0.15,6.939064945753033
phoenix,8829b6d0c9fffff,7.746530127914718,1.1451349518620124,2.1872336452293966,41.03219604242425,0.0,2.3769794217344216,0.15,3.198977310926546
phoenix,8829b6c21dfffff,3.5806721766690974,1.0592502427536075,2.3727028914367034,85.1454793228513,167.7389824733293,9.538057361218272,0.2,8.493362437161275
phoenix,8829b6d2a1fffff,3.5566868630652886,1.0967984741366401,1.9630937352729414,83.53320399404204,0.0,2.742746424420205,0.15,2.7654368504895395
phoenix,8829b6d2adfffff,5.839586714227519,1.1261181561557558,2.044297695946538,53.05237112308377,8907.816825997783,5.8644556788820354,0.1,4.098594734392442
phoenix,8848ebb4d7fffff,2.9620184338980544,1.1554651217749812,3.1931672603403523,107.42060702272094,106.36079272510645,0.9190379939088842,0.05,0.9540967544663452
phoenix,8848ebb48bfffff,4.166981593536052,1.194742040530842,2.8512517061036053,78.53951833634268,800.2713837298523,6.5434114980100535,0.1,9.526124564031985
phoenix,8848ebb489fffff,12.493525577130367,1.1667654442603912,2.6670018152216084,20.10430981787608,50.446092144199106,1.3784988323112328,0.05,1.7025349363687603
phoenix,8848ebb48dfffff,5.206021144372294,1.1581158451018296,1.783746654339424,51.71526618208372,11.594939727817637,0.29213333394058544,0.3,0.6411904906258575
phoenix,8848e96dbbfffff,4.215593777167422,1.1119521527072045,2.5263716026824583,80.36775650506304,203.8348361866032,6.491849618830654,0.15,18.40799801298282
phoenix,8829b6d2a5fffff,5.606096900385862,1.084414870702003,2.3761384949361,56.39021905531205,402.61616073158484,5.204338233105046,0.2,4.388506916029059
phoenix,8829b6d291fffff,4.805631778464788,1.0808005991677665,2.863275200040245,67.14934691980943,269.9138751485859,10.81948383525718,0.15,11.551519248503793
phoenix,8829b6d297fffff,3.153586391519143,1.1033855117621694,2.2060695954122282,96.89144916951635,781.5079338999968,3.1278015399143273,0.1,1.8196816207363824
phoenix,8829b6d2abfffff,3.3943641899679693,1.0372199826220774,2.028989453401172,91.81213864366727,0.0,5.492091563767663,0.2,6.280622089832852
phoenix,8829b6d2a3fffff,4.947250732900659,1.1007478588868094,2.008033774115754,70.30694535924307,0.0,1.9627798023476508,0.05,2.7485667582710924
phoenix,8829b6d74dfffff,4.43833555743268,1.071641851604193,2.49975376436114,70.25785972109365,40.377516954771444,1.5233496777459212,0.1,2.1602794537585392
phoenix,8829b6d669fffff,5.2416549677847595,1.1048766120364788,3.0875531072539117,61.66075826736383,0.0,9.7386593491046,0.15,17.363645366252058
phoenix,8829b6d029fffff,7.729556611685928,1.066555236349747,2.297443725841775,36.484229896042564,0.0,11.643467938290396,0.3,10.117612129147325
phoenix,8829b6d005fffff,6.008845769430922,1.0645744535319974,2.239925713592087,47.573305540970495,1416.212005290605,9.079530852965032,0.3,13.101786078326658
phoenix,8848e969b7fffff,7.677724285926343,1.0575039435100813,2.5482655233112634,37.4491653729715,14.762019037482187,12.47227678715448,0.15,16.578679382736304
phoenix,8848e969bdfffff,4.812638040316884,1.038791572913914,2.13061856186406,59.143188895740884,767.1589241663908,5.199247130121672,0.2,2.519348383862458
phoenix,8848e969b5fffff,7.035931091729088,1.1132686628034705,3.3240173881523822,42.064670859049684,5.617053857980252,3.542919531209662,0.15,3.29231417764084
phoenix,8848e96987fffff,6.073920383365962,1.0951061062193166,2.2271806358399897,48.60032555210517,13.893360215471676,9.253557416253143,0.2,5.85153636852584
phoenix,8829b6d8d9fffff,5.315804203367547,1.0756193342288602,3.0538866215699967,53.150882111251235,18.38149222352887,7.204151845827731,0.3,7.3084382311435645
phoenix,8829b6c2a9fffff,5.3885973690598865,1.058598987240785,2.3021672544543077,61.24042629252382,241.16337866738925,3.6338511364020305,0.15,5.516622679343462
phoenix,8829b6c2adfffff,2.9095177833213692,1.0279640561309322,1.8694184139187908,108.83819596564717,0.0,1.0358953173798064,0.15,1.0244133985541186
phoenix,8829b6da19fffff,5.519475661748512,1.5470489088660007,3.078014567747474,59.44858173286219,0.0,0.9875187494178473,0.05,1.3677250041680367
phoenix,8829b6da57fffff,4.043620509758475,1.3113720942199467,3.3834087357046374,75.87709605234642,799.13889491937,0.4819607271747174,0.05,0.0
phoenix,8829b6daa1fffff,7.078060589487112,1.1207442778558392,2.758905545988111,41.81509462342627,0.0,6.944496196250332,0.1,9.538348914561556
phoenix,8848eba4b9fffff,6.900141828940113,1.113947833667293,2.5519152181251576,40.82899965088792,121.86722591349523,9.603965295556492,0.15,9.93181180798626
phoenix,8848eba4b1fffff,4.9186025890021,1.1310428151075318,2.4370181526702104,56.70955229550884,31.865230333794482,19.136018741499026,0.1,24.97718407653243
phoenix,8829b6daa3fffff,4.963907915295836,1.1463872778582382,2.803549840686226,60.67896996013409,550.0097074681062,5.843038046543988,0.2,6.321108000108765
phoenix,8829b6c161fffff,4.63090804781348,1.1974963107372834,2.6930323706813697,64.22364470049769,81.85312197886934,0.5821952758536365,0.15,1.393913935406088
phoenix,8848ebb497fffff,5.225237754813739,1.1398824709258037,3.4167349145355943,59.56178539611964,208.8443466054905,3.704809237060334,0.15,3.4147685468440714
phoenix,8848e96b37fffff,3.7512431317460626,1.0600639935200975,3.2191881470841013,72.35696591658444,0.0,0.0,,0.0
phoenix,8848ebb493fffff,3.043633876976027,1.0492392059609716,2.7542600131395396,109.51820974752506,0.0,0.19107559114502337,0.1,0.0
phoenix,8848eba6c5fffff,6.14782428550452,1.1562698797087747,2.790680476658889,46.02908447976777,239.27442658890027,4.989611916638459,0.2,3.2254016523493902
phoenix,8848eba6edfffff,6.587556124831658,1.1052929100139315,1.9817261887258308,45.54040896428281,0.0,3.445667727490361,0.15,4.034117913424028
phoenix,8829b6d12bfffff,4.682462351108775,1.1422998166908858,2.874439162086172,64.31153975323613,1363.4165635096294,2.3365487904546827,0.15,4.229517931011982
phoenix,8829b6da95fffff,6.771035193596044,1.108589430126513,2.463379283140898,42.64582595712617,345.86137172135074,6.379550893938254,0.15,7.628409881323945
phoenix,8829b6da97fffff,4.599718511171204,1.1220524156262532,2.6885287887785396,67.24213037030327,141.06373160056594,6.711423935232743,0.15,5.0017120198870115
phoenix,8829b6dabdfffff,4.828408759574233,1.0774584158150866,2.5231975192779625,62.55127443143717,271.5810666405239,4.4023811529984345,0.15,5.937401648418171
phoenix,8829b6c349fffff,4.027492271118151,1.0861241314502148,2.8999922791657124,63.371971525137944,0.0,2.4475081887116357,0.1,1.1693982533617628
phoenix,8829b6d185fffff,6.007459932335032,1.1014212738411715,2.4734119649551816,45.18191956098001,164.21856363258476,7.526169736677799,0.15,10.474173868768057
phoenix,8829b6d065fffff,8.504580755353144,1.062387400983755,1.9874227568991427,34.17276034648367,4287.050398211136,9.143141474690701,0.3,16.91221190312808
phoenix,8829b6d067fffff,8.168609302722372,1.0567049923167007,2.6366828161259397,36.119372846821555,236.7278122620812,9.114104722048761,0.3,21.64833734086696
phoenix,8848ebb4bbfffff,4.962051155784631,1.1671605498106867,3.430925219614518,57.63911363937748,49.24205699770813,8.78295045682477,0.2,8.950382860352391
phoenix,8848ebb49dfffff,3.8302527043407397,1.1231394367390564,3.129815763168139,79.59737184833165,743.066720283842,5.430823503402041,0.15,8.88814819261825
phoenix,8848eba685fffff,6.83760896880023,1.1206033253190042,2.4848354483073773,42.8357752101694,699.0014879472634,1.8188391407010827,0.3,0.7171765982110915
phoenix,8848e96b25fffff,2.692808369242775,1.111043705966933,3.4311093621528603,111.40785338704248,64.78702842652118,4.886310133708316,0.1,4.7236960718678915
phoenix,8848e96989fffff,5.227571031896412,1.1658345717042875,2.132158275486436,57.35273539577654,110.93278414551614,15.994813475073435,0.3,23.092962976218686
phoenix,8848e969b9fffff,6.418889975518557,1.0409379458830816,2.4212334918742333,44.340280905405585,1281.68280201063,1.655306570532772,0.2,3.0803038279758903
phoenix,8848e969c1fffff,8.0661327400917,1.0957289763191083,2.3578995043651245,39.099854359826715,1563.5636079973624,3.0372656726926177,0.1,5.9887080440448415
phoenix,8829b6c24dfffff,7.273071772950641,1.110167229142429,3.1420478209607925,41.824941880422905,15.650751235599795,6.629039104476963,0.15,10.643192200363586
phoenix,8829b6d045fffff,7.178113134849447,1.0469018072407272,2.476088686278975,40.37025317269426,238.17034629574866,7.640743757453537,0.3,15.183973026611064
phoenix,8848eba6ddfffff,4.160676250132887,1.071443762155943,2.5285120801931367,73.79029883659979,8858.96883118935,10.536111108153044,0.05,16.31318304262717
phoenix,8848e96983fffff,6.495720146862716,1.0674054431115818,1.9998780382698054,47.82393338235206,132.32243322429971,5.387451887707751,0.3,0.6282546505892617
phoenix,8829b6d1cdfffff,5.658020730183327,1.1268606131312213,2.1474361869432084,47.29355943696274,0.0,7.825485317130831,0.15,8.753026841751105
phoenix,8829b6d219fffff,3.971089962007062,1.1821642080800985,2.3033017656875003,75.54600950122378,0.0,3.343124596649727,0.05,4.217249459750747
phoenix,8829b6d253fffff,3.4224501749516034,1.1451478453556727,2.395193270720161,96.61065739108912,0.0,4.862174113538096,0.05,9.353999025720537
phoenix,8829b6d251fffff,5.7395842839003475,1.1911107584536957,2.137304975019693,56.3977120909787,0.0,14.097072026047293,0.05,19.27989639466052
phoenix,8829b6d00dfffff,7.405771426712601,1.0738639025914867,2.236818022581297,39.13801073127564,0.0,8.708668772738157,0.3,7.874673468408404
phoenix,8848e96d9bfffff,7.536578888185219,1.2786493308889173,2.0762959318086867,46.44016936499931,0.0,0.11539354200412724,0.05,0.0
phoenix,8829b6c0cdfffff,4.604648778902208,1.0560151623764067,2.9792460493181476,68.58057776982025,0.0,1.7504117793676006,0.2,0.8627232044147952
phoenix,8829b6c039fffff,5.840948461249615,1.113258651785214,2.356110945613888,54.06475947857452,0.0,9.990861230428076,0.05,12.590979772273805
phoenix,8848e96d33fffff,5.818338754123287,1.1717157624770096,2.148504549746494,47.21130371276948,0.0,3.191379405403798,0.05,4.349505109635558
phoenix,8829b6c21bfffff,3.768453924720308,1.0842958453309195,1.8860559034675617,88.45360457951554,0.0,8.545685318613316,0.1,6.857557926568555
phoenix,8829b6d12dfffff,5.961364298275287,1.1021206942142785,2.9781154390829037,47.92766746312537,0.0,1.4629337657349997,0.1,2.461505922886527
phoenix,8829b6da81fffff,4.405025870310828,1.025778008721287,3.390558840815619,78.91418980350252,0.0,3.224823580236111,0.3,0.9039175490795781
phoenix,8848eba497fffff,6.905506411943076,1.162798510860878,2.133830546825141,38.73165175017257,0.0,14.45649682277106,0.1,22.800639337375593
phoenix,8848eba49dfffff,5.327425791294589,1.102136209149737,2.2017258958259096,51.80738518235293,120.29348925974195,9.54113662025049,0.15,8.173788143663991
phoenix,8848e96935fffff,4.5072516558960265,1.1598379422661746,2.8756677625793436,66.95325022161482,79.61864365359472,5.3375323121281175,0.15,6.866714890275922
phoenix,8829b6c157fffff,3.7064174328942463,1.0985083793070316,3.2309037363203514,90.7516874322973,696.2122330791212,4.483343661046289,0.3,7.783096051080085
phoenix,8848e96969fffff,2.090254005665518,1.0862603293442792,3.03514143279237,153.77488599823604,0.0,1.6203692757082777,0.05,1.871899028331116
phoenix,8829b6d89dfffff,6.735931412607471,1.1452415830386422,2.0180695987312784,47.84626458982129,86.36660152403071,3.379416121309021,0.15,0.6781483839102103
phoenix,8829b6d125fffff,2.1548918519175104,1.206312970785188,3.0315188853635178,170.15548429513606,0.0,1.1328790477146868,0.05,1.4717895619580368
phoenix,8848eba4c3fffff,8.310878246199552,1.0773481780777459,2.8513951069253407,34.61284107721715,86.81091080661855,7.095450180602736,0.3,11.962530480177783
phoenix,8848eba4bbfffff,5.785596411076403,1.0860167167788524,2.3589889021933836,49.285932614583125,0.0,5.967432613805084,0.2,6.737905625356527
phoenix,8848eba483fffff,6.876504081372838,1.0908455148039529,2.555819093820622,41.80102716718209,99.05389501376494,4.392680910001574,0.2,2.6963250030234653
phoenix,8829b6d339fffff,8.10233127612101,1.0406138977026254,2.0315640706373754,35.61783085455966,164.29395095062395,6.616025543287552,0.4,7.612468527477625
phoenix,8829b6d307fffff,7.970332595517929,1.031329156821436,2.2182319405043347,37.29440399951537,0.0,15.047482234831886,0.3,19.201397343375547
phoenix,8829b6d321fffff,10.170574685183734,1.0967073161554335,2.2165764244358233,27.92222772175897,0.0,4.201244299586755,0.3,3.1995355376253993
phoenix,8829b6d11bfffff,6.18753593454839,1.187054985382894,2.2878244014627236,43.8343175641105,0.0,6.359155300171396,0.15,5.645091815090705
phoenix,8829b6d013fffff,5.757762063025265,1.0672128839560509,2.213865441764661,50.94174783729625,2714.508394444699,6.447905425887017,0.3,3.4271114561981992
phoenix,8829b6c2e5fffff,3.64988760950074,1.046708252501012,2.3761090709830253,82.19431174239277,0.0,9.069844880146379,0.1,9.4649213566525
phoenix,8829b6d01bfffff,9.586850293835324,1.0405797270223538,1.8530750047973694,26.794360945274512,1207.990750306865,10.51541425709692,0.15,17.14779387262197
phoenix,8829b6d23bfffff,4.889072689580016,1.1137489701778804,2.2660563843262005,64.92154310186297,551.5611414232444,9.755785245541377,0.3,9.539941899413055
phoenix,8829b6d0a3fffff,6.955142951071332,1.1046977738339339,2.4664208972179305,41.587543759025515,32.09109962074658,9.304605634932221,0.2,6.964156734844647
phoenix,8829b6d1e3fffff,5.4469661290309945,1.08724285102184,2.4950999183168645,48.95691663023179,186.16547547626593,12.04493422638069,0.1,14.510199034593427
phoenix,8848eba4a1fffff,6.914921393415737,1.0990940422185511,1.8892960591081134,49.16903326243765,0.0,0.16226673479391143,0.05,0.0
phoenix,8848eba495fffff,7.90607645037356,1.0784249363947098,2.261688926653887,37.94549697098174,0.0,12.822865445050425,0.15,17.8445080367854
phoenix,8829b6da91fffff,5.240583173473629,1.2312439919061107,2.7366729813580517,59.79324977107512,990.870978164855,5.105421471658795,0.2,3.7312163816110844
phoenix,8829b6d853fffff,4.002135608588665,1.3243893811678877,1.6300251504890597,81.47823772436642,0.0,0.34061021128305263,0.2,0.0
phoenix,8829b6d31bfffff,6.883352947302677,1.0381855729749525,2.057749923542433,42.112495986989835,90.24849240091991,14.563211394772175,0.3,16.808333380308284
phoenix,8829b6d04dfffff,5.584881674921926,1.0115444099207875,1.8262173537952198,54.174722510139695,677.979475570943,10.105683299596425,0.3,15.1388465282102
phoenix,8829b6c037fffff,4.919617751294876,1.2087493291773765,2.2549068754211135,63.79149826253077,1020.2921721515706,4.924020097095754,0.15,7.025136406578809
phoenix,8829b6d527fffff,2.7375958615666693,1.220916243369113,2.013233184327675,115.67327051898921,0.0,0.9572803832628285,0.05,1.510014446139369
phoenix,8848ebb4b9fffff,2.7112460041204387,1.1290687560113624,3.2817189052901177,127.6733448856267,175.75956707592192,6.037732759405901,0.15,8.332127528667346
phoenix,8848eba4c7fffff,7.007099928639327,1.0848015707145646,2.8961997951337426,41.32598257829059,111.59921391402699,6.425157014913016,0.3,6.895327207211924
phoenix,8848e96999fffff,7.211784582666704,1.1452523916033954,2.728684031086798,41.697272058706986,542.8142079768842,7.5283970241297835,0.4,15.544273476780631
phoenix,8829b6c15bfffff,2.832790861364383,1.098285106484679,2.624578581897779,104.73886397684609,0.0,11.104949326516705,0.1,15.505696285545442
phoenix,8829b6c303fffff,3.2051676774248534,1.0894531606384166,3.463711435889043,95.76119690433968,0.0,7.651690245668845,0.15,7.186269190651409
phoenix,8829b6d1a9fffff,4.209459341781219,1.1300226693398094,2.649722718100995,68.6974456808143,490.05952393015195,8.929637127978594,0.1,9.978327903559801
phoenix,8829b6d159fffff,8.406121661446436,1.0583087870976409,2.0049354720008616,33.335873678974046,99.84809705981358,5.348916259780313,0.3,8.913221515948848
phoenix,8829b6d301fffff,8.500751666801463,1.024643010608698,2.1517200998808943,34.16241696891764,691.4336866335723,11.051202862189491,0.4,10.477669363754101
phoenix,8829b6d303fffff,9.032860595993453,1.0275443874921035,2.1345437050486074,32.17615494322121,3793.537536569112,11.466360895524794,0.3,16.480506847073542
phoenix,8848eba6cbfffff,5.441957115080362,1.0703954161140945,2.9547752707376187,53.3889801768955,4619.078059525058,3.5443208271844115,0.2,6.8505954948736285
phoenix,8829b6d329fffff,6.659635205152179,1.0584428570516384,2.3287341134290145,42.780511037929585,1736.8941561818447,5.589381268385052,0.2,7.6081971956657295
phoenix,8848eba4d7fffff,7.543041948260051,1.035366918855193,2.1966320222644695,34.639913760643594,0.0,1.0245940929212893,0.05,1.3241160160962382
phoenix,8848e96d25fffff,4.864331392783351,1.1364169351563258,2.4373812730049953,64.61025964472401,0.0,0.9095013575547609,0.05,0.7324326014398608
phoenix,8848e96d27fffff,3.9324016477348045,1.1156231642932823,2.2797669557489355,85.49658114027868,0.0,7.882144079845224,0.2,8.646178692421355
phoenix,8829b6d287fffff,7.36210819628208,1.086496390944686,2.7397381665840186,41.380424186471025,292.618199281168,15.028108279513464,0.15,22.607703843645044
phoenix,8829b6c2cdfffff,1.9772499618894646,1.0032102737747202,1.4869546611874473,171.30341835772916,0.0,5.40600393290223,0.1,5.527091874695783
phoenix,8829b6c2c1fffff,5.114272029277818,1.0255907809639828,1.992233517719078,61.1035154585095,0.0,3.176107400199764,0.1,4.736523654322831
phoenix,8829b6d033fffff,6.267998254098002,1.1301047637739234,2.3277859545220845,47.714447571605575,80.31076008385955,9.270598084337529,0.3,9.827926013376366
phoenix,8829b6d009fffff,6.124933341888446,1.090210196838587,2.1604304987009577,47.42520028579292,0.0,8.955879145007993,0.2,9.392158695827256
phoenix,8829b6d265fffff,6.46001247011771,1.0587228645554716,2.30810532507666,44.45064217982004,109.75055896155547,7.8568935388110575,0.3,13.419485115303424
phoenix,8848eba6bdfffff,5.948003489625062,1.154228858964854,2.945074203006134,48.627689722432756,28.516953638325724,3.3627526150004976,0.2,4.713084430804645
phoenix,8848eba6ebfffff,4.8010617974152305,1.1752147866314335,2.3008824640899803,59.63531844479801,2978.7149497974465,16.50090052343361,0.15,16.294707576292957
phoenix,8848eba6cdfffff,4.626076397360895,1.18610359369059,2.916758993000268,58.479665645063186,0.0,2.514131713436975,0.05,2.6573872739449405
phoenix,8848eba4ddfffff,6.789972592122013,1.0891078665817928,2.215018892903214,43.664743566754886,0.0,2.732339818328407,0.15,3.431387644235324
phoenix,8829b6daadfffff,7.002370752373007,1.1101804079128317,2.618268371350764,45.90282102952683,0.0,0.0,,0.0
phoenix,8848eba6a3fffff,5.238869585507124,1.1931187364188227,2.3972786426078443,53.196308868067916,68.74605013765213,6.505381285781738,0.15,8.85565086621867
phoenix,8848eba693fffff,6.955963114213653,1.0620538682337852,2.2356009773901193,42.958331310978664,0.0,2.082453856336979,0.1,3.5499596486907805
phoenix,8848eba695fffff,4.0082419819851784,1.1896633429404437,3.2967475916575206,70.63758410620053,3.0791835787765596,0.017134732451172904,0.2,0.39046731559818504
phoenix,8848eba697fffff,7.590050064270176,1.244253797515888,2.4882218814751766,39.99597183165858,29.879440616666738,4.337158683176223,0.15,5.712701377173067
phoenix,8829b6c117fffff,2.9733318395630444,1.048916413556671,2.9804610602379076,99.36817059005593,0.0,0.2263602714745666,0.1,0.0
phoenix,8829b6d311fffff,7.416053351141009,1.0342605738792627,2.1802027131352,39.05016523411185,203.24759705267485,16.22640694468624,0.3,19.44681731182805
phoenix,8829b6d661fffff,3.529785950379027,1.198402104870104,2.908941123889987,90.49966455052113,0.0,0.1889504520546592,0.1,0.9483815795569868
phoenix,8829b6dadbfffff,4.040619390854438,1.2351116872144272,3.2055709120294926,76.35231345871308,0.0,5.684388023831226,0.05,6.608733255917157
phoenix,8829b6d357fffff,10.907520469883176,1.044532919251073,2.210930625428279,25.823853269176006,1501.075747261218,10.74153232082911,0.4,17.00512959240385
phoenix,8829b6d1c1fffff,4.040818253959899,1.1329652093202094,2.1204512651545873,69.68364565579778,1518.661814410497,3.3051618967662026,0.2,0.0
phoenix,8829b6c023fffff,7.07753088448577,1.1171142873642517,2.212963931201885,41.47482089921313,0.0,4.690546089733033,0.1,6.940105359297437
phoenix,8829b6d259fffff,4.896188986868142,1.1875229731868975,1.9520340409407229,63.38497725855138,0.0,0.05583235959622911,0.05,0.0
phoenix,8829b6d25bfffff,3.8927029454599698,1.2225121753844408,1.9924646912154997,82.24205375482552,0.0,9.189507959486894,0.05,10.066791549216425
phoenix,8848e969b3fffff,4.558873879665042,1.0318140030280627,2.195788424605728,61.46106343603495,0.0,9.49219041402067,0.3,9.404360008196928
phoenix,8848e969b1fffff,5.5472744506402725,1.0406757463843512,2.8304864078507945,55.017073323202766,3.057481274896181,0.0736400993680988,0.2,0.10499505979692714
phoenix,8829b6d269fffff,4.981769170186311,1.132872144027574,2.7192703337335935,63.80406879535433,0.0,0.3015609435736975,0.05,0.0
phoenix,8848e96de1fffff,7.058771831709203,1.036799797047415,2.1388091161318474,45.73654320338755,138.1968560760512,12.528296228787088,0.1,15.661765560155997
phoenix,8848ebb4bdfffff,7.023091210748816,1.067792409849482,2.6490239874779933,45.04620926458174,36.211172301794015,7.670935778793373,0.15,9.386823215713644
phoenix,8848ebb487fffff,6.426239173998625,1.082296949642406,2.6388048897111966,50.345062330351176,0.0,17.906027366273833,0.15,28.48845612191039
phoenix,8848eba6a7fffff,6.529264906219588,1.0854645270564263,2.7399185457639166,46.56788450479628,0.0,0.0,,0.3461370111038091
phoenix,8848ebb485fffff,6.815006053208868,1.1737227369881367,2.59741945039474,46.17093073096192,661.1219242899278,7.593164057564644,0.1,8.215915526246187
phoenix,8848eba6adfffff,9.576575936341522,1.2160513754245785,2.909753728655355,33.257518428512896,0.0,0.35093508810438745,0.3,1.968665915255266
phoenix,8848e96d37fffff,7.379203931668617,1.0764779203179833,2.4742963650059564,36.33653677399793,5555.041470139686,9.263575951615309,0.1,6.145958205098111
phoenix,8829b6d317fffff,6.9562738329348575,1.0819655505285095,2.30873418096943,42.54148696059689,306.0476110099651,16.26096231204927,0.3,13.008422095678142
phoenix,8829b6d33bfffff,7.349866831067925,1.051023072990488,2.061798710584808,37.853911514405056,70.30108754015173,12.94991675335212,0.3,8.28573446063648
phoenix,8829b6d66dfffff,6.924538314967953,1.1466763584610562,2.2490068428569887,46.76261565476258,330.04494708651515,2.7845208698473964,0.1,5.0607042182202715
phoenix,8829b6d101fffff,6.858803582347303,1.080492629435428,2.7904589234331363,41.313651130086484,1249.9286136211567,4.875370959648144,0.3,8.11971529933228
phoenix,8829b6d315fffff,8.374597532055741,1.0955479675590325,2.245064190507555,33.3948959549366,663.8075672888577,12.738742731208461,0.3,13.335918094068978
phoenix,8829b6d02dfffff,6.790214063100427,1.1704004863435342,2.680531136351007,40.4514663166335,225.83448210112317,8.539519355311828,0.15,12.043985585333512
phoenix,8829b6d115fffff,3.856717257215345,1.1173061259223263,2.5075281271179115,72.23940636376629,0.0,6.154366605301729,0.1,7.616350475003443
phoenix,8829b6c119fffff,1.8961116688720985,1.2566759484033252,3.1182829131864507,170.12745106577893,1242.8056109007225,6.051393666640608,0.1,9.48843634534488
phoenix,8829b6d157fffff,7.2281974767148895,1.1321147690282973,2.272582522706482,37.69127093009631,2454.139146645021,7.244846246857206,0.15,11.047300755957496
phoenix,8829b6d363fffff,6.976970947752735,1.0404563606966932,2.2771444152644005,41.77292965126673,0.0,12.694152909174607,0.2,20.182029965656678
phoenix,8848eba4d9fffff,7.29571912243109,1.0691223965211147,2.4059469880308444,38.575652519737055,0.0,5.0770769242273985,0.3,7.292270411954306
phoenix,8829b6d365fffff,7.782446052725975,1.060736096923012,1.813303253082442,36.71265869092764,0.0,1.342831479621032,0.1,1.7811362920083722
phoenix,8848eba4c5fffff,5.395050423560459,1.1718336491185097,2.9830548311115233,54.16769445678552,1912.1438351220113,2.455848167325286,0.15,2.847372868750206
phoenix,8829b6d367fffff,8.762426844034875,1.0802964569685978,2.386976553124639,32.63423036443873,1228.6617292794256,8.817310903100296,0.3,13.141172947856374
phoenix,8829b6d361fffff,5.892904570320842,1.052111270799115,2.744749459998528,47.17678615658475,0.0,7.694843757393761,0.3,6.16397815519133
phoenix,8829b6d149fffff,7.044388614412774,1.0653497630754645,2.550843998439435,38.96499059135958,0.0,6.4834637650091596,0.15,4.1891104710997205
phoenix,8829b6d323fffff,6.893536995942807,1.0121163327210252,1.7899949907346135,40.34876370837517,0.0,9.415417495631225,0.15,15.306396280962957
phoenix,8829b6d30bfffff,10.094879721983464,1.0437846984833383,2.5438092835364055,28.567457136409505,584.4921980457981,10.414862148640191,0.3,19.51863552230017
phoenix,8848ebb49bfffff,2.9727797563167835,1.0457173601970013,3.3327204450502053,103.97369950940013,181.03071042125663,3.5419169255366443,0.1,5.089796946197278
phoenix,8829b6d22dfffff,8.385161651938896,1.0879352659117374,2.170987200438943,33.86215729734853,319.6839894611457,6.0818311849384985,0.3,12.554649684165486
phoenix,8848e96995fffff,5.76483017522164,1.0502846685602325,2.416045281282007,49.491611338283285,8.293395376204584,3.897965610547686,0.2,4.934614481314803
phoenix,8848e969d5fffff,4.436912084460299,1.2033824091362522,2.4331398980157886,70.55226294218197,52.532854011600854,12.19595869180729,0.3,13.490233558545393
phoenix,8829b6c343fffff,3.422757322063858,1.1169216978187302,3.2827498620425093,108.20818875556269,0.0,2.35548699791846,0.1,1.5118906022936986
phoenix,8848eba60bfffff,4.9707662954168965,1.1788474041302452,3.1073932230431027,64.40533830513472,1094.4860547146218,0.12060228053336164,0.15,0.0
phoenix,8829b6c103fffff,6.032789935971154,1.0910865082284906,3.422119865913449,52.99834646156847,0.0,4.321317646616432,0.1,6.938660070439947
phoenix,8829b6c363fffff,5.602454678187673,1.0966067611658445,3.41527239269492,58.44776962980865,1803.1122164774852,6.6132853559110565,0.15,15.204880439058298
phoenix,8829b6c34dfffff,5.332730728490185,1.0832603402211622,3.477871723234291,54.05022469590412,0.0,7.682037102094625,0.05,9.88674052283947
phoenix,8829b6dad9fffff,2.1894102113832408,1.1509012326290695,3.2793201176516638,132.77442158038798,0.0,13.910799942395705,0.1,14.829817606375105
phoenix,8829b6c321fffff,5.451819148368141,1.1417963945421479,2.427897431538778,52.27911617909476,0.0,13.471674806256626,0.1,18.06397931161197
phoenix,8829b6d831fffff,4.4454336332614535,1.0718340377176094,2.782581386740145,72.30533575478233,0.0,6.592642189260822,0.15,7.436671032339532
phoenix,8829b6d14bfffff,6.189557094970556,1.0683116534382997,2.3515012806648463,43.83477287540149,0.0,9.981163467365649,0.2,15.925200431515059
phoenix,8829b6d141fffff,6.447815892611042,1.0715993217733346,2.2157419246587478,39.58623501289109,0.0,15.473167550177916,0.1,21.833465233671628
phoenix,8829b6da93fffff,4.980640594929637,1.2078052369734278,3.057284712492445,65.50787598945132,27.645231755340404,3.465905484629238,0.2,0.0
phoenix,8829b6c03dfffff,5.973806979408896,1.1373385589928677,2.0864054056458947,49.65707664597638,0.0,11.433133908927893,0.05,13.102649366366418
phoenix,8829b6d2bbfffff,9.898179473095952,1.0273711440187996,2.166452244690982,36.73770157681585,0.0,1.1819098240251407,0.05,1.512574951066096
phoenix,8829b6d227fffff,7.646955961660585,1.0783764680129058,2.866373887377497,37.669395185903475,16460.946669871886,8.08999511000284,0.2,10.482431282075112
phoenix,8829b6c027fffff,14.078179101152166,1.047198028366425,3.3541111394500223,21.068787899370466,0.0,0.08538766259111136,0.05,0.0
phoenix,8848e96de7fffff,7.6941178834270145,1.0920787813246142,3.1758441736233083,39.790852206573184,1474.5703069786753,8.591960659408135,0.15,7.977683650334524
phoenix,8848e96d2dfffff,5.508298639999945,1.0994846788153327,2.0372327238547863,58.18726279387492,0.0,0.742799846778921,0.05,0.0
phoenix,8829b6c255fffff,6.184072494700411,1.059232372072376,2.2960784413997297,51.35936927732735,9.723717994213228,8.017608451733018,0.15,7.731484834473198
phoenix,8848e969c3fffff,4.892490776085291,1.2104304980066845,2.56320755835034,65.86056815830058,782.6756562238946,8.259571398504438,0.15,8.895442027227727
phoenix,8848e969ddfffff,9.725880052534423,1.0403342041436785,2.3493516530182483,31.4939424146494,1712.090265044669,1.4068662211869187,0.2,2.749853885643415
phoenix,8829b6d839fffff,3.0538425829208995,1.0139823855868184,1.8663532967452061,96.74845295134787,0.0,3.538574835496502,0.1,4.1953873707764195
phoenix,8848eba6c1fffff,4.782241394131138,1.1932354250195851,2.417556200549179,60.102601690774684,266.69980474554615,3.825183520502206,0.15,6.965814007702874
phoenix,8848eba615fffff,5.389954947504068,1.1850923272056637,3.3355578822899914,57.37167977145439,298.1946904532174,8.15489967905109,0.15,14.34255120447774
phoenix,8848eba63bfffff,7.769657186921968,1.1272844460920053,3.318413007096317,38.41964394375344,0.0,0.8171782352022141,0.1,1.195067347988938
phoenix,8829b6d241fffff,4.890914952415809,1.1193429181928953,2.7454912395714235,61.33821645208097,0.0,0.7936260365317124,0.05,0.529717012918745
phoenix,8829b6d24bfffff,3.9081713277994123,1.1606527388563057,2.12020822394067,56.860921280887055,0.0,0.0,,0.0
phoenix,8848e96d91fffff,6.088787409885204,1.1976626628646376,2.3941163796096725,57.65742932940616,2495.2450299607217,1.0756496657601224,0.1,1.6749162787618914
phoenix,8848eba69bfffff,4.446256074947253,1.1555736767614064,3.004402703941683,61.79913395519723,3.6073939484613877,1.293152052427188,0.1,1.876867874542416
phoenix,8848e969d1fffff,4.525377288080706,1.3641686761173695,2.838019484245034,69.6771330306132,145.92359996652542,13.341906182754283,0.2,16.339039176534325
phoenix,8829b6c11dfffff,5.003793313630925,1.0673951037301412,3.301247053418098,59.66696311492741,1324.0125100746272,3.0593846682360555,0.1,3.853645085550534
phoenix,8829b6d8a5fffff,5.873135958059884,1.1721448256410514,2.7570046081980326,50.918390966413135,38.91118139400644,3.8623779833713163,0.3,3.437128903016465
phoenix,8848e96b35fffff,3.2283351920296037,1.0782868199552775,2.7184734013300127,108.41501243864352,0.0,2.1995889171832324,0.05,3.598891402489575
phoenix,8848e96d67fffff,7.226620868339709,1.054422882211401,2.0927177093952483,40.69919432848235,0.0,0.0,,0.0
phoenix,8829b6c031fffff,5.270904955407707,1.2025982842666767,2.368300520605348,56.822301488811924,0.0,1.1570569371631991,0.1,0.6834994810728112
phoenix,8848e96de3fffff,6.808367589341977,1.1089654385878513,2.2873744363750523,44.72750223892901,88.89023980922316,7.530865836003463,0.1,6.3814973832189885
phoenix,8829b6c033fffff,5.473923579747667,1.155599022407358,2.899599906830447,54.97444776892509,0.0,15.724379823955385,0.1,19.399418583867458
phoenix,8829b6d243fffff,5.339761388958525,1.1654103816707766,2.202658680370149,59.48712605030533,0.0,0.28136380996072935,0.05,0.6435222588054721
phoenix,8829b6d36bfffff,6.694079450019706,1.0673543134704424,2.826239609663677,43.84748055502318,0.0,8.32528687041113,0.2,14.786047434309669
phoenix,8829b6c2bdfffff,3.0576753480470695,1.0454589216862562,2.51848028295632,105.12187686435286,0.0,1.212735375333705,0.05,2.021155008673002
phoenix,8829b6d127fffff,5.707646983057101,1.007083173865079,2.004233273550542,54.45515669301888,0.0,0.0,,0.0
phoenix,8829b6d26dfffff,3.620204597844635,1.2520048950955946,2.2793339352211133,83.56461637098458,1402.564282912259,1.0349876329075922,0.1,1.6708912580007136
phoenix,8829b6d245fffff,4.274504195177746,1.167325221247219,3.1750061364480393,72.9631259856193,0.0,1.8824908249633716,0.05,3.7030185392969948
phoenix,8829b6d815fffff,11.358756364560165,1.1684872969120175,2.4702768698634596,31.69361050151726,0.0,0.0,,0.0
phoenix,8829b6d06dfffff,8.814272991977711,1.086659155470486,2.1868087371354066,33.499311715223655,956.7543665202028,9.151492641051618,0.4,11.065309100015046
phoenix,8829b6d837fffff,10.272359086111,1.0632855566025474,2.2371958794719036,31.310960238477566,0.0,2.200043956207911,0.2,1.5068896731413304
phoenix,8829b6d9d7fffff,9.371945674200322,1.2406332034229626,2.028078498917114,35.316670305091115,0.0,1.3864024006815867,0.1,2.1337330855073082
phoenix,8829b6c105fffff,7.6711717860524615,1.0928543956601764,2.3662655432031956,37.24519456515946,4.068257166484009,0.013710723228416936,0.2,0.38168842167800276
phoenix,8848e96d31fffff,6.246004738194798,1.0918665587582495,2.702650112947987,48.92016070481982,689.5848473373323,4.113935237229035,0.2,3.9793523216783546
phoenix,8848eba683fffff,7.4843477202705575,1.0784074831490265,3.512113459739796,38.6302384938,4055.3982291718794,5.196563693270061,0.3,9.233430964868793
phoenix,8829b6c213fffff,1.81484220614494,1.0053035945361075,1.3826163803351057,181.04683010947545,0.0,4.064326220930299,0.3,3.962998554661409
phoenix,8829b6c221fffff,3.7596103582962423,1.30883099272007,2.601173258306675,82.14242966170451,0.0,0.48229418679478914,0.1,0.6795411321426883
phoenix,8848e96d3dfffff,4.26688322339995,1.259723379466169,2.294308242504352,65.10086244086104,291.4787398298951,1.1537111159270437,0.15,0.13388832662333883
phoenix,8829b6c139fffff,6.839656622714599,1.1016598252481868,2.9500617853959383,52.2164893419913,267.6241242513249,0.0,,0.0
phoenix,8829b6d1adfffff,2.3533049680978455,1.1788401688606762,3.222441243464841,133.4096059066491,0.0,8.929455036267328,0.15,11.902349966662127
phoenix,8829b6c1d9fffff,5.634513108186363,1.080668089834129,1.89826423582211,61.73134755000684,0.0,3.2315860570561927,0.05,4.064625802006601
phoenix,8848eba4cbfffff,6.843825676153885,1.1410534107258885,2.682694405304379,42.1491651177838,0.0,0.27005716051934947,0.05,1.416216763469773
phoenix,8848eba691fffff,5.922956275419818,1.0512396112962061,2.6047901778423426,49.28145309855468,3.0837415834433073,3.316775270609091,0.1,3.4095787540561027
phoenix,8829b6d369fffff,6.986020753369477,1.0611618620871444,2.4005987924078753,41.58680972273771,220.39850265001914,4.5846962441955865,0.2,8.013254297312159
phoenix,8829b6d25dfffff,3.1717486520965323,1.4474345774515736,1.9748846415927717,99.9679374095805,0.0,2.192174826301216,0.05,3.1014637324247936
phoenix,8829b6d123fffff,7.365431106870283,1.0434884334939636,3.3246881353302515,37.091634192848474,635.7982006089159,0.21147844256548834,0.15,0.0
phoenix,8848eba6c9fffff,5.351512833322891,1.1457755731938637,3.207636687429684,55.240536118203806,129.32738805514185,3.898667304094122,0.15,1.5208746457756304
phoenix,8829b6d135fffff,2.1501516270290115,1.3768730468384331,3.325888392926237,144.17587862319493,23.385228667148493,12.583967267203082,0.2,15.993427417807569
phoenix,8848ebb4abfffff,5.009834676642324,1.1740454823613728,2.546493562734192,67.6929393226803,0.0,1.5702500956298666,0.05,2.9598525190515534
phoenix,8848e96d07fffff,3.4638983718609913,1.2065591389608976,2.1966539141408457,83.2265434315859,0.0,1.7781113914008315,0.1,1.2226891986313149
phoenix,8848eba4e3fffff,3.1471702636184835,1.1941510656400927,3.350237962055069,103.26737124998397,48.83019117464287,4.057494010920605,0.1,3.809612504029387
phoenix,8848e96925fffff,1.658848614880509,1.1619487890382367,2.5643075947917517,215.2956297151823,0.0,0.8553602551684005,0.05,0.0
phoenix,8848eba611fffff,3.184955477597858,1.122451032110958,3.25897947316599,108.46448180653768,1604.0160097302878,6.673087172864932,0.15,12.133881484076715
phoenix,8829b6dad1fffff,2.9734728322570185,1.2272144571467694,3.4167442277718907,100.30211502174852,0.0,4.310886060084522,0.1,2.743141285796
phoenix,8829b6dad3fffff,4.73843775256844,1.1139700969485662,3.443459370762636,64.93539089450422,0.0,2.873117286993396,0.05,3.336794256714267
phoenix,8848eba4c9fffff,6.649578636760616,1.0841599724746058,2.5265605559535746,46.5478831715261,7.180367615435891,0.6096082636444038,0.15,0.0
phoenix,8848eba4c1fffff,5.046115389360726,1.0406012787524364,2.9849487584995043,54.85124554806885,14.848205662115427,0.42098024550146795,0.15,0.0
phoenix,8848e96c01fffff,5.253604599284595,1.1908994651961582,2.995192309695996,60.56447762078371,161.75003721992138,9.143611851209878,0.15,11.09602998355527
phoenix,8848e96c05fffff,6.4457421776662,1.0493557059781031,3.080968599136095,48.6156670034541,210.2369303181145,4.240143734697087,0.3,2.5334380202148203
phoenix,8848e96c47fffff,3.0668815133404568,1.2700895757722956,2.5089626414769484,112.08453880749586,187.55581609443414,2.89567655526524,0.2,7.960337496079918
phoenix,8848e96c0dfffff,5.801345181984317,1.108661613815508,3.210874841799383,59.35026557542972,334.1597517253564,1.9527185771485152,0.1,3.72888599959186
phoenix,8848eba4e9fffff,6.026010464468095,1.1889013551617154,2.704265136965873,46.38683598432674,0.0,0.0,,0.0
phoenix,8848e96c21fffff,4.030031154205265,1.1349324139051402,2.5485139635921477,79.04365373562318,0.0,0.09710536221567491,0.05,0.37570038914032544
phoenix,8848e96c29fffff,4.474623809380276,1.0842008807126418,2.971365089591016,70.44556251713254,105.96020730268027,4.039552221180339,0.2,8.889881517720744
phoenix,8848eba6b3fffff,7.069861891216519,1.1046099208744822,2.766255364623835,40.15802236207998,320.39932149283766,6.686940218065751,0.2,12.106156757436578
phoenix,8829b6d36dfffff,4.636511970995088,1.1801994344121507,2.4555431273721133,68.38614301337765,145.2825968775706,1.7503544491264416,0.15,4.751151529979472
phoenix,8848eba6b7fffff,5.837176058666526,1.1108941847537177,2.4920049657683108,48.624262826008206,0.0,14.477207392537952,0.05,25.65170152100823
phoenix,8848e96c2dfffff,4.0417414259717175,1.152795588307405,3.25265087557434,80.16899455432471,148.020867092018,9.018859462416362,0.15,16.433472974132755
phoenix,8848e96c67fffff,4.219426499124292,1.1243438214034764,3.1298661708764,80.18764273577817,145.03916128440932,12.06699608198197,0.3,18.628298627547938
phoenix,8848e96d5bfffff,4.184970348651375,1.1047660086838589,3.1925893500862697,75.96260142448702,325.20812566071635,10.493629488733761,0.2,12.254439427246266
phoenix,8848e96d53fffff,3.607019098644439,1.126552379482871,2.6883690108362033,93.23022047958865,143.14995272015037,8.818505538287642,0.15,12.066893939831946
phoenix,8848e96c25fffff,3.223096867083285,1.1824009598412974,2.9869850523559234,105.33539227654046,0.0,5.081034563543013,0.1,6.878099762399399
phoenix,8829b6d1b1fffff,2.456665108141689,1.2097395880946171,3.2256717863400164,130.25788453602436,453.43755984837566,2.062853495996614,0.3,2.689421289170529
phoenix,8848e96d55fffff,6.438075118822895,1.1190641692188195,2.605292109288125,45.60552466270019,169.07222123641347,6.29346554972749,0.2,10.08228924934093
phoenix,8848e96d51fffff,5.859411076852506,1.13646029144557,2.698931789146354,50.5404613486975,371.31589604476903,7.099800115504153,0.2,11.613962154330856
phoenix,8848e96d59fffff,4.519553750804329,1.0182609668971896,2.617826146913883,65.37250395616257,186.95599966664696,0.39188552408958865,0.05,0.0
phoenix,8848e96d5dfffff,3.4735764750181186,1.1542396562460688,2.8714912248939988,95.51414898180681,230.81377347853768,5.877201830892842,0.1,11.068308720213281
phoenix,8848e96d1dfffff,4.445971165106864,1.0938185699907301,2.31144458809257,65.92562960736547,0.0,1.750078923640661,0.1,2.2313592912220166
phoenix,8848e96d15fffff,3.4156772216624196,1.0500769538937607,1.8031524256216767,89.31896252603939,0.0,7.831820511289553,0.05,10.602850008982514
phoenix,8848e96d17fffff,6.6877318052358605,1.0508284313243426,2.1616625310048847,46.49941397360361,0.0,0.2648272700307317,0.1,0.0
phoenix,8848e96de9fffff,5.666247623800692,1.0418879017119855,1.8270410109680415,50.739046206236324,0.0,0.15766871844236907,0.05,0.07724257979171867
phoenix,8848e96dedfffff,5.779184538243029,1.1294600774311374,2.5138763830301,53.08072150909658,0.0,3.5198514735125217,0.05,4.345548933013112
phoenix,8829b6da9bfffff,4.49398025125911,1.3361205716502154,2.6462418036776714,77.20077884476684,0.0,6.813185280176311,0.05,8.565710702855387
phoenix,8848e96d09fffff,7.246008374741146,1.0604861824899434,2.5393766788896355,41.60505655585359,585.4408777700502,0.10786854595123009,0.05,0.0
phoenix,8848e96d0bfffff,3.8359229870079643,1.1732694204155583,2.171653257806486,79.60105364069115,0.0,3.317283105207221,0.15,4.550700920785179
phoenix,8848e96d01fffff,5.4318566810628495,1.1284341576974155,2.7498758701244244,54.181068232965224,379.0101136375436,4.945800064870716,0.15,4.3352216795391065
phoenix,8848e96d03fffff,5.179736152397957,1.1763312897086724,2.423134222415301,57.202970880886696,0.0,6.142447936588654,0.1,6.551997345539004
phoenix,8848e96d39fffff,5.086333580648356,1.0846783178712802,2.0751510336016836,59.39117608853852,874.0651160694596,1.4873145749063925,0.1,1.2645076228513128
phoenix,8848e96d3bfffff,3.2876721500268244,1.1541643351088426,2.0574376335610496,96.61762010574493,0.0,2.759996512238112,0.15,1.9311305456097427
phoenix,8829b6dad5fffff,3.64455700367803,1.073016975137775,3.4767709350466514,90.51769718063616,0.0,5.325331540676962,0.2,2.3159732201955556
phoenix,8829b6c265fffff,4.370850557841053,1.096124235168968,3.3177643326347006,72.7963159506834,2410.718779039443,0.5384019874651798,0.1,0.7943927688421546
phoenix,8829b6da8dfffff,1.924178688518337,1.0415491548790294,2.9247541321688804,168.13896427354734,0.0,6.402253021964538,0.15,8.707350813911283
phoenix,8829b6da89fffff,3.038801124589156,1.0681108809139217,3.4392655538608943,104.13833720208191,0.0,3.1355068631177203,0.2,1.876804639083339
phoenix,8829b6dac3fffff,2.296255525792414,1.052786398247007,3.264006563572188,155.5327153843695,0.0,2.70893283132246,0.05,2.4205959556908034
phoenix,8848e96d2bfffff,4.95901901609558,1.1054085262637645,2.412496138352992,65.0492857789584,0.0,1.6168709631457532,0.05,1.903061025545945
phoenix,8848e96d05fffff,5.493339056098923,1.137683591087558,1.832650876340929,61.82444557693402,0.0,1.1713832729621707,0.1,1.9886616624010784
phoenix,8829b6dae7fffff,7.108806120801319,1.0057044846740435,2.207644670740743,39.92003424504636,0.0,0.04289610781592089,0.3,0.0
phoenix,8848e96d47fffff,3.3900706629655537,1.1785700243555906,2.9385976930047373,85.09012558729354,0.0,4.165775563923723,0.15,6.487417726150454
phoenix,8848e96d4bfffff,4.738921771139026,1.0307028507144558,3.259504870358579,76.40323748796892,0.0,1.8176504400977271,0.2,1.8074490818747857
phoenix,8829b6d137fffff,3.4499011217206137,1.3962846138722291,3.3505233413886337,97.82889076880971,12.504858892024012,3.763864116502658,0.2,2.742093596543299
phoenix,8829b6dacbfffff,2.1586569408898164,1.1965957737197563,3.1182829131864516,141.96401804211825,21.81875754165682,0.8756303501998381,0.2,0.0
phoenix,8829b6dac7fffff,2.7518662153156765,1.120789167495968,3.099306755957765,133.8804374213795,0.0,1.5479821971115324,0.1,2.3629684229971772
phoenix,8848eba4adfffff,4.63198695023647,1.0630477158174185,3.426134037947381,67.39110007999065,18.169764230752516,8.377037519423112,0.1,5.079738654290196
phoenix,8848eba4a9fffff,4.251881605208806,1.0524716190864525,3.3172290916253284,72.55861450138417,9.113147618503877,0.6812288985569253,0.4,0.9525206278911149
phoenix,8848e96997fffff,1.8679705498499064,1.0293869410354957,1.732867951399863,133.8350864365007,0.0,0.0,,0.0
phoenix,8848e969dbfffff,5.206887719947375,1.184835848665566,2.718473401330013,67.21865706056312,314.725847895411,1.2473416635940848,0.15,2.9080801292928093
phoenix,8848e969d3fffff,6.440218058445127,1.1884921249713356,2.6194562269068435,49.40544175590187,1210.165376765279,2.7783487839179415,0.2,6.070132713450265
phoenix,8848eba6b5fffff,9.9509541444713,1.0573530481051585,2.6871882739085873,27.663769210447942,24.793180896746748,1.923794938024944,0.05,2.2716805248829997
phoenix,8848e96c07fffff,4.179393131470886,1.1054867177915129,2.46339084023009,84.54177968392796,230.8232831632162,1.1598850827471596,0.1,1.0248502194860776
phoenix,8848e96c03fffff,3.3281128242714835,1.1710778941578022,2.70172149817752,95.89486685748817,84.87311641463604,5.552546931385548,0.15,11.457135891899586
phoenix,8848e96c63fffff,3.809419303438803,1.1105841066725164,3.1287273028807747,88.51987021254901,0.0,8.595527346447357,0.15,11.780130360289064
phoenix,8848e96c0bfffff,4.2672014818747765,1.1384759651015666,2.9092486955744037,81.60249456074413,115.92841070909131,2.963795156090672,0.2,3.2486500679266097
phoenix,8848e96d8bfffff,6.197032041091409,1.106517260656979,2.76109016303083,49.46026537908411,379.41775528661867,8.810080045234166,0.1,11.636062658534506
phoenix,8829b6d647fffff,8.111323576803057,1.0270992565370156,2.2821514717376905,45.10406409909004,0.0,0.9144950504581782,0.05,1.0978029073623503
phoenix,8848e96d43fffff,6.156876052071007,1.1105432502878962,2.7272787393445173,51.03061788672919,95.69845049774969,2.1282870667174656,0.3,4.661478602549941
phoenix,8848e96d57fffff,4.169311003709997,1.1484278298363795,2.8190309705707643,71.84380590471005,0.0,1.5436682015557683,0.1,2.2610006175391604
phoenix,8848e96d19fffff,3.2371689455868746,1.157117396883626,2.6785433462568164,96.98396767338797,202.17963831049278,1.1107394325430215,0.15,0.7452645089280553
phoenix,8848e96d0dfffff,2.8911180221049344,1.1156318991232594,2.491221421763311,110.05493921350184,437.6539479895656,0.5801665840572457,0.3,1.0790009420007192
phoenix,8848e96c09fffff,4.792398774865941,1.1352538315172052,3.4848865415378616,65.72908783218095,225.38377146345695,4.186394012388723,0.2,8.388936664373896
phoenix,8829b6c107fffff,8.576489656846013,1.0475417467907642,3.3809386082004336,37.17611662431575,206.09710283301584,1.9987665604373168,0.2,1.9997511838079345
phoenix,8829b6c0e7fffff,4.727765953466531,1.0492340817745325,2.7941240542645667,67.00710150372161,1908.4150133492897,3.3178944142385056,0.15,5.102396127101157
phoenix,8829b6c0e5fffff,5.250325182526279,1.1007174073170014,3.014213911438725,61.06817988296633,0.0,5.784203381739591,0.1,8.274673996150266
phoenix,8829b6c1dbfffff,9.886947582087794,1.0028336849920636,1.5746794417481091,36.348427764609646,0.0,0.45778994101775494,0.15,0.0
phoenix,8848ebb4a3fffff,7.21098959221889,1.0359825136284029,2.480671738967796,48.00365355226251,0.0,0.09638055892778322,0.1,0.5163445100640889
phoenix,8848e96d95fffff,3.458107638467363,1.124296112341743,2.7303804291055935,93.0515217740405,241.86958806350867,6.872281155183977,0.15,11.501660175648764
phoenix,8848e96dd7fffff,6.5776514850167365,1.0024353329343254,1.5149536813918063,43.437127425360806,293.9250997503597,1.3448752244767852,0.1,1.9823334500342114
phoenix,8829b6d24dfffff,4.216522053840647,1.1172152518333662,2.9247541321688804,83.70433546033735,0.0,0.10226503971060254,0.15,0.0
phoenix,8848e96c2bfffff,2.982482102502758,1.1395291583224614,2.42451349707374,114.14168474949929,0.0,4.1852724073777,0.05,7.103153280121576
phoenix,8848e96d9dfffff,2.7049542361459555,1.1710363878050818,2.347834491543151,115.28030782270929,158.7175741613989,4.004240387194772,0.3,9.006555476084785
phoenix,8848eba6bbfffff,5.289600345837827,1.21101685179595,2.4496839204684315,55.60299981647061,68.39304393918464,0.0,,0.0
