city,hex,intersection_density,circuity,orientation_entropy,mean_street_length,greenspace_fragmentation,auc,rho_star,total_persistence
istanbul,881ec910bdfffff,8.25942154743319,1.0256486954900057,3.4940793177823695,36.72573576627784,349.2245140237414,8.91600316383276,0.3,15.4797806951797
istanbul,881ec910a3fffff,7.310057021111851,1.0458532874716533,3.5502305361874456,43.046007549230694,361.69596886279015,13.961084118057675,0.2,24.982233010414227
istanbul,881ec90249fffff,7.862615644637717,1.0601263611334988,3.5326478215836965,38.631414160478435,1035.6665014150767,15.48289033137744,0.2,21.52808057692467
istanbul,881ec9024dfffff,7.6608935018534385,1.0525987160853028,3.440657272973258,40.51475737678314,1360.560254554984,8.137875226232051,0.3,13.692142974227917
istanbul,881ec90245fffff,8.53885878612006,1.0539325994826578,3.3629556915939074,35.486246556192995,203.19308447862193,5.920914844951699,0.2,23.56697756687312
istanbul,881ec91093fffff,5.539056266690224,1.0982087672079657,3.5115776382245474,57.84168531402304,48.74112532051864,13.135637662111575,0.3,13.979793802127142
istanbul,881ec90269fffff,7.071594428981361,1.0432939182730598,3.1968686429074764,43.84907477970896,779.715050011308,9.709436443684934,0.3,19.00334762567828
istanbul,881ec90247fffff,7.662239667242909,1.0378943910478495,3.36822829904223,39.615559796582104,266.63866128798276,7.244983963762907,0.3,20.555963321293724
istanbul,881ec90243fffff,5.955992189649075,1.104841928155244,3.3504476412455833,50.71922925928685,124.7537848981875,10.555192812341856,0.2,16.023993931885034
istanbul,881ec90241fffff,7.7007736049731985,1.0536967771280947,3.3720713113213403,39.593679339879166,608.7543235197797,6.768192183745747,0.2,11.148043956156128
istanbul,881ec90209fffff,7.040332451796053,1.0811980431677048,3.27967719703661,42.18972683520393,336.28400783841374,2.2645167705887608,0.3,4.3928567330099275
istanbul,881ec910b1fffff,7.734133485811399,1.057023896329871,3.51112870333864,39.32889842879395,187.94476234076504,13.02323863586333,0.2,23.11382221614293
istanbul,881ec910bbfffff,7.094518482156387,1.0750800572322363,3.4071284485354933,43.75062397402725,251.43312133639512,6.1129272432563875,0.3,17.120387763182308
istanbul,881ec910b5fffff,6.742726965709957,1.047431556888459,3.516618841762164,44.02892205331071,318.14273996713393,11.887277451678523,0.4,24.674028350723013
istanbul,881ec9024bfffff,7.781353838770808,1.0781032920011615,2.7591655818827188,40.76466738921314,849.3623528715361,2.278560677116613,0.3,7.172640396526802
istanbul,881ec91545fffff,8.063859096967418,1.132974862862195,3.3109538466147383,38.68205058566735,8820.349436445764,2.9496717291226418,0.3,7.169820068653691
istanbul,881ec9026bfffff,7.272744447102506,1.0372268768199768,3.3454307050452594,42.473721688829166,189.1935911115913,18.51272878416161,0.3,32.60949673709516
istanbul,881ec9020dfffff,6.873972190486372,1.0701978914595556,3.40164777831918,43.3459978330793,281.3419420077331,4.9029771073493755,0.2,13.87737058602457
istanbul,881ec910b9fffff,6.110781741359052,1.1052622938543657,3.49258430780875,48.15936013404821,141.2477075135998,11.85116104066704,0.2,27.608874470259043
istanbul,881ec910a7fffff,6.203214227365178,1.0789021731200994,3.4639039496537927,51.55711347335873,327.12823882578266,2.639680377836334,0.2,3.3012160561992587
istanbul,881ec91085fffff,5.518438628445782,1.066831469894339,3.552114811826274,58.81733109428239,305.14885523024594,8.840831703790029,0.3,22.969683806377347
istanbul,881ec910abfffff,5.819945594875082,1.0582982220857569,3.4166278888432577,54.08469386107409,219.2981123617417,8.468816518017874,0.3,19.366722433790233
istanbul,881ec91097fffff,6.875478826770063,1.0616319774120615,3.521928656444168,43.66035896105992,47.72161545104103,9.530599385407973,0.2,20.34081953115252
istanbul,881ec910b7fffff,10.139916225127823,1.1103455528671895,3.056410522696798,28.177184048745307,322.2727661993545,2.2608289880282197,0.3,1.2142227292739145
istanbul,881ec91095fffff,6.651212104874448,1.0373118147038292,3.53567439190334,48.11926139706081,382.558313407597,7.259046583437431,0.2,17.52928373827673
istanbul,881ec91091fffff,6.66648161710622,1.0714856620390834,3.45124848921663,46.693270054996134,153.83812909834944,11.727197893996534,0.2,29.012258232644967
istanbul,881ec91087fffff,5.815235532320761,1.0398730173925668,3.0875382355834637,54.56080821728321,821.5697992271121,8.971580076681672,0.3,14.554796854613269
istanbul,881ec91083fffff,5.2203619756195,1.046840606400399,3.4243784672138347,60.27201677158565,173.2430311056546,14.73855369188705,0.3,15.693631105169995
istanbul,881ec910a1fffff,6.328562280676879,1.0526807570674996,3.5406709004735673,49.0654012177235,831.7658308714643,10.328589137217657,0.2,15.719891155350178
istanbul,881ec91193fffff,7.295570943436831,1.0401223616408446,3.1582416103372597,41.61693516560215,316.11322272552576,8.311029346534765,0.3,20.482193267126615
istanbul,881ec91081fffff,5.150186032260725,1.0574105636851054,3.38905837681047,62.34744054288896,601.4262050897343,19.066249560547252,0.3,17.117673087899384
istanbul,881ec91569fffff,9.640146867136364,1.2228019744045056,2.5365756336392713,31.789102088053372,3494.677145419308,0.0,,1.087438758570693
istanbul,881ec910a9fffff,6.592529084910429,1.0356929606281953,3.5355580210317235,48.13931819594712,635.9889612527495,12.068280604776811,0.3,17.389528934067304
istanbul,881ec910e3fffff,6.491592993520086,1.079516738763972,3.569445268232327,48.972640163752146,436.31462049486623,13.676401480136642,0.2,26.866239397309883
istanbul,881ec90261fffff,4.553064505905068,1.027135960743106,3.3051241122977992,66.11380264278243,127.20597075057682,2.964908030981359,0.3,7.368084253099316
istanbul,881ec9026dfffff,4.555062859397823,1.077907446585028,3.385964913818082,67.1432939213176,109.7422364496026,8.48091576550863,0.2,20.786318978026458
istanbul,881ec91089fffff,4.974285101416441,1.0845013143146391,3.5559166384575827,62.49070057485179,266.8389116823781,9.87857744522702,0.3,26.281581942294174
istanbul,881ec910d5fffff,7.547638016752696,1.0469067598512627,3.5374457824948324,41.02728432680177,426.0472095263139,13.755523034117084,0.2,21.184351416414597
istanbul,881ec9108dfffff,5.6119581830945275,1.0494952975813143,3.370585029491895,52.900429816869696,436.6667836981222,12.264461631894848,0.3,18.875254911435803
istanbul,881ec910d7fffff,7.094962701170429,1.0391235400313066,3.5099344285934224,43.53868982045423,1024.825144265584,11.676531800582277,0.3,27.217950287443337
istanbul,881ec91099fffff,6.233780778799923,1.0505533936974982,3.5109593022700527,50.25700299021733,1133.892411767451,4.439423848399642,0.3,14.978913657044597
istanbul,881ec91725fffff,4.5466542888192025,1.1765521142321225,3.5141531879291708,69.43265409162876,1566.7416577230308,5.329830141677325,0.1,19.540708773398677
istanbul,881ec98ce7fffff,4.499486181684853,1.098735019997672,3.4841624195248664,65.26318379331809,821.6473158057408,4.7480450126798255,0.2,3.184896735999369
istanbul,881ec91665fffff,4.893083696294434,1.0718554092673525,3.229826166068533,66.05902193684312,595.9262181812625,2.8880646518747097,0.2,2.650058782819155
istanbul,881ec9154dfffff,4.795150933423672,1.182506327661283,3.4741328178643625,65.17000285054202,60.02052252538835,3.781070902751438,0.3,19.092628343970585
istanbul,881ec91549fffff,6.632813110807652,1.0504008143242864,3.525060472846521,47.48137173078233,91.69374196894331,3.2257617492276744,0.4,4.264111099832307
istanbul,881ec91723fffff,4.665008411450815,1.110552990799844,3.4653676630430104,64.55215876935803,1289.740681912046,8.876206278228207,0.2,7.789715500939099
istanbul,881ec91735fffff,8.798555154303026,1.0374932182381862,3.0566847678675986,34.829765515915675,0.0,0.4488714256489779,0.1,0.7607892101931872
istanbul,881ec9173dfffff,5.576502402728549,1.0916787526274512,2.845326737710068,55.893154737242575,50.06873710556512,3.0691828774286334,0.2,6.155358242055723
istanbul,881ec9172bfffff,5.203009614248489,1.1134987857293748,3.4810721360128456,60.95119039587536,8.877446036135925,7.8625460088283345,0.1,12.15768443798176
istanbul,881ec91707fffff,5.809828207494894,1.099351165150782,3.4940677134328304,51.58703577075141,627.097969676661,8.491444958878006,0.2,17.509732906945395
istanbul,881ec91739fffff,7.392566881530469,1.119612381937343,3.285450824506959,41.53057372084107,952.934478278012,0.3008917803204138,0.1,1.36922183977873
istanbul,881ec91703fffff,5.472172078426055,1.1018971041149648,3.504850607252545,55.71426563548035,85.23548477085492,3.109967226092903,0.2,12.072648489414323
istanbul,881ec910d3fffff,6.58696664602894,1.0774986984068828,3.5498222339334715,47.60947367213562,610.7682334057763,9.347007541086583,0.3,13.374970449624096
istanbul,881ec9172dfffff,6.054789502767111,1.0598470498340855,3.248211069473391,52.49681144354865,1018.1279064853406,11.170652857418752,0.2,15.822638748181692
istanbul,881ec9108bfffff,6.055882281349572,1.0329265148294309,3.4243218697365196,50.20244555261744,1479.4712474737296,5.637551722137861,0.4,14.178075969954325
istanbul,881ec91765fffff,6.945591476306188,1.0597080016048792,3.439544283723036,44.88810810306987,1111.2531603593725,8.588501124052774,0.4,28.097805456289297
istanbul,881ec910dbfffff,7.782415279324845,1.038621897728898,3.4903877139807564,40.01297110082124,1700.4359805710358,7.903376269855698,0.4,26.380792535690063
istanbul,881ec9176dfffff,5.996091696849969,1.0299242629130323,3.5120161730734374,51.19509922515761,219.32504826318575,3.2430584600932524,0.2,13.461033953102923
istanbul,881ec91769fffff,3.797441591281475,1.2447409711763124,3.5005808984665583,86.04021033989578,365.71675817986227,5.565628450900782,0.2,14.298846776041746
istanbul,881ec910c7fffff,5.280159760380868,1.0815647164536608,3.5297092349815915,61.33212460729544,176.02059246823362,9.563369730014236,0.2,16.612900341888675
istanbul,881ec910c1fffff,7.604937435742984,1.0323194604892316,3.512832942261513,41.98952769704677,192.1141500874859,7.1896420456952566,0.3,16.1364468845627
istanbul,881ec9109bfffff,3.1428957164975464,1.1115410511349904,3.4398988112325948,98.12963673416613,388.9296312118519,7.617295340215231,0.2,19.90602975099656
istanbul,881ec91729fffff,6.088623470782332,1.0435816403647338,3.361158602548357,51.35624222006424,255.761197611606,16.161670444498757,0.2,10.24064120294584
istanbul,881ec91721fffff,5.8063894559969595,1.137549379440434,3.431335424812704,53.07534104703226,138.96317093614888,10.74287191813488,0.1,14.520784361154409
istanbul,881ec91705fffff,4.039613721885083,1.1045604930363462,3.5090186056796218,73.58006074471152,212.19537916111537,10.27501390295214,0.2,19.650945267468614
istanbul,881ec98c0bfffff,4.100425437337814,1.1472498182292004,3.504113137527948,72.50401253249377,183.65976983824663,8.644434439143605,0.2,16.530221170783296
istanbul,881ec98c09fffff,5.44734885949517,1.19101782587064,3.5048234100735196,57.17926607420021,675.1091005452738,5.36758905472688,0.1,8.597600564719256
istanbul,881ec98c33fffff,4.598907836167808,1.0637750063235945,3.438817949775311,71.27296076690017,0.0,6.788292093812556,0.1,7.1333705498510165
istanbul,881ec98c37fffff,3.6799331963792383,1.1392723309171016,3.461328533729114,82.70471496232882,319.7410498692822,1.7364263600020824,0.2,0.556187366939005
istanbul,881ec98c31fffff,4.108072992770609,1.2001605965074555,3.550030907644328,76.36804184058393,3572.148355905976,4.253208868960643,0.2,6.457128902648151
istanbul,881ec98c3dfffff,4.053332170660388,1.080198291403748,3.160822352500481,77.90860960520801,692.6955017360038,6.537915133924358,0.2,13.418974981727468
istanbul,881ec98c39fffff,5.066280634198836,1.0802135345049666,3.0746313726900953,51.49133734449047,3931.8851912889672,0.2287250026174568,0.3,0.8216782914835241
istanbul,881ec98c03fffff,3.982746375167201,1.2008398728706258,3.3877135149692723,77.25631479091881,1970.6130784082056,6.928572483837529,0.3,12.407995504417304
istanbul,881ec9170bfffff,6.239560820013498,1.0950173799776322,3.4551986318948114,49.0910041815481,270.28113111422437,3.204136636534561,0.3,1.8521096409837623
istanbul,881ec91755fffff,6.8727873261176855,1.0553801390695583,3.464662206295975,46.179277429222985,11.245752329266862,10.34422264018261,0.2,11.39614438381632
istanbul,881ec9175dfffff,5.626401425618015,1.0887002890841933,3.5388433659855907,54.753383703899885,7.371889871507049,12.746909477390098,0.2,15.901063205786611
istanbul,881ec91751fffff,6.886698047650453,1.1453640705471166,3.0706673323334885,55.002829537024695,86.90253452642389,4.239875269920915,0.3,1.549546049596105
istanbul,881ec91759fffff,5.617921865459347,1.0671500205227706,3.4622427313837423,53.17425566133186,2821.61516212133,6.493842019779839,0.2,2.608200352799951
istanbul,881ec98db3fffff,3.189248089174047,1.1208313173400002,3.4443097946642043,91.95560287853988,1083.654393646509,3.6457375004782913,0.1,5.059404832817627
istanbul,881ec98dbbfffff,4.6923150600205465,1.0747404782583454,3.21926235132534,61.87192823405384,602.4408336418162,0.8970158331641438,0.3,3.375949136078133
istanbul,881ec98db9fffff,4.815139192197472,1.0785140390584766,3.4768260316649804,65.6232597852106,765.4284781128067,2.8374478841079807,0.4,16.34943514830932
istanbul,881ec98d83fffff,5.427815926846388,1.080246931638899,3.258022452283523,57.57380209862159,505.5988225462439,4.5763604132746245,0.2,5.5401273717599935
istanbul,881ec98dd1fffff,5.497745757387626,1.084913184945872,3.357384464785589,54.07621785671021,191.31862389475813,4.844361983026423,0.2,10.733624606649894
istanbul,881ec98d81fffff,6.014996005721041,1.1047069135975345,3.4814766105103336,52.47826687770612,66.42596168200222,6.237834002701368,0.2,12.992621311054856
istanbul,881ec98d8bfffff,6.697852536488029,0.9996329369521002,2.297927404499866,48.81013356775046,0.0,1.4642280291064218,0.1,1.915244292736677
istanbul,881ec98dd5fffff,4.782801348993583,1.13803414851875,3.3473276230479057,62.41268263198515,12.460478444364073,7.700703298670302,0.1,11.79587491760302
istanbul,881ec98ddbfffff,4.9527934110758745,1.1291506684681245,3.5041467834883235,62.76878585735583,163.2775827136696,4.000201630519404,0.2,11.247023296393756
istanbul,881ec91701fffff,4.403050349276068,1.1075589578000689,3.4930744498157056,72.13702447710912,320.6312528178985,7.835894348067038,0.1,14.54070316734332
istanbul,881ec9109dfffff,5.902179229150765,1.0708781131003486,3.5445275783991574,53.85115965474198,375.5680731483231,19.275188074892757,0.3,23.014372299356424
istanbul,881ec91727fffff,4.080565903972613,1.14806819767488,3.522099059090355,71.26862630682902,87.35978865927852,8.12449906732206,0.1,16.202549574034848
istanbul,881ec9170dfffff,5.808641019297301,1.040702363691017,3.5095413149529064,53.828800104842,166.91587834755663,11.136382425385362,0.2,15.771523843093796
istanbul,881ec91763fffff,4.466379085740205,1.0694290087443474,3.5122566575149547,71.11959211829557,164.81571592630726,9.954424462440164,0.1,14.793546757708173
istanbul,881ec910cbfffff,7.002810873560147,1.0663212220192553,3.502424651820062,42.53339335577269,893.721857242762,10.126869305806803,0.2,25.205782781324913
istanbul,881ec912b5fffff,5.177977973199508,1.0702138985351286,3.490760611255083,60.55632597450924,455.1719733392549,10.16780330164018,0.3,17.052980625944993
istanbul,881ec912b7fffff,6.736962086352093,1.0862121579198571,3.4988825531716654,45.71463110547619,735.0148693163336,8.555876657301797,0.1,25.966843026171457
istanbul,881ec910c3fffff,5.41173914654301,1.038223797498435,3.5231069195190625,57.71632197236825,379.7631399462511,13.117927954156968,0.3,19.393472175016345
istanbul,881ec91745fffff,7.210331897178928,1.0724602940981718,3.125524993274539,41.68790866688864,317.4418274672283,16.36354980178854,0.2,27.765142774604698
istanbul,881ec91741fffff,5.248946726740504,1.1028016006733865,3.5347817280587805,58.10190841447372,970.1348176823534,11.51365238136877,0.2,17.222574319016022
istanbul,881ec9174bfffff,4.944734717370249,1.109367894205309,3.536475231867899,63.14694635938815,609.3017652412403,5.400529745180782,0.3,7.688920571295689
istanbul,881ec910d9fffff,6.862318477303849,1.0267222376540297,3.568528179063557,47.0666842772513,1740.3213489325572,6.193365158708321,0.3,16.41804359061506
istanbul,881ec910d1fffff,7.514027725821349,1.0261276307413596,3.5597038421791485,42.5049349783952,1705.6460064248915,7.095998334343607,0.3,20.349726671309487
istanbul,881ec91743fffff,4.4758864151534254,1.08252923878906,3.5165556293556133,69.04891890551747,106.46850159625902,7.439949564363597,0.3,12.800952660955945
istanbul,881ec98db7fffff,4.745773709159141,1.153844710225017,3.4975801148879597,67.89666806075198,0.0,8.352096516022668,0.2,20.400803550789576
istanbul,881ec98db1fffff,4.609059280740024,1.0750422051313666,3.5113061988491236,65.83096136053317,1036.995714572177,4.933190221338891,0.2,9.029644148192748
istanbul,881ec91747fffff,4.76012962603222,1.1921600473905376,3.537868819697174,63.64441492681733,329.46074606873543,7.3582325292416835,0.1,21.55856104132908
istanbul,881ec9176bfffff,4.945695365357024,1.1938590916769236,3.3130589184397117,58.19013837574749,299.0999747981237,3.579175806427021,0.1,10.189343483209754
istanbul,881ec98d85fffff,4.170388591353634,1.0454275035935932,3.404496675622253,74.47892535722754,5.939210738889735,0.842635950636288,0.1,2.21055262132531
istanbul,881ec98dabfffff,6.166635033546178,1.1552848967741487,3.4913752883192064,49.647728238230926,93.7862823642437,2.931980017437244,0.3,7.867247587323332
istanbul,881ec98dbdfffff,4.251913040391356,1.136208838086433,3.4871881426592735,73.34479024867093,104.51429576594283,7.929232681179175,0.2,14.492008512609557
istanbul,881ec98db5fffff,5.144914718045903,1.105206761449702,3.495288125770007,60.58182278416736,198.13053507160615,3.786525648176119,0.2,12.57558390859681
istanbul,881ec91709fffff,3.89051291493638,1.0758058768474763,3.5266798656185876,81.29495433704632,78.53274906500532,14.670372906516617,0.2,19.992038303016223
istanbul,881ec91749fffff,5.848981530594116,1.125649441113403,3.522211817754341,53.4735758372346,452.6035112886967,6.412221158189628,0.2,16.81162475861361
istanbul,881ec98da3fffff,5.923547848531264,1.079375418197329,3.4610624493091477,52.89622728565011,12.507906651456269,9.564538289005148,0.2,9.479188600416526
istanbul,881ec98da7fffff,3.4072520445372247,1.1268201242612634,3.0978926641061295,94.51425785227563,1.4897455943386395,2.640157496322691,0.3,3.970850407007857
istanbul,881ec9174dfffff,5.079030927670844,1.075067449535863,3.4561811819522785,62.848414214009544,737.0414187989977,4.082546631053094,0.2,7.518282579025135
istanbul,881ec9129bfffff,3.3096275694652344,1.3431906160534577,3.459265511421954,97.75402367009566,3.112562331557364,6.735321496688292,0.2,9.477559980132693
istanbul,881ec98d87fffff,5.341858474562722,1.0737893819022215,3.513169793264392,61.26570534040917,701.3095992563673,5.118388932619893,0.2,15.086272817492038
istanbul,881ec98d95fffff,5.496938035004528,1.013174115341673,2.833536701190984,55.366792230304966,478.73016068271306,1.1802488499292203,0.1,1.9499803703986007
istanbul,881ec98dd9fffff,4.299734252150159,1.1711583426460794,3.5121463369898227,74.75545058809978,11.86220819601614,8.236764532686598,0.2,7.427844374696504
istanbul,881ec98dddfffff,4.444016705047341,1.1150401031081023,3.510951041886631,69.88250198485066,0.0,7.139788168290956,0.2,6.9071020544258666
istanbul,881ec98c3bfffff,3.062686810039098,1.150541109173173,3.4815427892983006,97.67413963606712,797.9232787708903,1.826844502866746,0.2,1.050426656325465
istanbul,881ec98cedfffff,1.345299310656282,1.234055035860162,2.719376803555236,247.77633549126105,246.58481839166407,2.06974273690247,0.2,1.5063433996981623
istanbul,881ec98c05fffff,5.0850137195013385,1.1523026800379186,3.494613762265084,60.93575593341048,1346.0797766253895,3.2525436354862767,0.3,9.198117454849632
istanbul,881ec98c57fffff,1.0181448240564277,1.2796717410755067,2.5993019270997944,245.54463578566936,975.7980524762044,0.0,,0.0
istanbul,881ec98c15fffff,4.976353247015979,1.0946884880853134,3.321574479294698,60.664261049766495,5352.007290564792,1.738191548021154,0.4,5.494846222945581
istanbul,881ec912c3fffff,1.3438243561332963,1.5281218851141378,2.6653941599833866,236.77336753841155,0.0,0.0,,0.0
istanbul,881ec91281fffff,3.0538318607246224,1.2716716783723572,3.411300263615025,94.26805436841536,2.70880949935628,0.4900751908949425,0.1,0.0
istanbul,881ec91287fffff,1.704454366705944,1.3391467830785335,2.252728336819822,146.67450468806277,33.991016580216225,0.0,,0.0
istanbul,881ec91283fffff,2.9878166601591367,1.105505277382056,3.1784535115622066,106.81677374180455,6.384817534198923,2.043606133239426,0.2,1.0014602440366742
istanbul,881ec912b9fffff,5.435260537358387,1.0619422651610826,3.496057608377373,57.4217019925436,522.2381924016264,3.8012499904947017,0.1,9.409523901522933
istanbul,881ec912bbfffff,5.958102417380882,1.1252163250536615,3.4898502762140575,54.228576914377655,521.6977562807853,12.495600191088986,0.2,18.853695497859807
istanbul,881ec91295fffff,4.573100961845148,1.1730454198564464,3.4734469238334076,71.78560697036816,604.749859089902,7.639099487422098,0.2,22.562314362187447
istanbul,881ec912b1fffff,5.173212111109059,1.058542926143022,3.4615018072880286,58.84700602681803,333.7017122031184,4.869966807549708,0.3,22.551264748419023
istanbul,881ec912bdfffff,4.005750373229105,1.10880841252002,3.392800690756702,72.50605989121044,377.401940183867,4.454810862633407,0.2,14.099457626350745
istanbul,881ec912b3fffff,6.495252753597925,1.0197108558307972,3.5311237757701455,48.1923821462793,2528.9951275664007,11.598933623399835,0.3,22.697847238705968
istanbul,881ec98c55fffff,4.802181579055419,1.3149870933551038,3.481162282131581,65.24812279067656,301.4971056592622,4.549415800923049,0.1,6.881952290354504
istanbul,881ec98c01fffff,4.06855205246379,1.0951422978277825,3.4475782695360633,71.54778571277714,677.8970888616376,5.767239648457504,0.2,10.275835845614624
istanbul,881ec91761fffff,5.844943143992378,1.0841695278049124,3.446462542655002,52.96931747314634,159.66310528321296,7.806747374389338,0.2,11.978486102317166
istanbul,881ec91767fffff,6.198470569832792,1.0616483241504069,3.5077637270934363,51.19932560427221,422.65759242410434,11.450076939068817,0.2,16.2104423239355
istanbul,881ec98c2bfffff,3.477189607721189,1.160916980462303,3.2633703011623405,85.21142926412841,872.3274880595959,0.2754841222234735,0.3,3.499388041215289
istanbul,881ec98c29fffff,5.125123308416851,1.0931236328964171,3.43588827600967,64.1481391770118,42.469483157997345,1.0935699489006934,0.2,3.743585289827067
istanbul,881ec910ddfffff,6.451318147498155,1.03591322809688,3.561962332962588,49.14173789897374,2051.812385692405,12.939811264201149,0.3,23.34410726573559
istanbul,881ec910c9fffff,6.285077219021335,1.104579698428754,3.4818972797233756,50.889325761753746,296.5672000737273,10.129022726636324,0.3,24.008220898152427
istanbul,881ec912a3fffff,4.898859021844714,1.147889712188398,3.372242435962697,60.88062806158897,437.4786527261815,7.5982517703070735,0.1,18.48479964499703
istanbul,881ec91297fffff,4.91804801232422,1.1011557639437175,3.3938196291375737,61.47267790752473,1541.8711934625103,6.106389272306141,0.2,8.989070733479696
istanbul,881ec91291fffff,6.026142156205967,1.0664941292090784,3.5506685792011003,51.66170107626328,614.1412235489194,4.609728886632204,0.1,5.974496745656419
istanbul,881ec9129dfffff,2.7662290900266013,1.1821424996809498,3.3502760487563665,124.51768571385102,44.90766627398192,4.887251373145247,0.1,5.298989444936099
istanbul,881ec912d7fffff,3.0579136065027357,1.19066067581266,2.852305588159818,102.66918192340768,23.59150674603102,1.249029999352152,0.1,2.102233919795931
istanbul,881ec91299fffff,4.32987632996266,1.0728864230481012,3.468205097174313,74.64518504903583,28.651876225698143,4.325015678913046,0.2,3.442822794837742
istanbul,881ec91293fffff,4.971037626982258,1.0635079885460128,3.3627035907260048,61.507358951347726,1395.691156730715,11.51519692803217,0.2,9.254177353624204
istanbul,881ec98c07fffff,3.9919241146756863,1.155674916379551,3.5197071926720915,78.5609792287095,853.2203784583518,9.118049739627688,0.1,23.881832121854544
istanbul,881ec98c63fffff,3.4553843367086534,1.1986991884786349,2.936120406998092,72.35085178343192,1485.0297422191718,0.0,,0.0
istanbul,881ec98c0dfffff,3.1024701152816787,1.1823321335650931,3.398814663618069,94.90645630851188,0.0,8.128596280610749,0.2,15.961489433543932
istanbul,881ec98dc3fffff,3.3627017473169745,1.0945144683255923,3.462670157484169,89.40219323116399,0.0,3.490484240178718,0.2,6.345951964767391
istanbul,881ec98dc1fffff,4.646209326728031,1.0265146420020022,2.893663673652251,73.37359704134705,0.0,1.0272890423153336,0.2,1.3498587623473963
istanbul,881ec98da1fffff,2.847258365845195,1.1380623786868465,2.9950866225487456,113.29517862898042,4.290613808879248,0.204820023059985,0.3,0.0
istanbul,881ec98debfffff,4.8657865891465315,1.0224747544472617,1.8884155976469288,58.71903349637053,1.7344781711280233,1.2835266842315574,0.3,0.8847492295339627
istanbul,881ec98d8dfffff,4.871675682592812,1.0563902619885377,3.1837290051861453,60.542581124313145,13.762672327191352,3.950679530404664,0.2,7.328024397573985
istanbul,881ec98ce5fffff,3.03560380269769,1.071764875402582,2.7398857132544965,102.94492308985993,0.0,0.4824465038744843,0.3,0.0
istanbul,881ec98ce1fffff,1.46078947556551,1.5174130120282447,2.4311306291469954,184.30497599699845,0.0,5.7445048232630045,0.2,3.0039151104100084
istanbul,881ec98d89fffff,4.196751761629488,1.129824621605079,3.547711885187769,70.40076760218676,0.0,13.097089523165575,0.1,11.65606880087035
istanbul,881ec98dc7fffff,3.5707358549300516,1.109844211353319,3.4051396003302545,90.5226083262479,0.0,8.469690236735401,0.2,5.9830538138723846
istanbul,881ec910ebfffff,4.870946380863437,1.1575967801544125,3.494730673475609,64.42891436189703,150.09924586198497,6.239880324910432,0.1,19.80788366375563
istanbul,881ec912abfffff,5.28398457657097,1.1327197869102057,3.4593354911115433,58.44519887152566,114.658742648114,0.4473561888468526,0.4,2.5805947427259657
istanbul,881ec98da5fffff,2.5360947342365865,1.1819309723157905,2.4849066497880004,131.43567897264418,6.359953696752096,0.2943365822378168,0.1,0.0
istanbul,881ec910e7fffff,5.819092539955337,1.0405255632773658,3.4912619372372227,53.72677636156716,149.004878982933,10.864407294563806,0.3,26.37011363910373
istanbul,881ec910c5fffff,6.0248790705920525,1.0551493010214088,3.493826894244787,53.5121730755364,340.3098482861436,8.582006296681541,0.2,22.403255473271024
istanbul,881ec98dcbfffff,3.2960522008471207,1.0603208937932471,2.0794415416798357,37.92415665257779,0.0,0.0,,0.0
istanbul,881ec9128dfffff,2.4431692777595333,1.0139268030780255,2.9085528555967515,116.9441218482802,8.172567561793473,1.229176644405826,0.1,2.068784109793768
istanbul,881ec91289fffff,1.2599918043344511,1.2613334641944896,2.579843965218024,277.77958459410445,53.45542383587532,0.0,,0.0
istanbul,881ec9c589fffff,4.976693164657991,1.086877234497506,2.926047287563619,66.02203867113607,159.6876947734536,1.474140373709755,0.2,2.019874246918067
istanbul,881ec9c58dfffff,6.490995381519273,1.03054504025341,3.4874783098916233,49.96108758270531,173.0613224223533,12.075404520217075,0.2,21.7625857821448
istanbul,881ec9c5c7fffff,6.231041046170612,1.047509696343583,2.5725830379524677,53.71395808036157,62.58362974790713,7.271917679355486,0.2,11.555551031666573
istanbul,881ec9c5a7fffff,6.544137963016318,1.0571215203120368,3.418413874356241,43.716871566882425,167.2196148125566,15.905952922352446,0.2,20.54682443236865
istanbul,881ec91b4dfffff,3.6361062517076768,1.16831074285841,3.3046022657077723,87.18400600352864,207.61751049100775,3.5982479663702893,0.3,16.1645382997632
istanbul,881ec9c5a1fffff,4.930623970115736,1.0457857134832926,3.4407548697289694,66.50244527102747,480.0333989343648,8.592420642169,0.3,17.060897174014205
istanbul,881ec9c5abfffff,5.3912722540808184,1.0083921965040674,3.2155202044166664,59.11983346482201,251.99015041710288,11.870977209956934,0.3,16.219580377570562
istanbul,881ec9c585fffff,5.719392896273322,1.0354127595864355,3.5046494235595036,57.72352881806269,207.03974526897247,6.0871336988535685,0.3,13.93137379890617
istanbul,881ec9ce15fffff,6.745370613848523,1.045030983468958,3.516155708912455,48.067348774817646,151.82674650324702,5.789399793490438,0.3,9.606982020803311
istanbul,881ec9ce39fffff,3.9740231879996593,1.204046530672032,3.368061740922567,82.38023204533461,497.8825140652969,1.541806565423225,0.3,3.962916162523592
istanbul,881ec9ce21fffff,4.780548899547864,1.068852851588035,3.376099350655797,68.13113560723473,2138.7581857830983,10.83502184803491,0.2,14.27103148629989
istanbul,881ec9ce2bfffff,4.481991977511662,1.0186821364378271,3.327847140738591,73.56767512841266,0.0,9.29566027706595,0.1,11.87153968496964
istanbul,881ec9ce25fffff,4.894841852767673,1.040036925108371,3.4883301387477337,67.9286501998008,1703.8928813966183,6.127721448901583,0.3,7.336553650426365
istanbul,881ec9cf53fffff,4.844466157211784,1.038573148332283,3.3054200754658005,74.91088058613238,0.0,2.456786886120205,0.2,2.269472979801285
istanbul,881ec911d3fffff,6.754864855039898,1.072060057744686,3.545871668554208,46.06609006156352,247.260667904426,14.53419877643346,0.2,23.96842914576577
istanbul,881ec911d7fffff,4.7036282615442335,1.0455827705729552,3.3904370393303025,62.67452942050479,347.0538878950167,6.692356176785799,0.3,24.58279710822862
istanbul,881ec910adfffff,7.832668621860625,1.0413813488242334,3.4843356256754436,40.10000100002456,223.3002276483385,6.471529979898545,0.3,14.314978793141435
istanbul,881ec9ccd1fffff,3.7908610663016375,1.2864338458271902,3.2557160413648427,80.28461628214676,150.85957488261712,1.980957562488419,0.3,9.125264443304753
istanbul,881ec91819fffff,5.4160503444935015,1.128272902791017,3.425793517292865,56.9622914623635,19.79704603101817,6.401383403768217,0.2,16.87535687955593
istanbul,881ec9cecdfffff,2.9349340226286365,1.2378494868309708,2.8349946874990812,98.6303889554774,50.082180545627125,1.2950764119629714,0.2,3.996589577160624
istanbul,881ec9cec3fffff,4.4763110829496355,1.1698265362357545,3.327124086197449,69.24649373290939,302.92500521628426,6.2261465809298455,0.3,15.105452960486732
istanbul,881ec9cec1fffff,6.791411852057613,1.0656955833920592,2.8978042883313324,44.72388427819829,12.194885456431123,5.29231423986775,0.2,5.757219374861322
istanbul,881ec9ce11fffff,6.81956680168572,1.0281096474320666,3.4038390800140426,46.696863629763556,1058.4715071568012,3.002879124090996,0.3,3.6137887225562064
istanbul,881ec9ce13fffff,3.893861137940025,1.0539429311225632,3.471679568405457,80.42348806062267,55.63620891199121,5.9934204890181535,0.2,7.175450161772567
istanbul,881ec9ce17fffff,5.825120016149534,1.0153189827138438,3.0810470694523464,52.36873245166075,139.47342404939155,9.851283577683018,0.3,12.195956748839768
istanbul,881ec9cee9fffff,5.469469994855256,1.025778001693198,3.4657715210032096,57.33441274368215,108.64457633444889,11.239051617428975,0.3,9.702866272403734
istanbul,881ec9118bfffff,3.156628313738513,1.1481937183590023,3.3420087888877874,101.67365747468618,166.12781498540684,6.806238789270345,0.2,30.365048036405863
istanbul,881ec911d5fffff,5.949216021383162,1.0548785849419935,3.4079034396840973,51.8427826347061,439.6452863011718,11.854504382986056,0.2,24.197477780275086
istanbul,881ec91183fffff,6.73526442771794,1.074981270490289,3.508758246270742,46.53794687871859,132.83984487257007,15.210212158540015,0.3,21.8932241988408
istanbul,881ec9119dfffff,5.390629918523178,1.102999429499492,3.321746058561226,58.14400924535439,342.2473019720145,12.4047849849539,0.2,31.58239030011148
istanbul,881ec911cdfffff,3.28606978489769,1.1286849917194297,3.3106222540077272,100.26965619291072,254.14883240621663,9.712949416669888,0.3,21.457956237010546
istanbul,881ec91027fffff,3.8696027199636673,1.160255435283819,3.437952565170032,85.43540947771478,188.4967770704583,18.682263483257312,0.3,21.27161018349745
istanbul,881ec91113fffff,5.851873101402988,1.01857994239557,3.341385400252183,52.72395889361369,262.00307499875385,8.08142337268363,0.3,16.4578063866214
istanbul,881ec911c5fffff,6.130032932964694,1.0792635591615185,3.474992891898144,50.43232052666475,604.5796111970785,13.587358098299983,0.3,21.95794555256046
istanbul,881ec91ab9fffff,5.754614592111737,1.1362388928760196,3.1992931896706462,53.58018828159022,157.78774490133057,16.07688326815413,0.2,27.990166601445164
istanbul,881ec91a87fffff,5.726773811918816,1.084525676585128,3.4685968022658535,54.46018969174424,239.6274310019141,8.98501484208257,0.3,21.3424038455915
istanbul,881ec91ac3fffff,5.931490795620646,1.015815252499462,2.773255952988091,55.05034459228747,560.1314421930612,9.636649482251016,0.3,17.05059519722814
istanbul,881ec91ac1fffff,5.910902041821524,1.0030972183233275,2.9534092464949766,54.88761545694227,1600.2284978413502,22.674602115324287,0.3,20.42935430766796
istanbul,881ec911c1fffff,6.1875771492066685,1.1021025280212764,3.361931604112981,50.74377823220922,1291.6916312314588,12.446707350646028,0.3,30.91656121695136
istanbul,881ec911c3fffff,6.396718310082335,1.0275881062595988,3.4468721755384033,47.514983112119566,446.3877980618817,11.076246830035942,0.3,21.863697267297255
istanbul,881ec9111bfffff,6.076132560524011,1.0399535725547446,3.4703624422364023,52.39781476206177,946.675931441209,9.876746253779524,0.2,21.60407924967179
istanbul,881ec91181fffff,4.401722288025328,1.1459162348697212,3.4594542804541217,72.55870293788419,286.0244002986743,14.493291071903233,0.2,28.982488931470527
istanbul,881ec91197fffff,6.747895303347982,1.0230597156912289,3.4156352651990365,45.89502053820374,1696.9202843952287,13.547416549798363,0.3,18.925748058165343
istanbul,881ec91195fffff,6.1845265957161395,1.052364421418191,3.288713154277904,50.32721505565114,1025.78058228154,8.183663421163647,0.3,14.643530252846194
istanbul,881ec911b9fffff,6.8382238568747935,1.0267108867890111,3.417707411546811,46.58871623165307,247.60893555916184,8.352726021556848,0.3,22.1089459175021
istanbul,881ec911dbfffff,6.804653914786408,1.0476354924008195,3.5247425550316676,45.277628430125205,467.4900452969947,6.2484715509707485,0.2,16.04552253658233
istanbul,881ec910e5fffff,6.292162900990005,1.054353630802095,3.4684498395148196,50.43987123646898,143.38673640563186,11.517565337929346,0.3,16.947676210499115
istanbul,881ec91a8bfffff,3.917386668052544,1.155788737721064,3.3637799009535865,82.00774288310156,481.5896510480912,5.346760357777851,0.2,15.195289047467718
istanbul,881ec91ad7fffff,4.737614109517541,1.070511000418927,3.4512673803374265,65.9614719088685,1030.3182064504567,9.419333413140304,0.3,20.72018110054885
istanbul,881ec91a81fffff,7.4180509169567,1.1535473684387942,2.997881049810881,42.35605811927952,207.401904159533,13.643883514019658,0.3,29.18113908690156
istanbul,881ec9ce9dfffff,5.469022064679481,1.075567261528959,3.352673948720878,51.83094227390845,226.7411403957715,15.193570869373763,0.3,19.502923438807553
istanbul,881ec9ce83fffff,6.178470604936985,1.078629558741589,3.48228798734545,47.08037588885254,34.979083887670704,11.58074250880641,0.2,18.53999640821344
istanbul,881ec9ce8bfffff,5.786179889439486,1.0890121841927762,3.2515736698859268,48.900266123858415,95.94354871430458,5.172893178496092,0.4,17.693942474479012
istanbul,881ec9ced7fffff,6.2319388405724165,1.07300202558748,3.0185454794875515,47.447173756780145,526.3291444326827,11.645603335931808,0.2,27.886496758083876
istanbul,881ec9ced5fffff,4.460158754838045,1.046630426060418,3.079725526380486,67.79600660020277,700.9300678588937,9.716801234357362,0.3,10.342346204957355
istanbul,881ec9ce99fffff,6.552352438733832,1.086929013098516,3.153760563758232,46.98331516015179,908.7787856947468,11.282650246658676,0.3,19.251210549786475
istanbul,881ec911bbfffff,6.1916799028449425,1.0265206633820163,3.248145026398114,50.25098509774122,449.91220049740633,8.09263282871967,0.2,21.824409517375106
istanbul,881ec91ad1fffff,4.946202176185188,1.019860307168042,3.4230403691410047,66.90693991279565,1069.127078369477,7.121631981223779,0.4,14.274847443590064
istanbul,881ec91a99fffff,5.686959921153738,1.043877766472243,3.249845151089847,53.01734878892452,306.99478486889166,9.737930940679725,0.2,22.840800713671797
istanbul,881ec910a5fffff,7.374222634283012,1.0531460329574125,3.3937105767565763,42.411114973676376,221.9233872783003,4.745236928073458,0.3,9.716391032190929
istanbul,881ec9119bfffff,6.825907375756621,1.0433313149814432,3.44945144280572,44.5762720651885,688.6567807902629,8.479083091242536,0.3,22.246625154459103
istanbul,881ec911e5fffff,5.746099060538767,1.0130468132543675,3.2233418147442308,54.168623768297905,336.2318709857091,8.910985573170459,0.3,15.666209129002793
istanbul,881ec911e7fffff,5.292306044971749,1.0299294901601377,3.3843188878058177,59.90632511086817,2865.1713171487772,11.149869197616503,0.2,17.61435869943586
istanbul,881ec91adbfffff,4.716425568316281,1.0636817786242632,3.075284503282717,68.19705660662831,175.63852869479382,15.864552354684324,0.3,16.03564353491448
istanbul,881ec91ad9fffff,5.903637240385794,1.0154091869156705,3.462615345308373,55.115108922784266,190.4225233897073,11.94636271422767,0.4,8.762978769124082
istanbul,881ec91133fffff,6.707948332076857,1.0142604029494378,3.3915038291443693,48.83107466061969,128.56515016294665,14.426431177083344,0.4,16.005279039841703
istanbul,881ec911d9fffff,6.889644354337103,1.0591411350783957,3.5198078288900865,44.45287527320565,885.3871055133956,8.128417820712118,0.3,20.2134824545719
istanbul,881ec9c4a1fffff,3.580290701298953,1.0434721220260346,2.7362687190493244,83.79207864075345,0.0,5.1427280180340835,0.1,8.765638626498362
istanbul,881ec9c4a3fffff,4.889636789837191,1.0472177571750247,3.2914517068401032,62.29454543178191,130.9997432509616,2.7814876851267556,0.2,13.51332517633939
istanbul,881ec9c4a7fffff,3.5953419381451237,1.0544664837040711,3.2556826309136233,94.819657427346,0.0,2.6603643817219735,0.3,0.5993242141864914
istanbul,881ec91a49fffff,4.517864129818011,1.1105053555975977,3.4681497423950924,70.53174699031258,31.565358391295323,4.4499665078166695,0.1,8.533559222030966
istanbul,881ec91a4bfffff,3.552327267435744,1.3712131415620674,3.3633485629375928,85.14675395344622,196.99642846783615,8.85567006065286,0.2,18.608739446029706
istanbul,881ec91a41fffff,2.382092874704148,1.0935397464791805,3.2174098771508546,127.58594421520928,41.49108089747581,4.822532746520582,0.1,8.482235537554002
istanbul,881ec91a43fffff,5.979669397506668,1.0580132223584875,3.324618578047738,52.03697308360915,267.1394355822717,10.524297326942763,0.2,15.236583305753184
istanbul,881ec9c4abfffff,3.563362420117232,1.1098764917973596,3.3134568736401047,89.67621995910766,70.81541095768088,9.21513156035686,0.2,14.46875531965572
istanbul,881ec91a09fffff,6.4516193849324575,1.0662297207296072,3.4425810221381643,45.85073927570271,260.31513831039575,7.939251070972979,0.2,13.722529260222128
istanbul,881ec91167fffff,5.689561561732698,1.0855389847723305,3.2556039339581293,55.02293567355658,568.2934704214824,9.892000056671469,0.2,20.347323116035984
istanbul,881ec91163fffff,6.189111052095431,1.0402630587636523,3.4726465398395345,52.0201454236775,293.728824562424,12.139065809737918,0.3,23.268908250984897
istanbul,881ec9cc1bfffff,4.660053567025088,1.0349284334815576,3.3349149531720066,68.64566437215751,0.0,24.764325936898892,0.2,17.31947826959935
istanbul,881ec9cc11fffff,3.228349566738723,1.8948574526871096,2.7308813753450965,91.10464681058096,0.0,0.4936372645770695,0.2,0.0
istanbul,881ec9cea5fffff,3.868350012989884,1.0403179945469236,3.325586068318908,84.91143567197427,125.06393243013008,4.80240687856446,0.2,8.916556656162149
istanbul,881ec9ceadfffff,4.904901725791375,1.0596157952201664,3.30079356257174,63.17336661410555,141.92970476930927,3.620115490125425,0.1,10.421656610255374
istanbul,881ec9cee7fffff,4.041300457807596,1.0942300806908682,3.4475599471789806,77.11474038371922,119.10888538000916,19.636589552225157,0.3,14.82380712257804
istanbul,881ec9cea9fffff,5.39584508097384,1.0137354249118764,3.4272001601204707,58.01337080207493,425.51420454717606,6.374965163493671,0.3,12.615804333609702
istanbul,881ec9cee1fffff,5.32954369896923,1.0216755425095194,3.4843578625910947,58.00492545093979,114.60564008538532,5.850337719826988,0.2,8.51125259132263
istanbul,881ec9ceebfffff,4.279203758658726,1.067377313795071,3.278963989219948,74.68390076525604,61.88101919274865,9.912083020781962,0.3,2.2957459991496947
istanbul,881ec9cec5fffff,4.62075310185546,1.0545658388115058,3.3347758805228827,68.61937085631929,0.0,10.82653000359606,0.3,9.578440351447243
istanbul,881ec9cec9fffff,2.182075470480215,1.3594055294692469,2.752453208689093,114.56982280497462,0.0,0.0,,0.0
istanbul,881ec9c507fffff,5.333741911638354,1.1970112156247097,3.2235270090555894,57.77173698850194,661.8574366168247,9.33437541229988,0.2,13.561661435675472
istanbul,881ec91851fffff,4.122396167599863,1.0324141268915146,3.35108270605428,78.34796883378478,81.75736145113709,10.481913861149163,0.2,8.83029912505632
istanbul,881ec91859fffff,4.38332923119483,1.0529638642020516,2.948376430834581,74.70686582288333,143.533426867746,5.510962228642202,0.3,7.13424325051024
istanbul,881ec91857fffff,5.706783825387191,1.0747321156465215,3.4706591517281833,50.14807276441712,92.20826912622204,1.7790739915807074,0.3,5.086364954800497
istanbul,881ec91853fffff,3.327366294420872,1.1493235008208178,2.824872777918103,92.05668363591414,50.844296225770485,2.452504253480384,0.2,6.357298182716071
istanbul,881ec911a3fffff,7.39301865920764,1.0252793679217005,3.4041080579930627,43.99977821769163,441.714454353149,10.932148674193844,0.3,17.650162811796108
istanbul,881ec9ce85fffff,4.693909640577064,1.060180262081101,3.3824423330320075,63.91260654159467,909.5867315460129,18.208095678998568,0.3,23.17711687400219
istanbul,881ec9ce8dfffff,4.875591415811294,1.0490815959627904,3.2512838734201317,63.99223671372462,480.98032845515195,5.448128481499548,0.1,8.698070669700327
istanbul,881ec9cee3fffff,3.7787643077822497,1.0253722860808854,3.145734063010906,85.92103085304001,310.05680365596834,5.185080786997722,0.3,6.019307104045802
istanbul,881ec9c539fffff,3.9897215026859807,1.076350315593019,3.447193908408656,75.77611148843738,549.6822884944464,10.820808167104495,0.1,16.757960397274946
istanbul,881ec9c53dfffff,4.4898574940079925,1.1053677479376294,3.159834149787126,67.01436652583358,919.9354966487558,1.5943385897418183,0.2,1.695773402225861
istanbul,881ec9c535fffff,3.720657875303767,1.144339007817124,3.2730850355036987,81.09429784817311,3504.4340212311126,2.7270097861683738,0.2,0.3174551826167749
istanbul,881ec9cecbfffff,3.4301909989703003,1.137769514821022,3.3617575474186783,83.63535616172936,704.8578599677609,10.84676481115163,0.2,15.610977204735343
istanbul,881ec91abbfffff,5.231658447651694,1.0743823833176027,3.4178627103337957,58.49664801722451,654.7404325410241,1.3814358754435574,0.3,6.705247464630517
istanbul,881ec91acbfffff,5.370432315215575,1.0219411749584988,2.815323825377751,59.55634914723149,553.548505153145,12.831412552990567,0.3,14.450654999084442
istanbul,881ec91135fffff,6.003561120990076,1.0121671870943785,3.1008074282966476,52.529984474457315,480.2066030585467,5.240971117720113,0.3,17.909912385582174
istanbul,881ec91acdfffff,5.2837620315615075,1.0393455440332993,3.4828204796851043,58.7355800152284,329.2482767253917,11.24156934132655,0.3,18.10167299279317
istanbul,881ec91a53fffff,6.030406060676216,1.0185516913920127,3.0279201648924787,51.493433885719774,536.9651568978135,8.011716419540186,0.3,13.763830368546422
istanbul,881ec91a5bfffff,6.332965225406723,1.016238042085033,3.301967482389146,50.24215463955631,104.89626013181832,9.381662140611647,0.2,11.066292700717067
istanbul,881ec91105fffff,5.160328408336622,1.0366279329722754,3.404289861618966,60.449698899689466,387.2336657102613,7.3116945991347615,0.2,19.546629757352115
istanbul,881ec91129fffff,5.774994681813289,1.0345741143539056,3.1708581879260014,55.21694280076541,732.6654694381132,6.896810102129025,0.3,16.59392395019913
istanbul,881ec91101fffff,6.0223108759863955,1.0180797931512235,3.4760775619743516,53.38611160279742,734.3666719149545,9.311607431892847,0.3,17.332810180455294
istanbul,881ec9110dfffff,6.534177933564092,1.0611311241019976,3.3983330593290053,48.368652633807095,94.51559023753822,16.598661406965718,0.2,36.560453527317016
istanbul,881ec9112bfffff,6.229054766683481,1.0241136135774986,3.2220182232789556,52.029785847384126,212.91019503358743,15.66645250812461,0.3,17.449977020416682
istanbul,881ec91121fffff,4.8310811026427265,1.0504554508162958,3.206318348565785,64.82343250564897,719.1112888119428,5.912872141240372,0.3,15.558652672803564
istanbul,881ec91a0dfffff,2.576249332655985,1.4114034599939893,2.4006863546950163,122.91770934306238,43.92125303979389,5.044558629530625,0.3,1.5171101793131134
istanbul,881ec91a47fffff,2.5508097657717346,1.12563406683307,2.9901178472081797,123.07993037540682,26.73348866471111,3.0667279700200436,0.2,5.942021717109077
istanbul,881ec91a01fffff,4.48444952610826,1.1205143712919727,3.2509537688011303,69.470836883033,374.83414105258737,7.281535620740662,0.3,10.723060011252546
istanbul,881ec91b69fffff,5.136945168970865,1.0106638324099773,3.1381240791408054,57.68960050358334,758.6222418306386,7.595420149128145,0.2,14.120672105230849
istanbul,881ec91b6bfffff,3.5582735749962446,1.0925878558227469,3.0668836341183834,91.64190151458024,0.0,1.6116985266651778,0.1,1.1689298195865447
istanbul,881ec91b61fffff,5.087040626302498,1.0501039659547042,3.172417669427644,57.868359985719295,439.5614725302938,7.493414364206488,0.1,5.417117370594585
istanbul,881ec9cebbfffff,3.7384017614766103,1.0979561932823036,3.284266854296967,81.89793939111713,202.58730932570975,6.848028085560127,0.3,13.866072253571
istanbul,881ec9ceb3fffff,3.575041092126021,1.0361502136705831,2.8092903303774617,86.33242733584846,223.13241517855536,4.542791721230565,0.3,11.069540839807384
istanbul,881ec9ce97fffff,3.740813365188928,1.012639964779086,2.777685120564111,80.39017409412273,0.0,7.055088378285657,0.2,10.432456473613335
istanbul,881ec91b6dfffff,5.907949519333659,1.0702294860324366,3.280839444773414,51.78515065893169,388.3507161512704,9.427263156731986,0.2,17.56272013051719
istanbul,881ec91ae7fffff,2.969443775107181,1.0962727950709916,3.3792250424690233,113.81355855130278,213.2217001905024,9.652918633801228,0.1,15.079051590990982
istanbul,881ec9cec7fffff,4.139711887100611,1.1190124347537198,3.053339968220378,73.76579236548129,0.0,8.433431783119477,0.2,7.322653054714421
istanbul,881ec9116dfffff,5.172875786834886,1.020863045916318,2.8663393071565335,59.34233142899474,426.8423297948481,9.20250052946295,0.2,15.89541908490436
istanbul,881ec91161fffff,4.441551107569057,1.0464182606718837,3.1098437983156417,68.5409301632604,562.533018543786,4.556620874526914,0.2,12.160627713244846
istanbul,881ec91a97fffff,5.775075749195133,1.0195276896310534,3.018816313140434,51.94737056770392,143.6307565460758,11.915211023348569,0.2,18.529921033082474
istanbul,881ec91123fffff,5.330491413686616,1.0406604430881357,3.0439445226618207,60.96998846401428,379.5211233755357,7.433696282393212,0.3,17.545907759425678
istanbul,881ec91a13fffff,4.265485603597386,1.1672651144105195,3.3371953812870836,73.9387363348804,645.5333896865984,10.116324290447356,0.3,19.59109194935592
istanbul,881ec91a85fffff,5.519770041536486,1.1084989353376673,3.42241336191374,58.76460181614818,56.73860753254935,5.972960040843837,0.3,17.075819679871906
istanbul,881ec91ae3fffff,6.4657002006082385,1.124974312205021,2.959788287538895,45.935121577041464,357.9989081623991,4.5194648970544025,0.2,8.202922806555287
istanbul,881ec91125fffff,5.139500876154947,1.0966333319993329,3.449646858512935,59.868130214719194,394.7656308778974,5.586826321412636,0.3,13.817386206101016
istanbul,881ec91127fffff,4.705563188765779,1.054921207202456,3.284858855561687,64.84199616417219,106.51627178527278,10.76470513721046,0.3,26.09062496229551
istanbul,881ec9ccd3fffff,2.1612925650075576,1.1147366185583,2.4648689498663243,126.18711466594948,0.0,0.0,,0.5355001800497874
istanbul,881ec9ccdbfffff,2.5105244106016875,1.2052601470979178,3.2733486476571843,126.22916834126843,155.13628209663557,0.0,,0.4156815901794823
istanbul,881ec91b65fffff,6.095879401082745,1.0530905928900671,3.4736766481773635,49.653540108323455,259.9642823251154,4.341624589848533,0.2,11.08035194145928
istanbul,881ec91b67fffff,3.120228168694508,1.2597989899642663,3.2933984551010544,99.95460948912012,0.0,7.2550103310284495,0.1,8.123615113272958
istanbul,881ec9ccd9fffff,4.455402795956083,1.0672515602309285,3.261746811368828,69.94382354376377,840.5730036314295,6.977128066583829,0.2,9.54241271695438
istanbul,881ec9ce01fffff,6.359731600870903,1.0355444147090085,3.3645162314445005,54.15130334350594,826.4087611365421,1.4782343058565477,0.2,3.947178463201875
istanbul,881ec91165fffff,4.719103110539584,1.1166515997814552,3.310577492675247,63.207616959331375,158.55410000781953,8.463228187804182,0.3,14.667704909229716
istanbul,881ec9112dfffff,5.208651202498728,1.1281958370658336,2.830215650095377,61.56586283439288,136.15092124189826,8.146285943528284,0.2,16.935699403131686
istanbul,881ec9113dfffff,7.033447144528518,1.0305363208663756,3.236717311150289,45.24864717317816,689.601091412986,11.747402580906982,0.3,16.729781989707785
istanbul,881ec91107fffff,5.107227271327392,1.032413386297185,3.003990507765815,61.15352095753005,311.8920715352929,12.592958198843402,0.2,24.80860667584304
istanbul,881ec91103fffff,6.579330729987681,1.0368500691104172,3.3942703048369545,48.93878253149737,254.0020215260469,10.555070503459085,0.2,15.480468200466891
istanbul,881ec91109fffff,5.904907495876628,1.055305254966857,3.140969015649324,55.50938401772817,688.6527770580794,10.13033791300544,0.3,24.645033782962855
istanbul,881ec91139fffff,6.818701605166338,1.020991861379976,3.2421144814419844,47.06676939964649,587.1102005371711,7.219664682526196,0.3,18.779415251020488
istanbul,881ec9116bfffff,4.021874442135464,1.1503594856962596,3.2882790690624226,75.28275239169685,261.2484776538846,6.6687940406715205,0.2,16.276909178375178
istanbul,881ec9110bfffff,5.908268511645358,1.018529458405168,3.093205738542993,54.05841565112671,977.0174950030907,11.268799360602202,0.2,20.59034287634303
istanbul,881ec9111dfffff,6.873407249503344,1.0125602269121927,3.348112854383131,46.56139951783483,512.5847248052573,6.937492883174655,0.2,19.280411411171443
istanbul,881ec91ac9fffff,5.679139617837854,1.019245004440362,3.4748954509199383,57.64622362032932,247.05069008585647,8.008091550485847,0.4,18.6062064262783
istanbul,881ec91119fffff,7.20757338311194,1.0273394461340846,3.5058996616598757,43.935267784945296,260.9977210769672,11.881699318183705,0.3,21.000095948267308
istanbul,881ec91157fffff,6.484382279211017,1.030285382069011,3.163151059094393,49.096330427751475,273.97309599414365,12.751139811669454,0.3,15.44592514701623
istanbul,881ec91111fffff,6.029695072957246,1.0204365577282752,3.5255560588600328,53.87457351965977,594.2792390263204,14.079814890590333,0.3,30.714149450385573
istanbul,881ec91115fffff,6.578846157496479,1.0160580741245884,3.1876938004140847,47.48502803320695,91.26978689360524,12.902565076427592,0.3,23.08034318539404
istanbul,881ec91117fffff,6.820447049691614,1.0327038516636695,3.312035200940344,47.88315262370091,167.42817810501123,8.767494196929793,0.3,20.71134666118862
istanbul,881ec911edfffff,5.7655462366164985,1.02994042234118,3.385331129040476,55.80375513970291,321.06380484380674,11.836373917141657,0.3,18.01128559511947
istanbul,881ec9113bfffff,6.2111585386915715,1.024752426464172,3.201340919767893,50.54241309148741,637.6964082796542,12.899386969364503,0.4,24.913146446407357
istanbul,881ec91131fffff,6.764492104707337,1.016192768577305,2.9132062208174903,46.96344916170276,138.70821150173197,16.958878074588473,0.3,18.51660688671415
istanbul,881ec91137fffff,6.120123991646042,1.0212055567939775,2.7805660625950495,50.877604103121435,158.62050152963528,8.107517913080565,0.2,17.141960786953874
istanbul,881ec91a1bfffff,3.4989408915308764,1.0638450832128892,2.557875531442763,84.15244886163751,151.11865457649768,3.778689655238992,0.2,12.38236019316568
istanbul,881ec91a11fffff,5.568472751397351,1.0194058187590382,3.228264114557742,57.27629790380806,1332.2059873190592,4.333573277017578,0.2,6.684876081972866
istanbul,881ec91ae1fffff,3.543674546040716,1.247067166403118,3.051322975044234,86.36077573787001,128.49329598629396,6.091836796522282,0.1,4.0590769250045575
istanbul,881ec91a89fffff,6.099076394184619,1.0115930486276203,2.9261336050483715,51.40525710792473,757.6834028003051,9.887041602509058,0.3,16.435773748444873
istanbul,881ec91a8dfffff,5.608144804475858,1.0905818216013488,3.184564126066551,55.36873312687118,326.86740610067903,8.128907035141477,0.3,18.5178823488378
istanbul,881ec91ac7fffff,5.844901696887501,1.0044558576131948,2.703730430303974,56.833104348507824,247.73362224159192,19.55456896706913,0.3,12.349590718667663
istanbul,881ec91aebfffff,5.437466810918968,1.108670563406116,3.393688447678707,58.32139001405658,145.40951664259697,6.093242209051522,0.1,13.102151913504388
istanbul,881ec91ae9fffff,3.283607987675635,1.1274743807495695,3.152013731390206,91.72983511053096,119.84830251814434,1.1892148302993188,0.1,2.4625733814391144
istanbul,881ec91ac5fffff,5.5235861522599485,1.0585192734118083,3.210263071020827,58.68251568808486,417.34899105292413,10.135252761537991,0.2,13.755888159966869
istanbul,881ec91ad3fffff,5.270542789342263,1.0431863907837324,3.3391714403189856,58.11382299140766,444.4066184532767,10.74294405501098,0.2,24.98669916242928
istanbul,881ec91ad5fffff,5.277545548550441,1.0159930386561786,3.2837588953754366,60.98271961824518,336.39967625574354,13.489807097374957,0.3,14.83597044394753
istanbul,881ec91addfffff,5.2223043971391965,1.0066076289186334,3.089758627712168,61.604187199544945,1021.8309697983348,9.8497066618952,0.3,15.74892085843334
istanbul,881ec911a5fffff,5.4943369245463725,1.121627266397536,3.417566653916034,55.79582944818427,276.63292578742795,6.112450667000348,0.3,28.67369485248009
istanbul,881ec91191fffff,6.435211537269292,1.0197590725613834,3.0438311803444127,47.08499082241256,794.5619334778917,12.669993437485871,0.3,16.9556183395048
istanbul,881ec911e9fffff,5.6648679867339835,1.015162296245458,3.0852185153876146,56.18662022992423,967.2610455907218,15.221988797224355,0.3,19.932150418102463
istanbul,881ec911ebfffff,7.097935488621455,1.0471807879197617,3.413970243229916,42.417301382895324,602.1492129861452,10.324491200523092,0.3,32.84146243726989
istanbul,881ec911c7fffff,6.08370341901721,1.0084891875710915,3.5099805951449237,52.09477057470788,366.03965093923273,10.794085653628054,0.2,18.603230486412343
istanbul,881ec911a1fffff,5.641521625337106,1.0657835324064824,3.478507753236162,55.773128212671416,370.336329713258,4.016627164963262,0.2,19.90225966373552
istanbul,881ec911adfffff,4.787943747346287,1.0484734723168585,3.1648526026352144,64.50024179647676,331.7167514824802,10.740734211584734,0.3,13.414024708308522
istanbul,881ec91187fffff,5.53970503332721,1.105331920924432,3.4488262810603008,56.10602169988373,142.10722159833156,8.053296611707284,0.2,25.645155724127942
istanbul,881ec91185fffff,6.313698719307553,1.0904216855210889,3.437589939666972,49.673684571638226,380.1303423296857,11.296635306166406,0.3,25.692761026879797
istanbul,881ec911abfffff,4.4710214884825445,1.0783692939054266,3.311464762321932,70.67114820095898,356.7190826641327,12.804639101257065,0.2,19.287595700983932
istanbul,881ec911a9fffff,5.0468606859313105,1.0388075818195477,3.5310046675188596,61.04757208934948,485.4596752594987,9.485841319140254,0.1,13.8940742896197
istanbul,881ec911e1fffff,6.177312857630277,1.0199981367123547,3.349153436040207,50.72324173225271,302.7267546251315,10.403990618643162,0.3,17.85774178426629
istanbul,881ec9118dfffff,5.631430922328848,1.0513067106438752,3.426230314796229,56.15360819025033,1161.6869832461164,5.5861170993251985,0.1,12.701595149307495
istanbul,881ec911e3fffff,5.5281110833873415,1.1407683327923457,3.4334029377121533,55.97924042977781,147.01235752853677,6.295087177927635,0.3,18.341083132512388
istanbul,881ec91189fffff,5.676744304996597,1.0529476089174643,3.5002123637042137,56.17989850946971,416.4936188968792,10.432421113743056,0.2,15.777413645651135
istanbul,881ec91a9dfffff,5.224078235463255,1.0417779476798397,3.349380800679452,58.39387120080086,118.09075086781338,6.498721958342433,0.1,14.556297356542672
istanbul,881ec91a95fffff,6.609803547963889,1.0599118317741745,3.4155721686427483,46.79085365717653,251.7376903455096,9.496341023607023,0.2,19.270010342017834
istanbul,881ec91a91fffff,5.970403872704096,1.033774385018164,3.141535830297816,51.150513109018526,522.6483677410357,7.003379572843018,0.2,17.404854104294166
istanbul,881ec91a9bfffff,5.315727403948234,1.0561118313172704,3.3742705731743223,56.343173329880194,424.3807096714426,5.271762980535228,0.2,12.141546710455795
istanbul,881ec91a93fffff,5.862586603240335,1.069585118050559,3.381386402988469,51.032137879804,146.22066669446994,7.75437409667279,0.2,17.47419463521742
istanbul,881ec911a7fffff,6.823912067163515,1.0418155277992616,3.5010366186516384,47.70805255860783,63.379631846060704,10.53831935208992,0.3,25.613955363670566
istanbul,881ec9034dfffff,7.3293018620692925,1.0200452823446928,3.256071562607829,43.37266765434683,415.155704312653,5.594983692756124,0.2,5.654392252837606
istanbul,881ec90345fffff,5.140250735687191,1.0411597522336824,3.3923823526690153,57.4061426934781,657.6712728724029,6.7934641841301175,0.1,11.75995216996282
istanbul,881ec90341fffff,6.123646238834936,1.1085224212097369,3.41635683954094,48.58070303602698,86.72611242215036,6.610426220085787,0.1,12.491568913891042
istanbul,881ec90349fffff,7.660852054438125,1.027689806479252,3.430832280723316,41.27316286842146,145.39806642394896,5.94835355876919,0.3,9.735253738555434
istanbul,881ec9034bfffff,4.809456659660624,1.1296991765448323,3.493350726498287,64.14667188614239,76.29300059097967,8.614801659045602,0.1,12.330568554874125
istanbul,881ec911b7fffff,5.5313339185679045,1.1009491526425688,3.42256519504498,55.68582229381624,208.41576149060617,11.83599397222209,0.2,20.477406551151123
istanbul,881ec911bdfffff,5.597026978103632,1.0489231121089722,3.434381090238685,56.8158776514856,595.3941576541215,8.418775081281261,0.2,13.81656662791912
istanbul,881ec911b1fffff,5.465918677628511,1.062986894665174,3.4898522953168887,56.50806748977468,296.08251115439805,9.76604612943127,0.2,19.734129463813325
istanbul,881ec911b5fffff,7.236681625226784,1.0688886277248228,3.438189126012624,43.339804053703226,246.18455744773956,12.161051764112642,0.3,13.836128380708832
istanbul,881ec91a83fffff,6.055426195883113,1.076958241708411,3.4951376092193973,50.29905416891433,394.67564420062087,8.415298052648662,0.2,16.197728344534795
istanbul,881ec9c4b3fffff,5.294473669858294,1.0935188440761758,3.4388242381781935,58.76148046259677,162.35448947754116,8.46884149394671,0.3,9.830903439015197
istanbul,881ec9c4bbfffff,5.2799478546361485,1.114600812708561,3.1703294236614528,57.38316755993991,536.074125442348,3.9252632999283334,0.2,12.517450909035558
istanbul,881ec91a59fffff,4.934395931247057,1.1271079503201291,3.439688289642514,62.12464976845628,331.5901708291551,11.604242962912744,0.2,27.73749609811085
istanbul,881ec91a51fffff,5.950958453926025,1.0784277175667851,3.4089024395187915,53.5876095026154,252.02910346872096,8.526492831924088,0.2,23.545133001171823
istanbul,881ec91a33fffff,4.156437774482283,1.082313547523724,3.4019693816200065,78.19195610127512,212.8993702477276,7.029845414452489,0.3,11.288522888923724
istanbul,881ec91a39fffff,5.259342682121956,1.0043029074947714,3.459505808747023,61.72967875818037,297.612717796653,8.966641869304274,0.3,14.841730900749342
istanbul,881ec91a3bfffff,5.472748081944149,1.0677211823941173,3.2798195478143386,59.45766560503379,190.657355361948,9.197352703256346,0.3,13.070507975812712
istanbul,881ec91a17fffff,5.74553762232607,1.0249224049446783,3.3115479229780984,55.07194126067882,115.56798273365584,16.197903275138387,0.2,27.813380995601023
istanbul,881ec91a37fffff,5.043168230915987,1.0631297844587513,3.254034016553057,60.67022459771452,32.973716826229925,7.640880151543416,0.3,16.957964351649785
istanbul,881ec91a15fffff,5.911659680660171,1.0270141055757822,3.3718415456801423,52.57065414818603,284.9887920831966,12.362227209331742,0.2,18.76356420453307
istanbul,881ec91a31fffff,5.746443752561894,1.006036029654958,2.8629639187504017,54.517754198913245,287.46624798564244,7.251612799013492,0.2,18.16573889100642
istanbul,881ec91a3dfffff,4.701158796529513,1.0090781229961423,3.394882277410158,67.33377371204932,762.2501414352311,3.9812798237038898,0.3,11.921194987039696
istanbul,881ec9185dfffff,5.8027166231421745,1.0831381306319312,3.370164595717539,52.21243727237307,12.534932254207067,7.198845575119681,0.2,12.928330394824307
istanbul,881ec9184bfffff,4.16310794628258,1.0616900556366713,3.5064529501689026,74.1058464682269,342.07693717485535,5.885849689940428,0.2,15.808100019967023
istanbul,881ec91a35fffff,5.257217935990988,1.047032510369402,3.41758627811876,57.19079092553677,327.42944262531574,13.29514784831372,0.2,18.507553196413305
istanbul,881ec91a23fffff,3.857313662492479,1.0574323271564976,3.1895228204517214,82.48792968944582,85.13919537491212,1.3041071152035415,0.1,2.682744905467337
istanbul,881ec91849fffff,5.564370402598354,1.087205931367356,3.444836617916198,52.91603957690344,56.15575030666421,4.920973928345782,0.1,14.28331971009348
istanbul,881ec91aa3fffff,4.6019473406321705,1.058609745326974,3.392654815391588,64.45318634410535,130.79758046130186,7.005513390081381,0.3,17.393610342481537
istanbul,881ec91aa1fffff,3.7664565808549857,1.0873744656415378,2.4701803819412147,86.28799855333124,53.02671338263185,2.6091719874631902,0.1,4.11186722997006
istanbul,881ec91aabfffff,2.910201719621588,1.262001256396525,3.0105833911346127,107.38087256736084,67.3992555349333,2.906912634927618,0.1,2.6135740494131174
istanbul,881ec91aa9fffff,4.675209520169025,1.2622256527882,2.994474756442626,66.34150329935873,92.09470495686044,2.255315551773712,0.3,7.079601649749181
istanbul,881ec91aa7fffff,4.652959226172748,1.0444435786808477,3.112768443207464,68.38267921886262,414.1739120619319,10.836445887237687,0.2,15.822442895429662
istanbul,881ec91ae5fffff,4.036273639452223,1.092309388467321,2.836708019472882,75.56474789489063,11.10338389815,4.581510985351203,0.2,9.541496097371017
istanbul,881ec91aa5fffff,4.442510820410686,1.0712610852948414,3.2640959331865576,69.19677178838897,104.5813474650806,5.1330921483790455,0.2,13.880822172925884
istanbul,881ec9185bfffff,4.821215129692293,1.0391457688602943,3.0401760537596045,58.335915829159546,10.708895187780143,10.307493182181844,0.2,12.526817474098529
istanbul,881ec918cdfffff,6.068376734454905,1.2066430550021328,2.673763827029011,50.49976728756162,386.45891084803503,0.5303605461579339,0.3,2.353808513175633
istanbul,881ec918c9fffff,7.356351159950748,1.1416407499954384,3.3733612209713324,43.69402227268381,408.8383871107414,1.051191263609353,0.2,3.0101034857888287
istanbul,881ec9181bfffff,6.398975394657155,1.066928848812067,3.3638982131549797,51.96144374576304,545.3140384576616,3.346092808094748,0.3,9.097632858242084
istanbul,881ec91855fffff,8.054129476303643,1.0687576519923143,3.206279015554517,42.97843077545232,50.122252079128955,1.6468183258028004,0.3,2.857970816260253
istanbul,881ec91a19fffff,5.820888160015794,1.022993093005499,3.292637184687044,53.57750884322788,391.2486920194881,5.817247022392025,0.4,11.705673061652329
istanbul,881ec911b3fffff,6.395260118610613,1.0495555920644577,3.451002165581642,50.5181833240447,92.47262865411918,5.762550349863084,0.4,11.33321406118389
istanbul,881ec91b11fffff,6.171570500811726,1.0225391283800642,3.3506906028199555,52.28497549022463,660.5640803437449,13.911961840607567,0.2,24.742073491910485
istanbul,881ec91b1bfffff,4.929162666659045,1.0665982511456749,3.278897231095409,64.14994898335537,499.46954446867784,5.798950524706696,0.2,11.983771876203162
istanbul,881ec91199fffff,7.923108409197262,1.0338960633992245,3.4480585699743647,39.322235262257855,712.9055701164223,12.451225546989264,0.2,22.717058568875466
istanbul,881ec911d1fffff,6.4446853936901025,1.0534972557913167,3.5067465879843676,48.99039755139031,913.3888767791924,9.479714959658184,0.3,25.43806241532429
istanbul,881ec91a2bfffff,2.9631536801422587,1.126865290794833,3.2819765967477523,108.74300053406364,15.46442283393574,5.556820433340895,0.1,0.1851007863204365
istanbul,881ec91a07fffff,4.686802383116724,1.035067519909805,3.2562226244849146,66.67658980581717,33.29565356049895,13.240799825145013,0.2,13.3431081817654
istanbul,881ec91b57fffff,5.592681099587046,1.0957720371961186,3.4579883510729563,54.99611941014623,81.00582759422844,11.60704092666601,0.1,12.116152750933242
istanbul,881ec91b55fffff,5.70787923135495,1.0660486082344618,2.8410923754171797,54.42013469304774,811.2733456214426,11.296475579554471,0.2,10.790623966857687
istanbul,881ec91b0bfffff,5.71119813464769,1.0249096770279449,3.0620329073203503,54.629517772674376,1190.246191143657,11.58185165323479,0.3,17.598616558871907
istanbul,881ec91b1dfffff,5.7832164854019625,1.0395162282079462,3.0528695817968248,54.592742685922815,694.5873153515982,10.480794743480828,0.2,23.823080918702058
istanbul,881ec9184dfffff,4.156104953864063,1.0518091633220532,3.271217199988328,66.16772267608971,149.69036744632382,1.9373729717181032,0.1,2.7059948320452234
istanbul,881ec91a03fffff,5.507340931072766,1.004105625228,3.227729525593307,58.73003537128251,297.85968791824905,6.055150437065657,0.3,15.299453925530006
istanbul,881ec91b5dfffff,3.483926808433435,1.015167623435712,2.9963672977579616,87.1348467587156,1829.282903987801,5.640575976310785,0.2,11.445831414925756
istanbul,881ec91b4bfffff,4.8897202084539835,1.0054294179621983,3.0976514858725888,63.789381070527234,2721.8722725943226,12.265579898546806,0.4,17.605795097338834
istanbul,881ec91b41fffff,3.879345439318276,1.0664455172404763,3.3338217208740226,80.34559349349546,1065.5502516049228,3.797123443984532,0.3,4.036590670027913
istanbul,881ec91b43fffff,3.6796578252297745,1.1062549914848454,2.816024124269176,88.56004070047474,440.7118663243786,5.540550552028287,0.2,8.69389382417318
istanbul,881ec91b47fffff,3.2051763240365285,1.1601531707603947,3.056214129345059,88.22818361823099,0.0,10.527285663574688,0.1,13.8850869549033
istanbul,881ec91a1dfffff,5.660020519301541,1.035541084969744,3.4620027311380164,55.92095653867852,238.79410181766508,8.264069293663233,0.2,19.19020453850882
istanbul,881ec91a0bfffff,4.7926811694185,1.0174718955671285,3.1078927639146148,69.29097523904326,317.5041535411289,21.460880550347262,0.3,27.87774822162308
istanbul,881ec91a57fffff,6.728923339418946,1.058410081426293,3.4252553620267863,45.94400882645317,280.6050851680324,14.381562683875346,0.3,23.215900904165093
istanbul,881ec911c9fffff,6.182409038947613,1.0209579129964526,3.431916277674161,50.12187767384923,433.49793854689807,8.354126257737336,0.4,18.67076600585772
istanbul,881ec91b19fffff,5.066811811361757,1.0468022930734078,3.493671137397945,63.88070242884176,25.308373456314936,3.4864394020635707,0.2,7.759552967215368
istanbul,881ec91b13fffff,6.9170956561169525,1.056510111998655,3.3528497401758295,45.58078128137589,61.403462945379594,3.788344126047222,0.3,6.79127348449729
istanbul,881ec91a55fffff,7.72920596610469,1.0955599159673362,3.473236011246939,40.6654442359624,144.3654419749244,13.67600526987284,0.3,16.729859260147798
istanbul,881ec91a5dfffff,6.262214624784419,1.0918595978761725,3.3876845573469376,47.314937933238966,558.6201531649899,9.30560538199986,0.2,16.001318094349983
istanbul,881ec91b45fffff,3.2550253325956007,1.1137929355250633,3.2673116445429233,97.1348724761266,111.12189920972496,11.98370984614779,0.2,18.924474592733105
istanbul,881ec9ce93fffff,4.449485602470337,1.0140940425506533,2.761041845295944,73.33786838022691,316.69295476754695,11.607254991789068,0.3,8.570058691051537
istanbul,881ec91b63fffff,3.666908302086474,1.1737552180984805,3.3071142366271533,86.11872664078516,0.0,3.5454264909242603,0.1,1.6986314453745166
istanbul,881ec9ce9bfffff,6.016465186766464,1.0480293336422384,3.293521379977995,50.85292043822935,181.54007378078649,8.737583216136091,0.2,24.01283430177461
istanbul,881ec9c4b7fffff,4.816649497040265,1.0887231268334463,3.244351004250409,60.8998710646437,63.7932267227365,13.017432996689156,0.3,14.972954233818236
istanbul,881ec91b51fffff,4.046987089487298,1.088363645407349,3.2083064671727755,74.12922091580138,32.02533834988069,0.7344167538949176,0.1,0.2586047865685872
istanbul,881ec9c5b7fffff,4.944045364555702,1.0161865794124871,2.9802578483973834,64.67224017858902,876.5550946526771,2.76259247714813,0.2,6.026229008535615
istanbul,881ec9c5b5fffff,5.920103121507966,1.0191131690306798,2.9138944614752784,55.40683627713764,670.5185289139661,6.809919643772194,0.2,12.438842055566552
istanbul,881ec91b49fffff,4.8755549334975266,1.0091678454071364,3.30744761475233,63.870372300069874,1442.9691934519058,3.840424901563606,0.3,5.594466434209919
istanbul,881ec91b59fffff,3.1690375769478587,1.0751950313173853,2.8444692604812167,94.66596489175556,0.0,1.6764645210099085,0.1,2.709575842799458
istanbul,881ec9c5a3fffff,5.218000298277418,1.0303593204932164,3.3321075845271073,60.60103452286239,76.55139125513361,10.874407415060665,0.3,21.92893314978672
istanbul,881ec9c5a9fffff,5.7806777326454,1.0403289819371024,3.0962155380029097,54.3340719447972,1906.9486053262497,10.95632211794702,0.2,16.003766612754315
istanbul,881ec9c5e3fffff,6.077707005562822,1.0417643893463462,3.300461158973439,51.860853374486474,175.81625343677717,9.88181211986186,0.2,11.966595118173892
istanbul,881ec9c587fffff,5.710548671589371,1.018202590317891,3.4418982547132524,56.501481871226325,556.1321223889404,10.530898054414635,0.1,16.022273813783517
istanbul,881ec9c583fffff,5.311919063914648,1.069267435148187,2.873604714763977,59.79892671584451,226.620019337752,4.307533300979583,0.2,3.318776977213539
istanbul,881ec9c5b1fffff,4.705790786478694,1.0338840542307504,3.383136424075574,70.0929868971059,600.6423529179569,5.476833743881728,0.2,5.479042979380498
istanbul,881ec9c5d3fffff,4.9243747827571225,1.0376381724566344,3.280985195248459,63.28273551962789,248.80983294272343,5.148092069705001,0.3,7.744094535139455
istanbul,881ec9c581fffff,5.9381258832410175,1.0060368265724735,3.488291764157076,53.34412553421947,0.0,16.536430756563593,0.3,14.2274951277851
istanbul,881ec9c58bfffff,5.571602577001659,1.07560066115765,3.347848727602209,56.25541870388903,116.14952496979652,1.5236689236786525,0.1,0.0
istanbul,881ec9c5b9fffff,6.789849583655264,1.0198547703416614,3.5244821169366474,46.720210026103466,0.0,9.080780896414488,0.3,9.124725718644662
istanbul,881ec9c5bdfffff,5.571590277272261,1.0410779831055323,3.022703695806508,59.12700355424786,273.71658471827027,14.126133514817298,0.2,14.585114859996846
istanbul,881ec9c5bbfffff,4.202705411622487,1.0920629086125122,2.8581776159908827,72.00875372098353,56.9351034881608,0.1848097999507612,0.3,1.0494055721844848
istanbul,881ec91b39fffff,8.363061028377857,1.045997933203354,2.8824701501674728,39.17061059162112,199.2656622830627,0.1439907731037669,0.1,0.3040259330181172
istanbul,881ec91b03fffff,5.358896596055713,1.0560686639817929,3.375324536758282,58.609921167993384,287.45141248323944,8.708841952034666,0.3,17.564174974627615
istanbul,881ec91b15fffff,5.43256253479363,1.0229194798250634,3.233362945414478,58.470943829751185,99.57090417226448,7.74150916746311,0.3,10.675851461889655
istanbul,881ec91b17fffff,7.161194917860739,1.0447298050827387,3.3291711967088293,43.74312047657137,54.70891042408368,0.770654133476541,0.1,1.0363797655849742
istanbul,881ec91b05fffff,1.1704369368242695,1.472829285641599,2.5393673998815784,233.0132142507908,0.0,0.0,,0.0
istanbul,881ec91b0dfffff,4.14223325934903,1.1951293947550448,2.9300581122131675,78.67564107050616,0.0,4.023802713688653,0.2,3.296281876120905
istanbul,881ec91b09fffff,5.467802157995479,1.019196828307121,2.7329299879119873,56.50796244018284,423.5898761587413,11.743184033664091,0.2,6.63954316000384
istanbul,881ec91b29fffff,2.231430989379383,1.1860287077274667,2.819051414116978,154.5320414783707,0.0,1.780136901008979,0.1,1.675356839218864
istanbul,881ec91b01fffff,5.557497620869444,1.044930058363407,3.289908027880768,55.831546697939935,300.4879319786521,4.939816749583999,0.3,12.07407167577998
istanbul,881ec9c5c5fffff,5.060387661560602,1.1456797931019953,3.4449946122767128,62.76652542499456,174.8992726053443,6.412955109389757,0.3,21.737620169523655
istanbul,881ec9c5ebfffff,5.484917893384029,1.0313616181241438,3.319488566187651,58.03365981811299,669.2111056304167,14.481740557762542,0.2,18.68032564683189
istanbul,881ec911cbfffff,7.199954022434529,1.0380852758166532,3.421655142277896,42.93828993011491,595.1601087867006,11.650557576816658,0.2,18.963873381876347
istanbul,881ec911ddfffff,6.629084002166378,1.0556289083821788,3.3047182993169493,46.44911088989553,542.718560876588,8.506007196793039,0.3,20.348488881813857
istanbul,881ec91037fffff,6.836322446711421,1.0425123408745725,3.36362568848459,45.53103288510336,800.7215628397549,9.308057300336351,0.2,15.666246737054305
istanbul,881ec9ce81fffff,6.912911882839281,1.0848596348474764,3.018940521451766,43.39705251338794,155.1784982427627,7.559252288555502,0.3,12.16235650716856
istanbul,881ec9ced3fffff,4.914313752497521,1.0431279756667926,3.2938121184261084,66.4010899401461,651.0717858504178,20.062302209643555,0.2,15.676189480241693
istanbul,881ec9c5e7fffff,6.341029614745258,1.0289260824506907,3.4887561616283196,50.64449007387505,830.1510983101463,6.469218261536378,0.3,13.63687793108477
istanbul,881ec9c5e1fffff,5.420915277250263,1.0133947914523784,2.9930132961951457,59.54433773964332,110.97297449483378,17.48732189222337,0.2,11.391822179507638
istanbul,881ec91aadfffff,2.773878565509381,1.1947674687847658,2.8335367011909836,117.55632008420604,69.71562404230401,0.7775984787718512,0.2,2.612756845427002
istanbul,881ec9ce95fffff,5.660673752863578,1.0566590609684112,3.2365093555806603,52.23740806146915,289.3008610761957,10.792324649576951,0.2,20.273737742940444
istanbul,881ec9ce91fffff,4.896662167196695,1.0484090176396492,3.25237642034343,63.87947500774376,1652.5357428956795,7.546498458296609,0.3,20.8848376483592
istanbul,881ec9ce3dfffff,5.824695630926246,1.037858412991514,3.4217014449103873,55.64422460392465,92.4284078215656,4.801000916162806,0.1,4.183036616296116
istanbul,881ec9ce07fffff,4.4380813895002635,1.063858735069764,2.995797400406693,74.48680710966363,0.0,5.740279249533771,0.2,9.364805623967872
istanbul,881ec9ce09fffff,9.089011931484874,1.04346872540398,2.870485806712193,38.83163308961882,0.0,1.2247847621171597,0.1,2.882570551033359
istanbul,881ec9ce0dfffff,6.339291722537519,1.0239554122558427,3.410344643258018,53.888497608934,0.0,3.125777728638111,0.2,4.380285930452796
istanbul,881ec9ceb9fffff,5.993566150447706,1.0633603912201317,3.000993060495768,48.081114426334,35.97542837959598,3.886306085897204,0.3,2.943705471806653
istanbul,881ec9c5adfffff,5.991931424173081,1.0250484466887049,3.1873457750975125,52.128691373683274,381.7238089615611,13.536298795605184,0.2,19.415564703043593
istanbul,881ec9c5a5fffff,6.885605304510716,1.0464318967587027,3.2863315879875747,45.61727694394531,93.5269966797148,8.46787742759464,0.4,16.881211205403797
istanbul,881ec9cf1dfffff,6.434981738757094,1.0971475498060692,3.250086773465602,52.83620277462829,125.8503256092424,0.0,,0.0
istanbul,881ec9cf19fffff,4.867895824562219,1.041969320556661,3.3284015518479166,65.24851029412416,314.9285023114576,5.151656805117266,0.2,7.08199395555374
istanbul,881ec9cc4dfffff,6.138918817302598,1.1142984720653253,3.219318434498097,47.54899845198484,108.10871922511237,9.361848354310668,0.2,18.806021583074376
istanbul,881ec9ce27fffff,5.374346135658601,1.075259471323696,3.5121205538195555,57.44416612216074,36.56320688455715,11.161885227281148,0.3,20.92591497660323
istanbul,881ec9ce2dfffff,4.967892232427682,1.012381826658011,2.851797381398701,62.042243201312886,327.31455718415543,1.0990021462500124,0.3,2.2463896539161485
istanbul,881ec9ce29fffff,4.568557541996837,1.021656892705283,2.8814885274904594,74.88255538275797,0.0,2.619053120259004,0.1,2.9817129228155372
istanbul,881ec9ce05fffff,6.275019562024966,1.0310193163072656,3.365652498983111,52.93687573599414,410.1205283768916,2.6614916658363743,0.2,0.5445910708531461
istanbul,881ec9ce89fffff,5.360677027241388,1.1462862965710972,3.1011894424273394,54.9486439936347,461.7270083169512,7.1460059551838,0.2,18.323370020497354
istanbul,881ec9c531fffff,3.8891940924260577,1.1327750494805269,3.383701646623433,75.39687548066028,0.0,9.452042025245548,0.1,1.5784274844995143
istanbul,881ec9cea1fffff,5.619735855888118,1.0565136963313204,3.5239506417300266,56.192938917821095,464.11785612826714,7.151218261833364,0.3,10.66429816188782
istanbul,881ec9ceabfffff,4.831507456759323,1.013899387839821,3.295174675817221,63.988373837857566,826.6234545396742,6.9675605579370545,0.3,12.019842760146958
istanbul,881ec9cea3fffff,4.004310574402601,1.074439939414683,3.2910798427477146,80.71412391325843,0.0,12.15499664491148,0.2,23.184359803852217
istanbul,881ec9ce87fffff,4.095765756351505,1.1257253397061724,3.029552643835552,72.87267034064402,684.5169746035598,4.40539906303969,0.2,10.88014703476836
istanbul,881ec9c4b5fffff,5.8133291079469585,1.0811070569338854,3.319278619032089,53.047613132958,485.2069520648982,8.280158159881738,0.1,9.339067481009783
istanbul,881ec9ced1fffff,3.40738707855069,1.1296145903559422,3.383302954226961,92.538742457588,2151.482271620055,8.707646743473921,0.2,10.802922496393847
istanbul,881ec9cedbfffff,6.0765715490348144,1.0358093617267723,3.5002246972278788,53.800580522252574,110.514859126907,12.281456164387825,0.2,11.493517157624314
istanbul,881ec9cf13fffff,4.269619591480828,1.047951243472702,2.6027519641116124,75.50284378867227,503.43409716928767,0.7209258627901122,0.2,0.576328341506799
istanbul,881ec9cc45fffff,3.4122000985474217,1.2277819529904388,2.889721556042921,99.43312364071171,1517.6044770051574,1.7259180140369186,0.2,2.2272384826151743
istanbul,881ec9cf1bfffff,5.350620798933471,1.0232041796302132,2.8847868927659888,59.89273628346035,15147.695059541262,9.06457374012961,0.2,8.513251066259535
istanbul,881ec9cc49fffff,3.9679512780134103,1.166737201864123,3.2475421826152777,78.12595928728348,21.96992913388495,0.839726079316373,0.2,0.2349318311576365
istanbul,881ec9ce23fffff,4.534044391044516,1.069004364999659,3.4186853739142076,71.14633588467728,134.23623212641948,6.2689359211155145,0.4,4.7560339565240115
istanbul,881ec9c5e5fffff,6.864632117099714,1.0110770680916172,3.2600894111623693,46.38508193944276,38.83911839716061,6.1149824045476,0.3,11.747951450001626
istanbul,881ec9c533fffff,6.485233333429476,1.024146568677477,3.449603600517856,50.63167230431542,91.62590883615358,8.557333563836773,0.3,1.7366526479230986
istanbul,881ec9c53bfffff,4.771116384198945,1.0243745876809116,3.3262285054228764,68.75235296991832,0.0,11.360769523109266,0.1,17.75979730509002
istanbul,881ec9ced9fffff,6.611902666276991,1.011565490406959,3.45987784670142,49.16872353360038,114.21347762566936,13.512268855566596,0.2,16.013250166526973
istanbul,881ec9c537fffff,5.505804472978442,1.0392180954838013,3.3775334085157316,56.62473257313104,19.16920709771691,7.613233178121845,0.1,11.613056495639572
istanbul,881ec9ceddfffff,2.8857221378548914,1.045578214698466,3.359140494820937,106.46517612781318,2832.0676237384932,9.287808750929344,0.2,12.871085506226908
istanbul,881ec9c5edfffff,5.304344090676269,1.0947516374646251,3.3636325665845974,62.11759303789725,1134.109186734526,1.8363345521982075,0.2,3.596960332966824
istanbul,881ec9ccc3fffff,5.581895750219308,1.061335352063866,3.3834817991849264,59.716868291608066,0.0,2.9486466299308587,0.1,4.168664854275555
istanbul,881ec9ccddfffff,3.8351952853857214,1.0531052415029687,3.3259007237476954,84.41317406388207,0.0,2.821307523235591,0.2,4.013207335018835
istanbul,881ec9cccbfffff,4.395858075334801,1.0300895825103331,3.447697353129343,74.26777267153454,0.0,13.079545879201056,0.2,15.40839518157223
istanbul,881ec9ceb7fffff,4.213345889660462,1.04343073106712,3.5047482004069725,76.10392840044848,2085.8498724239653,8.670313593469135,0.3,13.69527336491733
istanbul,881ec9ceb5fffff,5.077704467532681,1.0055553750780508,3.5102874746673915,65.64646199177164,1708.1566509566485,5.150459831928093,0.3,5.526886442814289
istanbul,881ec9ceb1fffff,5.24321356874072,1.040410999737393,3.5113258371438323,60.11912106415571,50.37494044662501,15.330372589547256,0.2,9.189662789251846
istanbul,881ec9ccc5fffff,3.0927926272294592,1.0827687452117398,3.144730241081731,110.6137088358085,0.0,2.2079866171956564,0.1,2.6230127265675875
istanbul,881ec9ccc1fffff,3.452806378634232,1.1093648171354864,3.4192511558653766,92.3424440139801,0.0,11.937048219353864,0.2,12.635830389490938
istanbul,881ec9cc13fffff,3.473205473723072,1.0245863703170133,3.213096828160533,84.26881998303699,459.86803813423234,3.970325343439428,0.2,4.726147932779849
istanbul,881ec9cccdfffff,3.102106946047329,1.0816471876592726,3.428203639296961,103.6162121483698,0.0,6.48274878258428,0.2,8.947207386688675
istanbul,881ec9ccc9fffff,3.3445883165623327,1.021440729920748,3.118206694537369,95.02797572737316,0.0,7.145947822578577,0.3,1.0748222866162926
istanbul,881ec9cc19fffff,3.3664257097267956,1.092579306734167,3.068296431623793,97.112814929639,156.71518856260838,0.0,,0.8358333483439541
istanbul,881ec9cea7fffff,4.59567259299889,1.0320402196435003,3.347054367466455,70.80504949211124,0.0,8.957303593730662,0.3,9.337245075649497
istanbul,881ec9cebdfffff,4.887427044619637,1.0467941274696986,3.2200775892939864,62.551171183380326,577.413005030579,8.093631945233112,0.2,5.615411792123626
istanbul,881ec9c5e9fffff,4.877189134110543,1.131775627538797,3.209847020119326,61.08589454860864,171.88929571348928,10.687465525463717,0.1,15.44636400517491
istanbul,881ec9c513fffff,3.8790536030143055,1.0560357949568062,2.861209963821677,85.1432496578935,103.29829343714636,4.212046304771843,0.2,9.829957719225169
istanbul,881ec9c4b1fffff,5.411877211467553,1.1192540619753162,3.157827298021916,54.72541889146958,123.776410858345,10.673326186221054,0.1,18.122527478186456
istanbul,881ec9c517fffff,3.315256500076545,1.0799510799866,3.203055037069888,97.06102022886988,61.04295805977794,5.906842528814857,0.3,10.315730224298402
istanbul,881ec9c515fffff,3.9438659738987454,1.0345291294517809,3.4078600077152,78.90450974965121,46.13069664024069,8.596035509272186,0.1,12.87562247779833
istanbul,881ec9c511fffff,5.819977800553068,1.0471300760786375,3.2931302787261405,56.17256424792708,114.43300062136748,9.842014333166818,0.2,13.323354226069716
istanbul,881ec9c5c3fffff,3.6359990246810954,1.1205826152287446,3.399944760241402,94.68162470482554,133.94445536549895,4.9070369194766155,0.2,10.348988167643943
istanbul,881ec91b2dfffff,1.6801579295289886,1.0068153703150458,1.9298320497004495,173.5947922160102,0.0,0.0,,0.0
istanbul,881ec9cf11fffff,5.325390974439565,1.0382680423696264,2.7061514868237193,58.04097963407041,0.0,1.694024628273556,0.1,2.8724023214216805
istanbul,881ec9c4bdfffff,7.435116099611246,1.070207362709496,3.091152561063065,38.22836944806961,438.209439937275,7.005844425538391,0.1,19.655299406873347
istanbul,881ec91aedfffff,4.753576219205464,1.0548296001275652,2.847195678753354,61.357313571258345,15.778282061676697,3.834143038589181,0.2,5.66998926744957
istanbul,881ec90265fffff,4.087917826446656,1.0071182445024365,2.2544347768232735,76.03157010643169,71.63379336169537,0.1767307289676402,0.3,3.0944941404247963
istanbul,881ec91169fffff,3.979444373605459,1.0099872670964554,2.4612579581494063,74.9737605189102,237.69682902319784,5.7736561026000155,0.3,10.578473298477652
istanbul,881ec9c5ddfffff,3.77267702143522,1.2060581384648636,3.325365546621013,85.46448707644626,155.32370786408225,9.211211924648726,0.2,16.74847442866778
istanbul,881ec91067fffff,6.914846725900126,1.0791516049414958,3.193518208626042,44.188333836970294,191.26643089650787,5.832558419891214,0.1,16.23951442378128
istanbul,881ec9102dfffff,6.144589825130494,1.0610377949411944,3.422635739083714,48.71272719734385,258.2053138808677,6.021562667829256,0.2,14.537940704619512
istanbul,881ec91145fffff,4.7801874281565935,1.0803211895461229,2.825938174303783,57.55196306429516,157.04050161011148,0.7953326464707191,0.3,7.406574672074907
istanbul,881ec9c493fffff,4.895882338196018,1.0569583736906132,3.294186680935088,65.68949537286228,384.0989881869137,9.848493527470138,0.1,14.994185293025096
istanbul,881ec9c4a9fffff,4.324607629765524,1.0287677564561346,3.49356629879453,69.22317189295437,310.16440381806035,9.302196185598596,0.2,6.290807388834421
istanbul,881ec9100bfffff,7.142525565552238,1.0609978354538154,3.53429247352843,44.412119674211894,143.05009469548452,9.69742185160058,0.3,24.069826453807455
istanbul,881ec91001fffff,6.266990423172564,1.039211866133489,3.526799950636601,51.859022920841504,1202.954841225803,9.23103361545166,0.3,23.530229917897767
istanbul,881ec91055fffff,6.004227525037856,1.0471374471851205,3.168734237367838,51.333693934299845,1571.0472243618492,9.869537085543172,0.2,16.021855941367402
istanbul,881ec91009fffff,7.354525495880954,1.1041979792250258,3.5350645756705132,43.56684015467215,367.80680050711294,4.678013673940951,0.1,15.739920752362476
istanbul,881ec910e9fffff,6.858458426925398,1.0382883591149412,3.486011252867712,43.55737740146722,276.6028785384796,11.623866767468062,0.3,26.65904719692288
istanbul,881ec910e1fffff,6.319000726387671,1.1104060093073114,3.4761363737725386,47.84822067101011,111.84324131826696,9.703353089459794,0.1,28.47699863816473
istanbul,881ec91007fffff,6.981982526816404,1.0608460969399234,3.545435026024321,45.948159755878706,487.5656662592366,9.925040806922322,0.2,16.440508376342144
istanbul,881ec9102bfffff,5.6252073928814985,1.006401770385834,3.0140132047130352,54.52162790494865,1009.8658354571618,11.789229671866805,0.3,18.48758726750062
istanbul,881ec9103dfffff,6.061778551968497,1.010667579897358,3.5165849709909134,53.69410906795777,804.2136200496365,15.946323010290104,0.3,19.272841624595586
istanbul,881ec91039fffff,5.970030155109233,1.0664054177005546,3.542131284497441,51.74186989589114,597.6780059125472,10.991485713351258,0.2,23.466713335513667
istanbul,881ec91005fffff,6.70380710860007,1.0141668026743176,3.242897473994,47.490529154747506,1653.294435561884,8.11743192177824,0.3,18.36682610828432
istanbul,881ec91003fffff,6.811270919445367,1.0161267958694085,3.4898384933918134,46.72584824645816,999.8617529068516,8.305419277262054,0.2,18.35024798288444
istanbul,881ec910edfffff,6.396437487190332,1.0488686755101326,3.462183157695236,49.529186435736875,235.4442861576559,10.591139271357276,0.2,15.975431100282272
istanbul,881ec91013fffff,6.764405660493028,1.0729420804963357,3.5030980580939137,45.72432941446756,447.7665208140264,11.779069601923574,0.2,28.496399903873087
istanbul,881ec91017fffff,6.692659637852835,1.0507493169587,3.5421481028312556,46.82137527432404,822.1177577251412,13.691378632100552,0.3,20.888195372407573
istanbul,881ec9c553fffff,2.977704466997127,1.249511631982946,3.3719637406950325,103.3320502765006,523.7596715813078,1.4590566815150057,0.2,3.20155048926716
istanbul,881ec9c55bfffff,4.00213760026927,1.1694380875381318,3.198278618557015,80.10425110634569,67.64227318859291,4.4508547025967,0.3,6.898051142371934
istanbul,881ec9c551fffff,3.883566205849184,1.1555928542639051,2.977855124039535,82.15325866392841,36.72270861658862,5.604891778869085,0.1,7.817281260219122
istanbul,881ec9c55dfffff,3.8869709324136776,1.2126640029887006,3.305556383480251,84.923991745331,175.6687076542558,4.019183372870986,0.2,6.032247802073815
istanbul,881ec9c555fffff,3.48161963609388,1.0183725125194816,3.071405611933128,97.38028025105872,93.80913319445176,14.41482930908609,0.4,8.25625413017603
istanbul,881ec91063fffff,6.217749670783125,1.0145751261090667,3.4277270833150366,50.39543964149002,993.5994197579367,9.016182202016903,0.3,19.271614498693847
istanbul,881ec9106bfffff,6.377365359566728,1.0484746605887034,3.173247289613143,48.96142534640629,355.6618093425064,7.441605804103035,0.3,18.618953636195418
istanbul,881ec9135dfffff,5.2935083298320995,1.0386895538241532,3.3834813882828416,58.05692966087747,216.80090697999975,6.200476713404754,0.3,12.302277393477327
istanbul,881ec9134bfffff,5.509675742290048,1.0642617109913102,3.5000075860942217,56.0279164533204,367.10661453276185,4.371259068799513,0.2,9.582988218751662
istanbul,881ec989b3fffff,4.52037650749898,1.0809982402039116,3.4825427575207897,59.61461817029415,529.9171031513176,2.4030840292706355,0.1,4.298485820422513
istanbul,881ec989b1fffff,9.580207951146352,1.2362278484550442,2.265532672530118,33.92410703998455,0.0,0.0,,0.0
istanbul,881ec989bbfffff,2.868871948171512,1.1642873286994966,3.2241595008375077,87.14226515384853,0.0,0.0,,0.9966941778729836
istanbul,881ec9126dfffff,5.354928232498731,1.0422973151150354,3.3852710565827646,55.772496876479146,439.29440787187673,4.19741623912093,0.2,10.854238556009893
istanbul,881ec91261fffff,4.2631635152022165,1.1064738510931094,3.492663386640249,73.15721928250233,0.0,6.176648335607447,0.1,10.24044658196356
istanbul,881ec91265fffff,3.373153457396523,1.0786041955065264,3.1743736697062217,86.7683402270016,68.68244598770762,0.3958267777122595,0.1,1.9328516372064797
istanbul,881ec91029fffff,6.504125693306143,1.0253633385533292,3.2693339513143074,47.045015834412816,393.3322210347878,7.388457014932346,0.3,16.04846062009282
istanbul,881ec9100dfffff,5.90897209240094,1.062045908800912,3.5198273875964707,52.594564952071934,817.405030797514,7.156440911662212,0.3,20.953914716416413
istanbul,881ec91043fffff,6.648436634256451,1.01121399164017,2.830023157618278,46.10537473441146,360.3137205364,10.089979603328022,0.3,27.943885990826978
istanbul,881ec9105dfffff,5.924704780584754,1.03724340810258,3.3793314110482244,51.48607383747176,891.3589634830047,4.649211206111605,0.3,13.317127724651325
istanbul,881ec91041fffff,6.831244237014924,1.0116843827175128,3.2032809675534204,46.249975982094824,1117.9127250635056,9.083609054118751,0.3,16.1949636826049
istanbul,881ec91057fffff,6.557772875252759,1.084365162679623,3.4413895440412396,47.59697895190712,181.8149125392136,9.371851047989889,0.2,27.37336537463082
istanbul,881ec91019fffff,4.456397092810932,1.1092684322073785,3.3155927736134694,68.72143429364559,220.3683262719844,11.13522169393641,0.2,23.080605801754153
istanbul,881ec9101bfffff,5.106092985422052,1.0870342125535912,3.2817725845625736,57.1739458534043,476.784904699572,8.267957758921227,0.2,18.85090164528109
istanbul,881ec910cdfffff,5.709939222691434,1.082470128817458,3.5352672464164177,51.68565543512108,390.3452343885885,8.857564141654919,0.1,25.16040522982508
istanbul,881ec9103bfffff,4.8173053575170695,1.0959516912769616,3.5469716946464227,65.18166831795807,438.62000919189234,11.017533709553318,0.2,25.309847960869828
istanbul,881ec9c6a7fffff,3.374715542550407,1.0291051128821522,3.246522687805352,86.02875619725651,21.456039051534145,5.965816079846212,0.1,3.054394998453758
istanbul,881ec9c6a3fffff,3.44334776185662,1.0868007097331076,3.3042168139190657,85.53319859461493,83.73586993146318,2.9053102810529587,0.1,3.749448745912016
istanbul,881ec9c485fffff,4.5601767433565605,1.0126352976927122,3.360342072853559,67.53213632723688,161.84059944090004,11.199317686696372,0.3,14.51340228462366
istanbul,881ec9c48dfffff,4.126490038598138,1.0029483543663331,2.166398524919607,75.19142829369467,728.1343623295622,5.338463779682878,0.2,6.813360173055555
istanbul,881ec9c4c7fffff,4.441578359672101,1.0085457556783572,2.4536502477276376,69.95582663484161,14980.190912066546,11.251485777904664,0.2,13.521010211988305
istanbul,881ec9c4c1fffff,4.876279825004787,1.114228397728147,3.429086239480702,69.1261912322807,71.61318701616202,2.6257043739125474,0.3,5.276056520633665
istanbul,881ec9c4c3fffff,3.551723627840073,1.0821050463459057,3.293496422601547,91.97412324148766,247.5831264933984,4.8631721175252975,0.1,5.588340327260253
istanbul,881ec9c4c5fffff,2.952544112186279,1.1486791194071289,3.3171587137223004,109.42323325279408,32.701687315265445,3.3389268815679394,0.2,8.951827564180837
istanbul,881ec9c4e3fffff,4.205293257166382,1.117771663942147,3.222986698140077,79.26518151029987,27.35438419055243,4.316232322052622,0.1,4.677273309969532
istanbul,881ec9c481fffff,4.538975822301198,1.0485074311186997,3.439131417214168,71.53052525199813,144.7243540506246,8.588658306859168,0.2,11.072292505758424
istanbul,881ec9c4ebfffff,3.546276227156832,1.0406626930393748,2.975579714177906,91.64542725442556,13.830458906534204,4.766663146878833,0.3,3.886888822324254
istanbul,881ec9c489fffff,4.257798402711903,1.1004789241528985,3.1030333520698923,71.19867537789683,302.47019758503353,6.0395361562005805,0.2,4.840089081717895
istanbul,881ec9c495fffff,3.9588435009564114,1.0824919386599117,3.1326963058966677,79.36388218258314,166.968630682742,10.73038022276524,0.3,17.344325472779104
istanbul,881ec9c491fffff,4.754492499795566,1.053730824003611,3.088998456418505,66.11557207729277,0.0,9.637861576488548,0.2,10.253951474181951
istanbul,881ec9c4e1fffff,4.123355169620383,1.0094176143270883,2.7760622540891062,75.71663364587064,0.0,9.127747322721325,0.3,6.117319514440032
istanbul,881ec9c4e9fffff,3.5868686388612434,1.0220387312476336,2.267622648696131,85.38087976849579,0.0,2.2291539218020957,0.3,1.8907112738967848
istanbul,881ec9c4cdfffff,2.5381740932710466,1.046942701505728,2.852878796635438,134.78400243105864,25.736002495720022,3.776530101974914,0.3,5.900703244347001
istanbul,881ec9c50dfffff,15.100539744559615,1.0361143372952288,2.991919920363986,22.764086967410904,0.0,0.0,,0.0
istanbul,881ec9c501fffff,4.788539178297585,1.0687994685968687,3.3309129575381413,66.16457992121019,0.0,3.312941374614393,0.1,4.822877935350405
istanbul,881ec9c509fffff,3.761697411988705,1.0643641172391145,3.409767880824108,82.59948945495313,0.0,4.060202999084382,0.1,6.0226376360979526
istanbul,881ec9c543fffff,3.8313006650621624,1.0631152801419526,3.431232714956852,79.15815411988018,0.0,4.128123669255326,0.1,4.775818926808831
istanbul,881ec9c5c1fffff,6.345795851736931,1.0570948908344042,3.3486641784728532,48.83979378094673,365.042246732486,4.029035752550299,0.4,21.490197869736107
istanbul,881ec91023fffff,5.944900229025731,1.0114168610929248,3.4998911649051165,53.2896444395194,415.4807696303601,8.349861799059234,0.2,17.760809187598618
istanbul,881ec91047fffff,7.149238529465843,1.0172075005266294,3.4930905360076205,44.36896317949094,319.94087279088586,8.07762599013865,0.3,21.729065493501952
istanbul,881ec91051fffff,4.978985052634633,1.180472283751005,3.4765160406983378,63.12244583249147,39.55360567941477,1.285952150259202,0.3,4.872577963112969
istanbul,881ec9104bfffff,5.7102322867211575,1.040172197742033,3.505102744237367,55.17612547625412,268.291763485364,14.928537407806749,0.3,16.713048513803376
istanbul,881ec912a1fffff,3.414361512706812,1.150472734903289,2.871995977266245,97.62684241044988,184.6051370048636,1.5704156738925867,0.2,9.357905766522574
istanbul,881ec912a7fffff,4.708590506170252,1.1821746814717684,3.456468234527632,65.77371553790313,551.0931182573833,8.13696544682608,0.2,29.416502993844833
istanbul,881ec9c687fffff,4.344616295910058,1.0524158057091904,3.3130351371500075,75.10808026496423,248.4264915380731,2.132393524210926,0.3,9.679316964166109
istanbul,881ec9c6abfffff,2.11238844076729,1.1601326621193893,2.898745539586338,142.01933423335242,226.2277859771245,0.7103518450646493,0.1,2.0058620861268777
istanbul,881ec9c6bdfffff,1.9632009790824223,1.0426433817590064,2.9381824546861237,137.13866898976624,291.62969031553473,0.9849009452842842,0.1,1.857147032553488
istanbul,881ec989b7fffff,4.739004939384843,1.0810815309735464,3.510633430470702,57.42215872022995,217.8944292453089,15.41225994669996,0.2,4.623616715367091
istanbul,881ec91267fffff,1.4233030354945997,1.1622879821857035,2.6390573296152584,150.55522888788738,186.74537664544425,0.8071640621191001,0.1,1.134648992267925
istanbul,881ec9122dfffff,4.427947606754873,1.0130371339005588,2.361321152557342,80.65652280935588,40.69401095635602,0.0,,0.0
istanbul,881ec9135bfffff,4.030935542035111,1.0700572335739986,3.461931625436729,69.52598823462478,25.97589807528669,3.868489553382977,0.2,5.043641992029256
istanbul,881ec91229fffff,2.877225238022332,1.5431583306491945,2.639057329615258,108.61158725786714,1689.6216687733402,0.0,,0.6287293331488284
istanbul,881ec91351fffff,4.3403044966844835,1.1152470644270267,3.5063779983406156,67.86934963569368,102.0933004883691,9.21310196542382,0.2,10.955272667960642
istanbul,881ec91359fffff,4.913434252363033,1.089021655629497,3.550394274072326,61.39349324088519,175.79932836497494,7.914286004157876,0.2,13.344079260128725
istanbul,881ec91237fffff,2.672767224535179,1.0947153185621097,3.028444338368559,124.71468905837972,36.09223979375418,7.318147857291086,0.1,12.981353802269506
istanbul,881ec91147fffff,5.6485945974617,1.0457272835844298,3.462745170331225,55.75911396841839,286.3226154881855,6.165608537723008,0.2,17.435242135698868
istanbul,881ec91141fffff,4.918614727695068,1.0878812921802352,2.611852944990833,54.936761856131874,329.9182282015635,8.195507419252161,0.2,17.531356702567052
istanbul,881ec91143fffff,4.144551364309958,1.15886596426247,3.4755752361577783,74.46933290933626,480.187029736847,9.258114921598896,0.2,24.25333541000983
istanbul,881ec9c503fffff,4.87995545551381,1.0884679075161716,3.1597771929296425,66.44372621804686,154.3416041808954,5.357830855649348,0.3,0.8844505610265394
istanbul,881ec9c50bfffff,3.8833375352866866,1.01998696536549,3.1520214187488005,85.52354393696805,0.0,26.850703641363353,0.3,19.835839369268484
istanbul,881ec9c557fffff,4.116744246106157,1.02901932265147,3.1442537789300133,74.60819491844066,107.0643784365916,3.517017407652961,0.2,3.2246028184445663
istanbul,881ec9101dfffff,6.102265667241244,1.0604724812728252,3.5580251701285492,48.34083380898101,448.94742220797343,11.654504832887522,0.2,32.16437036491757
istanbul,881ec9c497fffff,4.758593509931059,1.03418315262087,3.2308112452072413,68.84097290783252,166.74104043673927,8.928880663913779,0.2,15.764043773083092
istanbul,881ec9c4d5fffff,5.2530749140673985,1.1458972622626329,3.1202316534662233,56.68948616163554,63.9862842258008,3.7533618340975017,0.1,5.294142959476252
istanbul,881ec9c487fffff,3.07190799875528,1.1042945752133315,3.064524939212152,112.3309756265591,36.45112619436327,2.750064018966809,0.3,9.146383829358864
istanbul,881ec91033fffff,5.960135115741042,1.0500714312830153,3.458050819487043,54.64441108630859,1467.2997752475897,13.49127275467763,0.2,12.680310707209134
istanbul,881ec91031fffff,6.519260989372302,1.0471258280022258,3.338417690686925,49.41271531802785,3735.900530797264,11.612871626277576,0.3,21.317802106459173
istanbul,881ec91015fffff,7.02497064050833,1.093818962087887,3.539418323475058,44.87099056139815,881.7516136478263,11.114949066001166,0.2,32.854264024725765
istanbul,881ec91011fffff,6.507628230790144,1.069606625954274,3.5178606059450055,46.915669378397205,596.2284217462613,8.663482054637754,0.3,24.731295572877382
istanbul,881ec989b5fffff,2.0989641698996295,1.248045503633365,2.7769132180455927,127.0467931233997,0.0,0.9257907215494088,0.1,1.8298236724301145
istanbul,881ec91155fffff,4.813320265054568,1.1105104195715805,3.498272952291009,69.25226558336122,314.17102683011956,13.837972177269725,0.1,14.882130180411508
istanbul,881ec9c4b9fffff,4.824039383110921,1.217563485973202,3.345692173746093,63.979986645466674,108.40163745935688,9.84910337090926,0.1,13.400185094259292
istanbul,881ec9114dfffff,5.24003090858087,1.1145445800421343,3.216982547061471,60.1141492284269,76.8605480815303,9.071027043018756,0.3,10.12904610784376
istanbul,881ec91321fffff,3.521952119924629,1.096905826790493,3.126794221304547,83.69679920841556,31.310095846682604,11.085814330229246,0.1,20.689188797146485
istanbul,881ec91327fffff,3.6164466296978337,1.0361540239703553,3.224888184363008,89.86721864803376,22.335613626511694,9.876963103852871,0.2,21.24708975460062
istanbul,881ec9c49bfffff,4.481360739090496,1.0238818404326848,2.8135847332409925,72.15070425215426,0.0,14.373623209332289,0.2,20.43496387255066
istanbul,881ec91325fffff,4.551977521330381,1.0548956146776216,2.991544775181862,67.38556752864493,1030.0179885000316,11.071873903764802,0.2,17.532486504810176
istanbul,881ec9c499fffff,4.505255162048224,1.030078213569042,3.186759582586762,69.02973358616491,0.0,12.700620370004422,0.2,20.950925438456327
istanbul,881ec9c4d3fffff,4.5219118971073335,1.0311462150004518,2.95390128378095,69.31422879366545,354.9936544712088,6.999044865426527,0.2,12.206548297523568
istanbul,881ec9136bfffff,5.550278953611388,1.1361575214849735,3.383013093431215,55.11445887219289,93.63549380343484,7.790877139635519,0.3,16.97041341933891
istanbul,881ec91363fffff,5.62809282765795,1.0684454418250346,3.330236877401308,54.17635601621688,43.965879653538806,5.446653369026115,0.2,18.42342565755079
istanbul,881ec91345fffff,5.54664453056626,1.0648361238945951,3.314163102679311,61.43186909905585,109.11875212278257,3.921721938972942,0.3,11.42154392216637
istanbul,881ec91361fffff,6.010761371486984,1.0824864281894593,3.0952389582913953,50.34829370917137,261.3663895775234,5.121358951885005,0.2,11.090275636139229
istanbul,881ec91329fffff,4.372458759192136,1.106419158018941,3.478174907641878,67.21105153995912,26.03146117800567,7.614029616338482,0.2,17.75950407105086
istanbul,881ec9c49dfffff,5.571842978072145,1.089296659537864,3.42005027459727,56.23513343187338,190.4963486005745,9.406602975791351,0.2,7.73763660559706
istanbul,881ec9c4d7fffff,3.991034073361519,1.0426497998973745,3.234791494326996,80.5376665596449,109.47979322081372,12.44870543639671,0.3,19.379360212489264
istanbul,881ec9c4dbfffff,4.860381381893688,1.11342034469633,3.39770194369667,63.260727957117616,922.8590830285244,6.402102045048741,0.2,17.44744736717752
istanbul,881ec9132dfffff,4.26776303522226,1.0926139022915,3.301759625527439,73.94360180903725,327.0573954714984,9.947153764946467,0.2,15.227306727080554
istanbul,881ec91367fffff,5.003041321985014,1.057285884314178,3.244314742502818,60.22395423201221,453.4638503623501,6.901291235294229,0.4,20.71526392837365
istanbul,881ec91365fffff,5.445950023605269,1.126678770434039,3.487878159229815,54.92038198894843,239.07446150438213,14.132896698448643,0.2,20.581457685799023
istanbul,881ec9c6b3fffff,5.774232730887272,1.1828179188157013,3.2429631404654513,49.542452664067795,378.23319964487393,3.5989677733063266,0.2,10.365960712658367
istanbul,881ec9c4d1fffff,4.039967100024498,1.1520123582598845,3.3579749033397,78.35379713562736,43.17524930124486,9.168375787934217,0.1,9.37723141993682
istanbul,881ec91021fffff,6.852886608891652,1.0480728888065942,3.5106955747539206,44.60886328815632,158.0400174879716,6.249132664991067,0.2,21.489908809713867
istanbul,881ec91025fffff,8.104113508086856,1.0681877194204843,3.4836771187124373,35.24265360193651,28.149921461600947,9.175384196487393,0.2,16.313020860606493
istanbul,881ec91151fffff,5.85387503583079,1.02273584135242,3.3382761907755314,53.62282989816673,403.94497416411326,5.996780376086854,0.3,20.088652366391884
istanbul,881ec91153fffff,5.629682562924596,1.035958230158211,3.4192716235164275,56.63562308289517,719.6824787430274,14.48147457391324,0.2,22.417678604008273
istanbul,881ec9115bfffff,5.467758288168826,1.0594646853125416,3.2965896756461546,55.12961451694241,508.8651149941398,3.5622773543147344,0.3,15.14176728283902
istanbul,881ec91159fffff,6.070031924945052,1.1966445223130002,2.752561574798404,46.072412864893494,212.7925235753059,1.6175239166291793,0.2,5.6098190408374045
istanbul,881ec9131dfffff,5.597997395293676,1.0398354550040017,2.6690318318046984,55.41002670811567,281.59042426474025,6.809384133255829,0.3,16.214898791703238
istanbul,881ec91315fffff,5.063183616157658,1.048261253171654,2.407848444802989,62.44617903629867,980.0395226009776,2.964630791233261,0.2,4.870603938702608
istanbul,881ec91357fffff,5.262139095091007,1.041472329281071,3.1682750582221404,59.29442347258456,206.70175966145896,7.907404615593588,0.3,10.415607913604248
istanbul,881ec9c4adfffff,4.048140871836306,1.0126455144897295,2.12885364081422,73.19317822106605,0.0,2.601953702368004,0.2,0.458183888489625
istanbul,881ec9c5c9fffff,4.214747379558009,1.0823490264203175,3.461392391212615,74.07966507082816,115.60773807676712,8.845691140090212,0.2,14.42626271224325
istanbul,881ec9c5cbfffff,6.244731451068087,1.064056928543467,3.3486775403749527,49.219961098713505,89.69299425573482,6.964033295206535,0.3,20.064531674403103
istanbul,881ec9c435fffff,3.873249585598025,1.114384225228417,3.440834345274686,81.16473016713465,42.685915953823944,11.55172245468646,0.1,15.42493256347812
istanbul,881ec9c5dbfffff,4.489097719325119,1.0568296302191176,3.362772194660177,72.69775037071005,286.2256503331943,9.309206326468784,0.4,10.531376768322469
istanbul,881ec9c5d1fffff,4.0230960314193895,1.2087173513604148,3.3578455117876005,73.83112425121558,344.7298620843662,2.5732354581128583,0.1,6.54598025030409
istanbul,881ec9c5cdfffff,7.179590339057597,1.0557475479013287,3.154962834999018,41.22376895094511,366.4742517169888,7.937312410065311,0.3,27.8991882202646
istanbul,881ec9c437fffff,5.343460964814922,1.0249073331273126,3.08778314347999,62.09798930002561,251.04850545793292,2.229694935679381,0.3,4.479589818852129
istanbul,881ec9c427fffff,3.3483171261645976,1.1099025733732544,3.364130568891373,91.18304001956892,781.7808963089909,6.644603224832471,0.1,9.162499062193591
istanbul,881ec9c423fffff,3.689957660926275,1.2474308861868626,3.4868685113840874,86.15308460967543,177.01340479010753,11.393316216179873,0.1,14.516184646973691
istanbul,881ec9c4e7fffff,4.2872708723910895,1.0134434103681924,3.0575369049552346,70.55563135765716,0.0,5.352795727957444,0.2,6.770777567809198
istanbul,881ec9c4e5fffff,3.7378393200039697,1.0500498824621405,2.8963933972956686,87.3581190334718,0.0,3.0459775226670325,0.3,2.6990564947718916
istanbul,881ec9c5d9fffff,5.087121721929055,1.1059307568912002,3.205060991002403,59.21413417300623,165.85235854223814,4.912253490189887,0.4,8.793886714885359
istanbul,881ec91369fffff,5.72470441154351,1.0872729907674377,3.3629544602883863,57.128543527552075,167.74531985354088,8.3744845763329,0.2,12.783751010076855
istanbul,881ec9c48bfffff,5.41405093634274,1.0741654969451362,3.422220256853407,56.35054958843812,135.2784127901431,6.50106329274495,0.2,10.680499551533629
istanbul,881ec9c483fffff,3.221719179863885,1.244165432000699,3.210427255542041,93.1179855386014,0.0,4.431470625869294,0.1,3.054957351202104
istanbul,881ec9c4edfffff,3.9893853362799647,1.0196591158993544,2.6628233356392497,76.26621484317414,745.5637818399563,6.059038826733345,0.2,3.1558514174947008
istanbul,881ec9c417fffff,5.073361881926861,1.066215736918399,3.41025112431936,56.04049782118314,319.6295844219152,8.093952458321612,0.1,10.966643872206848
istanbul,881ec9c43bfffff,5.00281039752561,1.040610006475365,2.7461409814170303,69.00883059826731,340.39438060493603,1.937421818233852,0.2,1.6508191733773785
istanbul,881ec9c433fffff,4.511427860213844,1.2945485874234894,3.3556932811474,66.62232159433495,30.64678633429019,8.117114682674886,0.2,2.2961454514587114
istanbul,881ec9c51bfffff,5.450460748410666,1.0525687892001576,3.193595853559794,59.0670148642099,1610.8373227842608,9.386780829522934,0.3,6.0136910546454025
istanbul,881ec91035fffff,6.480191544824043,1.0301180123836675,3.408845948456237,47.96321353480148,184.70474393536037,11.177292532438996,0.3,23.060339971878054
istanbul,881ec91061fffff,5.79445516401515,1.0976523250774304,3.469829752762073,53.36973816516813,364.1399024380696,5.024993746181334,0.3,20.890275463473564
istanbul,881ec91045fffff,6.2623680342534,1.013003052182543,2.9669721977040253,50.38718092502972,386.5822523480633,10.234059237110452,0.3,24.44765553489494
istanbul,881ec91069fffff,6.051475503731,1.0017913640022813,2.196546705777133,51.997888932403235,773.7958911888726,8.818508013824164,0.2,21.267743890083636
istanbul,881ec9106dfffff,7.500968327264591,1.023470342283367,2.9764603181265006,43.47264810284227,660.4303256273919,5.592844638534982,0.2,9.993710236099147
istanbul,881ec91317fffff,6.920291714789902,1.009159561949072,2.4883302431252043,45.39047212125072,1878.7553182751324,9.04620971176656,0.3,14.327578024956376
istanbul,881ec91311fffff,6.357355969807188,1.0102328860217658,1.9060646524183875,49.54050405748068,983.3137892203656,12.74877612931784,0.3,19.07154620862944
istanbul,881ec91319fffff,5.690098120429907,1.0191389767991292,2.8014053189747647,54.61095422306393,166.30672458398536,14.855699478964173,0.3,21.634085953278653
istanbul,881ec9104dfffff,5.665638333202984,1.102458043490694,3.231906399710189,55.68625041464445,240.3943553261444,5.526476903943671,0.2,21.136440276663873
istanbul,881ec9131bfffff,5.533894825531566,1.0133449528219158,2.0418700740473965,53.85627011246793,194.77219116619932,8.01593539235863,0.3,22.2671691765823
istanbul,881ec91313fffff,8.210138874359151,1.0552248942114355,3.155616228987963,38.987581433439466,566.4851481559816,10.77103290446964,0.3,26.448069108706537
istanbul,881ec91227fffff,2.990394358163518,1.078964831944704,3.1918890403540447,103.27184057470652,227.08368145898615,0.0,,1.270094169311897
istanbul,881ec9c559fffff,4.4036499994276115,1.0505912672115414,3.405793325737176,78.78436650399085,691.8432058887997,0.2006482748280043,0.1,1.2935525371230616
istanbul,881ec9c519fffff,3.2697557530483885,1.170347276744683,2.9675829528083946,114.68746546294425,40.550103054240424,2.3017775130588483,0.2,0.0
istanbul,881ec9c51dfffff,2.379526130681753,1.0603358378060102,2.976918774572382,121.4060586113925,17.487294863793696,1.1350188687594842,0.4,2.071847721693027
istanbul,881ec9c425fffff,3.410184241945968,1.0674634950009565,3.3194422480005557,89.5387139775598,18.37412067825262,4.617399589362665,0.1,9.253751300116036
istanbul,881ec9c431fffff,4.687501015169911,1.0576015394758045,2.782017604425201,74.20288248063748,0.0,1.5027229681097147,0.2,2.3849213068594093
istanbul,881ec9c43dfffff,3.169744369406903,1.353471590278387,3.4849699963078935,98.58839186406462,257.00931384668326,0.995008475639964,0.1,0.0
istanbul,881ec9c42bfffff,3.9403174179083615,1.1396414585631829,3.414898599729822,77.54592413464829,472.2181155128643,2.615116833014983,0.1,3.73800574151213
istanbul,881ec9c429fffff,3.7298544148974977,1.0157095604729496,3.1692668250241542,89.36899306363243,200.8177934046829,1.1038721070938609,0.2,2.4758695753547064
istanbul,881ec9c421fffff,3.477321454611938,1.0308843902504954,3.487999536763612,87.65209789382541,89.57416488388664,5.721566740399806,0.2,5.032135429327076
istanbul,881ec9c42dfffff,4.104514996497239,1.1580362893306793,3.3585211066851626,76.74475553599349,353.1759320046245,11.278914224790524,0.2,10.058764626999508
istanbul,881ec912a5fffff,5.730166664633254,1.0997407022185417,3.4059178934130574,54.53593556514827,169.78729817810878,2.181318155955672,0.2,7.15197080777279
istanbul,881ec91049fffff,4.560526242252526,1.4369778356934555,3.124277809706941,67.46859711968963,86.11568835123438,0.0,,0.0
istanbul,881ec91235fffff,5.504272826503606,1.1041657272739622,3.372319437935803,58.0357214319553,53.572550686582005,1.1393130935068188,0.3,6.439637671855139
istanbul,881ec9136dfffff,4.72662392755611,1.1639062622431369,3.1745083515614905,63.47024950536195,685.8828297487909,4.8665016311926905,0.4,8.2351295555273
istanbul,881ec9c4d9fffff,5.266536386530088,1.1056629898235508,3.265159427558447,52.380169568575205,426.48278377550446,5.799103217837966,0.3,20.475644723604457
istanbul,881ec9c4c9fffff,2.8141447876646524,1.211065807816028,3.154851391312392,122.15078680626964,47.603461611189054,2.251660798924596,0.2,4.357156999201701
istanbul,881ec9c6b5fffff,4.109074386408676,1.1283306448288697,3.4112586492848065,73.63315289810151,82.45792356839382,11.182323602044663,0.1,19.601051374935516
istanbul,881ec9c4ddfffff,3.297801781900975,1.1988986865571365,3.4454837604900757,94.2823099478922,139.0596658460354,4.901914675202095,0.2,7.395021987828067
istanbul,881ec9c6b7fffff,5.750949542580292,1.1123625508590909,3.3584425728245253,48.615588912144375,149.27475110350574,9.406595377124273,0.2,13.762314188492327
istanbul,881ec9c4cbfffff,4.8671655763238375,1.1486709751802162,3.474842351588171,61.98186047360382,107.26380585273638,4.2875223215555165,0.2,14.252996571058995
istanbul,881ec91353fffff,2.0033012970538113,1.1176835067368351,2.975521556719195,146.8164811211237,49.956259439590134,1.3621206447038574,0.2,4.329880222977934
istanbul,881ec9c6b1fffff,7.329503872150123,1.0547636600278487,3.321137124921695,41.760486866394736,96.80856001233349,5.081771093025094,0.2,15.213299984126303
istanbul,881ec91221fffff,2.6682348465542924,1.1122898562717405,3.3404459032202847,99.20636584698578,284.04802997299265,0.2467837445827235,0.1,0.1490622685604687
istanbul,881ec9114bfffff,2.331349044683421,1.1427879283141509,2.9381824546861233,137.8723499861939,56.392313192205066,2.307600582693287,0.2,0.5545725994669692
istanbul,881ec9c405fffff,4.277632269234873,1.3364592011342076,2.3701349548823627,64.93727377539702,106.78342663019797,0.0,,0.4353115124789042
istanbul,881ec9c6bbfffff,5.91176963390273,1.1017510955934406,3.4087628844596827,55.01613536857133,130.75378017099823,3.3264267218881565,0.2,6.602090013163137
istanbul,881ec91223fffff,2.511802053267578,1.1161729131621592,2.9932239578244846,125.12359955947296,16.271698848664368,0.0,,0.0
istanbul,881ec9c6b9fffff,13.194101912702529,1.186042167698778,2.3235797631888335,26.053307930648707,531.4215520007067,0.6407526087916195,0.2,0.7437483155048942
istanbul,881ec9c54bfffff,8.76160995217629,1.0488057390956385,3.2194981285707,35.66696094732893,732.3857123746674,0.0948774994799254,0.4,1.0212514017096952
istanbul,881ec9c467fffff,8.466679819103147,1.1257622808148433,2.486412320163373,37.1827943823394,187.44646684077148,0.0,,0.0
barcelona,88394461cbfffff,10.62107619794888,1.0517903694541495,3.407861101080138,28.529902508896058,475.7692078841689,10.926717989036373,0.2,20.474552510575737
barcelona,88394460a5fffff,7.89390024609353,1.042098528187167,2.900209209535738,37.48696564709954,1922.2298074795656,0.1818127631321658,0.3,2.9572690489778775
barcelona,88394460adfffff,11.061155154352544,1.0421828604318395,2.5872521591657462,26.915533759601765,411.2635741563916,7.380889074234838,0.2,8.26060572248839
barcelona,88394460e7fffff,11.029473556910371,1.0194152818917848,3.3028833828016295,26.94324527706649,470.0287500762147,8.404806269723002,0.4,20.099382261604195
barcelona,88394460a9fffff,8.624242137536925,1.0233251024846086,3.170412083027332,35.228943341394405,431.1560768062015,6.461479856380616,0.3,11.942879753455308
barcelona,88394461dbfffff,8.901384406084466,1.02027642190289,3.3496953804216085,33.25106501062225,999.5445677549015,10.836348256488918,0.3,20.024783518754848
barcelona,8839446ad1fffff,3.98005827432546,1.094763134715829,3.0508810305162424,79.60478498823326,0.0,7.740452065086283,0.3,14.295644553310144
barcelona,8839446ad9fffff,5.204431011361853,1.0309506277912992,2.807504740365778,61.367565294773904,3417.0280203664975,4.0538075547034005,0.4,3.112216465227844
barcelona,88394460e5fffff,9.135081860370184,1.022023923968054,3.2730274540918245,32.33740195431646,1068.5323184390518,8.259933202211954,0.3,23.985331387165257
barcelona,8839446033fffff,10.324433829464333,1.0201161595476271,3.138148883645766,28.850245781182192,2989.0456583411788,7.907524221502867,0.4,17.33009585450128
barcelona,88394460edfffff,10.211863333858329,1.0184796090155572,2.835208818711221,28.906246668303517,5839.451841332875,5.538751411367754,0.3,16.94073651197489
barcelona,883944603bfffff,9.681918778133062,1.0170974631059206,2.908125532378576,30.946909908137997,994.2656737606612,10.676346357205166,0.3,17.170664195778844
barcelona,8839446037fffff,10.35746031603399,1.0095437707415842,2.7399713938002206,28.585180146652235,10587.33425271375,6.247177871486602,0.4,14.527176746143551
barcelona,88394461d9fffff,9.952667168225476,1.024152523949159,3.351349831267785,29.77054203542951,1001.7151682584677,12.534452056355626,0.3,22.24442742736833
barcelona,88394461ddfffff,11.430390984293023,1.0503381658758753,3.430630103712091,25.551570330546905,223.86737753956257,12.444442178110648,0.2,23.753032385489565
barcelona,88394461d1fffff,9.682791429529315,1.064572761466797,3.417610870157119,31.714678190497334,106.05121689568888,11.922469092730068,0.3,26.193862093248637
barcelona,8839446027fffff,10.98406469675957,1.0276925142744495,3.1749683619314717,27.70302742147288,826.2876993829659,4.140960021718019,0.3,15.026239075083645
barcelona,8839446023fffff,11.732478211828356,1.0095198621404724,2.914408159414163,25.297130256540935,999.469943538164,7.153603442553627,0.3,20.53281788716906
barcelona,883944603dfffff,10.412106938871467,1.0155315607757742,3.280394447550264,29.168065382747905,2295.357279026881,5.905851778414759,0.3,21.20027490229152
barcelona,883944602bfffff,10.099200781896348,1.019699676878652,3.105895409936221,29.863584127940342,646.2667487568976,8.172494323012343,0.3,21.356648550193675
barcelona,8839446031fffff,9.233163956820986,1.0204192450551564,2.823320333315116,32.739327830957876,6098.917877704276,6.122594154052132,0.3,19.696580543388787
barcelona,8839446039fffff,12.008706572673162,1.0061574357755572,2.6868246577527928,24.56398100509294,3592.3874472005855,5.2919614965771045,0.3,16.612904374633295
barcelona,8839446001fffff,11.430952095757764,1.0243007350398825,3.221184766064059,26.193835298130914,521.470314341559,6.9842109379563855,0.3,16.778664759791212
barcelona,8839446003fffff,11.823418082038614,1.0206056047368146,3.249373374398658,25.46769805028915,593.2922208875378,11.733369763013686,0.3,17.964619695274983
barcelona,8839446035fffff,10.0977477769456,1.0118898382541357,3.006674778231347,29.65518213222084,1538.0023758782077,4.87934685241709,0.3,15.00717918341939
barcelona,8839446017fffff,10.202335910774623,1.0085442551292827,2.8271660842801207,29.427239872160197,4759.037871163242,5.576087658813256,0.4,18.631283318107737
barcelona,88394460e1fffff,9.085286917936,1.0183646591503148,3.1476676176712015,33.78326912971465,1133.5434281130174,4.379625022218257,0.3,17.531427253457288
barcelona,88394460ebfffff,9.099856287282218,1.0260395994504263,2.9592920622929735,32.6257125545876,1675.8402859361172,6.811050437402184,0.3,19.55532913542823
barcelona,88394460e9fffff,9.360078475334316,1.0108251270651298,2.7299614604968174,31.45471540938633,3470.420339416509,7.5597432708322305,0.3,22.47470474756037
barcelona,8839446019fffff,9.555347665483456,1.0728403119256291,3.45418540111628,32.23117155515131,116.84014859816456,13.126962648328291,0.3,18.91404836527404
barcelona,8839446011fffff,11.755741285125584,1.029025819424926,2.8898215456977843,25.69489530751204,980.3277774121786,6.252638660879504,0.4,17.009158699011014
barcelona,8839446013fffff,10.086223535438643,1.016369184348482,2.82793908485532,29.92515541293894,687.7385835855105,7.398311167595102,0.4,21.112032085814267
barcelona,88394460e3fffff,9.233559619641795,1.0364617757691368,3.0284464143691854,32.40095038425524,617.0514481326434,4.353473324639024,0.4,21.839640746060176
barcelona,88394460c5fffff,10.196602618996144,1.0105579556973383,3.1395618382713315,29.25320059515477,734.5188467902628,6.578387095413036,0.4,22.011164303362538
barcelona,8839446015fffff,11.020448281083672,1.0163812176736733,2.4980360413967944,26.349129007898423,959.114882206368,8.074806692054992,0.3,20.589408619582112
barcelona,88394460c1fffff,9.885445374090564,1.0294091982910003,3.14404542911415,30.371098913258113,763.4579460522265,4.629574050514569,0.3,19.979694186849887
barcelona,88394460cbfffff,10.550767924238617,1.02177674323789,2.955887892942114,28.17487001334359,655.8918248498896,8.125034397368497,0.4,18.85300719901149
barcelona,88394460cdfffff,10.944478226107556,1.0141938885453603,3.237390336789688,27.689927608541808,791.0127741075485,6.996620414588239,0.3,15.57332804543294
barcelona,8839446137fffff,7.23477931839993,1.0836573458828322,3.15128996583297,43.002156309021686,0.0,0.1401251787585085,0.4,0.623021586659319
barcelona,8839446addfffff,6.696167523829701,1.0729218713590312,3.1637417615368104,43.46438094382492,35525.5026019811,0.0636650465373865,0.4,0.0
barcelona,88394461e3fffff,6.043615736783519,1.0755539555527986,3.1851306869265983,48.47800867900307,412.3360198509821,2.6973135523914404,0.4,5.8309012665586435
barcelona,88394461d5fffff,5.860579210853133,1.1139282715175864,3.5239916716853696,50.84634476516732,74.22421412287476,6.454509537756124,0.1,24.97591164243411
barcelona,88394461d7fffff,6.291819519774527,1.0548521823525172,3.238628347709445,50.737432665934016,41.969538210961005,0.1980635147982675,0.3,1.2764569938723516
barcelona,883944608dfffff,10.407261425866231,1.0467081786386645,2.876230061810387,29.61978727651299,821.4653460541012,8.777848915919808,0.3,23.80878342743952
barcelona,8839446085fffff,7.457609579978365,1.0222302018921845,2.905081049677282,40.1102570933263,589.6655091071559,2.050227054082537,0.4,9.21361788946171
barcelona,8839446081fffff,9.18691824068542,1.0396009057710618,2.822875886947634,32.36741858406344,219.7052636598884,3.3731659386248234,0.3,12.233377373231283
barcelona,883944608bfffff,7.563181884018957,1.0639051718606896,2.7159807323872296,40.33814741482784,302.50184801410876,2.435942862856082,0.3,8.06302303015211
barcelona,8839446089fffff,9.418679701382922,1.0158734152451805,2.8478789876570456,32.713081329486,676.8512041846269,8.778556899479241,0.4,23.782134039578025
barcelona,88394460c3fffff,9.226250782800218,1.0370858856913951,2.982092641763605,32.52666911121228,1078.5663630025188,9.566747872482862,0.4,19.512723079706262
barcelona,88394460ddfffff,9.760377236020508,1.019800450790818,2.9262920129789447,31.006135483217996,1010.074832280607,7.422701272720627,0.3,20.568024908949777
barcelona,88394460d5fffff,8.91216601650343,1.0458607112519318,3.0783395898127197,34.511544504256825,299.57746345612577,7.127750536959653,0.3,21.307963971430187
barcelona,88394460c9fffff,9.89359095387105,1.0159450147928026,3.1928161857188555,30.2107688020943,982.0218643835676,7.507290225910666,0.4,12.905518697988626
barcelona,883944601bfffff,11.043375415541954,1.0445934352989763,3.4061807573794503,27.40909749951825,527.0824814454169,6.0239597596121275,0.3,20.461034370021995
barcelona,883944601dfffff,11.057996304037976,1.0393065116441045,2.981917100677547,27.36942109300727,214.46183986148853,10.565762269553904,0.2,23.38741115099656
barcelona,8839446057fffff,8.821560161838988,1.1041455392789383,3.4983280234742766,35.51531552957472,45.81193329085629,11.69471781492317,0.3,26.53567217553137
barcelona,883944600bfffff,10.065936776749334,1.0520722591001634,3.5078017302017166,30.727022330656865,309.08277343374687,14.616439507798358,0.4,20.6731820925788
barcelona,8839446055fffff,9.302448103050288,1.0901833726185244,3.495892666027773,32.68909244771312,1419.802062472383,9.473461681436955,0.4,20.391925889097045
barcelona,8839446051fffff,9.59651336858149,1.057638695139805,3.4705083188233417,31.673229379858498,1118.6086125413692,9.108460131435322,0.3,25.361580278571267
barcelona,8839446053fffff,10.450551889761243,1.0538054787219076,3.4473444935242132,29.00926730907503,933.4104922582184,11.056660693478475,0.4,19.100074697276405
barcelona,883944605bfffff,9.19575043686745,1.0397067816029584,3.47531237161115,33.216924225120586,657.4586166466448,8.8011380860083,0.3,20.11649291724868
barcelona,88394462adfffff,11.525985829722684,1.028049403848389,3.545543722355217,26.865060119395785,379.7617332251016,8.698132033450664,0.3,21.148821996088277
barcelona,88394462e7fffff,9.946235612603092,1.027919463962361,3.353990132076113,31.05207197325076,302.56443558716404,8.032420741711112,0.4,16.06589600860428
barcelona,88394462a7fffff,12.921414116091364,1.0206761944655427,3.441953090409436,23.516901659026495,642.946090464701,13.163791616371538,0.3,20.070403848824363
barcelona,88394460d1fffff,10.164719984307007,1.0166490104741417,2.404925059661478,30.92991640491049,817.7925056362233,4.9064763287262325,0.3,8.850044412332572
barcelona,88394461c1fffff,9.23409312600036,1.058824189342487,3.4963371006216484,32.96657285471239,73.76801827810219,9.08051886207206,0.2,25.24937269381571
barcelona,88394461c9fffff,11.893497814590948,1.0308026037799605,3.331302272738415,25.32516707638281,601.7725230500972,10.841143068744552,0.3,20.69242434813495
barcelona,8839446021fffff,9.337217366359043,1.0329221467511849,3.2324365246986098,32.384193714400936,450.26584442664114,11.737301802831125,0.2,30.05035508796543
barcelona,8839446025fffff,10.1422942799507,1.0305856254855637,3.2831225080329483,30.783685224686003,1330.758054857471,1.9783788363930936,0.3,4.715040187255876
barcelona,8839446063fffff,8.947886682357977,1.045253043121658,3.4242406297640207,33.86983631877555,244.75595560534515,8.568534811292102,0.4,16.37523161949196
barcelona,8839446005fffff,11.12661006992383,1.0276633555981105,3.137843192685439,27.65373332566276,873.0322380406585,6.419846952562805,0.3,15.289383888156785
barcelona,883944606bfffff,7.116386206676985,1.0658284824680309,3.4439378249111865,41.67074368279564,277.83106332805374,13.564818766905583,0.3,18.701057039121785
barcelona,883944600dfffff,10.2028604846452,1.0143544933097015,2.889782786246357,29.394021532151022,2152.0334326475186,6.799445813614479,0.4,18.302856391654153
barcelona,8839446009fffff,8.882739791851575,1.0483616519757042,3.335322403029644,34.451543505334705,728.1102316900176,6.532923580823661,0.4,14.23761745826467
barcelona,88394462a5fffff,7.619678332762315,1.0798319131751208,3.4791833967425294,40.636324678938315,25.6549922379305,9.815359049394356,0.4,18.249963056045846
barcelona,88394462a1fffff,11.53330176809183,1.015428063387808,3.444930494939733,26.52064313734945,901.4902302641956,7.234702496339397,0.3,18.255061887264063
barcelona,88394462a3fffff,10.9856685663663,1.022730485065373,3.299788337495431,27.63793282877658,280.0518613114682,8.382640515668479,0.3,21.605569949334733
barcelona,88394462b5fffff,9.70123108417559,1.0664572436493092,3.2047861441286436,31.692206224277996,294.0100785364958,5.779160780731112,0.3,8.975979386356528
barcelona,88394462bdfffff,10.531531772123504,1.0154252915269557,3.2706758541123464,28.711223143864597,720.2943660446795,6.881036138928893,0.4,13.34305400019017
barcelona,88394462abfffff,10.476115422862389,1.0255744739297608,3.397979683574924,29.118742012248905,86.67127290034858,11.52092714653226,0.3,19.347572966359945
barcelona,8839446287fffff,9.98437933028594,1.0352880061358802,3.391614195641937,30.210000669788055,407.925799706532,8.713012209654613,0.4,19.27710461503989
barcelona,8839446285fffff,12.173226656108904,1.0301456885803004,3.444507404007983,25.02125201355908,784.6461789247473,10.627193289115668,0.3,23.423874119746056
barcelona,8839446281fffff,9.517138559721968,1.065836401298076,3.4814779405923253,32.18081447234856,722.5527792501916,7.001526150835089,0.3,13.945549782874314
barcelona,883944628dfffff,8.352872249487854,1.1433025229448044,3.491433697236806,36.92001370111285,247.68502956772255,7.34285080847873,0.2,15.32683420733603
barcelona,8839446283fffff,8.82845313043879,1.0531311251393345,3.3933982139242977,34.895409545979994,154.82647006949293,5.460743132040342,0.3,11.735332197611577
barcelona,88394462b9fffff,7.336130449575688,1.0236712327540682,3.147281668495572,40.091659912595304,1097.0396895094211,5.012428078110076,0.3,14.592137966837305
barcelona,88394462bbfffff,9.750073888519513,1.0367755430193542,2.61113598687632,31.682636409632146,188.7661300719028,3.3262895927801073,0.2,6.496463274167599
barcelona,8839446295fffff,10.955061969478097,1.0455010798899178,2.8891433628786194,29.107781581595205,78.72023311772283,2.4869219635720663,0.2,4.987713205841247
barcelona,88394462b1fffff,9.7510160095407,1.0475926017727897,3.16368299298086,30.93082011464031,547.7429441362927,4.312270114865737,0.3,9.942307625694315
barcelona,88394462b7fffff,10.260069878714829,1.0340674711740647,3.077855980831271,29.973614642833105,1032.8671418962915,4.7316185561516555,0.3,11.31052170983811
barcelona,88394460c7fffff,9.744148493951696,1.031017474493816,3.0418764902876285,31.113200089184485,705.5335200571158,7.455790737409257,0.3,21.672015666815145
barcelona,88394461cdfffff,10.266007998269558,1.0448929920404548,3.4219100013076185,31.053789327471772,886.7740093725148,4.833104887697746,0.3,8.803502602325448
barcelona,8839446007fffff,11.527501665728812,1.018413806645485,3.436021642804266,26.576303381824,301.37979309574445,10.793431542571987,0.3,20.59308369924597
barcelona,8839446029fffff,9.585578294590617,1.032071700071028,3.3297060965283034,31.92986036568183,549.6837192330136,6.509834942659746,0.3,19.87446009755637
barcelona,88394461ebfffff,8.421728989133086,1.0331016100623094,2.9868271207430506,35.4422291277713,2249.7438438374497,0.4421513472408152,0.4,7.9150455656163885
barcelona,883944618dfffff,7.009975564730613,1.082532444555204,3.3458966190794985,44.16406851024275,136.36571086633876,7.703770470118458,0.2,12.584193056545178
barcelona,8839446181fffff,7.461591996046355,1.0637080371966852,2.867119670559062,35.268330790035236,250.9237289965456,0.0,,0.0
barcelona,8839446199fffff,5.145816132238954,1.04295621331852,2.8427686961869996,53.60900231883904,28894.336789645684,0.3980350951971195,0.3,0.4392027222241932
barcelona,883944619dfffff,4.453877428371526,1.03062924907508,2.654754515616476,58.937409980763235,3809.514785363128,0.0,,0.0
barcelona,88394461e7fffff,6.73124708724176,1.041110260197059,2.9504960572181655,44.797997732711465,2505.9580755810725,2.639387636388255,0.3,4.632309157314436
barcelona,88394462a9fffff,11.40752605027292,1.0408527394013654,3.287159277210334,26.821421510532907,467.5629878919873,12.257654830586644,0.4,25.57954251630523
barcelona,88394462e5fffff,8.95290359809483,1.116310039651278,3.4967025697512213,34.39632924597556,693.9727018227917,8.331673222044477,0.2,20.74577245380435
barcelona,883944615bfffff,8.857205919993305,1.0379510687911968,3.4265053119903044,34.224335957595486,622.2783472900014,3.1287127706876703,0.3,7.382877804435837
barcelona,88394461c5fffff,9.413880278199692,1.040829257880422,2.807636373056496,32.447592007967366,284.7230988812777,7.054399223738114,0.3,11.31275238652479
barcelona,88394461c3fffff,7.571612256646869,1.110537044193027,3.4241671119384245,40.56352464686216,90.0886561416882,9.296494049268738,0.3,24.069486211118196
barcelona,8839446189fffff,5.847526764782126,1.154027457658919,3.4670368070423665,52.51822519168232,18.619182444957257,9.480391821979568,0.2,17.26099338885155
barcelona,88394461c7fffff,6.8604515813605005,1.096818832142047,3.3472192063172974,44.4973782298743,46.361826154872176,7.71824362629328,0.4,21.91729560696106
barcelona,883944602dfffff,9.285812159035778,1.0310795066468186,2.994583820526941,32.489658482522465,962.8910986812105,7.300289479277937,0.3,22.92984619377076
barcelona,883944628bfffff,9.087686842988242,1.0654672809109518,3.517664009326902,33.588684443764656,98.36909237352396,2.4189383777100937,0.4,3.1859992504772143
barcelona,8839446069fffff,4.87602623692981,1.1441671319923157,3.3733118184864312,68.05919225090162,0.0,7.386403584206216,0.1,16.34384140469313
barcelona,8839446313fffff,6.225367979908772,1.127866420452279,3.4635228438088355,49.69585749765329,564.5222268074594,3.615091983767355,0.3,1.843591889002759
barcelona,8839446045fffff,3.892529686524788,1.1545298896700165,3.485193235869544,78.27493289383804,1044.1085079639236,13.761251470499351,0.3,17.61082874808554
barcelona,883944604dfffff,2.524957497186481,1.2086852090564897,3.4030341249352865,132.0154235090139,0.0,4.008058782087199,0.1,6.825453833960954
barcelona,883944631bfffff,3.5262065781332224,1.2486441910093102,3.4777302041689153,90.3217504782552,610.4087350744998,0.0,,0.7765011956521407
barcelona,8839446225fffff,4.3422106553332105,1.1443350770405585,3.517612507236366,69.48629670014965,0.0,2.808704098006161,0.1,3.0764133357586
barcelona,8839446067fffff,8.830032244651422,1.0404537472858206,3.157969469094434,33.86723210070579,1287.3662302884843,5.520943608545896,0.4,17.698010624718613
barcelona,8839446041fffff,4.81374605400118,1.2011007805676963,3.5251110073594347,65.63957023856427,0.0,9.812071697518476,0.2,9.144018071729104
barcelona,88394460d7fffff,5.092226794448989,1.0380851704936236,3.2216614246756636,59.37001504428528,266.3352962668724,2.1587586469627578,0.1,10.9795063684969
barcelona,8839446065fffff,4.492024509599738,1.1971642217385992,3.2439871414948858,67.94148263051206,247.2606274287131,3.84081041104331,0.1,2.765427400562918
barcelona,8839446061fffff,5.273088151770049,1.171459772238384,3.4950741492217947,58.40979538652541,9.161407423506285,5.542041594615322,0.3,5.242223061326179
barcelona,88394462e3fffff,10.504083775666375,1.0781547745370772,3.17574198576857,29.17192507505906,545.2812799521813,8.526706727062553,0.2,19.362982049386662
barcelona,8839446043fffff,4.314001089377291,1.2186962476693388,3.5216982092669165,73.808038895272,336.39733992137985,10.815888167247104,0.3,15.916806431033145
barcelona,8839446047fffff,5.402081819251865,1.1978418837378746,3.430349148084617,58.23805564214931,367.9235958762936,5.465544004880562,0.2,7.945434416198774
barcelona,88394461d3fffff,5.549803020229771,1.1418080048191044,2.165565653310257,52.44236147814724,13645.114040362403,0.1304313891517182,0.4,0.7669871348489584
barcelona,8839446059fffff,11.0960212295628,1.0730058225560852,2.9365064162009995,27.340928892411167,2684.121457332813,3.358219014520553,0.3,18.049172330430792
barcelona,88394462ebfffff,2.132955633650462,1.2088989242190438,3.044820482464577,162.28834800535384,0.0,0.0,,0.4416700300386118
barcelona,88394462e1fffff,3.8968831451082977,1.190182065941206,3.4488721872205494,83.73763783071189,0.0,12.620287365775146,0.2,11.998125346220558
barcelona,8839446153fffff,8.487889853179835,1.07095778061486,3.440396341879489,38.004810470112425,309.48112823156276,2.010361554617812,0.3,4.245115591842803
barcelona,8839446311fffff,3.607485840125749,1.122066522894608,3.2811235607848115,99.7924914897105,0.0,1.232230646751078,0.1,1.728192985906281
barcelona,8839446237fffff,4.9848203783121,1.1472678056340408,3.284707746531151,64.1948908314234,918.2946594229694,1.0495283655151586,0.2,1.9849881214130325
barcelona,8839446289fffff,7.240182014699311,1.1201952443865852,3.4525353279920767,43.24411146841055,1397.845304969702,7.895044627135583,0.2,12.37320474287354
barcelona,88394462c7fffff,8.667879941673316,1.1134980099442575,3.43723441052398,36.131881762814665,609.6841460659186,3.543435054193912,0.3,8.99228322664794
barcelona,88394462c3fffff,9.906019244055503,1.0675318815385502,3.4623178637475687,31.864451259109288,2923.5089844151994,3.975488875688048,0.2,8.014277977098187
barcelona,883944605dfffff,9.064127651833257,1.1601238391023008,3.4731835019483155,34.0754541189089,3284.666732656983,9.550462539872246,0.2,23.088936418026563
barcelona,883944604bfffff,4.875548659637693,1.2833201391173483,3.2081269519184468,72.1666168086195,239.3366121670028,1.6439166617166945,0.1,2.114376906760782
barcelona,88394461a5fffff,6.1224112599133855,1.2746177972067383,2.6792041487148097,45.37064989353681,3214.237056681044,0.0668694748069776,0.4,1.2541674930253182
barcelona,8839446ad3fffff,6.043296666001132,1.128919718487963,3.1160747388811365,49.88967843280249,1114.917699678211,1.7767566717665784,0.2,3.021793335159324
barcelona,8839446233fffff,3.4152600051451345,1.4911768907736211,3.3107196349884025,96.41090054252965,338.4565151507307,0.5336917135029197,0.3,2.8075350984760874
barcelona,8839446adbfffff,6.604483140297777,1.1142056202103678,3.229164860365079,45.60611525212074,5357.598919440208,0.6370885341417193,0.1,2.5542737870428356
barcelona,88394461adfffff,5.825149008958279,1.0532426155945118,3.1045138625949495,51.19058252857699,2503.5316678909903,1.0521306430445414,0.3,2.9826466020183053
barcelona,8839446133fffff,3.5996926574414196,1.1262808779429463,3.177801057576312,78.28951208809363,1159.4838891526706,2.3023046226164268,0.4,0.0
barcelona,88394461a9fffff,5.881703109288776,1.0246812942209034,2.518501087179275,53.47364924549718,0.0,0.1522712498553906,0.2,0.2603911627354565
barcelona,88394461e5fffff,5.850040488504152,1.038741078279766,3.32044517262469,49.43370729783355,2880.9462222026423,4.3550028033517725,0.2,7.204047477917561
barcelona,88394461e1fffff,6.24659088112088,1.0535025406083356,3.0965759655808647,47.29852668076921,2399.5494474258435,0.3424390930068506,0.3,0.3965752962114083
barcelona,8839446319fffff,5.2455713995858195,1.1758085727320569,3.2186824872455024,61.49580676506679,0.0,0.0,,0.0
barcelona,88394462d5fffff,7.836936457850724,1.1626456450995293,3.2880084410964896,39.213929425556785,112.88850347111548,0.9236528464663358,0.2,0.0
barcelona,8839446227fffff,4.478635211715479,1.0668760989609958,2.665394159983387,60.895174497323794,0.0,0.117915298250268,0.2,0.280296736259757
barcelona,88394462b3fffff,10.875639003159188,1.0520715074904825,2.1036607376747836,31.82836852651088,12.199709453023692,0.0,,0.5351050339824623
amsterdam,881969c9b7fffff,6.236558532411135,1.0113588390411503,3.0977412735722147,46.27094046688323,1179.209989677933,9.32843295530875,0.3,8.730225121248083
amsterdam,881969526bfffff,6.873923469340349,1.0312816694065503,3.2499963925461013,41.64288434061803,523.811707058231,3.1167642060750587,0.3,21.98594395125037
amsterdam,881969526dfffff,7.881638367257753,1.0458089649303692,3.3053514423801444,36.43007957128425,1021.2543775444424,5.113762523081477,0.2,17.734007517759977
amsterdam,8819695265fffff,6.447511126752841,1.037383464518673,3.1095371651847112,45.19885466098654,543.5306984828171,7.429590180580002,0.3,14.77524175883546
amsterdam,8819695269fffff,6.901667519434747,1.071277901472309,3.2165798986691394,42.238985550676226,1145.7914672544196,6.75188502592156,0.2,16.6964093039416
amsterdam,881969c9b3fffff,7.232829242810573,1.0253834139297506,3.2749357890065665,41.72541871982401,341.45464281598794,12.628425379994148,0.3,15.084093060448229
amsterdam,8819695343fffff,5.697831590658963,1.0314773044445071,3.0559513307505313,53.385661661952454,362.22742166672106,7.028889383909715,0.2,19.47312038038286
amsterdam,881969535dfffff,7.318712275687153,1.031319155904046,2.95328053341389,38.32474816776615,1225.169456772069,6.143991405148248,0.3,13.971789635193666
amsterdam,8819695355fffff,9.691078626050455,1.044468364494869,3.3736316409482248,32.25670778125698,255.05493173428317,4.95554471666607,0.4,12.263193892684306
amsterdam,8819695309fffff,6.078726573281957,1.045259285830087,3.2755543987553475,46.60215101486032,1178.8199849354637,4.7777674440395455,0.4,17.644929248483972
amsterdam,881969c9bbfffff,11.113860808930871,1.0388034396954189,3.389290845909428,25.636809113939595,192.2980496373112,15.59478447878167,0.2,12.964343404937358
amsterdam,881969c9b5fffff,6.5777809011735195,1.0129367178649715,3.1213900256115714,43.43627281098893,845.4074223645134,6.9664221331278915,0.4,13.4535586248549
amsterdam,8819695351fffff,7.914861781840411,1.0310627976226054,3.3281605306635313,36.321629863633184,560.3915729987775,5.78494254546521,0.3,20.606912174050088
amsterdam,881969530bfffff,6.560654128129472,1.0215172085191082,3.1640291016307547,44.345528179454504,173.2957434192505,6.491556650829599,0.3,16.270927230058756
amsterdam,881969c983fffff,9.909301035640803,1.0370438398016628,3.377585755403266,29.774869286183183,1195.824801320994,4.5651148883683845,0.2,30.318188549092817
amsterdam,8819695357fffff,6.394491760728152,1.0226406181254837,3.1537326067632603,46.96875188312503,735.6490860958726,4.41598283385883,0.3,12.740983472093768
amsterdam,8819695251fffff,6.114639276651216,1.171145045995534,3.225700209789186,51.10685779834682,225.05790439834433,0.93762556951152,0.4,4.063137771134962
amsterdam,8819695259fffff,6.374604030726687,1.0507668072624283,2.6702231488476236,48.846523487277025,125.26271141145646,3.683391758519544,0.3,11.999258879067298
amsterdam,881969534bfffff,6.905082128924545,1.03731505341524,3.1881875132394133,40.83721655133648,1245.0695116665509,3.46965422337427,0.3,14.124718515815816
amsterdam,8819695245fffff,7.4613828997259315,1.023089693334709,3.135732680828991,38.44435762342321,1082.248954501746,3.0964590213129606,0.2,15.69596401815693
amsterdam,881969524bfffff,8.0973992555016,1.0535724903969794,3.367900159973992,35.762511418290536,895.3232005071097,3.002620071424819,0.3,12.439323629117666
amsterdam,8819695243fffff,6.841218991009829,1.047171130884751,3.341484327589414,47.01463691240614,359.74227449812844,3.662938689563958,0.3,7.625595676431132
amsterdam,8819695249fffff,4.102935220292444,1.129456082603412,2.4091210799227603,75.82647407456173,589.8342700559778,1.4294698930513174,0.2,3.0640596647218907
amsterdam,881969520bfffff,6.9179735665554745,1.077934581047807,2.803862344305496,38.82972697804765,1419.341805148386,10.092989158827605,0.3,27.124730658192803
amsterdam,881969525dfffff,7.560970797760484,1.0310082494451578,3.163892550988623,39.67744460656536,940.304126056678,1.8168375783718045,0.2,5.906995645559738
amsterdam,881968269bfffff,6.8338129395016995,1.0425458668659855,3.1942454540136502,45.24954595711785,915.2721253639968,9.115742133594615,0.2,26.010329603752755
amsterdam,881969c9a7fffff,6.525918699324815,1.0773023450793149,3.147803788503485,45.68500768996382,294.95487727750884,2.289066274472981,0.3,17.258504148138186
amsterdam,8819695349fffff,6.506049806488701,1.054575688521782,2.997860166713794,48.27853666126239,854.6135715115694,3.0256213461977626,0.1,9.284722411876778
amsterdam,8819695241fffff,8.00484283553345,1.0552522540926417,2.7390977607120273,36.99551093921879,1640.6203994016917,3.042141321814152,0.3,13.381223728775092
amsterdam,8819695247fffff,6.366257878097785,1.033356051439268,3.10899415035735,47.33149506053197,804.5240768853826,3.2255673232246216,0.2,14.15908112456113
amsterdam,8819682699fffff,8.003774439236684,1.0932223956777134,2.4772492385932043,34.66770953867485,1195.46179279315,4.960924549361835,0.2,20.781193705612527
amsterdam,881969c9a5fffff,10.306673812743645,1.0507862180157057,2.8774279594709995,28.51990058485716,724.6713900366736,3.0815569381345274,0.3,13.244581075798662
amsterdam,881969c9bdfffff,4.876325519758992,1.0545541349591234,3.1530155660407813,59.99007226785967,694.288725858315,7.3564401072255166,0.1,16.862864715484218
amsterdam,881969c993fffff,6.143406662070998,1.0326380784686158,3.038179657906793,46.89024501664509,530.8435073520999,3.8515930807273624,0.2,14.53649632777295
amsterdam,881969522dfffff,6.841669243615113,1.0529842156735276,3.2130028227443517,44.0704074954421,647.5276411625488,6.171256029238745,0.3,18.594928713129683
amsterdam,8819695267fffff,7.670437502584229,1.0175611232482495,2.739553029234786,37.327178453278925,1442.076807636656,5.485310518540182,0.3,19.52139479236267
amsterdam,8819695315fffff,5.881083408004665,1.0406004343947886,2.9146501921426906,46.79909103542962,750.5660170240368,2.707758508468699,0.4,12.485567210468355
amsterdam,8819695311fffff,6.5871451477585365,1.0687454852514602,2.411985902198422,41.22016028451119,1945.2267352952251,4.1624386354967475,0.3,12.39405433767806
amsterdam,8819695207fffff,10.1343310991269,1.042853845496068,2.9348874877119036,28.799007660268504,4373.502498222681,1.1574382170745932,0.3,16.774016893383646
amsterdam,8819695049fffff,10.146263070859472,1.1068437060350818,3.5032390561550266,30.74040065394827,418.586829494681,2.265584465943461,0.3,17.788505202595307
amsterdam,881969531bfffff,6.929144691760089,1.0673119560391573,3.117230390072108,41.49802036717861,943.949454290867,3.095394780289096,0.1,15.06610909134332
amsterdam,881969c9a1fffff,7.163960821576283,1.0952533506995874,3.3289058836582788,40.27445115207237,1333.1862873446394,1.6006338232979929,0.4,15.34256207441572
amsterdam,8819695301fffff,6.068185061799626,1.0613544461559898,2.5070412516522875,49.6805198201862,873.2414029890855,6.343572227920866,0.2,17.430382502555506
amsterdam,8819695347fffff,5.830439696136241,1.034444800821218,3.060577934525159,47.64268087051092,318.4819750728054,5.875654156349849,0.3,13.787752489930847
amsterdam,881969530dfffff,6.429044660347228,1.0403868849374556,2.8930370132071808,48.21867266096377,168.50306255684768,6.1247229663748275,0.1,23.732392187320055
amsterdam,8819695345fffff,7.844624285276471,1.0522095545265522,2.8509968520907383,37.397246352434586,503.7072083301398,4.975336721201346,0.3,24.49840899274254
amsterdam,8819695209fffff,8.53491799861499,1.033872904210452,3.0232377369208736,35.04022189894257,1219.170161363317,2.507357651672762,0.2,14.112890066185734
amsterdam,881969505dfffff,6.233787150565502,0.9991883789071928,2.166649565640594,46.78803745171312,386.3250302479766,0.2259180812922068,0.4,2.151112798919858
amsterdam,8819695237fffff,3.2462958529411674,1.663188931639289,2.1776047163774317,94.78258348312164,374.6152356478729,0.0,,0.1088744447491015
amsterdam,881969504bfffff,6.399732724366985,1.0852444153424814,3.4230540596328125,48.67991757722608,274.45274054868236,2.078039961325044,0.2,8.413427944029534
amsterdam,8819695061fffff,7.927941579913846,1.096261376426774,1.8370656682286504,39.7095275793185,22.57119938702123,0.945226269992507,0.3,2.044066619514785
amsterdam,8819695043fffff,24.310582441812095,0.9981041573211537,1.5518880935662325,14.238813363783978,217.5488461773786,0.0,,0.0
amsterdam,881969506bfffff,4.315084658745999,1.033078893726136,2.2603280353929356,63.72991997795879,208.63441294477883,0.4322125361024577,0.2,3.3162122637641915
amsterdam,8819695045fffff,6.556097863751837,1.0409603403443055,2.0642073263391287,45.449046595024264,304.1057552554653,7.033427873820651,0.3,18.352551919581018
amsterdam,8819695069fffff,7.470515373844725,1.065826527111744,2.2104336985427415,40.40749356084192,557.6833079552051,7.382008574383012,0.3,20.036975903019407
amsterdam,8819695041fffff,6.523688138305342,1.0553230692158524,2.7646193671769095,46.63610446211364,339.6143260463567,4.233813208813157,0.4,18.339679013750548
amsterdam,8819695235fffff,5.314729062078688,1.0159545359056623,2.815753242815647,65.44568554553574,458.939499648043,0.0,,0.354967436320968
amsterdam,881969504dfffff,7.416423829748059,1.064121361271399,2.389239519431448,41.70644041947083,1111.959446237075,3.5140746840107915,0.4,17.839637548883122
amsterdam,8819695313fffff,7.552321402632568,1.0482326233667247,2.4554574364271025,40.11950439496012,897.1286711078169,5.522856045387397,0.2,23.049110195495366
amsterdam,881969514bfffff,4.531112684973602,1.075483602413016,3.0806329152133505,66.20890294670478,183.13950417286395,1.741673243964752,0.2,5.798624436615049
amsterdam,8819695317fffff,6.67266126131603,1.0796354191479742,2.6528549506963057,40.64610828508184,648.5492006192463,2.5571081264850437,0.2,17.66296941526151
amsterdam,8819695231fffff,9.363278669597175,1.0405826492787162,2.7295807137914223,33.50594393978188,660.1145168611772,0.0991752708246244,0.4,2.6919911795803757
amsterdam,881969533bfffff,4.667396638976724,1.1909501680786116,3.0254643959249035,61.465795194242546,302.14537695372667,2.3768626717987464,0.2,6.344762961335924
amsterdam,8819695149fffff,5.942333762630004,1.1264064673825218,3.302086499705013,52.026748697246,379.90219782615526,1.5597136741165725,0.3,4.638379704876497
amsterdam,881969523dfffff,7.034074809768533,1.0832733651600768,2.9743895337087136,41.2577059610971,920.6434500219566,2.429438085846192,0.1,9.949455496586904
amsterdam,8819695227fffff,10.21182534501154,1.0519209326031256,3.0683511282526954,27.003279439194404,2083.720496005138,4.766741269464307,0.3,18.57845248911749
amsterdam,8819695223fffff,10.228604455758802,1.0856223742962638,3.4263871621174298,28.967421467693793,1406.0720753262044,3.167656370754314,0.2,20.27167626355827
amsterdam,881969514dfffff,3.92074158837593,1.0690003733997595,3.216449536631245,78.16164518768139,446.9054213572207,1.750140972858462,0.1,2.8565116902279115
amsterdam,8819695331fffff,4.044721123601519,1.1030054197341583,3.2712245374955375,72.86950894721323,161.81723596842775,7.190926541717579,0.2,12.223818197633111
amsterdam,8819695239fffff,7.987071542294153,1.172578111346693,3.0067199259011246,37.334430962000226,1613.8528603655266,2.864216952080452,0.2,9.20282947584172
amsterdam,8819695335fffff,5.470704242676523,1.042650872526942,3.3685212056058904,52.98313701600462,173.2709566221816,4.563278113571155,0.3,12.57598989143132
amsterdam,8819695339fffff,6.330141176779461,1.0959960613058457,2.4216054398187543,45.40580402139308,513.4870852523292,7.0174722469047595,0.2,18.202352024029945
amsterdam,8819695215fffff,9.968201186200847,1.0836879090505291,3.1179036088624903,32.1535264513433,1067.4985817354566,0.0,,1.547835599422186
amsterdam,881969521dfffff,9.446763309038896,1.068552603522179,3.1229299327073017,29.778678477888164,943.7096190362786,1.8637366599093623,0.4,20.70135258026614
amsterdam,8819695203fffff,8.377431844832325,1.0729400557097115,3.116757830223868,35.20390685009895,1163.3295929687465,7.035801718304165,0.2,20.699294194668248
amsterdam,8819695323fffff,7.271899452772589,1.0571621725311566,2.848966594222392,38.80997311020552,813.7656202227097,5.30971309710819,0.2,21.982766209776734
amsterdam,8819695221fffff,8.750727218145684,1.0270778401917702,3.1988520814920434,33.307107499212975,2580.9145972302067,1.8177659850487695,0.3,12.670650245935974
amsterdam,8819695327fffff,8.398067324379943,1.0476238361287054,2.9703585516724953,34.5034552408709,1279.727738862301,2.9502455243872547,0.1,22.610172419379243
amsterdam,881969522bfffff,8.845395978377603,1.0368976591429002,3.188888729705297,31.902341273530595,1691.1124503295562,3.789014171748251,0.3,12.311289627704497
amsterdam,881968249bfffff,6.187460437131372,1.0398061417209363,2.9094512030060287,47.50235123203232,810.3072709827907,2.0144619724290025,0.3,16.21386123303445
amsterdam,881969533dfffff,6.865756000918442,1.135235474608971,2.770235111161402,40.82624408230261,757.2606368239565,2.3015764644384284,0.2,7.294046923163233
amsterdam,8819695319fffff,7.207248227613314,1.0222102872815302,2.680077807683766,41.25431616857731,907.5474290889564,4.1741841928873065,0.2,19.025421306053467
amsterdam,881969531dfffff,7.20204240700332,1.0242559141363448,3.140873368092754,39.93459121947858,799.1829938343806,4.657675299642295,0.2,18.176285129787203
amsterdam,8819695303fffff,6.16287034179947,1.051302474897479,3.3174499706943403,48.90089297671364,664.5267809346927,4.6852951157182074,0.3,17.56623345942112
amsterdam,881969cd67fffff,4.477209157182712,1.0127394482122205,2.937414078358666,65.22710643561982,50.76866713393396,5.679314929668163,0.1,15.766063955372758
amsterdam,8819695225fffff,8.135172198045707,1.0438041819319972,3.2147244318176544,36.76202706964104,700.4002195579069,3.6460241739526937,0.4,20.222444803502455
amsterdam,8819695307fffff,7.994312456522192,1.093431622422393,2.367977830357084,35.2845192419244,1305.0456210449076,2.3007840678974723,0.3,18.402854607826796
amsterdam,8819695201fffff,7.437705279999266,1.0701738616997387,3.0411001536385545,39.51840469921552,644.1896998855204,7.768986155340813,0.3,23.082930273733
amsterdam,8819682491fffff,6.447237480850398,1.040274301990857,2.47971731984882,50.4823498560313,884.3086194666566,1.3301918224866267,0.2,8.984719439367778
amsterdam,8819695321fffff,8.712200663581077,1.024213380571629,2.6160794890189214,33.99968993486943,1334.5387008405576,4.567536323073128,0.3,23.631373060189308
amsterdam,8819695205fffff,9.035615843506228,1.0404394860101325,3.168585230938208,31.841207397009565,1392.17776007601,6.4831080740102776,0.2,20.040151683078577
amsterdam,881969532bfffff,7.7843705309935505,1.0788341691898584,2.725752187512517,36.55715859774015,1513.0180899753811,3.528105573068983,0.3,20.358208999483207
amsterdam,8819695229fffff,6.2424639625353056,1.027522855356451,2.777117266781959,49.59716912799329,925.9667183861262,3.8746633044778704,0.3,13.116386926555524
amsterdam,8819695325fffff,8.897740230914371,1.0365943265428463,2.4455502969803167,32.904832274634735,824.2005089870551,4.383911451868591,0.3,16.41225721129489
amsterdam,8819682499fffff,7.583041320316692,1.048458168881771,2.916878371571343,38.962539299760294,1688.124940273544,3.279562794172554,0.3,16.642298140750565
amsterdam,8819695353fffff,6.467165310950304,1.0102063735877604,3.4733520832998797,44.05078689543671,1344.1390066552376,6.330421588369665,0.3,17.177009517130603
amsterdam,881968249dfffff,6.513309808828037,1.068458133578848,2.342586210052183,46.8783678797974,973.8265025762072,8.691582261583191,0.3,22.406768231332546
amsterdam,8819695305fffff,7.101054350335539,1.0672502345281027,2.881113494162733,42.07959960134709,855.7408876070285,10.09016937565528,0.2,17.772907060269265
amsterdam,881969cd63fffff,5.735631880884296,1.03332301548034,2.198644616695466,50.448121124405354,251.69325474004484,4.648000953530311,0.2,16.74352306842512
amsterdam,8819695263fffff,5.9864706267211965,1.049576566381602,3.060273088570626,50.561008515787954,531.1460273330422,5.159673175265496,0.3,17.9366569242947
amsterdam,881969520dfffff,6.222610801082034,1.0473827451669768,2.9467665992810126,49.52852286019304,730.3194213128398,5.759717258513685,0.3,14.494474444764354
amsterdam,881969532dfffff,10.674652917279367,1.0292442054787627,2.3125762806687824,27.75699580982847,1032.9804720614927,3.765203286251658,0.3,22.158564654439523
amsterdam,8819695329fffff,7.578560644447872,1.0647281779985645,2.808863344647045,41.15177564656227,628.4087775290888,6.435394758315944,0.2,21.48269790404202
amsterdam,8819682483fffff,5.525182622636708,1.1900229448910946,2.937145213909006,57.51067992647733,412.2187283534031,4.480488882098002,0.2,9.008587590258706
amsterdam,88196824d3fffff,10.200348135364996,1.0220401401563666,2.25611182880501,29.101061519312843,1074.6157804001605,5.577353552093147,0.4,23.7372401622966
amsterdam,881969535bfffff,7.42069635163551,1.0102132344191226,3.258582526209304,39.77445930084113,2156.301417131079,5.019176655981552,0.3,8.93926721624934
amsterdam,88196824d7fffff,8.716775160940339,1.072028901333101,2.643639993202647,35.013527558474664,1248.8889454352975,4.5738329447046775,0.3,23.60069319391611
amsterdam,881969cd61fffff,7.205476771295507,1.049520854233577,1.8585808425558432,41.20129859868018,559.6641505654221,3.7596654188849854,0.3,12.62513257480036
amsterdam,8819695255fffff,10.957542788700035,1.07435595529868,3.2714535605196353,25.48684701255272,1640.070983476078,2.09108906969749,0.2,18.62055773083742
amsterdam,881968248bfffff,6.79988702586195,1.0679045742264457,2.9222662807864697,44.51704009525397,699.470613207879,3.645757162172297,0.3,15.136583171707626
amsterdam,881969cd65fffff,8.955272102315533,1.053060256989564,2.859749118179389,33.419772252869805,126.21335698954144,5.248726068102556,0.3,18.05606395054243
amsterdam,8819682481fffff,2.8000893085863208,1.411660825220931,3.048634713330811,111.60358315777135,102.06168899893204,1.9378970066646757,0.3,3.4215213764268424
amsterdam,8819695363fffff,6.708325783732771,1.0487177469692806,2.3518409876913604,44.09798740106255,599.2524200572468,7.490660044232606,0.3,25.396144920719465
amsterdam,8819695367fffff,6.359986812884003,1.07532773958904,3.326866493445723,52.874824387916775,221.3489730391383,1.0029040500607664,0.3,4.72342480323417
amsterdam,8819695261fffff,8.5739748784826,1.031544875462325,2.8740052932746263,32.99458429159413,1754.3063459123564,9.36406324690246,0.3,19.90025034167709
amsterdam,88196824d5fffff,5.047327029500553,1.094689564543211,2.961292147039201,52.72672658272329,426.0265051000554,3.1841787838114057,0.1,4.211443414577872
amsterdam,88196824dbfffff,9.077889442699323,1.050541720486728,2.959954118711849,32.83067994889226,656.8087032037885,8.35019745882542,0.3,23.44931425393053
amsterdam,88196824d1fffff,6.636058326464978,1.0411616149744158,2.4286263613777193,44.649441237526496,911.268390399116,9.714725945573598,0.2,8.269731372346559
amsterdam,8819695359fffff,5.481209423388945,1.0108938788934192,3.30993699648817,53.56378189036558,1113.4099419236236,9.759375222061552,0.3,14.371846038140507
amsterdam,881969c8b3fffff,8.155442710062188,1.0974802102383534,2.8736432152235074,36.25469363646874,1012.3015665608194,4.4737250286987225,0.2,9.804730743335105
amsterdam,881969536bfffff,8.775941010180587,1.0537708232516458,2.921138588653501,33.44410359389856,520.1208506059625,6.602879177655267,0.2,21.979876219057637
amsterdam,881969c8b7fffff,8.675164199228469,1.1121259903771314,2.5415044884352307,32.42013563558984,274.1235506438528,0.2827928682608104,0.2,2.418036187970598
amsterdam,8819695361fffff,7.673376863659848,1.0124638420359724,3.4344365738134464,39.947557478674504,203.4337479456021,1.5936613514778215,0.3,7.7773094106048095
amsterdam,881969c8b5fffff,6.726942335560477,1.039880644493551,2.9324895296460616,43.46665189517359,816.1738122620048,2.896289988092254,0.4,14.961723920473666
amsterdam,88196824d9fffff,5.999788078922546,1.0471224320224333,3.132848664579008,51.74175426797902,209.77225791307237,6.862252891005364,0.2,12.555040743483534
amsterdam,8819695341fffff,6.345746340493146,1.0335317718351962,2.8362466982996857,45.890392647834744,342.5280884296582,5.656134526913612,0.3,17.05313504704801
amsterdam,881969c8b1fffff,4.394072645253656,1.1687791480238132,2.8639509530202005,55.43598462188873,1441.725132916716,0.0900546184162603,0.1,1.6707046666973708
amsterdam,88196824c3fffff,4.911815610082565,1.0136957385698209,2.4462475081796526,60.09605130242346,330.7883480691076,2.6217227089409523,0.2,7.890746934900766
amsterdam,881969524dfffff,7.3554855576275315,1.0136046594960002,2.949556980770499,40.3675698357088,730.8418022447844,6.787036310950669,0.2,12.646540364679414
amsterdam,881969536dfffff,6.994240960443439,1.0739220960261575,2.9773864349001165,43.34274555505063,495.20908870599465,6.99879686711828,0.2,30.69142273285051
amsterdam,88196824ddfffff,4.445405344790815,1.2528779541067856,2.6016824622035046,59.987030649331054,163.12935488047947,0.0,,0.0
amsterdam,8819695369fffff,7.142685944709112,1.098307086464858,2.8672292028156385,42.1557065096404,799.5629479257283,4.383719117151097,0.3,23.43275408444612
amsterdam,8819695365fffff,6.544174232188719,1.0611294532164464,3.543245770151812,45.780434791419694,85.58361834426789,5.164237210383821,0.1,21.328662740785894
amsterdam,881969c997fffff,8.022874565719393,1.0486500159150525,3.24133311273813,36.18010651894212,1399.783780396266,3.823287775305278,0.1,17.397573105875473
amsterdam,88196826b3fffff,7.552364975882526,1.0963820429656772,2.4998452208018924,39.18767126651107,859.3912835359232,11.033578167949376,0.2,29.54331021479349
amsterdam,88196826b7fffff,7.65203662812023,1.0989077864895285,2.905152781348719,40.08791858903112,1096.2276194879566,5.506996160400248,0.3,25.58204653539885
amsterdam,881969c9b1fffff,7.60913885475765,1.045030497214477,3.2922053028488323,37.17529377735987,1758.3256682261683,7.4240905795963235,0.3,12.942519586119758
amsterdam,88196824c1fffff,5.129728789693037,1.090865849902507,2.7136733501875607,57.85377857493829,206.75825484472225,5.006287483059817,0.3,14.405963208351306
amsterdam,881969c8a3fffff,8.110476701412436,1.097460204052234,3.3535515103062,35.51942515888202,1811.06154936655,2.8141603206733103,0.2,9.412194493440266
amsterdam,881969c8bdfffff,7.127547157281896,1.0389597881361337,2.9303278161412214,39.250796745144605,943.314407319551,1.5145578266844395,0.2,5.4174590330335555
amsterdam,8819682693fffff,7.176998356641078,1.0356806455258092,3.2065958578978795,40.487109205130075,1305.439163106166,4.906136458102179,0.3,15.712848794017592
amsterdam,881969534dfffff,6.842063985167007,1.02991111033243,3.3119574015176467,43.04294996941024,681.2394260304474,4.211669026713475,0.4,14.973616710480975
amsterdam,88196824cbfffff,5.464605428553103,1.0343914014745816,2.450485720162954,54.47317697436547,283.5684296160435,5.074075471941981,0.2,15.473989019375315
amsterdam,88196824c5fffff,4.343767288710663,1.0046550613873455,2.138818472210382,67.88388402807836,401.8196004969817,2.8121791732060535,0.1,4.13602791225257
amsterdam,8819682697fffff,7.643442811244489,1.0278836629927235,2.721518747648815,39.97616821388972,662.5284543810621,5.569343456013016,0.3,18.983943432008505
amsterdam,88196826bbfffff,7.448605253721144,1.0707127160577117,3.069691498662962,41.54684117041561,1127.833586028749,4.620848561731276,0.3,13.716102067159497
amsterdam,881969c991fffff,5.551849415761433,1.080288313820157,3.0877521680917344,56.28754971502421,3760.782062050193,4.453809451182342,0.1,8.286988627990633
amsterdam,88196826b1fffff,6.747538649851675,1.0461137291770095,2.6485364498609205,42.622058188392515,282.461325608815,6.9552044083700855,0.2,18.82711104923909
amsterdam,881969c8a7fffff,6.113581556297497,1.081318582781991,2.772588722239781,30.66941992568323,314.6430770520384,0.0,,0.2692673006359422
amsterdam,88196826b5fffff,7.827448346757014,1.0664662111488032,2.3327238855287,39.0093294677426,802.9780491198867,2.396986973827949,0.3,15.766365231898469
amsterdam,881969c8abfffff,5.131381573509183,1.1166244146364916,2.886706074069026,57.57797217416708,437.67585534189544,4.341479485720255,0.1,10.500754600200631
amsterdam,881969c9b9fffff,11.759386163582972,1.0532050979244796,3.228520771360586,24.00531957632546,2542.863865003422,2.7237331195503898,0.2,13.197767325833857
amsterdam,881969c995fffff,8.349340275470071,1.0255342302637185,3.196915749226819,35.11022409555853,1836.333901018847,3.495109896693272,0.3,14.749780935083566
amsterdam,881969c9a3fffff,5.917188298592676,1.037406526948486,3.4453085238920287,48.48802120190947,311.1220275029083,2.629920709712278,0.3,14.328543598867094
amsterdam,88196824cdfffff,5.146530755833713,1.112028250262192,3.27089432721604,61.24851987856899,335.420018950364,1.9119609557537964,0.3,7.064319046961616
amsterdam,88196824c9fffff,8.010418735767011,1.1122947296486494,3.195515377217243,37.45122569691411,404.9440573217419,1.516550627492499,0.2,7.547821473265137
amsterdam,8819682691fffff,8.74661307234217,1.0626852684633878,2.923264509508196,32.01239127467447,1121.7685799462515,5.103787538103181,0.3,22.034590716578336
amsterdam,8819682695fffff,4.5305438800098266,1.1749280476682398,2.388314180423754,65.30297377122834,304.97652791230587,3.4519475288695523,0.2,18.10472899340023
amsterdam,881969c8a1fffff,5.311086047496865,1.0847562269424258,2.704429326029699,58.839189801355694,384.9003815050847,3.392805245242255,0.3,14.731511056046116
amsterdam,881969c99dfffff,9.720664601763628,1.036479047152063,3.227358826341233,31.555207510897,725.5417417297122,4.0426248881627,0.3,23.6868647281017
amsterdam,881969c8a5fffff,7.477724405607012,1.0837030440586206,3.1465402507279627,40.15234082880634,529.8560063972864,7.473684694089462,0.2,20.06645931754823
amsterdam,881969c999fffff,6.526634101630831,1.0708512212493244,3.347806437489433,46.268902671339504,194.3468519988584,4.406695285799894,0.2,10.617315714882912
amsterdam,88196826b9fffff,5.819437444969999,1.0302686671413828,2.2866386489046175,50.77029321965133,473.8863096181675,1.0346617944236465,0.4,8.38905080887915
amsterdam,88196826bdfffff,5.059074440710897,1.0634888333446828,2.3277395158438843,58.91926014732404,285.02840055989327,1.7056375089553035,0.3,4.277086312747212
amsterdam,881969c9abfffff,5.852145843322818,1.106690103650585,3.2540760680376217,50.386952541218385,653.4722162411116,4.715231319585121,0.3,8.813311996983067
amsterdam,881969c987fffff,7.874939713300503,1.0681215362945289,2.7487551377223207,39.442341391065895,1248.4882290994574,2.312087323300655,0.2,6.4032822077577745
amsterdam,881969c8adfffff,8.613569112948786,1.0373716511356286,2.7017937458020373,36.17166822411926,1743.4943948243258,2.891219116511643,0.3,16.841129304500814
amsterdam,88196826a3fffff,4.343318117874841,1.0337842711558676,2.1164929799769734,71.7627176341435,374.1858300689884,0.3774565287826403,0.2,4.422901281582923
amsterdam,88196826a7fffff,5.196359077241657,1.0972469388270805,2.8302952528715717,60.01917563486884,187.6277294947154,5.018617865999231,0.2,11.290987970132395
amsterdam,881969c9d3fffff,8.532822226413893,1.0435281689803502,2.824962832204338,35.707705131465154,770.729154753979,3.499456156113039,0.3,25.167919565638165
amsterdam,881969c8a9fffff,5.743841594795625,1.0496785845904373,2.7756738587300833,56.16113185530286,268.74565630704757,2.4725893928694926,0.2,5.536282692570273
amsterdam,8819682683fffff,3.754241827014482,1.083062432418051,1.672384831555096,75.27716877975205,913.7996082377484,1.1295196676531094,0.2,0.9000382802639679
amsterdam,881968269dfffff,8.267616595277678,1.306020231054051,2.57408333489989,33.13803918970003,1151.2717334157494,0.6972695386604228,0.2,3.329594265440184
amsterdam,881969c9d7fffff,8.766247128253147,1.073959876923101,3.210969881057012,33.35121476860229,1184.6378085329168,8.150866093828048,0.2,32.09734534044321
amsterdam,881969c98bfffff,7.307762847845143,1.0339325642558523,3.5249897111727084,42.537018011518946,420.4447978905539,4.889351243169145,0.3,14.749051103471642
amsterdam,881968241bfffff,2.8697307390071085,1.0680374028044264,3.375467667020905,100.66759398787389,42.92665702660002,7.038423307015764,0.1,6.937699710217649
amsterdam,881969c981fffff,6.198123209518699,1.0458256545386315,2.680774374768393,47.28906450677387,1367.656045094987,4.856664659808898,0.2,21.422783381946864
amsterdam,88196826abfffff,4.974098387532315,1.138230158621591,2.4595734257009227,61.14147482536705,179.13886463831014,1.1622144531921883,0.4,9.699939410917525
amsterdam,881969c9dbfffff,9.03850722875132,1.060728861322123,2.989241261028499,35.70847647548006,720.0020296340049,5.237466781161075,0.1,18.03409930843283
amsterdam,88196826a1fffff,3.3697282013966543,1.388154881652154,1.7305780457710318,89.92722407246553,299.24982353656765,0.0,,1.1791611516844502
amsterdam,88196826a5fffff,3.9745592327127306,1.0626983098691056,2.859889378375482,76.98215860904386,208.46871425929183,1.6635734090182064,0.3,5.177323623560262
amsterdam,8819682687fffff,4.283873648260733,1.0815730093087643,3.282913768154821,67.77104193141486,742.1125253504036,0.0,,1.715920490264073
amsterdam,881969c9adfffff,8.71246467892025,1.1123255564493577,2.933858369570676,30.804412164852277,5973.151853628913,3.3729288133942124,0.2,13.41505711472616
amsterdam,881969c9a9fffff,13.175465113385457,1.0555781478512851,2.9746377175699275,20.865126711785063,3597.530812340418,2.4447778420980675,0.3,9.046948980706905
amsterdam,881969c985fffff,5.1274969130387955,1.165891616630371,2.9411344172543297,55.97995316333123,1263.1628998367676,1.3148392555158266,0.2,4.081109688363179
amsterdam,8819682419fffff,4.03452158926478,1.129666616051356,2.975467567837524,81.43999760608664,68.30444411599571,2.1069489622060833,0.2,1.9705876383141032
amsterdam,88196826d3fffff,8.853408627393252,1.2120050678991263,2.2896580160796254,36.604441036569746,1392.223812607854,0.4081287837207856,0.4,0.8734203595752315
amsterdam,881969c9d5fffff,10.27915785298396,1.0477304219802717,3.054169065661448,29.146278584468075,1331.9548828643808,3.241492780505517,0.3,18.071678883767465
amsterdam,881969c9d1fffff,7.808422250275317,1.1066258761906618,2.6655501748189185,38.39620484793028,1329.3642277291722,5.797261381606267,0.3,27.00633718304528
amsterdam,8819682685fffff,1.4557142267203853,1.7923456128672937,2.7223017433708607,198.8533730708182,280.1670554058924,0.5815582655130286,0.3,1.4333073449071765
amsterdam,881969c989fffff,8.347809196460528,1.0679751166922218,3.2692174551705335,36.66229244839733,1633.079226799921,2.867461203611009,0.3,24.16464709150742
amsterdam,881969c98dfffff,6.666590028761694,1.0826184009496658,3.2958555907818785,47.305126015105365,640.2276481588583,7.473187651822852,0.4,27.59080352698828
amsterdam,88196826d7fffff,14.469232480501244,1.0861380562369929,2.7424937634766526,20.157715142093195,1762.1764782056116,0.118257170382272,0.3,2.0074953185794393
amsterdam,881969c9e3fffff,6.904838257966535,1.050649103431026,2.659195124537462,44.638145973452815,797.6580700405129,3.296966590783095,0.2,15.239278458962843
amsterdam,881969c9d9fffff,4.3867005033660975,1.1566456610742537,2.7842860631803625,77.98692044177238,390.36561094775465,0.1409791901547291,0.3,1.7042087255425813
amsterdam,8819682457fffff,4.104939667307689,1.096533907157368,3.0667848273912743,74.85899710389903,459.64303030899066,0.2956521214364045,0.4,4.165760682153616
amsterdam,881968241dfffff,4.672457793874866,1.0838413459692111,2.7237887900662057,62.52273307714718,598.0465804367439,1.5508719771793689,0.1,5.8947571375808305
amsterdam,881968240bfffff,3.6518276994675176,1.1085513876193682,2.593323151493058,80.08396185595572,173.40999620139138,0.8336749061416157,0.3,2.180411852124514
amsterdam,881969c9c3fffff,7.5427627227896386,1.0654767020753666,3.1593499443820163,40.31261934903904,643.3267700716442,10.010488227639206,0.3,22.213024239571418
amsterdam,881969c9ddfffff,6.96102398104454,1.0421977501414963,3.2729731761934495,42.7161988894436,917.1429368917628,2.9348420669587028,0.1,15.22065674744142
amsterdam,881969c9c7fffff,8.149615190771701,1.0551182778438215,2.8967331406206447,36.883521887549016,866.1256725971805,5.827874278023035,0.3,23.899568348460395
amsterdam,881969c9ebfffff,7.777198561192516,1.051174647312228,3.1318640815784855,39.86011126768328,724.6416711704874,6.427373318357565,0.3,22.113836388753295
amsterdam,881969c9e1fffff,7.35539470458379,1.0312184613335251,2.4418584729073936,41.781180414317575,1229.4282429303655,2.8728166863799145,0.4,18.684011034811245
amsterdam,8819682455fffff,6.479043079692348,1.075162899940262,3.295733641304339,50.37609487609504,163.168312124874,2.651207532941242,0.2,5.287843194607552
amsterdam,8819682451fffff,2.719349860628637,1.1954567573343904,2.4020785075841276,113.6635317014545,252.17441626871832,1.24477591437907,0.2,4.238837179305495
amsterdam,88196826e1fffff,4.208409900653101,1.1143992913528316,2.9535306232921577,70.20574336370942,165.7275657819245,0.5068226278154547,0.4,4.273398725266488
amsterdam,881969c9c1fffff,9.693480060520054,1.0585768830653444,2.738925528190342,31.22011672360447,602.3565420264019,3.424405810149406,0.2,7.789920029027883
amsterdam,881969c9e5fffff,4.784381659382498,1.0940921981900464,2.279660477518513,61.03931898020453,900.7523461293464,0.7470445835899799,0.3,2.7673972799548734
amsterdam,881969c9c5fffff,8.240233918093729,1.0399118581529505,3.054834223704986,34.228552836583894,1016.8403004564316,2.001561427646734,0.1,13.269126311815471
amsterdam,881969c9e9fffff,7.562110661119728,1.0454168962898058,3.3564970478408807,40.222456440703326,879.0486984746367,7.013877424802299,0.2,19.71469918870249
amsterdam,881969c9edfffff,7.77578359476844,1.074212648002072,3.223107522200753,39.2206541752073,606.0469751091509,12.391126884950316,0.3,33.572882390682736
amsterdam,881968245dfffff,4.38566941318946,1.0159731166725603,1.8226120031157835,68.40460867793186,273.07459024312897,1.1795989362925805,0.2,3.616630767255456
amsterdam,881969c933fffff,4.575739249869076,1.1107075976926548,3.1237037275400272,66.31677621725308,599.1190722744186,4.173754343129075,0.3,10.792937439040736
amsterdam,88196826d9fffff,11.013493606882236,1.2283747972948236,3.3069652882488354,32.42775361667997,1175.9233753273809,1.17373124731547,0.3,1.1743529924130314
amsterdam,881969c937fffff,5.350767393457016,1.053562366725138,2.876549252747245,60.46411439232467,858.7428974909317,1.3086615640787291,0.3,2.1565413104719378
amsterdam,881969c913fffff,7.596967237537267,1.0268056455056187,2.7172750912786388,40.549980328436746,1060.6582058647843,0.559971218462165,0.4,5.09526721623178
amsterdam,881969c93bfffff,4.280521234363874,1.2386580716576157,3.170126418232704,67.62580264446339,185.44465985292445,2.9669709067900585,0.1,3.3799087607173037
amsterdam,881969c917fffff,8.178233203964272,1.072354563633601,3.0909625089383104,36.32831711516218,2525.5539147581803,5.164476590652439,0.1,15.182405009592737
amsterdam,881969c931fffff,4.889089108758895,1.1075587832334737,3.4673096860077206,68.17902597360326,532.122580714366,1.7717837912907064,0.3,5.247212038735419
amsterdam,881969525bfffff,4.849316214616112,1.0169653596804484,2.955304887580142,64.9194238696881,19.030880440868344,1.5506822364835284,0.2,0.7405794132228216
amsterdam,881969cd29fffff,7.453163559127453,1.030311136714973,3.2601936350342298,48.301636901437526,61.80738582675209,0.0,,0.9843408332476804
amsterdam,881969c8b9fffff,18.197675649700592,1.0139406983838957,2.098641637270467,14.09027511788161,1222.7863172685911,0.0,,0.9975039758920128
amsterdam,8819695257fffff,8.994110488314227,1.1190068278730811,2.708262389530773,32.42862838360947,1049.9495050712403,0.0,,1.7407419571161813
amsterdam,88196824c7fffff,1.5560927339181063,1.784127651182289,1.732867951399863,192.79056669368669,330.627706005835,0.0,,0.0
amsterdam,8819682489fffff,2.822487355571096,1.0300662109257652,2.6182683713507635,109.01459207070565,214.08557961557764,0.0,,0.6008117829985626
amsterdam,881969c8e7fffff,25.308956581048324,1.1159961026627,2.4849066497880004,13.17056798710294,612.0039707203824,0.0,,0.0
amsterdam,881968248dfffff,4.3502252355170805,1.0674207113974112,3.1562518243577564,71.83536094835222,63.64902851959113,2.3630747222692583,0.1,3.3734941362704074
bogota,8866e42d61fffff,6.755067994994432,1.032121230805136,2.708532147227629,44.123902964040695,453.1372363213914,9.12402046678189,0.3,26.333594590642793
bogota,8866e42d63fffff,7.008369943765644,1.03978088625736,2.6000905416165567,40.82141091171565,1041.957746160557,5.664753292248874,0.2,15.585837387943297
bogota,8866e42d67fffff,8.354732061735788,1.0259378413334082,2.398867270035102,33.69541738815302,3062.5978936047827,9.998312012064345,0.3,22.9711209920864
bogota,8866e42d05fffff,4.983581618114857,1.1147390930366246,3.240106762880729,60.1976696658339,27.13353549160306,6.723350673546351,0.4,10.136967339225288
bogota,8866e092c7fffff,7.432975783679304,1.0608960790206918,3.206626117946679,41.14841359485341,157.2177804548903,9.149701425025494,0.3,19.748428583562376
bogota,8866e0928dfffff,7.359969839511285,1.0613223968063008,3.202588706457292,39.73704355412973,419.19147325585374,12.395533671109268,0.3,22.820748088602077
bogota,8866e092ebfffff,8.501148977434763,1.0417268619447504,3.322293185349525,34.494705031725836,426.399810417534,13.88603231032246,0.3,18.28446623372511
bogota,8866e092e9fffff,6.684716771299264,1.044261027449767,3.4115751280282147,43.77852777248613,1016.5164092155844,9.965031637429329,0.3,28.26307205035865
bogota,8866e092cdfffff,7.854781625759056,1.0272936959834034,2.564578766546923,36.329437925176826,1602.465012516365,5.055391378645388,0.4,18.222726039060777
bogota,8866e42d27fffff,6.439389785528251,1.0203023058289007,2.78583023176649,43.733784783161,901.2581037955376,7.407288021778582,0.3,15.491128228041177
bogota,8866e09253fffff,6.276375394131709,1.0271206400434418,2.7408578454756163,46.511791839515254,563.0985898541574,5.416812631225705,0.2,14.515269679672834
bogota,8866e42d2dfffff,7.740421560799967,1.014583958057484,2.3659464028364368,37.23182063138759,2461.8102132843615,6.773580260767807,0.3,14.607714699683171
bogota,8866e092c1fffff,8.140537362064505,1.123313316333285,3.2381344517889916,36.4687227385577,126.84080361371666,10.89677462151242,0.3,24.35773350502325
bogota,8866e42d21fffff,7.825609755113516,1.020995565845175,2.761903833531973,37.211300643781165,1153.1006635939316,9.560854114104728,0.3,18.37246836634161
bogota,8866e09259fffff,6.324674499628085,1.0146931079659065,2.4334426167423713,46.701797143520395,448.90619592764074,6.936359911451504,0.3,23.98173770580651
bogota,8866e0925bfffff,7.050533786975706,1.022416999307208,2.5158172700513473,42.01105254900104,826.3350400668862,3.044489427226487,0.3,19.154345257550833
bogota,8866e42d6bfffff,5.008153675805136,1.0193228459287575,2.1740606553265196,56.42971720645942,354.42915959574617,8.11862919985535,0.3,19.64009255772824
bogota,8866e42f23fffff,7.229268469267136,1.0365015572424343,2.9824279957974147,41.20979431503505,497.858621855161,5.685526898275892,0.2,15.39054650105637
bogota,8866e42d49fffff,5.8393222914824845,1.0358675500586068,3.2796384031263224,50.87214041306059,491.96542073456226,4.170681241332279,0.4,19.286964226730483
bogota,8866e42d25fffff,7.86562503046099,1.0107515436849477,2.532425081083341,35.952872911267214,1299.6851522455709,4.433244674513721,0.2,18.83816251874802
bogota,8866e42d29fffff,7.647531527442093,1.0361052250605314,2.4062404738821868,38.11234741249747,551.7456513853758,6.960648496823745,0.3,15.886861121746062
bogota,8866e09215fffff,5.381395172407343,1.1151216503836685,3.028407658790764,54.22920718973528,107.82837625046406,8.047974668728372,0.2,13.623014916312242
bogota,8866e09239fffff,6.275213713492975,1.0590517919992728,2.933558451522045,47.49053317376647,293.2110969711413,7.17563441410247,0.3,26.33261834143378
bogota,8866e09223fffff,5.044916527169941,1.058595806409298,2.501241613727611,53.51922049569816,2480.524206983223,7.176923172518654,0.2,16.427930841961548
bogota,8866e09235fffff,5.2867909912287505,1.0224994222591215,2.3217859183786103,50.23345370233343,987.590961476394,10.873331871638856,0.2,21.13672732409421
bogota,8866e42d69fffff,5.286496953998337,1.0514244254305518,2.708866815035185,53.475142333821466,680.7577583997096,10.647655783753978,0.3,33.76231373831351
bogota,8866e09219fffff,6.926365142999798,1.050568583607936,3.30619426562815,43.31276128334034,496.0323931727105,10.36387748081169,0.3,23.93036368807945
bogota,8866e42f21fffff,7.47129465914398,1.0555354443950131,3.1403196033058953,40.31022793013238,206.00505021019305,6.01027434560654,0.4,19.334242474516213
bogota,8866e42f29fffff,7.018211781743689,1.0600347552072094,3.083258287653738,42.06090053597194,498.8195152171133,10.36320191110784,0.2,19.464489954420017
bogota,8866e42f2bfffff,5.811923014778859,1.0363661684362298,3.1937116308200175,50.69627667015275,51.58178858096063,4.374347268194733,0.3,11.959622167898155
bogota,8866e09251fffff,5.886181179649558,1.054858760492125,2.9007819715047214,49.428332977577085,458.7264419710913,6.798329012944144,0.3,25.13018564514189
bogota,8866e0923bfffff,6.121172137724739,1.0243685404858331,2.662007459940688,47.883549372752846,426.9397460464231,6.6118884283217065,0.2,24.198668623098975
bogota,8866e09049fffff,5.106195873516138,1.0755661778115,2.9460453184954836,55.4653190422481,1306.2848717850918,5.945889067739647,0.2,21.985125821290698
bogota,8866e09207fffff,6.021478307842311,1.0438738463204669,3.116137577776394,47.77180769563665,365.8693950702082,6.55164758073693,0.3,19.973381875553553
bogota,8866e0922bfffff,4.305521297314255,1.110904391825639,2.5576594408853177,68.81775186691637,356.5935013582604,10.883621324547208,0.3,19.03523694939505
bogota,8866e09255fffff,5.201412324843267,1.0913915521778712,3.032553545012543,54.61803282428096,28.507586685138328,3.61168245632354,0.2,8.589447345026604
bogota,8866e0920bfffff,5.8578692542612645,1.083982709754501,3.4377381050690787,50.87559758239091,37.05228381819745,7.59745612532249,0.3,26.607413061151867
bogota,8866e09257fffff,4.9913096313233725,1.1280125907334209,3.3349240527246016,57.386173561842675,80.45625075843542,8.789935606868312,0.3,13.22746350696255
bogota,8866e42a83fffff,5.633039902689322,1.100977489478309,2.81550684882101,52.85577567543792,411.72822392805296,12.782550021442235,0.2,25.566802954569628
bogota,8866e42ab9fffff,8.047222659313107,1.06717095973866,2.581521069048627,37.51440779427846,293.2437075828774,5.375103649452134,0.3,18.023395808989285
bogota,8866e42a8bfffff,7.654050896401439,1.1485781395399544,3.018955551465428,36.89723968024188,706.4369554890327,6.933188245938158,0.3,29.825217059955538
bogota,8866e42a89fffff,6.326923688977692,1.0844643446964064,2.8147451439586177,45.40324599286295,375.271659547411,7.485236312831667,0.2,26.47493199947895
bogota,8866e42a95fffff,6.272755304543082,1.0295444464593155,2.2926608451719472,47.18669096232131,286.18871919577697,7.26325818632482,0.3,15.870989707771164
bogota,8866e42abbfffff,5.8997601081024795,1.0322037984837005,2.1643407626444726,49.53650924304395,332.34269517050484,5.341006949405398,0.3,24.33346884005262
bogota,8866e428a1fffff,6.109361026497956,1.0490078254917952,2.9492957723694477,48.34449642439775,1897.2965914047772,10.31724391302872,0.3,25.52138185609453
bogota,8866e42d65fffff,5.765758604059976,1.0546869165672197,3.150483624330606,49.619881151985226,882.9379580358759,8.139735111502334,0.2,32.73876843367755
bogota,8866e429d3fffff,6.469520516790501,1.0427403891633908,3.112464504181704,46.0952685659352,1506.1609476913836,11.704163250386175,0.2,29.01552401679272
bogota,8866e429cbfffff,5.1663317962228605,1.1165848822462388,2.729041772746136,55.235680733314375,80.3780460178608,4.300111646557305,0.1,8.70549372753384
bogota,8866e09157fffff,5.790106045593425,1.034938805291823,3.022781420227599,53.03989194092485,358.6218353042588,10.461796108250534,0.2,20.15266283587811
bogota,8866e09119fffff,6.808530915711037,1.0713647496913,2.8503692766168207,43.285450430409306,499.79715301677174,8.517922764673692,0.2,35.07577073858527
bogota,8866e09021fffff,6.22152560051793,1.0282964607765703,3.035129452732712,47.8894124384297,635.3854080366515,7.092108596181716,0.2,25.22012991509392
bogota,8866e0902bfffff,7.299188313837438,1.0395377433042563,2.8446208669783117,40.15163217103584,463.45892014064384,5.640609699840212,0.4,23.59387011251071
bogota,8866e09025fffff,5.228493341971365,1.0373376879851215,3.3582884436259444,57.19915872513805,373.31101861188534,6.230528119030733,0.2,14.641828890119983
bogota,8866e09007fffff,7.836547714472518,1.0609027365712962,3.0830300744014925,38.41073488510289,858.2300557082234,9.68665954726468,0.2,33.034149321854045
bogota,8866e09003fffff,6.205171528330404,1.0262000349204412,3.1202373397930567,49.39588605263325,254.00668941879192,8.463957397781874,0.3,29.413832003314067
bogota,8866e0901dfffff,7.051447186741836,1.0290157780627691,3.121456754097923,41.692351729128376,797.2670691647868,8.643109010002979,0.3,24.160910249855593
bogota,8866e0905bfffff,5.547897599897105,1.0806122893919414,2.1268893296586486,53.875917181832634,638.5513331416016,12.242656169667123,0.3,22.15871535493197
bogota,8866e092e5fffff,5.667015959624657,1.0574839036207095,2.5790444696803645,52.07330009649288,548.7670841704643,11.4432855711336,0.2,30.325749954913032
bogota,8866e092e1fffff,7.769801016652053,1.0291342849283958,3.058117448425279,36.66329011929788,744.3916015097863,7.359257500166235,0.4,20.63669104208284
bogota,8866e09213fffff,7.458486166734464,1.0354697343442905,2.9343861692058057,38.97101560101873,895.2162415099223,7.668279421818683,0.3,22.239596861935055
bogota,8866e429ddfffff,6.752600327451736,1.057746372758365,2.9904953832164582,43.17878632113335,306.45378594030365,10.998954970430251,0.2,23.18658909407244
bogota,8866e429d1fffff,7.082187574975025,1.050096893245826,3.2044316808362723,42.98889888490813,378.8538175968067,13.128270215973918,0.2,24.518405935312217
bogota,8866e428a3fffff,5.861735357214708,1.0398743660887002,3.0597492480000894,50.031127797038906,290.7482527944578,13.17858780505262,0.4,22.17927491027173
bogota,8866e42d47fffff,5.34665594503699,1.0830594137191625,3.187485162114411,52.434049187226854,127.50945110925475,4.527043374901364,0.2,17.075797914587806
bogota,8866e42d0dfffff,5.426432813920863,1.0444138927869548,3.288593745080384,53.65204923563155,28.601440762182374,3.891403634224,0.3,11.77929338831022
bogota,8866e42ac3fffff,5.502616069120806,1.1403966893471589,2.9996029384239256,54.463946936848714,120.28862319932064,5.132492845635861,0.3,15.148151387004248
bogota,8866e4212bfffff,5.409466325053179,1.0952692519203917,2.9713544712470377,55.90558045219677,56.37251447834144,2.607958539396056,0.1,4.781465151074732
bogota,8866e091d1fffff,4.674004518517588,1.012159464342905,2.666576153197183,65.71299961863765,29.713907323697665,4.961108097579438,0.4,6.45364005359015
bogota,8866e091dbfffff,6.793862776266015,1.045098594210851,3.3189627695138517,44.46171237226956,274.13396250526694,10.612345547864042,0.3,26.34639499912156
bogota,8866e091d9fffff,6.483682957980439,1.045245018084532,3.385350987130354,45.693681679958374,684.3013739589184,12.581476393858267,0.4,19.527160528318632
bogota,8866e09033fffff,5.950550479281994,1.0297127954694758,3.4388376983941753,48.949015039833114,77.98036623580471,8.600983785132224,0.2,17.70832409335058
bogota,8866e09017fffff,7.833981301821733,1.0319729578129366,2.8448791582240136,37.47494030693015,499.9355743882778,9.613170140561111,0.4,24.503879352331428
bogota,8866e09013fffff,7.304307371131686,1.0109957021086695,2.808386108463631,38.44487922966605,580.1201284384877,6.074046256810086,0.3,12.40250436831358
bogota,8866e092a9fffff,6.3800847433232075,1.0174200630547956,2.5249568326358265,44.319914682330925,1669.932589322765,3.9093396476865583,0.3,13.333087455014777
bogota,8866e42885fffff,4.564945997186634,1.1309791839647816,3.408804676194875,63.342836187817014,113.13116038895006,1.796527718484924,0.2,8.389521433499256
bogota,8866e428abfffff,6.449174532251745,1.1058474290124578,3.2621297142102175,44.999524940514014,507.4281651413904,6.100341290719624,0.2,10.47211903132357
bogota,8866e0926bfffff,5.389056182532179,1.0497521928721745,2.8322807826342307,51.931075739132226,499.35527444763983,10.638062510280642,0.2,25.32612253969333
bogota,8866e0931bfffff,3.9799487168818186,1.0945930627135971,2.58867261116609,79.5125059929079,69.28965847494923,1.464669513552047,0.3,6.276777994793143
bogota,8866e09319fffff,7.01718749863675,1.043568335205638,3.275657685984484,43.02754731983656,339.09291538107385,11.086423632583626,0.3,24.704461508785876
bogota,8866e09313fffff,5.85616376319212,1.0533326040287982,2.524862829838873,49.85856982174485,259.3972900646684,5.168561337065879,0.3,24.21811608782503
bogota,8866e09061fffff,6.540772985282067,1.0367383747246244,3.2645926459282,45.3932917658113,388.9662422328532,13.719580677214257,0.2,27.755279051571517
bogota,8866e09029fffff,6.09254293899639,1.0306524175352647,3.074848353125756,47.90642004573966,556.8458954604636,10.499790218526917,0.3,21.691618145546748
bogota,8866e09027fffff,4.93602976866279,1.0302087139883764,2.862540841803568,57.88342030029701,176.99823963433198,5.823962664994635,0.3,14.015109592346803
bogota,8866e091c9fffff,5.363047923840075,1.025801455292459,2.863139010476771,51.6857179709227,170.19714110672626,10.140198299390434,0.4,11.104550930987294
bogota,8866e091cbfffff,5.589011011196499,1.1008579132535363,3.489868635885469,49.26497106587008,62.8414282943171,12.994283457138406,0.2,28.579848184804955
bogota,8866e0918bfffff,6.472118682913581,1.026626838825986,3.161786557374266,46.29011864249912,317.95387923943343,7.954563774958097,0.3,19.616454807455412
bogota,8866e0919dfffff,7.261790542814552,1.0307225993469935,3.4170761722790464,43.81589035181622,325.93816136488874,9.966297462579762,0.1,14.568044153086731
bogota,8866e09225fffff,5.404101402081958,1.0841505551086046,3.153171785115491,52.9512355270764,278.48763919204964,5.768341285917709,0.3,22.06430535311132
bogota,8866e09263fffff,5.9514767841947025,1.061023582832005,3.202449189936319,48.92309408108286,348.43979743780176,10.12541302458593,0.3,23.04088405625355
bogota,8866e09245fffff,5.794219888535566,1.0250617788390552,2.7040596888042,48.913546091843024,379.01064088108853,9.613105493796349,0.4,19.706469456354966
bogota,8866e42887fffff,4.828587945177208,1.058225946609492,3.2289220023179097,60.91173038539938,156.7604428864066,8.592406099999767,0.2,19.005334691199774
bogota,8866e0920dfffff,4.512217136848518,1.0862979958366945,3.1706547043998983,65.31201354392192,111.70304107400707,3.842503493839117,0.2,10.768987524113795
bogota,8866e09261fffff,6.034324108507823,1.0139067694593435,2.3109366455627667,49.78748805617016,243.06534888801727,10.010042162419834,0.3,19.755493185049357
bogota,8866e09265fffff,6.938409549653677,1.059221673852787,2.283296252312348,41.52179775977881,215.59813344196536,6.485289246115515,0.4,25.47177406057281
bogota,8866e0922dfffff,6.093783038183061,1.0732792610151611,3.0432065522701155,47.60496686622065,316.0941163615212,10.673302136870497,0.1,18.022509901663163
bogota,8866e09317fffff,5.743656354892656,1.0764795974882182,3.157661127249537,49.66460258601975,863.1526077102143,8.874700933029228,0.3,42.276044272929006
bogota,8866e0904dfffff,5.1533423515084955,1.1070868260193811,3.007597458812813,57.5835927905722,236.3412163982765,10.566834443305629,0.2,22.90966731250594
bogota,8866e09069fffff,6.463422998526716,1.0296227413829713,2.614595706942274,44.66352354608707,445.34047111245775,10.9298001229793,0.3,29.454626775310388
bogota,8866e0906bfffff,6.677021166860609,1.0214008091294593,3.059328093845974,44.79797057961592,479.88208038907385,10.588633082514258,0.3,19.719227248601335
bogota,8866e091c3fffff,5.6281853172982,1.016023375081123,3.3448888499656713,51.69870629015306,194.81613246767503,9.76108443182938,0.3,20.747445337350666
bogota,8866e091ddfffff,5.10702594690322,1.0162620064704528,2.7738758572367845,58.92674954078831,351.77865345949255,9.556545891832783,0.3,16.481478173696793
bogota,8866e0919bfffff,4.469638463348941,1.0462282247253845,3.3569695733844584,70.65212908687938,810.0914165384271,0.4164103967891849,0.3,1.5361999242128297
bogota,8866e09193fffff,7.177236583729473,1.009861793139416,2.6725141986221943,46.443130227724055,78.23412132436464,0.5825334364524389,0.2,0.9686878630614536
bogota,8866e08245fffff,7.009336208008471,1.0266261831995809,3.2980965351655493,43.12642063794427,187.84496972562067,8.702998124639704,0.2,24.644736280602256
bogota,8866e0820dfffff,6.738677556583029,1.0217535508683238,3.3382158989355024,43.14224075026848,247.43642514033,14.60619161119122,0.3,19.003336197454235
bogota,8866e08209fffff,6.764588783729625,1.0145227403740935,3.2770185184400784,45.01271580788121,207.66164055416016,8.854789427103812,0.2,22.419936719384697
bogota,8866e09047fffff,6.077499646129193,1.038111928169075,3.278776550809708,51.34759084617515,137.3664602858548,10.425996793815106,0.3,20.54617117998485
bogota,8866e428b1fffff,4.963420212557526,1.1431550956278091,2.954097015328827,55.96499306566787,532.0697282486295,8.003149865614853,0.2,22.10354939797458
bogota,8866e42897fffff,6.736447712756304,1.0624188077550285,2.643850753057833,43.826970508362315,594.8492686265712,10.166155455094383,0.2,34.16340135745467
bogota,8866e428b9fffff,6.734687741355758,1.0311632406440558,2.528256021409155,42.36435977740536,400.90578960498726,9.39871189843264,0.3,25.751485702714863
bogota,8866e090e1fffff,7.31501266739785,1.0318459136225333,3.29840476530261,42.23305895198502,167.32968342936698,5.543376644702318,0.3,18.602394506857035
bogota,8866e090ebfffff,6.398777562334799,1.0837864521775258,2.833434525615702,47.66413533160877,285.3794000642679,7.92089186269427,0.4,22.658717984875413
bogota,8866e090c5fffff,6.3845274543357995,1.0346212959710228,2.10531153737091,45.24828046478227,509.600444537152,7.143392981779157,0.4,17.12311412959752
bogota,8866e090cdfffff,7.011358457479095,1.019365291427334,2.8854748149177065,41.280093145516595,167.46313840020125,5.764524297346337,0.3,21.04783988446051
bogota,8866e092a7fffff,6.2449185827042895,1.027832868586459,2.740943072168483,45.20341825568267,204.5349436918398,7.198356101410834,0.2,20.44615777171233
bogota,8866e092a3fffff,7.919336655313768,1.0223126975043133,2.6295299228661424,37.402705978321656,490.2279856594645,8.887054257021472,0.2,20.974599850307
bogota,8866e09285fffff,7.815424585453678,1.0109054440717402,2.3766155097123995,36.47757280248863,914.0881043826904,3.984696439022389,0.3,11.96964030056764
bogota,8866e42d41fffff,6.0076481762206315,1.0802587431613426,2.792688031772516,47.64918543629112,1106.5421784121302,2.73446605278398,0.2,7.658511924280187
bogota,8866e42893fffff,6.263158799248284,1.0162480964753886,2.5899116382910377,45.832522634840885,471.61269171507985,13.132206959406403,0.3,28.26529992649711
bogota,8866e42d4dfffff,6.309282843892508,1.021826977853834,2.760360551899994,45.231346501895345,390.3780260474339,5.7555892656059315,0.3,14.934011151059131
bogota,8866e428d7fffff,9.88048162359817,1.0679366392806988,2.7779173248124382,29.465274719314458,2904.2405658611888,6.00844795670813,0.2,25.786481116151723
bogota,8866e42d6dfffff,6.185744269183281,1.0422956317329286,2.918402628737371,46.388625862378206,427.4614113702969,14.186136352409996,0.3,24.50932169373088
bogota,8866e428d3fffff,6.601610186221389,1.0402342648313945,2.3785112743694032,44.36889943926774,665.2933898906855,10.049213912477262,0.2,15.400392511609462
bogota,8866e42891fffff,5.266088830183796,1.0246585041480625,2.130790343818077,59.24051454994617,339.907393814182,6.428343795993192,0.4,24.953778395829765
bogota,8866e0924bfffff,5.941878291249032,1.043451400525789,2.7430812982628807,50.0290480948053,588.207937521098,7.802886903114561,0.3,19.188719880901097
bogota,8866e428b7fffff,4.993740939158534,1.0215402911254157,2.255874885639436,55.56088126701997,361.70730423144937,8.972027806277962,0.3,15.89821794765017
bogota,8866e09201fffff,6.090158576909821,1.0920379856024731,2.9548011104429253,47.74936206852834,85.21940006006571,3.543605078310456,0.2,9.918264606763938
bogota,8866e09205fffff,6.530631823916627,1.0508321262549138,3.130077402745983,42.53459470192354,389.4154227732483,7.191777995546702,0.2,17.17455759398648
bogota,8866e09159fffff,7.548743176726659,1.0223937465167017,3.029334678316104,40.23438089678961,706.4899304606093,12.146731596002637,0.4,29.81572690585665
bogota,8866e0915dfffff,7.06534189934135,1.033993995040933,2.8443618075240606,43.47984915332082,402.9466288255661,14.25882927515746,0.3,28.48202166659261
bogota,8866e09065fffff,7.414165863888008,1.0186785709372432,3.1911435357420053,40.46308182302771,772.0851303951124,11.16489305138295,0.3,28.09109747983877
bogota,8866e090c3fffff,6.746893767888954,1.028394474502849,3.5257743238352695,45.59443625864561,417.16067106109233,6.180709224203917,0.3,17.93354396791072
bogota,8866e09011fffff,7.471586020047214,1.0250098158023495,2.5462498563174685,39.35898928086166,1253.1847880443129,4.917058324146031,0.3,16.148270836374795
bogota,8866e090c7fffff,5.88207221867523,1.0354296687407385,2.9320438047152755,51.42745426341088,198.1544346490556,8.984577598385082,0.2,23.538792042380805
bogota,8866e09001fffff,5.980605298325176,1.014895760533166,2.7334396133142924,53.01690295805035,658.3739101368718,10.85749308642374,0.3,20.59626967469471
bogota,8866e0900dfffff,6.163780302349025,1.048428807447323,3.1176667922447177,48.97125375579659,259.76659034492707,7.4625802630331,0.3,22.59203277938681
bogota,8866e09009fffff,6.320526124457358,1.0340642843542542,3.047896719687435,46.98975910419155,223.12028674556635,7.549365591721384,0.3,26.021450916105135
bogota,8866e0933dfffff,7.772212805023877,1.0131629488938243,2.2739891461364277,39.48288306915799,1114.8083437460452,11.93172809700915,0.3,27.51710821483228
bogota,8866e09339fffff,5.80117907282947,1.0341576606219975,2.6505512708200096,51.91924592588759,647.6813363284142,11.187670574449516,0.3,24.247021095502756
bogota,8866e09303fffff,6.880503272743585,1.0740242701652885,3.175833334455417,40.931091064185814,157.31571787279094,7.231455310620324,0.2,20.809093089575047
bogota,8866e09357fffff,6.031098076299011,1.0476304528473432,2.921282176599183,48.21752092607358,392.5692101341328,4.681246085050521,0.1,26.816495580294717
bogota,8866e09351fffff,4.2034385601785615,1.1672506167913417,2.980234553236852,65.15745297507974,364.8646359271116,3.0753862060956876,0.1,9.443468202279895
bogota,8866e0933bfffff,6.463607446072724,1.0298631681099149,2.675514831409122,44.800321958842154,450.1706819533695,7.857259125975635,0.3,26.737879061061427
bogota,8866e09315fffff,6.374192158026211,1.0530754802245588,3.0954084832430704,47.967709178402174,404.9510455333265,5.892606379122259,0.3,23.94629007784232
bogota,8866e09331fffff,5.909088766829623,1.0221590010567143,3.1270832656912635,51.894675880786366,149.19009853671903,11.810635288132186,0.2,19.681690130457593
bogota,8866e09337fffff,7.288740648432024,1.0271119925487684,2.424523799116649,40.756547339275386,338.3853866415705,11.05463138392108,0.3,32.6286563177086
bogota,8866e09227fffff,5.084979601741879,1.0397264320843982,3.29091806732109,55.63801069512201,224.9589677986467,8.64639375342684,0.3,21.90058110602444
bogota,8866e09221fffff,4.661242241803136,1.0219325835221151,2.0900214992354926,62.46503475474932,675.9023294963731,6.276982177226085,0.2,13.758116353769022
bogota,8866e09359fffff,6.432006928385922,1.0601551550808352,2.775438888920295,46.01210151953412,260.7402597368012,9.209753048475068,0.2,26.05626687363593
bogota,8866e0935bfffff,6.940290157029273,1.1297150043357198,2.9018661855768606,41.89339991825825,384.5887188459424,10.334395055565963,0.2,29.318861976229343
bogota,8866e0926dfffff,4.735966451189607,1.057860152748244,3.3698602735164487,61.7900616338241,474.71729257683216,5.480568693635189,0.1,18.398476041733883
bogota,8866e42997fffff,5.770312015667193,1.161616777017968,3.120682539822614,50.896610025756374,395.6918954202717,8.176737862383222,0.3,18.286073899991507
bogota,8866e429bbfffff,5.374938953340098,1.0756137045861245,2.930983643215214,52.79758267904327,219.3104190559358,8.75805812864001,0.3,15.392682378885466
bogota,8866e42993fffff,6.731322880964112,1.027919521652107,2.917909911523138,43.82781249766276,176.95570687005971,8.575116747720157,0.3,27.058778534063475
bogota,8866e4299bfffff,5.2114267577727,1.0087119966973424,2.7465162112441797,55.573550162024475,173.63047003017144,7.694617221033773,0.3,22.438008392293252
bogota,8866e428a5fffff,5.81889983535135,1.0228139673913452,2.906312988541029,49.51025902611065,454.084370150019,8.871955884598242,0.2,17.31750355154712
bogota,8866e428adfffff,6.510904449835141,1.037173260554659,2.8873553115979913,46.911966363086016,2070.2625590183834,12.818154459724768,0.4,31.05436739006679
bogota,8866e09041fffff,4.918789967160032,1.0564410547810543,3.0374956197454637,59.406438201000114,444.4651468018826,9.7511695143318,0.2,18.497431592224924
bogota,8866e09233fffff,5.854247283904618,1.0178585476387685,3.0627692859530886,50.42163553683867,409.8952293784092,6.556625807571361,0.3,14.70662541170108
bogota,8866e09237fffff,4.3675643715558135,1.0648199132522578,2.9256661876796484,62.04656494065144,612.1471551445056,5.725791314289063,0.3,10.640340045132586
bogota,8866e092edfffff,6.540597049783037,1.0485573925170584,3.21005363354031,43.362011635858025,443.5729118612217,4.112537248673744,0.4,16.61376654630243
bogota,8866e092c5fffff,8.412798838734764,1.0206352670925638,2.550415408054077,34.16665386151997,1042.6645350019644,11.083778854824477,0.3,23.280574242997872
bogota,8866e09281fffff,9.55941333323632,1.0614194136850468,3.2356051022333037,30.316004751900948,121.46580481556828,6.658468370446005,0.1,18.28992145908659
bogota,8866e09287fffff,6.314155847778968,1.079248350719945,3.1835795214189604,47.986227455855555,224.24186857866232,8.681959416469903,0.3,16.03065469780682
bogota,8866e092c3fffff,4.078440254867467,1.2246408150982244,3.367527816415571,80.15884909259276,7.227036883177094,1.2431989540534292,0.2,2.923580051302113
bogota,8866e09289fffff,6.222501967063691,1.0368161602581143,3.133597952738432,50.35487895252382,15.466241173533552,2.0178120342722528,0.2,5.37601411156324
bogota,8866e092c9fffff,6.270945711010259,1.1084537432432024,3.376185125458401,47.04455500189387,99.16126686511478,7.3761147900262065,0.3,19.695993759058755
bogota,8866e42d23fffff,5.126396350783055,1.0766505230916656,3.518328307843339,58.27135170358115,105.66705988444652,5.454115708004382,0.2,10.972693584864835
bogota,8866e42d2bfffff,6.525462635877804,1.0732594566325715,3.2468016244459124,44.74471254640936,119.88338653403471,10.888183566702187,0.1,17.093094779628643
bogota,8866e092e7fffff,5.788042228937654,1.0515493192869372,2.052528873962686,48.70265159882312,1011.8377318525232,6.4901399211181365,0.2,16.58376150882995
bogota,8866e092abfffff,7.216045871417917,1.0229874151076244,2.289017773346522,39.84489692854512,698.2934728591772,4.256040185230836,0.3,12.531798323734613
bogota,8866e428a7fffff,6.223439522083007,1.0092203665782995,1.8861142309603047,48.30655304444608,157.41748545209583,13.478310482634631,0.3,24.23019585101443
bogota,8866e0925dfffff,6.748781249924216,1.03998360344421,2.6334641666885776,44.55038351627091,173.378796091219,5.415806879747025,0.3,17.77788615967557
bogota,8866e09023fffff,6.4906646598470905,1.0120729253784129,2.8748311583791866,44.63874110306819,964.7050141499366,3.2781498823293953,0.3,16.560802387695357
bogota,8866e092a5fffff,7.500104847193193,1.0133799232839844,2.914063160222705,39.01115814966194,657.144787594579,5.411730486972635,0.4,19.08026447813582
bogota,8866e09019fffff,7.704218318683917,1.022419716722202,2.7257411032441743,38.56985852319511,288.0944141764625,8.051385301583124,0.3,20.795153623913745
bogota,8866e09057fffff,7.975569027895244,1.0101333356498745,2.43125644680889,37.13480130825614,308.14264263327175,10.630674820327512,0.4,26.229002289488708
bogota,8866e09015fffff,6.364882229690106,1.022950794359815,3.330052368571084,47.509945772486205,1711.3576809853732,3.206419516065127,0.4,18.36973292678683
bogota,8866e09039fffff,6.411127811736577,1.0442355065639957,3.2855758131114654,47.33746358370238,793.6057131901265,12.3448653056823,0.3,19.58001840631516
bogota,8866e0903dfffff,7.534180561581415,1.053980516213995,3.0749792897321035,38.01291713722001,491.6310195228488,6.115342087830329,0.4,13.100033828366922
bogota,8866e09031fffff,6.584593698602268,1.017904098027887,2.9446624833643407,43.622136110564206,861.7249615026979,5.3373121639024435,0.3,19.147834394646065
bogota,8866e091cdfffff,6.98290344326598,1.0180699279019247,2.9311128692953576,44.88063335442943,258.15970149205384,8.213659248569773,0.3,16.60159571177604
bogota,8866e0911bfffff,6.3215755685950565,1.0600888096311356,3.2548138765182495,45.04930861072409,344.40104762674025,7.582285600282632,0.2,30.621098585214053
bogota,8866e42987fffff,7.498386026558976,1.086814347566677,2.6494891263905407,37.54195423436118,204.73836474279548,5.16317499763735,0.1,18.324198351819344
bogota,8866e09247fffff,5.747870743329953,1.0446819628073452,2.952531603842874,49.70784808371681,120.31343461277804,7.555356849177996,0.3,16.11369656053084
bogota,8866e09249fffff,5.414769947926007,1.0312358813627576,2.532564060170992,54.370526499801464,241.9024835532909,6.136846348388989,0.2,19.961279944145588
bogota,8866e09043fffff,6.138114462166904,1.0122575860969505,2.7798980326852467,50.86914977310252,355.5288679489991,7.3146042767642045,0.4,20.349281675610072
bogota,8866e092a1fffff,5.834365188477642,1.0441354882016731,3.0168204898607978,50.249286990475404,179.86387689469404,10.18409695050254,0.3,22.655743510141647
bogota,8866e092adfffff,6.995085863669254,1.0130892589782776,2.2424593468813203,41.21408184643276,262.47409896230306,5.325566538864083,0.4,14.365201066065374
bogota,8866e09053fffff,6.945556620774577,1.0264900756874962,2.219445902403996,41.85143365137715,689.7360553839924,12.752155440311684,0.3,25.367774170857125
bogota,8866e09051fffff,4.539328405954649,1.060404623470852,2.7788370254387327,66.80299674792256,306.7284090180944,7.589768994239829,0.3,18.913099487395264
bogota,8866e0905dfffff,5.494270913303865,1.0117860431807344,2.998623672406535,54.90317047009081,361.26019465396297,8.205334733685334,0.3,20.160316075964737
bogota,8866e0904bfffff,5.699839831308686,1.0228791849031942,2.599524835229881,51.4708137429201,801.6247575875364,13.525138867968735,0.3,19.778408948471007
bogota,8866e09333fffff,7.252762502955255,1.047226125171124,2.559389635701394,42.220190944720535,899.8000169024814,12.069195457179204,0.2,31.005034361860456
bogota,8866e0906dfffff,7.006830810447863,1.0406719061258365,2.03759840161773,43.33433642833397,867.9650941721969,9.806446208801164,0.3,23.84170890526707
bogota,8866e429a7fffff,5.095286991382231,1.0766289409481895,2.629352524492007,59.61162114533068,165.50241364736743,7.652996135473502,0.3,14.383369484347838
bogota,8866e09349fffff,7.028913475138254,1.063055156136592,2.767346393934329,43.116368633892584,590.5420258363728,6.3561999792988955,0.2,17.711403847952877
bogota,8866e429a5fffff,4.826870230585366,1.0480822576253044,2.764990624132711,61.504657431819375,627.6716577991992,1.6565531708834658,0.3,3.387455137327394
bogota,8866e4669bfffff,3.5758805287316457,1.0523069636242155,2.664355029810747,77.47099624866033,175.7211148416469,0.3013901850830334,0.2,0.5394422015008953
bogota,8866e0935dfffff,5.664897191281213,1.0324944557420763,2.7641466833260395,51.98303122969127,442.2441786710675,5.278095476083768,0.3,13.225732755578552
bogota,8866e0934bfffff,6.331854498183603,1.0247269407887585,2.764286230494266,45.39351777319765,379.9448400619753,9.023593004275767,0.3,23.831348305067728
bogota,8866e09143fffff,6.5934263264215085,1.0196138425882093,2.670745878397362,45.80938670933154,244.15797136268927,10.446503649475025,0.2,24.121352778182366
bogota,8866e09109fffff,7.609738134337935,1.0315554531841953,2.63814084819509,39.114609260802695,495.58158432350854,8.362141817770606,0.3,28.58204129790603
bogota,8866e09147fffff,7.933120610144805,1.0323728238972525,3.1589763464260137,38.096259602525514,225.31829593534897,9.407124797906938,0.3,19.746059050124085
bogota,8866e4288dfffff,3.761023279557659,1.1129591323978263,3.4356697852041003,73.34761006796053,227.17218874659855,3.4797390681680382,0.2,11.826018035756906
bogota,8866e428c7fffff,4.148320715012152,1.1448298918021351,3.4525182121042763,63.47474738743395,287.73869992797364,8.389925915908034,0.1,15.424932175460908
bogota,8866e428c1fffff,5.54916564558082,1.0680474857982418,3.130833666622012,47.03939807105622,288.91772689267543,5.707951302788217,0.3,21.560465511688022
bogota,8866e428c3fffff,5.51165666608889,1.0258057930598252,2.2417615928089405,52.79421854189276,371.0037027563432,7.896679741577165,0.2,20.439140147752234
bogota,8866e428cbfffff,6.468986384808037,1.0255680253045805,2.715295962529227,44.94217792163111,423.6555000290778,5.084652589750711,0.3,15.992674272219665
bogota,8866e42aabfffff,7.702439882103555,1.0367663564226133,2.7350971217799813,36.49996550947531,405.34630684554423,11.879087845095672,0.2,33.2138024239808
bogota,8866e42881fffff,9.57936504527096,1.064979033877005,2.8500966412195443,33.019343801104775,235.8604446663642,13.407067709817694,0.3,21.810331082769626
bogota,8866e42895fffff,6.339372320611666,1.0221794294119857,3.3016696600402375,46.092261580770234,267.51611090669115,9.571812847289136,0.2,17.967751959956487
bogota,8866e42811fffff,6.3243055359821305,1.0266252608068838,2.7021240443465873,44.724401422534555,485.2626911983945,9.205033798326031,0.1,36.07066429540218
bogota,8866e4281dfffff,6.976637173043481,1.0471413313032998,2.899309500356069,43.86223926680926,381.5767934479342,12.307390213799245,0.3,26.261961758934817
bogota,8866e42813fffff,7.056761776956476,1.0642863545387906,2.7403856064032768,41.08952881763561,559.085154027203,12.050011355811048,0.3,27.80853768918111
bogota,8866e4289bfffff,6.398860270380191,1.030225869514414,2.64413411716992,45.79954313334021,302.3091465824028,8.21582656561275,0.4,25.327015395584127
bogota,8866e42f27fffff,5.366153787431072,1.018518149922899,3.0542293016454076,53.70277321840162,277.1918697611052,10.438513628989568,0.3,21.176330386810328
bogota,8866e4289dfffff,6.245753478755174,1.0199175962159812,2.4188906893969446,45.34549501195335,92.1568735230842,15.482893033118694,0.2,19.040468244628496
bogota,8866e428a9fffff,7.098130622578277,1.0234235371296918,3.0664092913365524,42.570914669039816,285.2016971056971,3.918830916861483,0.3,18.907101944805422
bogota,8866e428edfffff,6.5923798884958185,1.023426896595662,3.0216828035908336,45.20571479097665,118.25640347586142,6.223950691344326,0.1,16.70269946203625
bogota,8866e42815fffff,7.069865523519929,1.0159091590570126,2.4873123433578948,43.26407781076517,328.46615483624157,7.871008732456191,0.2,26.483776705107115
bogota,8866e4283bfffff,7.143333264772813,1.0249406351342545,2.751052629362321,42.96461577947284,225.86618986112157,13.399090599133606,0.3,24.06332813856598
bogota,8866e428e7fffff,8.004009913585659,1.0288499254345924,2.674953786161314,38.12365141867486,325.7981068601157,11.249024300373426,0.2,22.844506330472193
bogota,8866e09311fffff,7.466733445812858,1.024640882166549,2.8050718933688064,39.25131359946285,193.76194903909567,7.429926954532361,0.2,25.189829612185857
bogota,8866e09067fffff,7.183274338978567,1.027763778724571,3.288588745222521,41.83581477381776,380.32880747147345,9.84077437996891,0.4,25.45188254489582
bogota,8866e09203fffff,5.0185401911246235,1.099684658473652,2.557405945962754,59.8452057833367,115.82848515561496,4.784449236976533,0.3,11.93214408447827
bogota,8866e0921dfffff,7.185822736581951,1.0521691845602472,3.321226608385947,41.836950675380216,403.7460449004056,8.263682021317615,0.3,21.23630368292839
bogota,8866e09209fffff,4.2125439058984915,1.123297374682913,3.390602957962555,71.21587494433797,18.82458149952152,10.311357206011271,0.2,13.507011664356238
bogota,8866e092e3fffff,6.416454895488257,1.0244293576024903,2.8454211821060387,44.785875179262376,822.3183415374268,3.4297984128757175,0.3,13.094619878083352
bogota,8866e428d1fffff,5.762604785415851,1.0444114248603755,2.151149812277012,47.99438420846682,518.1452448260055,11.760936636059697,0.2,31.14213614054666
bogota,8866e428d9fffff,5.485278967717204,1.0494647115358406,2.798028607416176,54.13787114831769,190.2553306732702,10.229927934422571,0.3,19.337543664017847
bogota,8866e09211fffff,7.70095724463321,1.1232549118792496,3.2083057874359615,38.46057012110803,160.05967125285105,15.104388763742271,0.3,26.799963516760073
bogota,8866e0921bfffff,9.312746034612957,1.0093018259101003,2.0941953651763954,30.845250376486863,1092.5679989316511,2.7725171124379644,0.3,12.333375155793815
bogota,8866e09217fffff,7.88384713553492,1.0292912046221752,3.2546909399784973,35.95131229503434,263.72063153545184,11.106670887999028,0.2,32.94373751937444
bogota,8866e0903bfffff,6.924616987664075,1.0158151169943783,2.3578993550577976,42.43600389548708,891.9952835693814,9.412629821552017,0.3,25.734163748169415
bogota,8866e09037fffff,8.637859840420177,1.076660929510925,3.1261567890653224,34.55407797265557,79.81205191767718,9.953023643475388,0.2,19.456868645432753
bogota,8866e09035fffff,6.080731086128633,1.0442236067587705,2.956269165562023,46.94242030463949,1093.9678462522666,7.102590585568316,0.3,17.12514737461945
bogota,8866e428ddfffff,5.711829564741411,1.035646195027464,2.5827043231181426,46.343449038981355,307.05221578435254,6.907201154784788,0.3,24.830515823216658
bogota,8866e0901bfffff,7.643217325977222,1.0227837202164771,3.137980386405025,38.015466469710965,267.7737729534113,6.357432047452482,0.3,17.90587526659671
bogota,8866e092bdfffff,7.05909410355108,1.037343597381018,3.3274488870378347,42.842360738398874,286.33064881259725,6.61264625046633,0.3,17.769459926647745
bogota,8866e090cbfffff,6.701056775441882,1.047730644332012,3.4122394263982008,45.598114714586416,136.39581189665506,9.56223769026199,0.2,23.265976470246095
bogota,8866e090c1fffff,6.322317981531064,1.052115188906601,2.994083645894071,47.30813387376022,54.992900370841625,10.858571924828968,0.2,27.53200422380822
bogota,8866e090c9fffff,6.334270015450573,1.0544035834507168,3.1771544911027787,47.505921135945734,356.639389937826,7.568057160850202,0.3,20.224158092538463
bogota,8866e090e9fffff,6.353486119577301,1.019344723118394,2.286227324351283,47.58851054145158,114.97800351060523,5.947537228488887,0.2,15.548962342135193
bogota,8866e09229fffff,5.158450437708806,1.169099938279537,3.1752152162191196,58.40958156611049,300.54162594261646,9.190485980979464,0.2,26.970178862073237
bogota,8866e09243fffff,7.033801939623876,1.0178487782719166,2.729900724032325,40.44509087156668,84.1093583091336,5.38250936697077,0.2,6.903885313346221
bogota,8866e42d45fffff,5.595977506915083,1.012335107551754,1.916561069826024,50.91720016694458,411.8980672043798,6.27812306901224,0.4,20.559635659734404
bogota,8866e09241fffff,5.130914414422924,1.0125817506467825,2.0947153800172584,58.80037988273739,715.7003233075743,10.302590177330634,0.3,18.87166519186434
bogota,8866e42acbfffff,8.159270482036089,1.051940974874599,3.210116436475183,37.66572531710464,54.20041870158458,4.058821986435721,0.3,10.224406755836323
bogota,8866e42105fffff,3.3638879455460966,1.2862568591234438,2.8029784079950293,96.732361679188,54.683847806129755,2.261635809206518,0.1,6.3164992398538935
bogota,8866e42135fffff,8.238084039837336,1.027049620174752,1.813514631937056,38.33287839224882,14.420160171837688,0.0,,0.1807345631997628
bogota,8866e42123fffff,4.387468585068325,1.087755536982866,2.9195427790595874,67.91610975720695,32.55721054949547,1.9985212483778565,0.3,8.049331319822105
bogota,8866e42f25fffff,7.977455929190976,1.0515859454902203,2.8885307988932247,36.96046721611566,220.65383109835437,5.789839492304298,0.3,19.061630756474575
bogota,8866e4288bfffff,9.004500859556124,1.0793419203859755,3.35146823902535,29.65183791577335,2105.6678638823732,5.5948124424444705,0.3,17.385922476613825
bogota,8866e42889fffff,6.495415756176528,1.0433638925802489,3.040921458090231,44.62198388253118,1646.7247050101278,7.38172640387627,0.3,25.18732669914369
bogota,8866e42f35fffff,4.970646134865034,1.0927851648857898,3.3831131455637604,70.25371344722188,37.87697941628552,1.2574024426753396,0.3,8.291605841176173
bogota,8866e09231fffff,5.708715616898266,1.0926960575902591,2.924693297606357,50.27463782899771,158.94019674684256,7.309206449358521,0.2,16.766083216603484
bogota,8866e0923dfffff,5.464752732072232,1.1016343400995392,2.781359972611995,53.22571740681274,163.90029166430023,10.630263338861722,0.1,18.543838538812253
bogota,8866e09101fffff,7.131416799287469,1.0268979497274782,2.958142496533797,40.9958935531467,2092.3990750058747,5.461341519115944,0.3,13.96861960634915
bogota,8866e42899fffff,5.7501791615477105,1.047513712301765,1.8895798977882192,51.69691351432035,811.0606779527784,12.102191679330456,0.2,24.442902832872388
bogota,8866e42ab3fffff,6.373394467193086,1.0358725781268914,2.3758239890210753,47.76728443018995,319.7802138495229,10.86390443121403,0.2,32.02512564568283
bogota,8866e428dbfffff,6.703950084093166,1.0492231214362755,2.6729628923171345,43.86040120989022,1034.2444444248886,9.769480728606796,0.2,17.77331914897644
bogota,8866e42883fffff,6.9750260350213855,1.0530935742581555,3.3032120174222572,41.29445879353617,326.40603543283277,12.582026329435196,0.2,24.92638919699105
bogota,8866e09269fffff,5.865242156125955,1.0702783493984704,3.1585187239228785,50.263090075025325,281.60272449843336,10.658113891907766,0.3,20.641618288921947
bogota,8866e42a87fffff,8.012497305144809,1.0922004195157784,2.8147782094639253,37.42191762563202,780.304405617219,7.494987381402432,0.3,31.313421298786448
bogota,8866e42a85fffff,6.72409771215154,1.052112409500054,2.4636038905513127,39.46936909446435,481.03134726079867,6.936686611905616,0.1,25.96570820786046
bogota,8866e42aa9fffff,6.166851985818865,1.1026448607570574,3.2350056497997897,45.55589391403142,491.072667651933,5.186663197062497,0.2,27.60183306789383
bogota,8866e42aadfffff,4.855283639397139,1.076892402569377,3.364127412766776,59.48017147853675,288.6564862536678,6.337137462858149,0.1,14.086544631518894
bogota,8866e46699fffff,5.685617509526428,1.1271356058074564,2.8324429541982497,56.65442391713312,902.9165832109918,0.76680915296998,0.2,2.736954953044582
bogota,8866e09267fffff,6.349800237340703,1.0731905176758036,2.862528664814328,45.87897306381915,207.00872969889073,5.19687350604245,0.2,23.680809238642404
bogota,8866e429b7fffff,6.307850419622818,1.0238205007817844,2.390285451968888,46.27871184311427,278.4651643937292,4.059702381327794,0.3,13.908295474482124
bogota,8866e429b9fffff,5.875799023365631,1.1140636752105808,2.697319822533472,47.140590626426615,174.52399578009397,4.887178973422463,0.2,13.671362720694749
bogota,8866e429b1fffff,6.151946940515351,1.038543368850583,2.4789839238670206,47.75379317863687,85.06824681556562,3.1544347610672174,0.3,14.29857640632582
bogota,8866e429b3fffff,5.063614645277956,1.0662498794748485,2.9972455577552104,62.03792106245597,308.9369453398515,6.7359674675952785,0.3,13.656135703240412
bogota,8866e0924dfffff,5.467717904976216,1.0037446498991212,1.8351805075289624,53.40436450356164,226.96982886919005,7.867240832628189,0.3,16.497379960753733
bogota,8866e09055fffff,6.2753392438185,1.0262356535678652,2.782917750274384,49.443149546578525,411.562275065752,12.920733827988908,0.2,24.01165289704184
bogota,8866e0914bfffff,6.804120711434192,1.0207275317500335,2.3031345072675045,46.750642502684755,196.3834423114468,8.710516944223523,0.3,19.21986688246685
bogota,8866e09149fffff,6.709756824957044,1.0165910926336597,2.8440305982031107,44.77234130398879,344.9845783696678,13.336025013117364,0.2,29.25487528701499
bogota,8866e09141fffff,6.542673074270921,1.0317126043242184,3.238890439374187,45.9505855536142,473.2037063248678,19.69103656490837,0.2,27.150306062446173
bogota,8866e0910bfffff,5.737393214688218,1.1146747620409287,3.249542063635268,49.9462480780492,45.746147140668555,4.079903957995238,0.2,12.180574704153443
bogota,8866e09341fffff,3.802318330594742,1.0483757725768237,3.226817241536863,79.08314732087854,172.636897024272,9.057583194295429,0.3,10.111590794851525
bogota,8866e09345fffff,2.3884817273452352,1.04136921976318,2.9998159059644767,130.83625318220018,12.161050912463764,3.249847593668169,0.1,4.0594235706625135
bogota,8866e09343fffff,5.804213846345973,1.0621966016720454,3.154297922064973,51.75605754008685,210.5837505623413,7.162281228087988,0.1,14.095241899555663
bogota,8866e0931dfffff,5.672562790444107,1.021318084761842,2.697453762153875,51.15690145971988,245.87600390130945,7.041884941924043,0.3,18.63503909840457
bogota,8866e09045fffff,5.44073283963536,1.0465744962332724,2.171439707454808,53.628288123860045,131.5371505602401,10.969653448878889,0.3,22.299514230326068
bogota,8866e0820bfffff,6.388932167868822,1.0176310493390746,3.1753293965744307,46.15020015734875,220.56123197832795,13.058370626323889,0.3,21.42855017487564
bogota,8866e08203fffff,6.256535493316292,1.0497159799941536,3.536224081733057,49.256669439204465,111.4465346218747,5.6575999062724565,0.2,16.41194353428402
bogota,8866e08215fffff,5.921637749852834,1.0476137570409176,3.2131431848188616,48.97804015241734,403.31649887199575,6.593371014155808,0.3,14.145017546158137
bogota,8866e42ab7fffff,5.451647080539894,1.042303788199709,2.590826715608845,56.703712866677286,131.9155447828334,5.437753733187953,0.2,16.526636682519047
bogota,8866e42ab1fffff,6.5502334247392,1.0567915845781837,2.565331163213162,45.09256025155395,208.56578129343276,5.519270605027704,0.2,15.69918983336039
bogota,8866e09063fffff,5.802488320502696,1.0128724296279432,2.9526200087088883,52.52675703449656,200.23962512923103,8.821697569187133,0.3,13.820546957025131
bogota,8866e428d5fffff,6.0078713445220515,1.026150599279684,2.6032537571637513,48.21550387305249,517.8807233393311,12.298854678241096,0.3,18.036274375053814
bogota,8866e42abdfffff,7.579082686947011,1.0802755928857048,2.457206631296851,38.09595518247383,258.3939803257081,8.162429940620767,0.3,21.46267466575014
bogota,8866e42a81fffff,6.912540232059115,1.039126281945773,2.970746278805506,42.40853218791079,454.7975278974845,9.129898072979838,0.3,21.46936621576837
bogota,8866e0915bfffff,6.127273312828953,1.0538493894194074,2.9788052696412515,51.16688900707201,67.68471119701026,8.79673912340316,0.1,30.873681510055707
bogota,8866e0902dfffff,5.578292033554051,1.0399931974588774,3.019902557824498,54.159015305782376,383.13180577079805,8.464223960719544,0.2,17.816680442393785
bogota,8866e09005fffff,7.640152876370155,1.0109678541650438,2.6488977632488258,38.94328566951136,946.0859938185044,8.369111247736715,0.2,18.81846134756975
bogota,8866e0932bfffff,7.443856903470135,1.0077053862183172,2.3948502750769363,42.31297773410952,179.01180320270106,9.028955486921134,0.3,21.439686785432627
bogota,8866e091c1fffff,7.845302852304578,1.0130526856455897,2.7072554712350625,37.76314959067526,390.8149963762266,6.555286058711569,0.2,21.44219470624937
bogota,8866e091c5fffff,9.134983037469572,1.034675520960084,3.4836237543805617,34.420130993743854,239.81548227980957,7.949936902811718,0.3,33.31857540591598
bogota,8866e42f6dfffff,6.834540990975564,1.054398291048905,3.006316661631482,43.267142788161294,346.5131179888948,3.636706458289206,0.2,18.673727714599444
bogota,8866e42a97fffff,6.262618881686279,1.0407699410683646,2.572231002611333,47.089391545722414,228.80815234222044,9.142419864050916,0.3,20.188269450301583
bogota,8866e42ad5fffff,6.666009354790781,1.0590831135399938,2.798203027100657,45.00443729266504,228.45456397923317,8.157706368706348,0.2,17.015091922386908
bogota,8866e42ad1fffff,7.010623763520488,1.0364270866672212,2.602159400624568,41.00197106686614,555.2722656571277,4.451916599837006,0.3,22.690977809660343
bogota,8866e42163fffff,3.743153156398819,1.0536267931832872,3.064288063712324,84.50803838242457,28.2886268620138,2.8050342572881797,0.4,6.936740238783856
bogota,8866e42129fffff,3.9942119932491353,1.1490153323960393,2.767515459569187,79.22856792213157,138.902805036743,2.425547141926164,0.2,4.827936176433109
bogota,8866e4212dfffff,4.442003880468112,1.036196020616787,2.527064742819648,67.05810000196155,111.14071261141429,2.1621171115397355,0.3,8.189589065983224
bogota,8866e42ac9fffff,5.669671542753903,1.202180904653478,3.1238709649478973,55.815525434974504,1963.841201612662,5.192967350898115,0.1,6.841316683203374
bogota,8866e42acdfffff,3.724967648600503,1.146722704766214,3.0391635391560436,89.48623579551602,15.39292839777679,0.0,,0.0
bogota,8866e42aa5fffff,6.243625557527492,1.0570414927878988,2.9482659260956923,46.33077816503368,91.50802103641315,10.299179150771778,0.1,17.212649701730868
bogota,8866e42aa3fffff,6.239158480301455,1.0680887477385024,2.905923629415783,46.18698817174052,269.9999689382475,5.236317157559336,0.3,21.927625601380324
bogota,8866e42aa1fffff,5.530315941408353,1.086711563266758,3.1961771283477662,53.8987150526186,335.62878552786606,0.5036468702604209,0.1,2.375492769100478
bogota,8866e428e3fffff,5.205706079832887,1.092295542565274,3.269382563072581,58.25889588724648,101.90667427162956,2.9019214656934467,0.2,6.206855221374482
bogota,8866e428e1fffff,7.599998077570139,1.0125996335625786,3.2123930273860917,39.23002941646418,466.8599977884154,4.568084129910285,0.1,15.079059118142425
bogota,8866e428e9fffff,7.111731667240813,1.0319193777367783,2.8564737742665134,42.20675725431116,1434.1271237426652,4.997841271371646,0.1,21.036195481555428
bogota,8866e429dbfffff,6.5727881770593655,1.025791964892087,2.572814121374629,46.41896750624147,214.69895436389524,7.698303927639192,0.3,21.266437418202916
bogota,8866e42999fffff,6.699961137147448,1.0182192711747784,2.773886368896293,45.09059932943407,364.7434020623376,6.222943940865948,0.3,17.856217977373355
bogota,8866e42991fffff,6.103650305121116,1.0361383669366595,3.1322277743318185,48.10142969748604,270.3448775366767,12.369595978331684,0.2,20.70192513734198
bogota,8866e4299dfffff,6.011256393307521,1.0370933336317276,2.9187066169946196,49.75090080897304,254.2864475416885,9.025526185799276,0.2,25.699067633217975
bogota,8866e428e5fffff,7.620534395832164,1.0156674490637156,1.945545009513976,40.09634228836635,55.006387428930914,3.151426778621623,0.2,6.815300739568594
bogota,8866e429abfffff,6.989253712414676,1.2057640053853982,3.0168327946817732,46.84815314930972,31.073468063547704,1.909881717329857,0.3,5.759544067306459
bogota,8866e429a1fffff,5.440650090316542,1.1147458833315915,2.76248348683812,58.1817902888718,61.25989776697442,2.321996021793946,0.2,8.05206495691075
bogota,8866e42f69fffff,6.714008190014087,1.0251626096466024,2.6994595324505064,46.62270304489707,334.3860064859338,10.20556359124338,0.3,30.43585079975053
bogota,8866e428bbfffff,4.8331662353678695,1.022695120971425,3.0456363746766284,58.39442539582188,552.8503021838862,7.124452065310596,0.3,15.427992646075904
bogota,8866e428bdfffff,6.210586135778652,1.0639924239637544,3.133176334133042,46.34686401155755,519.3636388009055,7.041967235504467,0.3,28.651829777000145
bogota,8866e42835fffff,5.230517889558246,1.2791569111064958,3.12871715525141,61.452532658428275,25.98416616550053,0.9012756214074558,0.3,1.4235789462029893
bogota,8866e42837fffff,5.87672932205842,1.0305640097596556,3.1976971764612077,48.657628546033294,130.49283667790678,7.752102001557121,0.3,22.062577935772005
bogota,8866e429d9fffff,7.145251557189754,1.0649727873815606,3.086866108767271,40.56409142916084,158.38378550985178,11.849295282733912,0.2,18.827721745511283
bogota,8866e0910dfffff,7.138404998342703,1.0083917257820612,3.1951366425321113,42.16111049062521,614.9855227148997,10.667827367746922,0.3,21.847538048543257
bogota,8866e0916bfffff,7.691106045085871,1.02906044001524,3.0200525280635517,40.32767493985807,319.80359600884236,9.115171865640791,0.3,25.198145582787188
bogota,8866e09161fffff,6.8941996572722495,1.0298290634160885,3.1767221366692904,43.393966165615026,364.670621879972,7.1074028924060695,0.3,25.999959542217457
bogota,8866e09145fffff,7.664121615383206,1.025913291452693,3.167734852817129,39.31288103439571,454.3241868375191,10.655817515111538,0.3,24.856657414989392
bogota,8866e46497fffff,6.55976049140333,1.0474775012482511,2.4436925997977275,46.039030377269206,159.28062814786972,7.0258989643996435,0.1,22.9801391177916
bogota,8866e09329fffff,6.698714920143986,1.0263814696323592,2.208439293945849,46.73581612991833,101.3664343404848,7.029547079869125,0.2,11.886972964225428
bogota,8866e090e3fffff,7.488620229809111,1.02844674254476,3.259800101984781,40.32640737853434,69.5291917127351,4.878639064902937,0.3,15.499410036060029
bogota,8866e090d5fffff,5.986412002467596,1.0518553846855985,3.254040780336791,54.28961452469948,40.303903828358735,2.9077495340651116,0.2,2.3059668125688164
bogota,8866e42f65fffff,6.666731069424222,1.014507155637334,2.704313580632547,43.470917632572515,476.2014723758885,4.676813677965073,0.3,21.61551372707183
bogota,8866e42a93fffff,6.503930839067069,1.035560120073309,2.7586962491554634,46.15880498150224,257.57809955669484,10.234722340153732,0.3,20.10015561724807
bogota,8866e42f45fffff,5.544148845061715,1.0931780942365026,3.3073661945938055,52.82813241018644,52.43891477529706,4.8306021148909855,0.1,23.562116337902587
bogota,8866e42f4dfffff,4.987704478175508,1.10108129059691,3.4577074174780313,61.15037515445751,17.704002974392004,1.4206133003346413,0.1,2.779664437986529
bogota,8866e42a9bfffff,5.727533588956007,1.070585032784808,3.1137921693436064,51.28734654065008,114.8632646023608,5.901737494086189,0.2,18.41031581406009
bogota,8866e42a99fffff,5.381958088131622,1.1113436034833246,3.1685912676756587,56.668099648706,412.3090734979054,6.882501571674788,0.3,26.210084972791048
bogota,8866e42ad3fffff,6.931231081160512,1.0547649643317154,2.9002319021476373,43.65083546662743,184.4285769526686,11.598002047626922,0.3,24.37094632665799
bogota,8866e421adfffff,4.875723654470857,1.0759096303963835,2.9004012400325943,65.25837818762702,24.043632582649884,0.29960793911382,0.1,0.0
bogota,8866e42f6bfffff,6.006068513562963,1.069799264728332,2.940281119181536,49.671983038427555,90.62583237466144,5.188931176759263,0.3,11.658529039101776
bogota,8866e428b5fffff,6.366041536781844,1.0206178986192649,1.9248606407188824,45.46295927614006,1298.5031128108371,8.415807142152744,0.3,14.64308807506354
bogota,8866e42ae3fffff,7.844001053563695,1.0356881278172705,2.2555498850907214,31.163234524731205,940.2226226923397,3.2850496424665474,0.1,10.63248077720877
bogota,8866e42f67fffff,6.612426533038306,1.0586913111964067,1.9231870224746883,42.03315909551264,759.5518575234162,6.625896233158174,0.1,12.036713493769645
bogota,8866e42f63fffff,6.5616276629894745,1.0233565452117055,2.793669690470271,44.86577698167668,132.73474239710532,6.766100669194022,0.4,13.23150786411482
bogota,8866e42a8dfffff,5.681195318160312,1.0215446981543772,2.7570055531141073,49.28540286319005,817.0165827426449,10.846117796796614,0.2,14.71296915255396
bogota,8866e429a3fffff,6.537184859640425,1.058935635892359,2.308777467496445,45.468352115382054,263.12420421466015,9.326646745826984,0.2,16.21165987852153
bogota,8866e429bdfffff,5.14510370832057,1.0270024036351824,2.51545334166814,60.06249733664718,21.145596073155275,5.006731242569715,0.4,6.115341801952459
bogota,8866e429b5fffff,5.769440544660622,1.0101861704682809,2.077164372681342,51.789281544709574,750.7746627875572,5.841922433752134,0.3,18.75633710808501
bogota,8866e42f61fffff,6.836978555611272,1.0171670502605017,2.366726799129891,41.63126040499723,734.0946058896989,9.776328191052148,0.3,22.243571807363764
bogota,8866e42f2dfffff,8.96566695772935,1.332015950920892,2.7955779540195587,31.989791423566075,383.7688318584966,5.5056261901611085,0.2,14.428709926734406
bogota,8866e42839fffff,7.399775100078989,1.0191818406775996,3.120805899611321,41.52498388665697,92.7223378555658,14.703108811029736,0.3,22.97133184839825
bogota,8866e4281bfffff,6.047101849939092,1.0559362465643396,2.8032323192207724,47.24813519010995,206.56749230933124,10.389080162303316,0.2,23.44600972241328
bogota,8866e42817fffff,7.434509234623169,1.012796609964851,2.3011592729470305,42.03370930587576,390.21402354199034,11.006421547675124,0.3,27.004406448393816
bogota,8866e42ac7fffff,3.613212672604528,1.226110853294689,2.544475667723814,77.68758161241178,3.462657388826814,0.0,,0.0
bogota,8866e42ae7fffff,9.710668339775244,1.0105693122766206,1.886448190972842,24.91440088423073,219.48875453462267,1.3148183257564534,0.1,2.1952757544508037
bogota,8866e42a9dfffff,4.916482216255253,1.0945035951545332,2.6457737770452066,58.51159837934356,199.79237198136676,4.251605103937681,0.2,14.93306740015636
bogota,8866e42ad7fffff,7.451395429055215,1.0365743440904311,2.5503943116442853,38.37401613252971,536.7756549949604,9.37328547398318,0.2,24.640868165376975
bogota,8866e0900bfffff,5.1575653066034635,1.0350162495535808,2.4221388254217153,59.064157455708475,228.43146067851757,10.247791704414158,0.2,30.160823712446355
bogota,8866e428b3fffff,6.036307973869083,1.034489083855939,2.9865167496349985,46.59305012559316,333.95508781994783,4.407298557517676,0.3,7.2112641249338445
bogota,8866e091d5fffff,6.361599026445514,1.0307347572455934,3.4830848550528164,45.27009559722955,91.25156416105592,14.399114257390565,0.2,22.46990506976662
bogota,8866e42ab5fffff,7.4943383178861644,1.041913919147315,3.0404148623057647,38.66704139693677,241.1137247435129,7.461046853495921,0.3,20.79515243338621
bogota,8866e428ebfffff,7.803476989692435,1.0519828507561544,3.009741103321824,39.83332637724896,1359.0890862089118,7.153829597684938,0.2,17.24514291612599
bogota,8866e428c5fffff,3.4918494995082656,1.3625199558922003,3.066087113994551,85.48692110831351,291.69456822023204,0.0,,0.0542484524926556
bogota,8866e428cdfffff,5.729266494798413,1.0789835961733394,3.470744066771338,51.217078783593585,236.63599783884752,12.60007624825576,0.2,20.683585190430595
bogota,8866e428c9fffff,4.190640513147932,1.0660484697436916,3.133929999860273,67.2188750052125,318.0461620648618,2.54822392395468,0.3,9.589104721666924
bogota,8866e42aa7fffff,2.621384241432508,1.1116684791917593,2.8377125876309037,104.03941109306254,46.554058543918806,1.8108697819284452,0.1,4.162591271525004
bogota,8866e42819fffff,5.876709542747099,1.0945322191672395,2.906030704615614,49.28104537135418,291.35896667583603,8.665864759299042,0.2,24.700646574738265
bogota,8866e090a9fffff,8.75533136691868,1.0294339313964267,3.3826953239723605,35.11613704431068,58.910323596993905,5.068432580227951,0.3,18.25726815817839
bogota,8866e090e7fffff,7.88656712063226,1.0902999902542498,3.3095096373800685,39.54215402998444,252.2009231796894,12.463418540651215,0.3,26.628411103469805
bogota,8866e090adfffff,6.80040418040844,1.0360238118966172,3.2702951877679807,44.37414402614529,182.02647101903244,7.4930835963356435,0.2,18.88162835461758
bogota,8866e08207fffff,7.373830418288061,1.0196789208569084,3.201575784782571,42.66109035763401,172.75871300872612,9.21113644322877,0.2,20.686895848549437
bogota,8866e08205fffff,4.663781439497186,1.0484443481166006,2.890837471082347,74.797074826031,4.140588936277423,2.028494608338679,0.3,5.043408408325979
bogota,8866e08201fffff,7.929037775287193,1.0127771052770242,3.3216770169854235,40.19795678337891,84.18121104957216,9.0315687659264,0.3,20.24365014429236
bogota,8866e08247fffff,6.755921835723268,1.0192278386468991,2.9156265596174356,44.22177646705167,456.27043842368727,10.718679281116724,0.3,24.189069707616323
bogota,8866e090a7fffff,5.833191211143192,1.0365535296099158,3.3958939502987624,50.278079893302966,203.5091446555851,8.85207056897683,0.2,15.393823801254074
bogota,8866e090a5fffff,6.520482183555971,1.0333405144608308,3.492110350251495,46.04388173307652,60.88971468985031,6.737682506375308,0.4,13.889271457646846
bogota,8866e090a1fffff,7.100407812988805,1.021719530226873,3.3500418790358824,43.66792277661363,254.27982754321468,10.9999031227653,0.3,22.503547357447275
bogota,8866e091d3fffff,4.81215376575721,1.017504196776485,2.714661168895945,64.93973701000945,200.7507376406853,2.336821017527015,0.3,1.5671827248132624
bogota,8866e09085fffff,8.478565686434031,1.024224683327357,3.311283972250441,37.26662449359882,210.23897773386173,11.01313991882205,0.3,18.8997374813486
bogota,8866e090abfffff,6.662048797628713,1.0249600294485466,3.2879604210429165,46.2895488911309,47.50108276168134,10.514271894540023,0.3,20.168734419063867
bogota,8866e09113fffff,8.107586724946088,1.0260902945858823,3.3430780644983544,37.8873391446108,528.8778929840812,9.345279614587575,0.4,23.36396908481908
bogota,8866e09117fffff,7.5913833305628815,1.0493401095790296,3.4814407903057294,42.254757118126534,119.419169180577,7.775540907198992,0.1,19.10701483989286
bogota,8866e09111fffff,6.168198490866926,1.0545630124700975,3.12293575315824,50.85073184201685,469.1862078156957,10.425739182916615,0.2,18.670250383877985
bogota,8866e0911dfffff,6.865131040561797,1.091196745955661,2.380121683300598,44.681095119869184,335.25248052934586,12.780437360456665,0.2,29.414860159822656
bogota,8866e09115fffff,6.729659509423864,1.03081402105035,3.046080793135974,44.95143276817779,19.25341075427272,5.530234656260733,0.3,14.15777702247634
bogota,8866e09151fffff,7.335541454048651,1.033418654930361,2.7821218734322626,43.18759694809539,326.4302769490552,6.423652411779095,0.2,17.519570799878576
bogota,8866e42983fffff,6.386347590149945,1.0113427335459937,2.5955570701480655,44.73829237778418,25.964268256798366,4.652583271271312,0.2,9.2011939981466
bogota,8866e42981fffff,6.976144466435948,1.0216547522815298,2.849717029903809,41.55499049883939,71.66513127839609,2.561619494271905,0.4,10.172948044838844
bogota,8866e429ebfffff,6.198876220884413,1.007983386403842,2.6408638473926063,45.892634162019384,235.50524513168443,2.4846430639554185,0.2,1.1397362020809418
bogota,8866e429d5fffff,8.404940686481597,1.01496875107546,2.820830347457225,37.13712773662795,655.1478796826322,11.326163390650663,0.3,23.81295380486347
bogota,8866e42989fffff,6.441259542470227,1.0367432681614746,3.139935366726934,45.814501160487765,193.38505616217972,5.453934523758776,0.3,13.856072631720938
bogota,8866e429d7fffff,7.507586608467594,1.0116327523845567,2.431101633247997,39.40034822694301,337.264193973977,10.290749701684058,0.2,23.355782801285812
bogota,8866e42833fffff,6.379082610514575,1.0501049294971396,3.376305022919063,43.66951262118191,53.42231924572403,4.598511864737612,0.1,9.174794942264924
bogota,8866e090edfffff,6.2836274465729876,1.0334277491932444,3.3832485991246193,47.905514883355735,221.1551648176944,5.298401040106182,0.2,21.282927576965115
bogota,8866e08243fffff,5.985960373532039,1.0279062460840238,2.997607252176374,49.614842509852096,21.62952388291248,3.4194681525153583,0.4,4.918271330488709
bogota,8866e090e5fffff,5.858450333266783,1.060972652272671,3.4281868563010245,52.68321104576776,807.2443593488061,12.197589594927829,0.2,23.16236394292791
bogota,8866e09087fffff,5.802939449344341,1.0329337901357043,3.3287616970739293,53.27503214758097,189.46001752524728,7.369056031904028,0.3,21.464307362237257
bogota,8866e0908dfffff,6.158044221828522,1.0157679369148778,3.289270442611608,49.21835442727729,248.55824933000068,9.635169678456853,0.4,25.108032626997264
bogota,8866e42831fffff,6.135033838678194,1.0169625602400254,2.592334241595008,49.22225467054051,56.193207784175264,1.3082086390178227,0.2,2.5878161791847014
bogota,8866e42823fffff,5.873774511742805,1.0225587572604582,1.907553738432123,48.59313217488271,46.0165935114764,6.077745978591977,0.4,11.083390603377229
bogota,8866e42827fffff,5.481518640907995,1.0163867307839571,2.564949357461537,56.132675604901245,76.7850446434696,0.2766883022804053,0.1,1.0170631333122495
bogota,8866e429c9fffff,7.434760721473417,1.0511811787408836,2.643556677292215,39.55979998244456,61.20897667948159,0.0,,0.0
bogota,8866e42821fffff,6.478100057008727,1.005367980048662,2.1521728986575344,51.45541600159393,75.94918390144502,0.4644117870913142,0.3,1.7283280480925145
bogota,8866e42829fffff,7.98732627072315,1.0323072598810563,1.6300354880989614,41.732780411780304,0.0,0.0,,0.7041019656804401
bogota,8866e42807fffff,7.429836094386719,1.0230528606268183,2.6844743757494234,40.72921169231713,342.11052282903444,7.725236982879036,0.3,24.65939346410363
bogota,8866e42805fffff,6.711018085967311,1.0568946710008087,2.7305997623175355,46.68938890039812,34.92293182804237,5.074542207469475,0.2,11.437699874324371
bogota,8866e4282bfffff,6.174768367890757,1.018841142752446,2.798749293679623,49.40828992860275,114.22699988341368,8.61864995174672,0.3,14.278978414951972
bogota,8866e4283dfffff,7.174202418263426,1.0244779357064042,2.9606604695288357,42.99205918062423,293.1411396709201,9.670026078044224,0.2,16.546167135300184
bogota,8866e42803fffff,6.593459454604215,1.0334065339447045,3.0710913554593566,45.81154359855766,315.1478150012971,8.010051962693128,0.2,23.33907223186954
bogota,8866e4280bfffff,5.6921599180408355,1.034889469355984,2.7287231800059613,51.35268448471505,349.9760264969601,11.512479840610396,0.3,21.56098661304072
bogota,8866e42857fffff,6.645178756567329,1.0236026807594854,2.9151491432322025,42.03363037875723,454.21507820598737,7.358690552782021,0.3,21.905888563138173
bogota,8866e09301fffff,7.068059531359029,1.0340771359675798,2.773757468762653,41.543058255454135,174.10545291659903,5.318281372835887,0.2,22.160657525238847
bogota,8866e42aebfffff,4.564086983587006,1.4467239634051785,2.6055954058786366,63.20246294579401,31.64545574215616,0.3445925860267965,0.1,0.0
bogota,8866e42853fffff,6.663549378035972,1.0283439539343435,3.3072946094501465,45.15098242649759,243.19177829934077,6.148009396408736,0.2,15.034975923210744
bogota,8866e09335fffff,7.014913582989963,1.0163674617173588,2.4524612210202363,42.28279735487513,682.8548628447511,10.172916097739607,0.2,18.856803371692965
bogota,8866e0821dfffff,5.7910404658585515,1.0370581080064585,3.07504036175079,53.523154078887856,9.82039853260199,8.213459718532999,0.4,13.105398596855936
bogota,8866e08211fffff,6.558683725609427,1.027506108831893,2.8981257756563017,47.552405507986634,15.437808960738714,1.1657272786122164,0.1,1.8922042927048892
bogota,8866e091c7fffff,6.868173760217839,1.0173006708470207,2.9990901797560623,44.9534136288181,299.9171211738419,8.07009749023843,0.3,22.33060894353832
bogota,8866e09189fffff,7.8565284860154225,1.0192077243742528,3.3855325525063034,39.53349460170927,670.5722619621678,10.588997448053762,0.3,23.95489765143772
bogota,8866e0913bfffff,6.909213457106262,1.011344891813068,2.9383399643246775,46.42420139027982,20.560128396271953,7.032248869368076,0.2,15.281764147940963
bogota,8866e09059fffff,5.240006845790641,1.0349498237541943,2.236585018692324,54.568153900351675,1390.187912374667,12.58169804565636,0.3,16.405279602245155
bogota,8866e09103fffff,7.158032824988152,1.0593826113154714,3.091205582352951,43.07103564117915,502.49081330215614,8.364318817535214,0.2,20.57974063147555
bogota,8866e09139fffff,6.636032449374863,1.0114980580076278,2.0461120801269628,50.94840036942371,62.94993711434873,4.38814802849749,0.2,4.6311796892017005
bogota,8866e42a91fffff,5.465977497008718,1.1141920053916194,2.719090931838401,54.19675523293394,331.1275765187736,9.269504705691098,0.2,17.96681557241386
bogota,8866e42adbfffff,7.991430850701442,1.0441540393848452,2.848266157636627,40.58401184762261,658.7811833527127,1.0921975454026884,0.2,2.136160608947843
bogota,8866e4298bfffff,6.0966050192921175,1.0142488061207724,2.770991899705316,50.751486069177574,441.44845941364986,9.7851894517824,0.1,19.43465614517348
bogota,8866e09307fffff,7.15203813966382,1.014210513540467,1.823220469006369,43.14454461031896,182.5639257967788,8.794185701193896,0.3,17.67082411048139
bogota,8866e09163fffff,6.563413481543817,1.0111974289093546,3.1710952096198244,47.0981705014591,826.67052603895,9.157501355371243,0.3,24.413599984348316
bogota,8866e09167fffff,5.837760212032865,1.0792644325513463,2.98327133609382,54.91389694606745,58.51241515678935,6.299585536431724,0.1,15.65917834388176
bogota,8866e09165fffff,6.98679543496466,1.0319354256580362,3.24727572923406,43.99516665432076,171.7829588717853,7.528921242559587,0.2,19.687272978222463
bogota,8866e0916dfffff,5.771161922427327,1.0619461997670394,2.9234696163370373,51.18198760043787,124.8410606530479,7.365129566768736,0.1,16.104917697145105
bogota,8866e464b3fffff,3.735023149190434,1.1798494643291304,3.200311757769981,81.27698716866794,20.255818541046292,8.419939317203887,0.2,11.603725950519644
bogota,8866e46495fffff,6.964149968816505,1.0422082849442689,2.367591414836755,43.28144009907584,54.77851512573183,4.9208941067909695,0.2,9.84977691131868
bogota,8866e4649dfffff,5.67111094453051,1.052558977691685,2.432849297330937,56.881385026050786,28.277106944779195,0.8865328924539778,0.4,4.857891925445024
bogota,8866e46491fffff,5.972401652844022,1.0211676128770173,2.403026994200101,49.55171101441196,182.5348951804142,8.177165741149361,0.4,24.592574238745645
bogota,8866e4649bfffff,6.636189623134379,1.0191956058629073,2.048761837658629,45.126794391216656,242.9157015491313,7.27860517465216,0.3,14.85731857685774
bogota,8866e46493fffff,7.456133934500138,1.019234407132268,2.811646505722897,41.031884513733296,605.9473777808928,11.100606792181695,0.4,32.40626572029858
bogota,8866e429c1fffff,4.265264249824463,1.066802575224735,3.108367407002276,67.16074703815187,1055.6610675443585,4.791514529988179,0.2,4.2290023228758375
bogota,8866e09169fffff,6.619622827294672,1.0418241768123526,3.2889818547688243,46.45077809390944,121.38777104152776,7.91585628001983,0.3,20.81482096836171
bogota,8866e0914dfffff,7.220248337944007,1.0209786762223572,2.672845590436886,42.97877937060321,437.1494352847925,20.787744389924576,0.3,26.394038548104728
bogota,8866e46499fffff,6.03248907016912,1.0271525555663732,1.8367485457859511,49.17242632385173,73.53349279362362,9.687012523370644,0.2,23.41253542768827
bogota,8866e09327fffff,7.184584049843947,1.0409207554586242,2.522880714281284,41.84486623679,246.0076060487793,9.609096317265958,0.3,27.096261229735006
bogota,8866e429c3fffff,7.415946518915393,1.0231540117206388,3.2047820229637,39.909150478046335,367.3668723508842,6.811622299357767,0.2,18.949489807712872
bogota,8866e09105fffff,5.861922261109345,1.012011712317933,2.8620762403039355,56.05182292356909,1218.9885491666246,5.81195308883123,0.3,10.451405862792267
bogota,8866e09155fffff,7.720298101087879,1.0258680575267332,3.282742209701765,40.80153329255669,114.34564908932865,8.161164042378545,0.4,18.033006980127706
bogota,8866e09153fffff,6.135082032964091,1.0393179792054423,2.4215596761285565,48.097477039039624,197.3541858125282,6.551412729718493,0.2,24.201852346139265
bogota,8866e092cbfffff,8.333029001872257,1.0518866106132,1.9730014063936128,42.001533886581015,1.539402839231352,0.0,,0.3530776780962767
bogota,8866e09353fffff,6.552173142571671,1.0623609180525737,2.7515347004208763,44.13318638531656,306.2449578919464,9.31348661641062,0.3,22.69140764938475
bogota,8866e4298dfffff,7.418777873971305,1.012739004274532,2.50816560337721,40.95276197854524,325.9062098210806,9.382010781944844,0.3,21.612293086300618
bogota,8866e429e3fffff,5.8230003518285685,1.141148247562457,2.6966394262789515,48.085176555428646,36.747997573855784,1.6606484510059103,0.2,0.7802007487867896
bogota,8866e429c7fffff,7.428674201661508,1.0228623808880764,2.9719935815428604,40.032125900543534,905.6539041775108,2.750396119968993,0.2,8.035534048377105
bogota,8866e09323fffff,7.312978242309565,1.0321164156496083,2.3595448442851654,41.51938553291957,270.2394510360912,11.992995597030992,0.3,24.925977612025864
bogota,8866e09321fffff,6.563476707184358,1.0049063255701276,1.563575503037625,49.13554422262104,19.955241705075856,3.1910382539516347,0.3,6.607030124248393
bogota,8866e0826bfffff,6.456608383264023,1.0737465262957395,2.856166071961157,47.23521003729456,127.06894814153004,4.287039350621222,0.3,18.544734921019632
bogota,8866e0930bfffff,5.792786120292703,1.0634679961224798,2.878252954809561,51.219446142490106,184.7049052517891,5.377371368854063,0.3,18.609260858182957
bogota,8866e09355fffff,4.182664345843349,1.1792922563937145,3.1891807574256488,76.50625858085169,509.27622501344325,1.2804741031213236,0.2,0.8490463083122042
bogota,8866e09309fffff,4.631858543390773,1.037092509977742,3.154838185178443,60.10742519465637,54.61885042603295,2.9103919639042317,0.2,5.934320895627333
bogota,8866e42167fffff,3.502249717355239,1.006544563899618,2.513312687975969,82.01415254024185,91.83463802396172,2.3567524530592125,0.2,7.233415725396826
bogota,8866e4210dfffff,5.089320150486224,1.0855092319891335,3.144930984366205,65.49663284623333,81.7229707578095,3.5373547428593697,0.1,2.4811814335030755
bogota,8866e42995fffff,4.669341286074096,1.1127095426725313,3.150934481168501,55.21389082629349,52.19903196454917,0.8961609081306445,0.1,2.083062581753195
bogota,8866e090a3fffff,6.550421494314477,1.0650209264747053,3.3772665725347077,46.23475651452534,6.745003476838671,0.9394007580902792,0.4,1.012495810095833
bogota,8866e42a5bfffff,3.547782574869328,1.0530809959135292,2.465931856301205,73.8221005311771,119.7132352451852,0.8965735627169131,0.1,3.60531419731651
bogota,8866e42ac1fffff,5.892429646563174,1.156710208818111,2.8977141766504784,53.810259901302985,73.58551248974373,5.393023633071348,0.2,5.962092315495258
bogota,8866e42ac5fffff,4.589376244684133,1.052517105066996,2.3174368294387824,62.85419261401003,42.588698501377266,1.3777875384490077,0.2,2.3767518154357834
bogota,8866e42107fffff,4.778766671398993,1.0235882199638482,2.645285389975311,69.75300454159844,0.0,3.401340558923077,0.1,3.200684881921868
bogota,8866e42801fffff,5.990004464287235,1.074474211474131,3.3096514436382445,50.52276350571624,88.97396946057205,6.241134079981023,0.3,12.837851586452896
bogota,8866e42809fffff,7.616071079800966,1.020558883256847,1.927415046639022,38.29621121055621,221.7192297866484,0.1085813853013541,0.2,0.0629020105145761
bogota,8866e42f41fffff,3.5383620110986302,1.1919143131805043,3.4054106013520284,85.48281234473095,26.793275775516395,2.5432873445732307,0.3,9.235384687817136
bogota,8866e42127fffff,5.381832855422497,1.2967090578740557,2.33051383624924,56.40669948817968,9.770050326754587,0.0,,0.0
bogota,8866e466d3fffff,5.286269715064292,1.117427241855542,2.3336499806221616,60.19023533269498,128.40984506718405,0.2237602584729328,0.4,0.0
bogota,8866e0934dfffff,3.5693053385858,1.290774443674696,2.333612785006914,80.04758870741188,55.24938656814784,1.60855233197079,0.3,6.485677952301155
bogota,8866e09347fffff,3.9754442373062218,1.0868881142828353,3.0351023463408953,91.9103862546445,33.416014218893885,1.4678242795422831,0.1,2.2917381765972946
bogota,8866e42f07fffff,4.9273306119345195,1.0291392232213354,2.789499760024084,69.76394057411144,3.8666855599794743,0.0,,0.4261520583055905
bogota,8866e09305fffff,6.747602335327371,1.048209827788587,3.130128453565085,43.60523258614559,175.70394136276667,3.5973917450574615,0.2,12.94024566652219
bogota,8866e09325fffff,6.36323969106527,1.0602177928559309,2.485802663075452,46.09492713604049,51.81762162651812,9.34288006043248,0.3,16.111932029021105
bogota,8866e0930dfffff,2.5501023152236377,1.0640639064579032,2.0794415416798357,98.03528215614972,83.91781577856601,0.0,,0.0
bogota,8866e09083fffff,5.8373918342448885,1.0326651555237,3.1689358075016445,54.53171388958805,155.4908483339251,6.35098038724032,0.2,16.441315063280932
bogota,8866e08239fffff,7.1525774447768065,1.065234542601592,1.9225469383900344,43.1327924345878,141.6192828834635,2.118307557077138,0.2,4.023967396173704
bogota,8866e429adfffff,4.734734756100246,1.0554229766459329,2.6630673711077497,66.37873724199389,21.06448493582314,0.9904484695762752,0.3,0.4622671716330249
bogota,8866e46693fffff,3.1851140905391717,1.055924916053509,2.398805144279696,82.89968155442989,62.66557641482948,1.1259555647087482,0.1,0.5496673586724143
bogota,8866e42121fffff,4.31187248947723,1.0594949572985022,1.914296315475092,62.81107198653945,5025.312940958047,0.0,,0.6034257731826113
bogota,8866e090ddfffff,4.486033320898917,1.106333439647095,3.4118704004907294,68.02157652328441,130.3102159368749,3.5459556431968142,0.2,6.555138439363965
bogota,8866e091e1fffff,7.777290290808499,1.0763013857970367,3.3778415202960463,41.47017601372001,92.34088808220544,5.844699635718489,0.3,11.529316054685015
bogota,8866e09129fffff,7.759708084307111,1.0907499178998237,2.5591160813277813,46.767638919351974,71.9594208328724,0.6728007158545901,0.2,0.576324613499827
bogota,8866e08249fffff,5.3859357123521425,1.1066536684343466,3.05245088668543,60.45029364204005,5.589229144793539,0.092709539525557,0.3,0.4661570502634402
bogota,8866e0824dfffff,5.63202602655015,1.0782091189689218,3.343751497163727,56.79586260602787,129.94090199735163,10.275519821755804,0.3,21.12203992895299
bogota,8866e42d35fffff,7.364144216497659,1.1135775747252117,2.955533434743266,43.93306299459931,4.151565538932233,0.7136779050397409,0.2,2.6065257944064593
bogota,8866e091abfffff,6.195301592191316,1.0273019277809423,3.242907440820541,47.95103600469544,280.9495848563782,7.560571466337416,0.1,15.804176878358902
bogota,8866e09185fffff,6.553638277353402,1.0547328961751294,3.3206458168292743,45.98276393239806,202.98425671205516,6.069576342546618,0.2,20.993924846215368
bogota,8866e09089fffff,6.215792240849332,1.018117057399872,3.345826535692288,48.92960402418562,113.42136718924368,8.097660419269946,0.2,22.43188250560267
bogota,8866e4213dfffff,6.790416804554745,1.0055334844698014,1.683512222034259,34.878875933549985,15.479814928374063,0.0,,0.0
bogota,8866e42addfffff,8.264448093423887,1.088835035572851,2.4510603925425274,37.12506610844597,1400.7898105637655,0.1260477387057967,0.3,0.940280379182669
bogota,8866e421a5fffff,5.126345173850284,1.106076708641039,2.738664212164753,52.51904819131714,7.005555129002596,1.7266273645563346,0.1,1.532992436714897
bogota,8866e429a9fffff,5.142864510660445,1.1229243046214958,2.46455436872137,57.036955324273926,67.75694925090275,5.075747471104129,0.1,11.359321533600106
bogota,8866e092b5fffff,5.916671734491657,1.0503133368413409,3.41939910932341,52.31383849122783,119.11613367855,8.266838384577964,0.2,24.904802715610757
bogota,8866e092b7fffff,5.007371948278828,1.0166348891216967,2.719376803555236,66.56851873124967,210.74857724440463,1.0215216308707082,0.3,1.777935772961896
bogota,8866e092b9fffff,5.907214170410956,1.0381172804539291,3.0788878169319696,57.913130164044,9.756378556076074,2.390739876952502,0.3,2.4005473361092804
bogota,8866e090b7fffff,5.167679144023559,1.0172512547828816,3.015758111967867,64.50348871191714,8.40613024651036,7.551552164980055,0.3,7.104285249971148
bogota,8866e09095fffff,5.191054887136607,1.0491056683767046,3.4197006625600976,59.49147834615017,11.391238517853807,2.886491724799732,0.2,7.840219559157048
bogota,8866e090b9fffff,6.389713135665542,1.02238134437944,3.3338421989362756,48.71577484859736,99.18008224384556,10.554369270383098,0.3,20.68235097752333
bogota,8866e08253fffff,5.241047959555038,1.0392324069837766,2.680795823712668,53.74691149916245,90.03944146943078,6.0628023591772955,0.3,12.248049631620532
bogota,8866e08251fffff,7.470904844523441,1.0223479502641228,2.6576781611350295,42.542297617045186,233.34115874674285,1.3400970127599026,0.4,2.987379568874828
bogota,8866e08259fffff,5.7743635303490155,1.0347834090927712,3.21737053602651,54.34881014757895,63.34878701163824,3.187425120350366,0.2,3.952267645769073
bogota,8866e090bbfffff,5.6765135508057,1.0540107028028969,3.129218799757358,52.19687994125217,18.61443225032263,2.539427630701198,0.3,8.380962452861027
bogota,8866e090b1fffff,5.367389727674493,1.0310760190793615,3.268517234173619,57.104395905384095,185.10062930533033,8.284398999837896,0.3,14.77646445110412
bogota,8866e0825dfffff,6.8610465866947505,1.0319957117595566,2.868301601213673,44.000108239792816,10.249188981848416,2.754040340378381,0.2,4.24713319126091
bogota,8866e09081fffff,6.271222583434466,1.0233327533677432,3.373982410123527,49.120561886162704,206.195764276123,8.286866137942605,0.2,23.61727213760025
bogota,8866e090b3fffff,4.3886729992194295,1.0516684935917793,3.173566482293512,75.95310322564931,7.294203423686475,4.247980632321489,0.1,3.1956453011538803
bogota,8866e0908bfffff,6.539516106911929,1.0391037037747335,3.2082260693800464,48.981070581269165,181.28125410712585,1.2064331726707624,0.2,3.3160658159685084
bogota,8866e090bdfffff,7.13613126754275,1.0289687092539697,3.41682394949994,46.07942546186617,19.103738979559058,4.176000851685263,0.2,8.92193677635341
bogota,8866e0952dfffff,4.292785436639587,1.027750583026799,1.780178135641607,73.33579081959738,10.51605393771728,0.1074372263503822,0.4,1.1817682520936197
bogota,8866e0825bfffff,8.117386417076348,1.00462177375938,2.067923583067635,40.0375174103213,8.965548598313186,0.8319974756401685,0.1,1.5228767384727746
bogota,8866e08257fffff,6.04847336449209,1.0641629476327072,3.0463153746292377,48.22153444188296,32.08611376446681,1.9975465009360651,0.1,9.322628722890842
bogota,8866e09181fffff,7.771604710850852,1.0164770744888905,3.385209896808458,41.1755373447148,159.35038465547004,9.635589759353186,0.3,19.398660318751272
bogota,8866e091a9fffff,6.707446597025991,1.009647942986239,3.320729631028277,45.75094761854019,52.63136455470464,2.1078679424658113,0.3,6.0928080472147235
bogota,8866e0918dfffff,6.501735071803364,1.1175503866587349,3.4572366073371783,49.41397829911418,255.45479666076676,5.996673395054143,0.3,12.49733251685197
bogota,8866e09187fffff,7.170815858056655,1.0253819915678195,3.310426401733886,43.20046907181434,105.08352853674688,8.98903794236762,0.3,20.814727964719644
bogota,8866e09183fffff,6.57837792113267,1.0267948439141017,3.03275591759187,46.960586459080616,102.8630997387841,8.205757080264005,0.3,25.06379580262967
bogota,8866e09195fffff,6.893105416999487,1.027929403496158,3.084200211874232,43.76353594168297,367.9246420498484,6.815212271017843,0.3,14.162914635057938
bogota,8866e091bdfffff,6.940504950309117,1.0149285102912635,3.1677400910684392,43.6969198489056,141.3605551064279,2.587759615440928,0.1,4.04890692580657
bogota,8866e091b9fffff,7.084701852548232,1.025043727838651,3.310569909831723,44.35261491851421,121.06056579369891,6.016867285382677,0.3,15.915630520915988
bogota,8866e091e9fffff,6.710752921771193,1.0135866847390915,2.964307610539904,46.463077465318136,313.48468037082154,10.16881032740842,0.3,17.550219532640888
bogota,8866e091e3fffff,6.519362893551666,1.07756810513196,2.1483537631725,47.55065871645564,126.34446191084729,3.36772450342142,0.3,4.412838854347019
bogota,8866e091ebfffff,6.4047003780273135,1.1467191270298789,3.3711611590621136,52.66102808899221,226.94763822751503,4.8410819370060905,0.1,10.448029077378791
bogota,8866e08241fffff,5.1902686867320265,1.1480799279616138,3.304819219811808,58.8708550554719,192.26039037270013,0.8115274795624869,0.3,0.4231612195559056
bogota,8866e09191fffff,9.441472347944094,1.0233579282134966,2.904216051704555,38.83575073399536,33.098073592935066,0.7519837661895103,0.2,0.7979925656637359
bogota,8866e091edfffff,6.658602495671776,1.0233329004956426,3.157391123047575,46.45619460455953,184.17341576613745,7.6593103060520304,0.3,10.89616884013714
bogota,8866e0823dfffff,6.590797599094885,1.0447662034490062,2.436599764503238,50.575568179958985,84.10548915477949,0.7180471070187546,0.4,3.898410009251157
bogota,8866e08255fffff,6.38810564960058,1.0265273562860917,3.414636780401164,46.87626753156039,127.24887529630482,8.102042202483664,0.2,20.230939623795905
bogota,8866e08269fffff,3.92610521133663,1.1190293748823192,2.513223155920566,63.67633737326369,51.901548654104246,0.2753698093211189,0.1,0.0
bogota,8866e091a1fffff,6.723926361417389,1.0243697938498029,2.2485870500700695,41.71488350727901,0.0,2.0069715122947462,0.1,2.194251364994388
bogota,8866e429e7fffff,7.870039693768141,1.255324281545709,2.897518025602416,36.98136063403415,83.2464991537966,2.7871746306155236,0.3,9.443122167489069
bogota,8866e464bbfffff,4.4457423824597,1.0644080871184916,2.808392380085311,66.32678403390773,65.84632275951614,6.446878662296489,0.2,17.74934411218977
phoenix,8829b6d313fffff,6.815660042556414,1.058384434650619,2.718452559806117,43.81767286417109,123.44945148008463,5.259946198065403,0.3,6.397455611620243
phoenix,8829b6d209fffff,4.218685737152466,1.1417143149317643,2.2853488393370425,73.07268090080734,448.63669930767907,7.292843002789438,0.2,3.903575102801874
phoenix,8829b6d201fffff,4.4763473582912665,1.0562598969302024,2.4937865806900428,66.75455323945252,204.00992495159744,9.902301073646242,0.1,5.850655098088219
phoenix,8829b6d35bfffff,7.132475218168619,1.0483378668493677,2.069329829521271,41.39637526360284,1135.6759659423735,6.373878209565436,0.3,10.718926650368685
phoenix,8829b6d267fffff,7.467168973663225,1.053763731627107,2.242196743192738,37.893351494594086,357.3297669389133,7.9119177011254544,0.3,7.454178127053584
phoenix,8829b6d263fffff,4.431149436999888,1.0739147947897123,2.1287673923515644,71.26581447409183,685.5844157531301,12.942273424675674,0.1,18.62098684710766
phoenix,8829b6d359fffff,8.117279027897299,1.0410244688298975,2.307287356915808,36.09783442517516,62.94825986771001,6.512323345046804,0.3,12.206048889424345
phoenix,8829b6d20dfffff,4.311925349276741,1.05132227298571,1.919012512148056,72.3644427750374,0.0,2.7153614606762444,0.1,3.270638904592734
phoenix,8829b6d20bfffff,3.1312228512071707,1.036507410092972,1.9188053287012967,96.1192761065778,31037.566246944956,1.4945929984770978,0.1,4.315121045141894
phoenix,8829b6d257fffff,3.4130732347744317,1.2109655097804308,2.016251126265353,97.6636920465503,61.45513471276884,0.6440327483982763,0.1,0.824602140835692
phoenix,8829b6d66bfffff,2.970305789728133,1.1440680803644874,2.7496029825371786,113.44169442230108,248.43505230487133,0.7391012573413702,0.2,0.0
phoenix,8848e96d97fffff,4.551483232198421,1.1097340587094249,2.786956884141182,67.55015902817343,864.8989720798172,3.073303899187154,0.2,8.897508298759856
phoenix,8848eba4ebfffff,6.028494325486112,1.2576165506685606,2.8437191412436724,47.11186410866783,31.04623791675217,11.249145965577371,0.2,17.10020674428783
phoenix,8829b6c33bfffff,7.33642958699393,1.0651404516034375,2.310701636064776,43.370118176543635,46.74659168139312,8.428970532974729,0.1,10.379827380890578
phoenix,8829b6c331fffff,6.314744007113753,1.0992053109154885,2.344554349832197,49.48735841832376,0.0,5.733393388264704,0.1,8.130760981823753
phoenix,8829b6d001fffff,6.498687158973715,1.0865327884951663,2.210128371672362,43.620469264218364,501.2546054074137,10.44992917955438,0.2,11.016884573600349
phoenix,8829b6d8a9fffff,4.099237344475538,1.2927762426130662,2.841089016767668,73.5231613985623,29.51972452564438,4.753823735425448,0.3,5.053727139143029
phoenix,8829b6c13bfffff,3.941553401088551,1.081651266157459,3.407542145014098,88.34442928468711,429.7056351672964,4.275651608529391,0.3,13.790245036971408
phoenix,8829b6d0e7fffff,5.482097733297392,1.109630852361975,2.0751002437648185,51.786436305283736,234.2595489373608,7.761259854662838,0.3,15.55584990876461
phoenix,8848e9698bfffff,7.0205862616656525,1.127994911412897,2.2087746304232856,44.52776460284182,568.3492639883611,7.656092211931716,0.4,14.62540221468802
phoenix,8829b6d03bfffff,8.083498879153806,1.0600274564822587,2.294359497287419,36.35553267399116,0.0,9.315267480493407,0.2,16.5008485515122
phoenix,8829b6c2b9fffff,6.400625857451801,1.0053316522448792,1.8614296307365077,54.68215261989097,0.0,0.0,,0.0
phoenix,8848eba48bfffff,5.642641813617736,1.1196268042284587,2.4385251054786865,48.57065301947988,61.88169329574547,4.3653188066714455,0.1,4.5656158419617965
phoenix,8848eba489fffff,7.154939867458388,1.10077727770849,3.1576746536432903,40.05595343265086,0.0,8.239458349030073,0.1,8.189587203063448
phoenix,8829b6d9dbfffff,6.080065385128565,1.1990380657599498,3.2975473578515113,47.65074186156939,602.3887676777207,10.523697730446685,0.2,17.958671260739262
phoenix,8829b6d229fffff,5.0662103736217405,1.0252354310772012,1.875466068981971,57.23465941891422,442.43008558583864,11.934979499054132,0.3,14.670496948252254
phoenix,8829b6da45fffff,5.0852771084556805,1.065302775455364,2.2953078240913354,59.49484447908795,1178.6698756812568,3.4566432340689524,0.1,4.464683720352188
phoenix,8829b6d9d9fffff,7.761903990374865,1.1000869559879825,2.9095375090902187,38.31406704577747,1019.714465798693,6.0423017577061415,0.2,3.607424426603009
phoenix,8829b6c327fffff,5.27023252169207,1.1272277412505938,2.194788106426675,57.812914087930345,0.0,9.794149314696982,0.1,14.919382119948384
phoenix,8829b6c065fffff,4.426962476997522,1.1113057721756765,2.1667236582312963,67.76655586280638,64.62096333909996,7.111589249544197,0.2,4.315488091164696
phoenix,8829b6d335fffff,7.914860911383399,1.1013113716197784,2.2280563632495736,36.03928165422271,3043.9811143307606,6.1398884203388775,0.4,8.619483379439766
phoenix,8848ebb481fffff,4.200318405592594,1.109291105681398,2.7244563313358476,76.05243545801528,298.2804895512466,16.789550017764576,0.1,13.808862803265276
phoenix,8848eba6c7fffff,4.2893571643837625,1.0725160193261738,2.060007423542365,63.997889054549425,692.8318326264164,0.3028728767191442,0.1,0.6253621994653633
phoenix,8848eba6c3fffff,5.923077040049462,1.0542724334843083,2.8403017742873047,50.88882647958857,983.0290809736758,2.892856259037302,0.2,6.057166949241794
phoenix,8848eba481fffff,6.231389027352627,1.1501778857490803,2.386415592372197,44.51065129493895,75.03247459520796,5.470801693785012,0.1,8.485040993326965
phoenix,8829b6c247fffff,4.722238519002647,1.219102036413814,3.0680015451955764,68.49131866863718,380.27310370842065,5.492134269253148,0.2,4.354394124955546
phoenix,8829b6c323fffff,6.328095923099817,1.1392974497861947,2.341002462727378,49.086914416606106,0.0,6.650219410276216,0.2,6.416023008855877
phoenix,8829b6d305fffff,8.617869189308028,1.0461398120325105,2.5466878250592417,34.790833499012784,76.4356269355059,7.504299755376098,0.3,8.413549456320801
phoenix,8829b6c365fffff,5.284516858708627,1.117607348263745,2.149473254444096,61.22213636835035,0.0,14.195564651427652,0.2,17.243560276438295
phoenix,8829b6d1e1fffff,6.346711937059268,1.124930352283542,2.9711861074100123,43.24303679230113,0.0,7.038546643837882,0.1,9.651480404509911
phoenix,8829b6d109fffff,7.357430882875925,1.0843691147560126,2.36926803637045,39.09688727502666,0.0,5.206740080975881,0.2,6.0543202182401945
phoenix,8829b6d10bfffff,8.355573293598807,1.1024707507216347,2.3904521201828435,35.15455980799592,0.0,10.12936684075966,0.2,16.031370562871327
phoenix,8829b6d053fffff,5.441674973834559,1.1196583778124134,2.731346381478385,52.92826832999294,0.0,7.016484457937176,0.2,10.922009952436383
phoenix,8829b6d055fffff,8.507460512620032,1.1480807747603523,2.175587116132813,34.945480717340274,10388.994791461751,6.7795742321061,0.1,7.079797341372162
phoenix,8829b6c201fffff,6.516469911478901,1.0714275449091075,2.375688053052123,46.09610436935745,90.18698129922316,6.957439481208647,0.3,8.350131151150105
phoenix,8829b6c111fffff,5.848887874276104,1.218620359300933,2.8169688538329947,49.492089852441104,718.0297393937533,0.0,,0.0
phoenix,8829b6d881fffff,7.091539553247364,1.1340574466931237,2.612004597163304,41.12198182951427,826.6567164469983,15.160147985523956,0.4,12.423910796805032
phoenix,8848eba5dbfffff,8.480747670203549,1.0249856010657612,2.736339051105066,39.304710657112736,10.230218535915792,0.0,,0.0
phoenix,8848eba4e7fffff,3.9727464445638434,1.1299311089997717,3.431082375298298,81.85854712110212,4.447043603655796,9.650451823266446,0.2,13.34900444164051
phoenix,8829b6d1a3fffff,4.774782743517927,1.1219642748373382,2.8237381038553235,55.78371927990025,717.1803618573591,5.728875292328102,0.1,9.54811057292989
phoenix,8829b6d191fffff,6.807522032816745,1.1409802813469736,2.4283639851162455,46.739741222719694,0.0,8.659931658315214,0.2,10.56922369820975
phoenix,8829b6d199fffff,7.305360828383637,1.142665716299561,2.517943654579721,42.73987598452698,61.93198259125375,7.733120101131373,0.3,13.202386307148064
phoenix,8829b6d1c7fffff,3.1248397593146877,1.1535105329777104,2.3202807952730784,84.21484460200145,0.0,8.341504147174502,0.2,10.650041477837
phoenix,8829b6d28bfffff,3.299420250903859,1.0787679112426232,2.427776048331642,90.36894816081644,364.0456906831119,9.260859544168564,0.3,11.440195208051987
phoenix,8848eba681fffff,7.4812720008846,1.0949644197325354,2.324233368930728,36.42536169691294,0.0,19.508802933291456,0.2,34.11072860494528
phoenix,8829b6c35dfffff,4.737543978332354,1.178605081423994,3.256629304002251,65.96244835493893,258.0809904584198,3.1832678980012306,0.3,9.6938825430264
phoenix,8829b6c34bfffff,3.710884739575563,1.1643213206114478,3.257843496142649,85.61525232650361,3586.128898772682,6.278715503282468,0.2,2.3554873556740006
phoenix,8829b6c0e1fffff,4.51245968988656,1.0769098766685317,3.2513469946064055,69.57480175961099,737.7862833697152,0.0,,1.17097640019312
phoenix,8829b6d003fffff,6.831038900602997,1.0770309706773264,2.311361208019668,41.710984303247955,310.21191526088006,7.549956320542392,0.3,8.952909065071003
phoenix,8848ebb4b1fffff,6.375168019549684,1.1029238927388834,2.9217724735852064,48.51076932070509,6293.390358666621,10.099308558099874,0.1,17.247287018295015
phoenix,8829b6c0e9fffff,3.855830847860669,1.0473719021080132,2.220185282366314,83.18692640759808,0.0,4.403825909004199,0.1,5.742389755173488
phoenix,8829b6d1b7fffff,2.5489328947215406,1.0788333102682794,3.3370683385818634,135.28311668031083,1965.420148314603,3.33017593968619,0.3,0.0
phoenix,8829b6d1b5fffff,4.50411094261172,1.2364418488544937,3.4886026761918356,62.28877554975907,0.0,8.41344755920641,0.1,7.838035922521209
phoenix,8829b6d8dbfffff,5.8308068509419835,1.124328737058109,2.9350380047864264,49.4331747708436,41.49211702181895,8.666785552621317,0.2,8.434207263927213
phoenix,8829b6d8d3fffff,3.791903075183439,1.0853597858187891,2.0472163841486832,80.64159813793495,0.0,11.824490387062214,0.1,19.014303626069257
phoenix,8829b6d8a1fffff,4.4018449605717045,1.258683409216802,2.77655192206514,66.47819964849322,4248.853646998289,6.40005408373969,0.3,8.900139067515243
phoenix,8829b6d119fffff,5.891330175020165,1.115693047778686,2.1202775651827195,47.96402571556247,0.0,8.519826388425901,0.2,14.560353400479292
phoenix,8848ebb483fffff,6.558534562268464,1.1175041228391849,2.7526725800147775,47.40634914481454,166.53264882487156,6.783941890569115,0.1,13.74612311942392
phoenix,8829b6c055fffff,5.113164383058262,1.1210596862800106,2.7692326575683457,61.11675209101897,0.0,28.32902072090081,0.2,28.098314459534237
phoenix,8829b6d139fffff,7.01417532798071,1.074335623912965,3.292781590433261,40.972746743165416,494.93157669628795,6.518649127272271,0.1,6.307512503737307
phoenix,8829b6d131fffff,5.4674088539880215,1.1523313624470484,3.3892850790650235,54.50110023552506,46.93570906532616,8.703092273487098,0.2,11.794176814163784
phoenix,8829b6d13dfffff,3.505308661575339,1.407837702414527,3.4548350617684345,78.59798684827206,674.3112065030268,9.151363288482854,0.2,11.3629902394305
phoenix,8829b6d107fffff,4.387719766005615,1.381238739437774,3.514133425244443,65.55441640339755,1365.8838267573617,9.674262672889416,0.2,12.551941115306574
phoenix,8829b6da49fffff,5.334803909136179,1.116550625466449,3.0030177704874057,54.332844730688905,275.88968458868635,5.037174154785475,0.2,5.950063769780604
phoenix,8829b6d1bdfffff,6.309125948968241,1.0693879301798854,2.5837935957252034,44.63973605847029,6902.265978332503,3.746971979831768,0.2,6.0952736151109335
phoenix,8829b6c017fffff,4.867256208883991,1.1219394461750871,2.557621652515994,61.25053889366871,261.6077183709594,6.270620672865102,0.1,8.244705586209196
phoenix,8829b6c145fffff,7.338902443685637,1.063437818211591,3.3271363231255693,39.915696103988154,478.3818329408519,0.6076384205737947,0.2,0.3750125752973175
phoenix,8829b6d0a5fffff,6.848956889921101,1.0885159776710784,2.6919900371803154,44.84761085308407,0.0,8.433588771192774,0.1,11.196941312955776
phoenix,8829b6d0adfffff,6.008657116456456,1.0991639471616896,2.014450207629682,48.34845018258995,3509.4820792580094,1.1214155440559987,0.3,0.1421305363874907
phoenix,8829b6c03bfffff,6.18399861785703,1.0746644510138088,2.20629029110221,49.10151884891262,0.0,5.472241965883031,0.1,7.720596608136951
phoenix,8829b6d1d3fffff,7.214093806425349,1.1228016578733204,2.9952231498497803,41.06472585079979,0.0,13.301350608104558,0.2,20.40027079737142
phoenix,8848eba4d5fffff,8.500516706620893,1.0688540318506952,2.4063198522804754,33.539582938731584,0.0,7.2852068882792675,0.1,13.245513529552174
phoenix,8829b6c05dfffff,5.0225972997535,1.062546584326223,2.6014576791180124,60.690623438687595,0.0,11.994542056859611,0.1,14.642186824219552
phoenix,8829b6d8c1fffff,6.0029520125927815,1.176175918752473,3.094931063393008,50.32246346458105,74.55853135729882,4.669388934914913,0.3,11.139055987505747
phoenix,8829b6d8cbfffff,11.11422700519779,1.0819990995188684,3.281895878204481,25.97913638387044,982.5407928618864,6.267766603334961,0.3,16.45643495446938
phoenix,8829b6d9d1fffff,7.7497690714968,1.056728195159558,2.448814427106519,39.04311270499534,1043.9892593351085,2.3929721395125707,0.3,4.27148895149402
phoenix,8829b6da53fffff,4.109210963838351,1.1269292991115765,3.127749745790953,72.6142073016068,0.0,0.919621145448876,0.1,1.6688545735769154
phoenix,8829b6d81bfffff,3.8741973750413345,1.2043002164900292,2.3214291782769223,74.68388249572735,0.0,12.18774848481696,0.3,0.1080789830058144
phoenix,8829b6dab3fffff,5.416324568577998,1.1140133732856137,2.9022126937495027,55.01512957854927,62.1589907478563,4.190247071597628,0.2,4.676345435916935
phoenix,8829b6dab7fffff,5.2607639825998405,1.1535148791227414,2.3854807797350457,56.07914707139666,0.0,8.452552205576568,0.3,12.445134772856292
phoenix,8848e96d85fffff,4.502738183185852,1.0916695290786056,2.283028902461559,61.69085709114887,218.92941228365572,18.702166829824023,0.2,16.453788116029223
phoenix,8848e96d87fffff,3.0422393571519506,1.054958707257408,2.2930746143137264,100.28295276816168,186.65783734161175,5.951573402821402,0.4,8.637415036438439
phoenix,8829b6d1cbfffff,6.276702271791395,1.106643732694352,2.217033996413152,46.36905870578095,0.0,8.022856514252837,0.2,16.402417218881517
phoenix,8829b6da4bfffff,4.326774944930048,1.2164154149329027,3.1151882333752288,68.3923640848676,0.0,12.983807782767515,0.1,11.39938828586001
phoenix,8829b6c04dfffff,5.6614213027373115,1.1199993554212757,3.139422055410032,55.48122058160455,73.73638978286283,3.3872408740238256,0.2,2.332303774340685
phoenix,8829b6d999fffff,7.568576702427586,1.1190951236129365,2.892722657815831,43.331395339115865,58.27778609106336,0.2993472649050545,0.1,0.0829537594495835
phoenix,8829b6d9d3fffff,5.9951939623583055,1.0907987031458235,2.630850611450654,48.38481251801845,780.9727363901148,6.337883195050972,0.2,6.82834034365864
phoenix,8829b6c109fffff,5.9066535189320435,1.1398472582577277,2.75439269660586,51.16588541977461,12.375328864839672,0.7142101480856446,0.2,0.0
phoenix,8829b6c069fffff,3.9035260249532766,1.052285105162393,2.5757565468519914,75.593697935355,173.8321550788652,6.534153476443298,0.1,10.73856754021013
phoenix,8829b6c301fffff,4.108521176650119,1.0472713927274533,3.248667764408212,72.64161472484889,404.638757751753,10.554278720920513,0.3,6.276860881539956
phoenix,8829b6c30dfffff,3.72661343605612,1.058187065427927,2.787711324071838,79.91011752542134,0.0,7.356426677234823,0.1,10.135266274378615
phoenix,8829b6d333fffff,8.916878325071853,1.0576155551514512,2.6131010053806287,32.29056447626678,880.7431733774189,5.328308797239366,0.3,7.659611309019909
phoenix,8829b6d331fffff,7.102707424160696,1.0177937978152063,1.9749566079261,40.30571249542032,300.68233871811805,5.249536602090475,0.4,8.689095265586566
phoenix,8829b6d1ddfffff,6.373002884729997,1.1872003409434766,2.317821994694543,46.282417963439144,1134.1567155101943,6.525624537909908,0.3,0.0
phoenix,8829b6d343fffff,6.092243827104075,1.0763379523159935,2.2697552265599885,45.74122024251444,153.0061456643869,4.914931142886969,0.3,7.201084197874609
phoenix,8829b6d525fffff,6.8612265772633,1.0554807170997906,2.3652099775755873,42.32986323045173,257.47559456420953,3.8172519252489976,0.3,5.1182758060623526
phoenix,8829b6d325fffff,8.354927893370714,1.0376082165462852,2.08146028629473,32.945373803403896,0.0,12.998148912630691,0.1,17.336646035494844
phoenix,8829b6d2d3fffff,4.399605025598137,1.2280346861945053,2.89216883848458,69.04334345761359,72.44460579237787,7.430430121536486,0.3,4.15487650676165
phoenix,8829b6d129fffff,5.525542385930895,1.1626352839640497,2.3925350052491483,52.71598393876977,0.0,1.8627972924652572,0.2,1.059131353793885
phoenix,8829b6d2d5fffff,4.588834923792786,1.0600087954338728,2.4103403497942595,66.42488546366441,193.67688397026075,22.918667101017594,0.2,12.953402288799786
phoenix,8829b6d2d1fffff,7.023727144500977,1.0728221399205928,2.3090712033248124,42.97480693119883,10.629462524722763,15.941775695400333,0.2,17.056154834815857
phoenix,8829b6d1d7fffff,7.017108779042917,1.0879625087027465,2.3749159476257216,43.11103082837906,0.0,4.927223609055154,0.2,8.926146144396894
phoenix,8829b6c263fffff,3.4272674358516126,1.0496104449731616,2.020882636548355,89.77773501817538,37.07015647431557,4.876951760432811,0.2,4.602210986101794
phoenix,8829b6c267fffff,3.2208214414469443,1.0555342453849434,2.2508596523429163,94.77804449712004,1972.515784227831,7.311957918370615,0.1,7.080937366705111
phoenix,8848e96931fffff,4.1574349016923735,1.0728114025532642,2.623911412232873,72.98930302878436,630.5966680110431,12.134108037115292,0.1,12.587818975684575
phoenix,8848e96933fffff,5.90669479015431,1.1842439861471057,2.7251523360396153,48.51666735350287,0.0,10.71585206914134,0.2,15.248378817176125
phoenix,8829b6d023fffff,6.336609950720049,1.082399978007294,2.523324137281572,46.17826229471264,0.0,7.254426388585446,0.3,6.993159506657046
phoenix,8829b6c141fffff,3.457667871704099,1.0944096305385893,2.460887010355856,89.92314510377226,0.0,10.839890002349586,0.1,16.12781601901992
phoenix,8848e969a3fffff,5.031646736125065,1.1552885908814554,2.3553032651442627,51.398816971467134,0.0,10.614737778185926,0.2,15.057169624159988
phoenix,8829b6c231fffff,4.824587272146653,1.1019247063366964,3.216856104979465,65.45419449811365,11.112171150581691,9.909600092361767,0.1,8.158275796858483
phoenix,8829b6d1d9fffff,6.406358034058105,1.1090051934422884,2.287777729226058,45.16578220618525,5426.366323403098,10.961012590913883,0.2,15.465574054611782
phoenix,8829b6d143fffff,8.149411314156163,1.047939309002289,2.1995588924731124,35.24453621862178,0.0,11.54735543240323,0.2,4.628635683242516
phoenix,8829b6d0b9fffff,6.259606128484812,1.1843447865657444,1.969963878780451,55.299620942385936,0.0,8.171500918152473,0.3,6.677521036094173
phoenix,8829b6d087fffff,3.7142890749913806,1.082255453160716,2.132995373178043,83.24035575019704,36.04900175271881,10.312467822555226,0.1,4.535930819453892
phoenix,8848e96b27fffff,3.589308721681274,1.2213485627380083,3.4482702615720946,83.58155379275271,260.32144597061966,5.953890188622786,0.2,9.588975296692826
phoenix,8829b6d345fffff,6.621014489589019,1.1209150545202513,2.847665529567308,45.186478346979534,30.41824938195317,7.402821661744061,0.3,11.372480408422922
phoenix,8829b6d34dfffff,6.957668895375271,1.082208930655835,2.7193686861711774,41.32974560447227,13.923525193154791,0.0,,0.5934352348498164
phoenix,8829b6c23dfffff,4.31461605441597,1.1138910361051408,3.1575260533796636,72.80743447216689,0.0,16.232785754712907,0.1,23.998471634066576
phoenix,8829b6c235fffff,4.699250023044893,1.1122479599352244,2.558858460115749,68.75665086052128,81.10929284176989,12.94948819396349,0.2,10.571722762680304
phoenix,8829b6d0edfffff,5.863863923345412,1.107337843370824,2.001234621497997,48.55809151175374,2932.654456456284,2.526940466590948,0.3,3.045677594182699
phoenix,8829b6d017fffff,4.165929711880632,1.0413876886790872,1.9782527334812652,69.82367040785753,0.0,13.743548576704162,0.2,14.82284147302413
phoenix,8848eba65dfffff,2.64674620006513,1.0676029513319512,3.407896983688912,111.7216772518294,0.0,7.5326783959159105,0.1,3.4870557887341267
phoenix,8829b6d0e5fffff,6.779819743424858,1.178229005633785,2.337020424683324,42.504618647728016,162.85081580427496,10.06630805880718,0.3,10.453159716711244
phoenix,8829b6d027fffff,6.308008255158936,1.115099658311998,2.71990225658631,46.58517193322889,2003.6087104760811,3.9089052476368855,0.1,4.735287749639377
phoenix,8829b6d057fffff,6.079858971863787,1.0366424506580765,1.982829303741348,47.27290365494787,0.0,8.000283418166774,0.2,9.878083066080904
phoenix,8829b6da5bfffff,5.717098078396607,1.123286136368415,3.187031570226605,50.56397934021972,0.0,9.102273262331822,0.2,12.696855679329186
phoenix,8848eba689fffff,6.531734882822382,1.1036556141587015,2.612069494735738,44.86696585538376,9.599870157974236,7.478204682771132,0.2,7.913886009041107
phoenix,8829b6c245fffff,5.54079842788563,1.1388394145100988,3.005669840869503,56.399813865679576,37.99649096189826,7.281040560317578,0.1,18.31649185937952
phoenix,8829b6c20dfffff,5.887612244881574,1.0790256038523147,2.3623394615104956,51.616694498351734,70.15520564423838,20.01781855781447,0.2,28.462678912935964
phoenix,8829b6d039fffff,5.274091110314481,1.055968462348497,2.3102328644600822,52.49280796655489,0.0,10.178614336361136,0.2,4.922402153349113
phoenix,8829b6d015fffff,6.34037077679869,1.0484000157916202,2.1065084983421336,44.46347122925874,873.8760765550056,2.1561149256670697,0.3,5.8151074235418605
phoenix,8829b6c227fffff,3.987888554119479,1.0899513894407409,2.6979025035275814,75.91794240720176,0.0,5.953094967925925,0.2,9.554366670460654
phoenix,8848e96db1fffff,3.129042529016724,1.0567755333444435,2.0130449775720796,101.96333737524412,84.86514591597448,6.495680379553592,0.1,10.683331695643531
phoenix,8829b6c013fffff,3.65901850755006,1.1662261574028376,2.82226046385873,87.54055201936359,0.0,6.345701638756891,0.2,9.31535025326536
phoenix,8829b6d1e5fffff,6.164046643908671,1.1756331412238816,3.357721247856,43.828560348347615,0.0,3.093923748862025,0.1,2.378844319672285
phoenix,8829b6d02bfffff,8.332142548784054,1.0709360532176728,2.397717555869906,35.51929869459877,334.9861634460622,8.268043147254378,0.2,17.874300652029394
phoenix,8829b6d0e1fffff,5.89533840661621,1.1455233372066516,2.136539543923093,50.04555135661014,0.0,9.260505061796495,0.3,2.5973648730804832
phoenix,8829b6d31dfffff,10.837316804578188,1.0477709329747156,2.3079145864760746,25.933783855078993,521.5978027392425,9.182525501026976,0.3,29.99085835406445
phoenix,8829b6d893fffff,2.716952113768102,1.0975890015202916,3.4026829194745667,109.90665223649138,71.68676935267524,2.3911217790685244,0.2,3.474997532924599
phoenix,8829b6d05bfffff,4.833338239241388,1.1196785317632518,2.4079978198731764,64.41112525281164,0.0,15.925387740996568,0.1,16.620812399109134
phoenix,8829b6d813fffff,4.710652489222429,1.187643326311761,2.5030141033272972,58.87250988205447,12697.204964468146,6.870478809037284,0.1,4.694014353521979
phoenix,8848e969adfffff,6.294314360543548,1.1747872712450338,2.3911713841526256,48.402332765212634,1553.488295387955,4.341712081362972,0.3,10.49277905677986
phoenix,8848e969a5fffff,6.610743169871627,1.0554121381374906,2.297567498317519,43.12033669126842,444.9536667717944,5.369120200445372,0.2,9.82981493486579
phoenix,8829b6da47fffff,7.199322227793945,1.2460541740236486,3.509019009209707,40.63621299792926,417.85488067097174,11.597141910388144,0.2,11.755509986520948
phoenix,8829b6da41fffff,3.946312758709994,1.1021584362044017,2.5682950559585342,75.08180785781208,992.693827708847,7.026149657570089,0.2,11.3903405534212
phoenix,8848ebb495fffff,4.256473116304354,1.106515059677649,3.243071029405814,66.29390345281466,184.24604269571677,0.3741700155694605,0.2,1.2690469342909312
phoenix,8848eba4e5fffff,4.984329934443888,1.1865006794458068,3.490153206426147,58.94178647851517,5.064354015663011,4.076501500246252,0.1,10.640134193456094
phoenix,8848eba4e1fffff,5.819602198302208,1.067830304796991,3.3357656538306935,50.23690520840115,34.395769979348636,8.17063142834277,0.1,10.94025626026491
phoenix,8829b6c315fffff,3.9352734219139007,1.0558915623385092,2.552773075425304,75.03305587533374,36.73810759654507,2.6502760182641336,0.1,4.264967509131406
phoenix,8829b6c339fffff,3.195994853988539,1.026652534702771,2.436925123207245,91.37542817555986,0.0,10.654734114415565,0.2,5.488256624501394
phoenix,8829b6c10bfffff,5.9103043531481685,1.2110725987719262,2.3192137703255855,53.66686401370303,230.05517882702736,4.887605730535782,0.1,3.363521668293254
phoenix,8829b6c329fffff,5.21967904548686,1.072196071335421,2.6346953639285604,58.49205130289714,1593.3100689795358,2.195620885316826,0.2,7.762066917609982
phoenix,8829b6c32dfffff,4.567346947436686,1.134031241151098,2.601199141688185,67.96934062865256,0.0,9.354300313696124,0.2,9.62358223213274
phoenix,8829b6d8abfffff,5.321565508801664,1.2067819151335004,2.6805249623679517,54.71176910120349,0.0,12.156743619073367,0.2,19.760658236355304
phoenix,8829b6d2a9fffff,5.730184430742093,1.1369161077365413,2.451001950670199,55.548999299441256,0.0,10.34797979674208,0.1,13.744844203434033
phoenix,8829b6d8ddfffff,6.246361721946867,1.17910375856419,2.133959313909774,47.2037655193404,850.5019113223265,8.886252180125421,0.2,14.659686924365989
phoenix,8829b6d0a9fffff,5.841211515553874,1.1154126539307352,2.6859820977406637,50.8784670584433,13.995464034214251,1.4180502715316894,0.3,1.9878744913221864
phoenix,8829b6c335fffff,5.244641634250161,1.088124822135022,1.959093673712406,61.38032503820514,16.658893370798783,2.7756522875731857,0.1,2.754028416093953
phoenix,8829b6d0e3fffff,5.705938590361514,1.1679045971370563,2.1066488393259784,53.064753141452215,0.0,7.873451252907566,0.2,12.2473694100001
phoenix,8829b6dab9fffff,5.211281056810256,1.2204365145922822,2.565577050653005,56.6383358642069,0.0,3.3808938544513456,0.2,6.524659001591036
phoenix,8829b6c205fffff,5.628404907218879,1.0973546324557908,3.0836391531609153,55.72682521989128,40.09191488086349,8.928059701239537,0.2,15.435251509665203
phoenix,8829b6c207fffff,5.517832781450451,1.0887995511256348,3.002404697117471,57.46335260423737,77.71840946925434,26.06217850571677,0.3,17.155711596342726
phoenix,8829b6d021fffff,7.519625072044542,1.0832772289733563,2.1631520758938434,37.151781798019805,1059.958078837222,12.53802141892975,0.2,18.843021123645627
phoenix,8829b6d645fffff,4.530482662400172,1.1370462545477495,2.9540241573327783,69.06183267834467,15.686655881886006,9.20955451763644,0.2,12.673012906945372
phoenix,8829b6c147fffff,3.267147377782334,1.1629620137343135,1.9827488549096612,93.04753194401296,0.0,17.338004598617538,0.2,19.476483053911487
phoenix,8829b6d29dfffff,4.532099665832668,1.0508552578043284,2.6285986635269643,67.077077384649,129.6314840420031,2.476957302538484,0.2,3.372102305265149
phoenix,8829b6c313fffff,5.242871851494188,1.1713712435490025,2.298274007467489,60.71633701781322,297.0239867593617,5.2815654623523445,0.1,3.651784216460088
phoenix,8829b6c317fffff,7.009362974237746,1.067788047327795,2.57883906679585,45.16271250714586,0.0,2.621475252352151,0.2,3.7088753600425584
phoenix,8829b6d2d7fffff,3.5503407347643914,1.239379310052848,2.772186945962968,86.06372694417817,460.6378759605426,7.421119886699765,0.2,5.79980281471247
phoenix,8829b6d061fffff,8.282693133441345,1.0912997725394586,2.401426452544176,35.26866932181269,1239.3849662902362,8.206915980066924,0.3,14.7849921752719
phoenix,8848e96937fffff,9.264794553125764,1.0895734755270536,2.92476909282116,31.606603209584335,270.4717563438591,7.431189460223797,0.2,9.789460573739126
phoenix,8829b6d04bfffff,4.7941005256006175,1.1065607365559995,2.7542793420432554,64.49150206807933,1937.558858803572,3.949326159855718,0.4,14.786814630847148
phoenix,8848e96db5fffff,4.404502079877824,1.1472495372580391,2.546479127158944,73.9503080728074,121.27757355020798,0.9051991939945244,0.2,2.3751399636518844
phoenix,8829b6c2c5fffff,3.87275600110059,1.0456258670348204,3.0692916237250625,79.0655415163202,44.0622433103929,3.956037981269478,0.2,3.9608020561461137
phoenix,8829b6d05dfffff,5.678709602165026,1.0737026373447107,2.532988287167669,54.24396312998202,0.0,11.38148302888894,0.2,19.216060729176935
phoenix,8829b6d153fffff,7.772063413159785,1.103184367518677,2.206559902961168,35.59575331785814,23688.84890653777,6.999363159648356,0.2,5.264282909825382
phoenix,8829b6d025fffff,5.430916784742085,1.1505993690976737,2.4777891982302487,50.64674823061896,6523.729652091891,15.524496397109132,0.1,13.945245511833257
phoenix,8829b6c143fffff,4.727674544177411,1.1469840453584998,2.6679992326111295,65.75766290816779,0.0,10.908200162337913,0.2,13.013724214699698
phoenix,8829b6d01dfffff,6.029797112198509,1.116105797970251,2.5727312187429616,49.62233270168888,560.0121269282212,11.052428282570276,0.3,7.498738797939549
phoenix,8829b6d8d5fffff,5.106376334142939,1.1411864017847226,2.2494139744590065,58.50113544548625,0.0,14.310742571611174,0.2,18.398143335368793
phoenix,8848e9693bfffff,3.21139287892379,1.0723833608449602,2.670347553401551,95.14736037465283,0.0,8.122829144551234,0.2,10.061809562812437
phoenix,8829b6d891fffff,6.833804795613765,1.1017055150524957,2.392970685416312,44.14954929690871,94.96054588777676,4.643693626347274,0.1,7.298644592578926
phoenix,8829b6d8a3fffff,4.590664541296031,1.2309613230405096,2.4092207358888618,63.12217428784699,0.0,0.9244158866189052,0.4,1.383090747762596
phoenix,8829b6c149fffff,6.885955914121302,1.1451635518846668,2.151169470585967,45.02628588893712,203.54575693473697,4.854829905733935,0.3,4.248342681478366
phoenix,8829b6c14dfffff,4.406990436728224,1.0302072492003704,2.1535417306847724,71.0065462044308,0.0,8.785369828624551,0.2,10.353944295667224
phoenix,8829b6d897fffff,5.764198064530159,1.063729314132395,2.5058490445964825,52.368915586422865,3.587751608783787,3.9937403634438904,0.2,8.856296666805864
phoenix,8829b6d895fffff,6.470100823286388,1.057497448288757,2.146370161972373,46.04870716351813,0.0,10.983131062861888,0.3,16.931494704986683
phoenix,8829b6d8bdfffff,6.875262132685804,1.128258720850414,2.4455611967103117,44.06611644006676,1761.2934046461885,7.908920960891357,0.3,11.255419992855856
phoenix,8829b6c337fffff,3.972535798909044,1.0438639155395,2.172246892528505,80.50772504244023,730.0876962845928,7.195619012718937,0.3,4.332405166988389
phoenix,8829b6d8b9fffff,7.769045665503575,1.1558982892326857,2.662927110643179,39.967286525649634,210.07964698011315,10.950923614933975,0.2,13.812353687360936
phoenix,8829b6da85fffff,2.5102072955205084,1.0372510734474694,2.5866720746044303,102.61134928394334,0.0,1.2781832711811196,0.1,0.0
phoenix,8829b6daa9fffff,3.494872200559868,1.032810598948694,2.964065255714564,76.30226553747725,743.1352186925578,1.0918717721690443,0.2,0.0
phoenix,8848ebb4b5fffff,5.997550288088154,1.130817462622452,3.3744778250388108,51.9986314077368,5.595428745104613,6.431366011253998,0.2,5.349680936002065
phoenix,8848ebb4b7fffff,6.329358055471461,1.1220075796541995,3.4052503195015205,47.5444623749463,129.2094082506254,6.273278101777764,0.1,4.441314151670521
phoenix,8848eba64bfffff,4.641613317333611,1.044047875044364,3.2708922766164052,66.68453151147382,0.0,2.1350771164101414,0.1,1.2567861834086216
phoenix,8848ebb4b3fffff,3.3250027433588984,1.3220684570307426,3.093497620850962,88.4563622229398,1155.2505049239876,8.8388554523874,0.2,7.126803441181802
phoenix,8848e9696dfffff,3.674150806068177,1.0870960286339069,3.1160210817564775,84.24363230072218,0.0,6.413506768370318,0.1,12.127538643020298
phoenix,8829b6d88bfffff,5.747630934363151,1.161829241259689,2.1146878350868583,50.75707064554109,0.0,9.164607774477656,0.3,4.524736938224909
phoenix,8829b6d889fffff,5.636953337204529,1.2372412390857264,2.19587083851477,51.97943881203248,0.0,12.80150574785556,0.3,8.811562097901374
phoenix,8848eba61dfffff,4.004224027892189,1.3186601887894274,3.41121527690445,78.38437883404484,476.4062277981814,3.4183368750294667,0.3,8.644813766884033
phoenix,8848eba603fffff,4.3620504808171825,1.0393208137157512,3.3713475490245055,70.0486060166624,300.2861761370088,1.0886213578413235,0.3,2.2279223962230335
phoenix,8829b6d289fffff,4.959163131818535,1.0811712978271524,2.51457730139404,61.20023428509345,19.176740518977464,8.00357896300859,0.2,5.2212390714734065
phoenix,8829b6d2b9fffff,3.156818066678513,1.0932778358683026,3.027819453632064,97.15511773237355,172.34755405660883,5.1591877422268695,0.4,6.231240454086742
phoenix,8829b6d2bdfffff,5.050799907503624,1.052893972664367,2.4021724665886532,65.21972177446538,1428.326710199728,4.987037839690946,0.2,4.532713464694836
phoenix,8829b6d2c7fffff,3.0484869802718424,1.0642512092557133,2.352415591215245,104.3736844673828,8934.817743274914,10.183147588490456,0.2,8.236069007825447
phoenix,8829b6d281fffff,5.779950968981303,1.0971407878107258,2.852479145357468,53.05696679996505,20.03189036585495,6.1374997373806846,0.3,7.309517061373622
phoenix,8829b6d28dfffff,4.972999173372722,1.0849141261283326,2.663343355871364,60.32576912666923,69.44643090565219,7.873134884682155,0.2,9.055832085516254
phoenix,8829b6d2c1fffff,4.28174659326387,1.1113579012565882,2.1044965389846157,64.81771716341119,0.0,15.259926195006187,0.1,13.6159227097561
phoenix,8829b6d2cdfffff,6.051074791970348,1.2063335464001972,2.4138505632415703,49.72209125930931,0.0,4.655208694369763,0.1,4.409577498741253
phoenix,8848e9698dfffff,6.867207342838717,1.0490816425462608,2.0228354885219115,41.04212793815245,91.37243979219,5.6923063990976575,0.2,11.801717473752896
phoenix,8848e969e3fffff,5.937998884223116,1.216763059303574,2.212790518810371,47.804264871780845,48.28531490549623,2.265022156818665,0.1,2.6868153032014535
phoenix,8848e969ebfffff,7.184349597517253,1.0918818546681586,2.2565840457471302,42.05018789486685,3786.475447965101,14.511685156063322,0.3,15.402937812129233
phoenix,8848e96985fffff,7.082782713123569,1.0807321547424356,2.2299011096747927,40.95165577353257,344.0075787768124,7.6496224317786785,0.3,9.140264290099696
phoenix,8848e969abfffff,6.610008288245833,1.0482234675445914,2.240585286071136,43.32708713430296,0.0,9.75216720609069,0.3,10.881203517808505
phoenix,8829b6d35dfffff,8.814761947807714,1.0220788832335972,2.285243405490427,32.68268961330427,568.7497413920065,11.167056150371865,0.3,9.883412717685982
phoenix,8829b6c029fffff,3.769849813994829,1.0638082688597978,2.262496604932884,81.73788084072032,0.0,2.111278150491885,0.1,3.3932141121306127
phoenix,8829b6c00bfffff,5.160568609964737,1.0917037726632122,2.618116829813439,59.30544581329538,17.93351946516064,8.939094971718587,0.2,5.272246432247862
phoenix,8829b6c2abfffff,3.1136667885001126,1.0748627179909211,3.032131290088915,96.00033137208312,0.0,4.260024515523542,0.2,5.929350685958255
phoenix,8829b6c005fffff,4.235584049123929,1.0736036378661424,2.391656559462057,74.01895697911122,5177.821039683021,4.748169204390467,0.2,0.0
phoenix,8829b6c001fffff,4.379830209768609,1.0828560512095158,2.9521468277336083,68.26633923102878,9.789909414157671,4.895072885260948,0.2,5.683424067242635
phoenix,8829b6c2a5fffff,4.092994484987559,1.0931250307321692,2.1263429109801444,78.14643834719037,0.0,6.943156653433484,0.1,7.619722006300588
phoenix,8829b6c053fffff,4.455126557328788,1.1040458185200033,2.830960788143767,70.04975793546699,0.0,1.846565426808904,0.2,2.079713581591445
phoenix,8829b6c2a1fffff,3.270350954306229,1.3231051877470503,2.405052605537259,93.60538158037916,88.09412155980462,4.273947686077116,0.1,5.818198680601212
phoenix,8829b6c019fffff,6.467145381451953,1.0490825569401605,2.5756117224576136,49.802177480292194,0.0,15.421391248240738,0.1,20.1303864908855
phoenix,8829b6c287fffff,3.5639550320516493,1.1268343147460782,2.639820404845222,87.32559389694566,0.0,6.977991450297673,0.1,9.933653803096684
phoenix,8848eba6a9fffff,8.483006623835552,1.1054087897683178,2.625895645557905,35.926166072484826,682.8740358082467,1.0729505794765737,0.1,0.7638134957122917
phoenix,8829b6d0ebfffff,5.688422575557486,1.0974227030961414,2.164389257777987,54.15926893416752,0.0,9.407814685587423,0.4,2.3469129538084452
phoenix,8829b6dae3fffff,2.473686677401116,1.0867821224552106,2.8607641908825476,137.44667144232187,0.0,3.6022345891951812,0.1,5.363463692185416
phoenix,8829b6c241fffff,7.369015976577605,1.078964776416989,2.620912257734245,40.474650397850965,2797.4512393669356,7.31480878161492,0.4,11.863820487509225
phoenix,8848e96d35fffff,3.8993838506068657,1.0748638375278028,2.716925191931954,76.62248684708955,43.95867673310597,2.285468513514034,0.1,4.067178909954508
phoenix,8829b6d2ddfffff,4.850305238854169,1.064938966452457,2.827166354516931,62.034231029817306,10.63036658602272,5.693584481850835,0.3,5.225290776808174
phoenix,8848e96917fffff,4.826566226192359,1.0551516761075084,2.116466044312442,63.16665606409877,35.10656152708301,4.278444392166394,0.1,8.271905866002133
phoenix,8848e969cdfffff,5.6859874264374,1.0727867205894184,2.31637920788387,56.47232280856117,0.0,2.9179826094699446,0.2,5.226761430824361
phoenix,8848e96913fffff,3.8473808892003425,1.1052642582866277,2.5324465941637193,82.92592499567445,608.2278021091735,8.403472189492872,0.1,7.0538238018662875
phoenix,8848e969e7fffff,5.5680369287975,1.0992519130063028,2.408440017944991,54.59893901092073,5353.808119618983,12.508851126943735,0.1,19.310157819432593
phoenix,8848e96b07fffff,5.16351253048961,1.0974573814329078,2.8100668413400816,58.099984889850504,789.0499237178765,9.139867586515686,0.2,7.764413102316853
phoenix,8848eba657fffff,3.782341930129957,1.093864353160785,3.37275530947015,80.06068911861875,52.57010313302135,11.799699492665257,0.3,13.709843139519853
phoenix,8848eba655fffff,5.776786918515769,1.152221014436397,3.489826988466499,52.96545529021253,26.484509583775868,2.753983787467628,0.1,3.6158736961038698
phoenix,8848e96d89fffff,3.1618001095957036,1.16400083568276,2.8496985167751445,100.99554684792167,154.59577613577073,3.744044903941555,0.3,7.210307436476146
phoenix,8848e96dc3fffff,6.025168200608881,1.066214471471239,1.946401605006873,46.41547051265574,468.150348631548,0.2640018857944561,0.2,1.4668027212166646
phoenix,8848e96dd5fffff,5.928689693122609,1.1088811497157027,2.9430511566691395,49.70507913072354,135.163586331757,8.215045885895893,0.2,11.604003792621851
phoenix,8829b6d2e9fffff,7.39307878748898,1.0566702961779044,2.7807382154245395,37.66431990743356,40.5814785647118,23.796583247560832,0.2,19.406429809773115
phoenix,8829b6d213fffff,5.083900606223049,1.1664819723133308,2.4486697712012884,59.369624166771345,0.0,4.379586558857847,0.1,4.796660300062679
phoenix,8829b6d22bfffff,6.703143398823096,1.121505361600455,2.2868926686874356,43.64573206566717,188.29563209915548,10.725827250437495,0.1,8.869144287615592
phoenix,8829b6d205fffff,3.96869537570088,1.10283401026608,1.835625312747663,77.52983753205518,1253.6432704844997,7.76522993061721,0.1,10.218470918276406
phoenix,8829b6d26bfffff,4.624480349552846,1.0810293265433664,2.5270430290378356,67.57516009992702,0.0,8.992648246133436,0.1,8.544535217033356
phoenix,8829b6d261fffff,5.194176335050848,1.139375179019225,2.6675273706457356,56.22362033791632,330.32535718392387,9.579503316322796,0.2,6.437375093120071
phoenix,8848e9699bfffff,3.623277069562069,1.2099347701905092,2.313008293221849,89.69780498715258,289.6469516571496,7.150584267618907,0.1,9.61400226143061
phoenix,8848e96991fffff,4.013872303307424,1.159091969305551,1.8537508467354005,71.78494268064176,0.0,0.0,,0.0
phoenix,8848eba617fffff,6.1491863595935925,1.1523622860850264,2.670251129945103,47.98715634187047,0.0,7.748233806017051,0.1,9.945036695077388
phoenix,8848eba6e9fffff,5.396058843097431,1.1629338834356588,2.9634009500886114,54.224927001171906,28.06115188040233,3.4326551170988915,0.3,3.278323289858591
phoenix,8848eba6e1fffff,5.351947617333578,1.1109063587031929,2.527753052232034,55.33571464613754,621.4447036503433,3.26148622928379,0.2,3.3981687579345072
phoenix,8848e969e1fffff,5.639785335690156,1.1395290562265474,2.072250198695967,51.73434026286044,209.45321116033588,2.6509105894962515,0.2,5.180742725913323
phoenix,8848e969e9fffff,5.205601919142225,1.07256661647059,2.4303746018683103,56.204147715963785,577.2812262861249,6.234960898738053,0.2,10.75172571885399
phoenix,8829b6d341fffff,6.419041074738705,1.0179339705755863,2.6218601828260537,45.45145504975796,49.285996033935895,12.304507616580375,0.3,16.53253502388464
phoenix,8829b6d34bfffff,8.267687958017978,1.0389324403165603,2.473103937267887,35.40081922726953,0.0,4.399082077869407,0.4,4.490866527954531
phoenix,8848e96b39fffff,5.429921767509365,1.1193189565206114,3.3297149932909647,59.052816530747656,9.20802917691732,2.9781809671736696,0.1,5.555385793395739
phoenix,8848e96b3dfffff,6.448134851466006,1.063652359817901,3.1327472779306884,45.97611306527637,40.666710732637135,7.884155141781677,0.2,12.287607820217591
phoenix,8829b6d349fffff,6.231372237019614,1.187161814908857,2.9220232026685182,48.29207989504651,3.6861200752608054,4.880159593029638,0.1,5.9510450892676605
phoenix,8848e969a1fffff,6.4155872948165475,1.1064552037895694,2.1569389430476673,45.892869147099766,19.16037327726427,9.798392272245506,0.2,13.54006073528184
phoenix,8848e969a9fffff,6.775694882133806,1.1696628308559116,2.792278688095296,43.33644032498797,359.2884152515133,11.613642366810598,0.2,14.600936233542049
phoenix,8848e96b31fffff,4.0928518421836335,1.1738269040882705,3.1554016174193813,77.90181321101424,130.4614117515209,2.842010947114415,0.2,3.567136631919017
phoenix,8829b6d309fffff,8.230961914041774,1.078186157294358,2.138412567591206,35.45190486068422,546.347102675993,7.366993542845505,0.2,13.926194151999736
phoenix,8829b6c369fffff,3.7111124869240912,1.135809406358758,2.628480571358912,77.5570342432117,0.0,5.038516436508156,0.1,6.445597100547819
phoenix,8829b6c36dfffff,4.752049214021002,1.1042052439358792,2.368842048887229,59.14783994626394,0.0,13.124889429339056,0.1,16.491493555828974
phoenix,8848e96dabfffff,4.647006880518681,1.0397535170355237,2.2881893572365155,68.2821653735696,1001776.3097635373,7.1112949072316995,0.2,1.9399392392982868
phoenix,8848eba659fffff,2.808207650454117,1.115152447731701,3.476661936630617,110.51348981832624,242.08442276185627,7.505693482409208,0.1,3.6379728997360896
phoenix,8848eba65bfffff,2.0596522453760993,1.0878585070722604,3.2208619873666433,161.83961835385736,395.1318647070152,3.9285812178434303,0.2,4.315458324619259
phoenix,8848eba651fffff,5.1108969651811815,1.0835807742762746,3.0725801169226408,62.342765497151255,0.0,6.8388729132458534,0.1,7.968894955750605
phoenix,8848eba619fffff,3.927312194823336,1.0811225009345278,3.472265327824605,85.571392621515,2326.3676907681547,3.4195117002189233,0.1,7.498580047725548
phoenix,8829b6d207fffff,5.454326921553371,1.107136774805872,2.1275225216689275,57.560445658559914,35412.085111838016,12.257999978960976,0.2,16.09849799013547
phoenix,8829b6d239fffff,5.698484346075254,1.059055216312821,2.2557229129002514,54.549669877884504,576.7278569099477,14.356434358168675,0.3,10.111467251312204
phoenix,8829b6d203fffff,6.929389727112068,1.0690961396574177,2.2166495968360533,44.74983122370105,0.0,2.838629087970715,0.1,6.184370625616787
phoenix,8829b6d215fffff,4.170810972347063,1.1461556685527876,1.9396438544604064,71.01217147282381,0.0,6.994150689814977,0.1,3.711195336951467
phoenix,8829b6d211fffff,4.9301266554938135,1.1483925764256564,2.5061478489178945,58.99754812409603,0.0,4.792542927873769,0.2,4.084329470776282
phoenix,8829b6d21bfffff,5.2656760606472135,1.113292275250471,2.2445311010698417,58.75313947094082,0.0,10.580101317680052,0.1,12.165479111327432
phoenix,8829b6d221fffff,4.827557667634833,1.148607842841518,2.2622630002162674,56.79757079348003,2283.781014858713,5.695926842409076,0.2,1.207579596144866
phoenix,8829b6d319fffff,8.187355595093697,1.0307822811116545,2.138467614737176,34.418100737196404,1056.5477100389448,4.837965674870271,0.3,12.978810226141963
phoenix,8829b6d353fffff,9.787358060398487,1.042303349528744,2.1533364871093736,28.99493224142144,84.87282006400909,16.47223284024467,0.3,15.794623926100936
phoenix,8829b6d225fffff,7.495541793172243,1.0215274662740192,2.269850905875862,39.03029288100975,3349.754240511233,7.98247059624674,0.4,12.334502925791714
phoenix,8829b6d147fffff,7.948066958526156,1.0813090310455584,2.0896027343160575,35.018997044904914,30.36914619476485,8.18924746336142,0.3,5.521685466181238
phoenix,8829b6d161fffff,6.033674897873719,1.0978728071684951,1.9931179681842943,46.42972130804623,0.0,13.491942507749938,0.1,19.051956393987883
phoenix,8829b6d165fffff,6.5620059419131875,1.0979222862921325,2.418211763348205,42.56478084598503,81.16810650213874,5.057366043455849,0.2,5.200983380537503
phoenix,8848eba4b3fffff,7.7990839378101535,1.1506247392320852,2.4362052004412917,36.55256603024707,511.71614475459984,2.9398588053606343,0.2,7.943617364701828
phoenix,8829b6da59fffff,3.96171648054564,1.040527814190503,3.174544085471561,72.35920795300947,0.0,15.478008253319958,0.2,9.085508000746575
phoenix,8848eba4b7fffff,6.280265885742297,1.0893927694974626,2.9288600461383787,44.14067730838628,118.43314319499451,4.312032797184065,0.1,4.0995265213421765
phoenix,8848e96939fffff,3.2821505919470337,1.1878172389970436,2.674354731295563,101.55942696571816,1192.8141818328756,0.7714041490739768,0.1,1.246777382504336
phoenix,8848e96b23fffff,2.460893936322289,1.0637960766498014,3.0829689035182684,132.22708244107358,592.4562854347173,4.190232311586861,0.3,6.153753384041365
phoenix,8848e96b21fffff,5.498828118888242,1.1261822303864863,3.475247120001408,56.55306967823007,631.7249739713535,3.352657386149803,0.1,4.2082497241697965
phoenix,8848eba699fffff,7.131521938821171,1.105725870005437,2.463024060479326,41.08081732248415,973.677025053837,6.891875048668368,0.2,7.040475318052099
phoenix,8848eba6d1fffff,7.1148068065808365,1.1405929623822024,2.5993575165519394,40.83931924117415,93.9661789933096,8.642895535390114,0.3,13.536858501148767
phoenix,8848eba6d9fffff,6.356608572139752,1.0823545660600429,2.7098047807404755,47.91629835025367,521.3529255210924,6.662233595725187,0.2,7.16757809981911
phoenix,8848eba6d7fffff,6.273909461888823,1.055455312391807,2.3758342136578396,46.65080498964567,616.855411004416,8.855325143038023,0.1,13.779713718179131
phoenix,8848eba6d3fffff,4.235012087429759,1.0532391966291,2.365670160587065,73.78963590860914,111.1570294879758,7.769976900082889,0.1,9.2659115075205
phoenix,8829b6c007fffff,3.5810374240229637,1.0714157434863003,2.662533408435695,89.68570980497492,0.0,3.9969807202957424,0.3,5.543542776762099
phoenix,8829b6c2edfffff,3.4030279307272613,1.0823485513928153,2.8489871495893073,87.74865125696896,0.0,13.437582232470694,0.2,17.951964307723102
phoenix,8829b6c233fffff,4.6412470618991115,1.0283694444399911,2.3777089514691863,64.11228957244938,141.92688256940778,7.083010185745679,0.2,7.52156781236158
phoenix,8829b6c2ebfffff,6.507848154740141,1.1664765985500205,3.025362416398236,48.47338256032316,267.69986689616303,5.7068624741947325,0.2,14.91362761485088
phoenix,8829b6c2e9fffff,6.523764273380158,1.0734976967721055,2.8496597364374776,48.42058408260469,107.74048774030264,7.59666784064356,0.3,12.632126178406008
phoenix,8829b6c011fffff,5.193414049016018,1.1249591014325249,2.4627074020185313,60.24619501349087,430.8289218822352,5.440116865691663,0.1,6.060816220776363
phoenix,8829b6c01bfffff,2.959336560546048,1.0851199374441032,2.983645776148087,110.69582664707336,0.0,1.473772133223154,0.2,2.9634241461946615
phoenix,8829b6c253fffff,4.291036331613578,1.0255956920661446,1.9843521889327276,73.82689603344504,0.0,7.27415935365795,0.2,11.226071993636824
phoenix,8829b6c257fffff,5.820956588740946,1.0281809218435185,2.4427127481589386,52.02184499952589,90.06480241919998,5.146554729183409,0.2,7.392528995962046
phoenix,8829b6c20bfffff,4.633499954206494,1.1164933455116817,2.51701835093898,69.1729413360295,0.0,13.266286482343045,0.2,15.883979312442548
phoenix,8829b6c35bfffff,3.6384247617698686,1.058702825263405,3.081033691291169,82.70775009225254,1961.095976711714,7.029292585744756,0.4,9.192301260644792
phoenix,8829b6c22dfffff,3.3363558799062036,1.0709097322212904,3.060733532723863,86.17186245973326,0.0,6.491222146355724,0.1,8.794705834653817
phoenix,8829b6c229fffff,5.068358076463408,1.1263947938209078,2.315886052486274,61.65704855211326,458.4431630441419,4.187662667736247,0.1,7.625699576119096
phoenix,8829b6c219fffff,6.110399346324568,1.0627202323713325,2.377459863662881,50.85007838336811,0.0,10.514002897060344,0.1,16.655034109682923
phoenix,8829b6c351fffff,4.3882300909756315,1.161726133785053,3.021280426677276,65.5699093008661,1110.7511521403276,6.032278813670354,0.1,13.279341149248983
phoenix,8829b6d521fffff,4.632458484142174,1.012414003934352,2.879453574877611,75.9535898824157,0.0,2.5366523824116203,0.1,3.047456776164358
phoenix,8829b6d52dfffff,3.4485029554268105,1.081042025690245,2.3237240019427263,97.74637169875182,39.08213446116047,6.105340673812362,0.1,2.9240617245874496
phoenix,8829b6d189fffff,5.298418898369664,1.089811751101482,2.585843797565055,52.93149959824133,0.0,8.30697579047777,0.2,12.727575837451113
phoenix,8829b6d1c3fffff,5.527870768884049,1.0822228332676804,2.429042508768504,53.114807832431815,0.0,10.230456683660982,0.1,13.953734365093773
phoenix,8829b6d081fffff,4.912541737342397,1.1047811447160678,2.334712078903076,60.928118804630714,164.3346777379845,8.092516220873648,0.2,8.531556446107166
phoenix,8829b6d08dfffff,5.17620345881099,1.1062510873525335,2.4531728595763087,57.22430016885117,144.62268200098222,14.212878705891264,0.2,13.022180697434427
phoenix,8829b6d085fffff,6.514150625585214,1.1255032906577394,2.324921765227891,46.66414551934991,154.85344609944502,12.715699769929731,0.1,15.014897293074116
phoenix,8829b6d1dbfffff,6.538423479255947,1.0575755136850409,2.110767376560415,43.51257346115413,0.0,15.74434246636922,0.3,24.420939070597864
phoenix,8829b6d1d1fffff,6.432995976677209,1.1446934154985462,2.236248295201394,44.628781866865125,0.0,14.311271762831783,0.1,12.831575429652696
phoenix,8829b6d1d5fffff,4.975960589078912,1.1802205118483693,2.5204113206160157,57.79230948219629,710.6292888503152,2.842837075712077,0.2,3.669817827511984
phoenix,8829b6da4dfffff,4.454142110714876,1.062499621992648,2.8157318784115835,65.26457108750601,73086.35364799412,5.277131631956665,0.1,5.29427330137862
phoenix,8829b6d81dfffff,3.892744591944137,1.0556936977274414,1.952957514208851,86.5601412526389,0.0,1.6528315410682872,0.2,2.4213318608883263
phoenix,8829b6d819fffff,3.194925852063388,1.173524458020012,2.387673083006224,101.15124627966028,0.0,2.937578466857676,0.3,8.348232227227804
phoenix,8829b6d811fffff,4.143005004189377,1.0977075039258737,2.5536815580297967,84.47974348234742,0.0,0.0,,0.0456008491364201
phoenix,8829b6d8e7fffff,5.47922370167758,1.175209037439309,2.330469692754703,53.847285377984456,23.19409433788777,9.092863788832704,0.1,11.96899305492705
phoenix,8829b6d8adfffff,5.321409691321666,1.148499645156204,3.2570308838812707,55.01379265074394,47.76814608279904,5.527552050570474,0.4,10.985642511151546
phoenix,8829b6d817fffff,3.90747936976442,1.0019238862634652,2.2381137455499305,83.51055977382102,0.0,4.78694189043845,0.2,4.018968870737623
phoenix,8829b6d8edfffff,4.557266199300445,1.0791254401745922,1.8885746232618124,66.98383297021272,142.48933954372794,4.161190860213953,0.1,5.812472705854961
phoenix,8829b6d8e9fffff,4.3157444208853475,1.189572962621125,2.639993299700039,72.08747339289587,32.35155775269756,4.2415531377661315,0.2,4.956950366563492
phoenix,8829b6d8e1fffff,4.271355978189924,1.161226764100371,3.08813474073861,69.3368150799612,28.37736406111272,6.74817922846297,0.1,7.854919299347532
phoenix,8829b6d857fffff,3.3153534549694115,1.0254722570494963,2.2250222140202265,90.48808945252205,0.0,4.172379753829396,0.2,7.159188622107678
phoenix,8829b6d8cdfffff,4.660764764444612,1.106556847307494,2.304980114374782,61.85698060840676,514.3019479939722,6.716399515718203,0.4,7.780240214623844
phoenix,8848eba4a3fffff,5.413148345941113,1.0999911430085654,2.360924145650056,53.486417889694486,716.5866467719446,4.390419182221133,0.2,3.835057830178184
phoenix,8829b6daa7fffff,4.351514702148313,1.120600542058387,2.903002569133908,68.32041660126383,547.3467606574194,4.990304075221908,0.2,8.30010322623454
phoenix,8829b6daa5fffff,4.849792421295437,1.102910440381034,2.322290066309168,61.49657307506425,3495.5847623311633,5.627091550133203,0.2,7.730450017445044
phoenix,8848eba4abfffff,4.9519633895344715,1.0823761041519928,2.400712571244225,54.01897771807791,0.0,5.767971206914611,0.1,11.357202889905228
phoenix,8829b6d8c7fffff,4.851519255810286,1.2786912506860624,2.538617238624172,60.20168468781714,0.0,10.641434740668824,0.2,13.97363301191411
phoenix,8829b6d8ebfffff,4.076775600370628,1.3144458397557846,2.352135747581383,73.76531532758872,235.5320265250735,2.8950080398530655,0.4,9.790472492966432
phoenix,8829b6d88dfffff,5.480680693755639,1.1718961765516616,2.6782819409671954,53.15112558153253,18024.290496124955,6.175504634517656,0.3,8.768205196314872
phoenix,8848eba4b5fffff,4.6636520347400765,1.1113634240837853,2.693822301106502,59.8717007917468,44490.04599659763,11.43536180711028,0.1,9.52768671920154
phoenix,8829b6d885fffff,4.418325415896071,1.1466070928769607,2.7041579375894194,66.63725719448891,7.8056362269399715,7.0913622977149835,0.2,4.350586712045832
phoenix,8829b6d887fffff,6.8182920209940585,1.082590620456002,2.7182777858798097,44.69279776687827,66.13376254945516,8.240973280448053,0.3,7.902070805062766
phoenix,8829b6d899fffff,6.689971258931062,1.1138433045011749,2.5393224231174254,44.94777168106203,43.57735460893713,6.3009624829542465,0.2,5.248980450072161
phoenix,8829b6d2c9fffff,3.923352695560032,1.141204550266712,2.4493071203582537,81.17882214498911,0.0,3.249976115432893,0.1,1.0464110135740743
phoenix,8829b6d23dfffff,4.70007687544979,1.0596925445224836,2.153422448706536,62.89693675019172,0.0,6.935696114404086,0.3,4.501380172536714
phoenix,8829b6da5dfffff,4.243685274930674,1.0806933246738222,2.7419867421496993,65.76118382068745,814.1824709930769,1.0935621909476625,0.1,1.4247201389912627
phoenix,8829b6d2c5fffff,5.097070582942459,1.1460398923672417,2.48276738982309,60.087024749616674,0.0,21.208166435511185,0.2,17.168859047381268
phoenix,8829b6d235fffff,5.6826720702978015,1.1304115906551389,2.0101601389613006,53.482158545798974,0.0,10.30533942406962,0.1,19.18938931456706
phoenix,8829b6d049fffff,5.989746830641939,1.0505674439028687,2.6396714926373424,46.44772552126403,0.0,10.71585165804056,0.1,17.840123973682395
phoenix,8848e96d8dfffff,3.876389016225938,1.082994337043595,3.098808043978427,77.56022254545518,20.062600130568207,2.948824499689241,0.2,1.4150792206763612
phoenix,8829b6d237fffff,4.72858460836433,1.1661437497293887,1.9553037011179857,66.16472432841739,0.0,10.80248282317633,0.1,13.534963950506732
phoenix,8829b6d2d9fffff,4.756378494360358,1.1088052750661113,2.730267924902813,58.08110268981199,29.04107692890597,2.8116245295547393,0.2,6.048790992044415
phoenix,8829b6d2ebfffff,5.542340375632058,1.0873072757617708,2.968557668272396,54.12875782927487,0.0,11.32571829316291,0.1,17.659182602692407
phoenix,8848e96de5fffff,5.7121475341111525,1.114313968976567,2.2062544806404887,50.43808031516342,0.0,14.220938295398028,0.2,19.036886927051263
phoenix,8829b6d2c3fffff,3.315976709648714,1.0372788497275904,2.342333499051244,93.55945201686524,0.0,13.006757715033284,0.1,19.209488943313566
phoenix,8829b6d233fffff,3.91859327034319,1.1191749786565912,2.3402943560614595,79.46818852793496,0.0,8.664502748781263,0.1,6.603025917734051
phoenix,8829b6d2edfffff,3.5283061685917407,1.1160456070030196,2.419216429322199,91.6953904524212,0.0,15.919444777771886,0.2,17.253325157272943
phoenix,8829b6d1a7fffff,6.4347108019403265,1.123623334863998,3.3398477823857746,43.09609754118671,0.0,13.40383287573096,0.1,11.830015388381296
phoenix,8829b6c36bfffff,5.765946663484483,1.0768651098840236,2.698384262959303,52.78367002844122,2480.4485888128575,10.37138224213035,0.2,13.775297131603471
phoenix,8829b6c345fffff,6.056648076014777,1.1126037472345836,3.1422245330276186,49.67226985145784,0.0,11.714203882062696,0.1,15.1098719565191
phoenix,8829b6d00bfffff,7.175055307128276,1.0690065178900032,2.1178316453066865,40.355721188984944,0.0,17.821267673410084,0.3,30.523690403209393
phoenix,8829b6c059fffff,2.3974366205022184,1.0445647976261785,2.3248819871693724,130.69514774813777,0.0,12.921488685061808,0.1,18.7916751669495
phoenix,8829b6c237fffff,7.229876961931949,1.0751692908810266,2.967627586577076,43.390304614912274,0.0,6.03127391905014,0.1,6.88087516149583
phoenix,8829b6c041fffff,7.7763905014353965,1.09790262388914,2.334806732173304,38.98704470301702,0.0,12.875055881098833,0.1,19.798420172970907
phoenix,8829b6c043fffff,3.7964736240069503,1.097127933545467,2.908859481114561,84.18871953790021,30.909389190154663,4.483791034306571,0.2,0.8002880934603898
phoenix,8829b6d037fffff,6.9486142950853695,1.0474581509135932,2.800807588553995,40.26263573821839,0.0,12.396311161363144,0.3,16.69169133341626
phoenix,8829b6c009fffff,5.1455891154754,1.0849478389250036,2.1538562905166194,58.15787052957484,1081.7205794202257,13.265867059385007,0.2,14.967112277229669
phoenix,8829b6d193fffff,6.831579509539192,1.073199841369051,2.6221579669658244,45.05597391910524,16.655895554418894,2.1069224847231407,0.1,3.8267510610066138
phoenix,8829b6d041fffff,5.631815438610083,1.0810349933123986,2.42489251504095,51.60610207683868,1180.7883854624324,5.60809116540191,0.4,5.881230363163964
phoenix,8829b6d031fffff,7.621507528380096,1.10973791448797,2.4986117972296884,38.92072720259623,0.0,8.156930512184251,0.3,11.967715977801811
phoenix,8829b6d03dfffff,8.049872302159452,1.087803912837192,2.333753501548025,36.55251404218412,97.91861776941512,5.368616999002159,0.2,5.482632163197378
phoenix,8829b6d007fffff,8.038299412688001,1.1145776588672465,2.0797796731096825,35.6296662623721,4038.025588088412,7.658889898337386,0.2,10.685234412355529
phoenix,8829b6c26dfffff,4.525253150247166,1.1225905809921788,2.5506169442708813,65.11080095635404,1928.961612764341,10.225874396245668,0.1,17.177161996441903
phoenix,8829b6c261fffff,6.288664153191097,1.2306789526909647,2.6556631326725735,47.26772679626933,4012.4166916102818,5.530117626313369,0.1,5.786798347873126
phoenix,8829b6c25dfffff,3.1934613694587397,1.095323632743049,2.650660137388973,100.42070908995132,50.487430190074214,15.139233773238995,0.3,6.2809086011746
phoenix,8829b6c243fffff,4.0369058036751975,1.0946726067970258,2.680308661502943,80.080110309895,57.87014619915128,10.18621376199672,0.1,15.82961362588559
phoenix,8829b6c26bfffff,3.4832027003274084,1.0536030602929352,2.7701610485999777,91.67647092786804,42.229031896994634,10.932270099364366,0.2,9.479437301299836
phoenix,8829b6c269fffff,5.988197749107754,1.0911054628695416,2.1098120870147583,50.253171076517006,4399.672736053917,13.14427562666618,0.1,24.360631114152113
phoenix,8829b6c251fffff,4.914399870620709,1.0971554757660715,2.5440790477448583,63.00330439395776,172.57582980170656,10.06090502095716,0.2,12.708097132383934
phoenix,8829b6d641fffff,4.3790483842267065,1.1385562766271795,3.3826690558602257,68.6623323822378,137.41131729382613,9.077747507022512,0.3,12.599945264537968
phoenix,8829b6d649fffff,2.336305333650006,1.241291234951887,2.993757826992205,145.5289234257829,75872.7536585176,2.2664961538218473,0.1,2.5060616611063544
phoenix,8848eba4d3fffff,7.301146649936011,1.05044967496688,2.3413766773200724,40.06948572823494,0.0,8.760500002637507,0.2,8.812787074311077
phoenix,8848eba499fffff,5.396283026882068,1.0729790737208158,2.219219582265063,48.2114448649176,1232.2446998187174,7.052405550428482,0.1,3.677562064614621
phoenix,8829b6d181fffff,4.940141360297528,1.161120809656159,2.432230003340401,56.228710378653695,424.1180999177152,12.864621378601148,0.2,14.606143489853412
phoenix,8829b6d18bfffff,5.370943504191874,1.1025201180953128,2.4044499921833324,53.3918678642851,18.32058008469797,6.031068484450093,0.3,11.586461322228056
phoenix,8829b6d0a1fffff,3.0108586603730223,1.109833541275408,2.8417814068786114,107.13908607098983,0.0,6.117188638245224,0.1,6.076010932171107
phoenix,8829b6d0abfffff,5.168787646688026,1.0914085810970195,2.6445496783888895,59.72867397881697,0.0,6.6682182037327316,0.3,9.07990193586632
phoenix,8848eba613fffff,5.405147776375403,1.1723049360864026,2.7919377239668774,51.802468976669296,1240.809210272197,4.544653157515959,0.2,6.419030241164357
phoenix,8829b6da51fffff,3.1546784519652356,1.0869311284397452,3.0090412496752683,94.3421182699756,1090.0599952028786,5.3606484048303304,0.1,3.632695519637938
phoenix,8829b6da55fffff,3.401374428822484,1.091661332995903,3.107696683133895,91.87462496099964,0.0,0.1337267635984303,0.2,0.5908248752055734
phoenix,8829b6c25bfffff,2.864069770741492,1.0385694745779728,2.6320015459023067,106.33311299068296,0.0,9.53904770453216,0.1,9.26667738742888
phoenix,8829b6c259fffff,3.4981853928636024,1.0792491657685537,2.510694961203107,88.7906230583737,110.89319325447576,2.818410017116759,0.2,5.258174206766782
phoenix,8829b6d567fffff,9.63952598372952,1.0381562235303656,1.867476138651618,35.423257866673076,0.0,0.0,,0.9534891167318024
phoenix,8829b6c223fffff,4.697424051419058,1.06440018417459,2.6966245293368547,63.86478987550047,275.9011229842501,4.509521772908508,0.2,0.0
phoenix,8829b6c049fffff,4.772113896061461,1.0317676287484474,3.2469906807235565,61.02301779702547,29.53444287915521,4.188346287822224,0.2,5.048837848430865
phoenix,8829b6c31bfffff,4.148214728874234,1.1584948536169763,2.8717523904741418,73.9639102292681,33.55172302618637,11.02023960689734,0.2,17.240622588071357
phoenix,8829b6c23bfffff,8.023922970744218,1.1398013638694469,2.2718084620306542,36.857866398938455,56.26389891327586,12.705380342399035,0.2,12.78451110888598
phoenix,8829b6c217fffff,4.05165894578864,1.089788460576993,1.8857423661767985,76.44634393432335,229.17603721499063,1.289546986198591,0.2,0.0
phoenix,8829b6d133fffff,4.640559448933404,1.2009157613471615,2.8026840847296817,63.02102869426603,0.0,10.488234626386651,0.1,16.81472771822942
phoenix,8829b6d1ebfffff,5.005007553294513,1.121069707762862,2.5452137244172723,54.68529325799645,0.0,15.4349200713534,0.1,18.57034307612701
phoenix,8829b6d1edfffff,6.2061930361247715,1.2053981286708513,2.7144169622319727,44.72578469772244,110.26666817951036,5.03082532086458,0.2,1.307825305856072
phoenix,8829b6d1e9fffff,5.9828201725823815,1.1882064963436176,2.237723576195961,49.004873867924395,0.0,11.405043683342942,0.1,15.620204518042613
phoenix,8829b6c357fffff,4.834375566354148,1.3213721730863657,2.771511635874505,62.47206462830859,141.5933484984828,3.385966536978703,0.2,9.709316851300766
phoenix,8829b6c353fffff,2.5422728942060924,1.2198311471142278,3.4068405992822544,141.60556910332073,0.0,2.7818724841690745,0.2,0.365031949038507
phoenix,8848eba653fffff,2.9347689132203634,1.155884768127463,3.4701274314823385,101.21059332210312,89.85137352566579,4.70853559649042,0.2,14.792570186750403
phoenix,8829b6d255fffff,3.9125479821679106,1.1548994911401782,2.110205792202438,76.29490144199248,0.0,0.2040260550881701,0.2,0.0
phoenix,8829b6d15dfffff,8.241070100461316,1.0686985357585224,2.3277033206461004,33.87014188565246,415.5060331161585,7.294738414463116,0.2,5.380218621444502
phoenix,8829b6d1e7fffff,6.313498290792094,1.16898485522396,3.198839918491864,44.99275735488614,0.0,1.9172197343561217,0.2,1.8698104950110217
phoenix,8829b6d337fffff,7.801779299400685,1.0482667870629985,2.3840227978765283,37.220992930055495,0.0,11.375227916963526,0.3,25.96986000250712
phoenix,8829b6d117fffff,6.323002763778848,1.1772629278709787,2.1687039134706634,43.31688346900003,0.0,11.15482994258735,0.1,14.44276716120238
phoenix,8829b6d111fffff,5.6852499578245785,1.110303635824516,2.1489225690266074,48.672892010854135,0.0,9.532061296680476,0.2,12.237220248629429
phoenix,8829b6d11dfffff,7.226936993218579,1.1440931228507576,2.371789017829576,39.80870101308838,202.7409869995894,1.9675207854404568,0.4,2.3817322474502927
phoenix,8829b6c151fffff,3.568781083843672,1.1083369503632128,3.230908292995122,88.42620577665753,44.64088738640539,17.80897188038579,0.2,7.246836665512599
phoenix,8829b6c159fffff,3.899213724709224,1.0558375590898923,2.589525698790744,77.99616353753099,32.785974556461795,10.737783800980385,0.1,13.09742205335015
phoenix,8829b6d1a1fffff,5.6627273940595675,1.1261307333251906,2.85293553984103,50.852812789104625,135.47258149469883,5.7503427476874664,0.2,3.419403396485667
phoenix,8829b6c153fffff,2.28109310115722,1.3204690585070922,2.382407690613964,138.43778385196447,236.66983957491104,0.1769005103763738,0.2,0.3688232642871778
phoenix,8829b6d33dfffff,8.41716919277095,1.023955285650298,1.8793998617457348,33.50771478646039,2455.473414015488,3.4496864376998824,0.3,7.481485346981105
phoenix,8829b6c30bfffff,3.219939815260453,1.1027322452686752,2.4785509034497717,90.9311383415126,0.0,12.653390970508015,0.2,8.00181318321094
phoenix,8829b6c31dfffff,3.1882458034207652,1.0666538348823964,2.4009664366472885,95.9101470905588,0.0,12.468804225013104,0.1,11.142340048776118
phoenix,8829b6d8e5fffff,4.342612863429525,1.1809146759101423,2.691034105384064,71.00180076605564,12.936941456466286,4.498661214619076,0.2,5.684926672841062
phoenix,8829b6d8e3fffff,5.713947843399221,1.134589044099329,2.594549859767834,50.9053453574542,432.0754674622923,7.074932222900597,0.3,3.5579778491137795
phoenix,8829b6c367fffff,3.934074308345778,1.0896616657840752,3.0090707522241624,84.344665558111,2423.9042665155607,10.235061975842296,0.2,13.747331970408606
phoenix,8829b6d8d1fffff,4.70845251340622,1.0989688939444318,2.4349745646934657,61.490625821381414,0.0,7.168470300082384,0.4,0.2761267583821025
phoenix,8829b6c347fffff,3.7333712352007673,1.256055308386269,2.958690488282399,79.36427363628161,0.0,1.8970937811813335,0.2,0.0
phoenix,8848eba485fffff,6.250138088641925,1.1434531418415022,2.3410147689018985,46.45058661547817,0.0,5.452058144161323,0.1,9.1720112013849
phoenix,8829b6d8b1fffff,4.911932814861132,1.17487327327862,2.5480234081871287,63.511823904014875,56.01618727070893,5.687062395874778,0.2,6.7320615976011275
phoenix,8829b6c249fffff,6.566469286184079,1.0842343809629669,3.3531411343414668,47.418101794681725,0.0,8.256709037356558,0.1,10.985388974694724
phoenix,8829b6c209fffff,3.6214633324619574,1.0819574296269348,2.4970903852568256,86.9548625085117,74.49723262003721,9.28825660208167,0.2,10.604522225078366
phoenix,8829b6c203fffff,4.412296251298012,1.0581524950700103,2.361351894484841,70.15027819873923,0.0,10.498488147245896,0.2,15.49082757454769
phoenix,8829b6c239fffff,4.672095340656798,1.076274350610622,2.62580043472595,68.49175298614828,489.8934776459287,12.823274485200216,0.2,8.936397586233898
phoenix,8829b6c057fffff,6.914571640937703,1.098530663460172,2.447385146998549,46.52180039235206,0.0,5.3811993187873135,0.2,6.508908892241228
phoenix,8829b6c051fffff,2.9460918181974054,1.1862387963074474,2.0096999232053903,109.24271893762308,0.0,4.567707835977571,0.2,4.431235400565363
phoenix,8829b6c05bfffff,4.990770531975002,1.07108794560574,2.249778570005871,64.3108507260787,0.0,12.329008788198763,0.2,18.317770258803865
phoenix,8829b6d011fffff,6.608724241076615,1.0558831695858315,2.5537980847836295,45.02803322034245,150.34944541490412,12.651031049875227,0.3,24.279324346539713
phoenix,8829b6d019fffff,6.6435811025296205,1.1060430943699158,2.3614830088049543,43.56507007136492,5.572657090879432,11.0374930435552,0.4,5.741352516622878
phoenix,8829b6d051fffff,6.936581768456504,1.097881540461876,2.7458107011737325,45.466863350303015,2235.7213627092115,6.1698279664277695,0.2,7.504358110201743
phoenix,8829b6d0e9fffff,5.573763468665369,1.0885622755679056,2.2467269810368187,52.927894402946315,0.0,18.29049921379186,0.4,14.028231948835858
phoenix,8829b6d0a7fffff,6.318020140065393,1.1302056004566166,3.007813002242808,45.75513838945872,0.0,9.70597285910261,0.2,10.191015826444346
phoenix,8829b6d231fffff,4.328447870317311,1.066851278399481,2.2956889596342047,73.080822523353,4184.785540458264,6.1960488379110235,0.2,1.1262514043335212
phoenix,8848eba4bdfffff,5.809955470417903,1.1914255719909093,2.3724370813821194,47.72779445507924,84.21706407557254,4.999148595558558,0.1,4.461858656730627
phoenix,8848eba487fffff,5.09374156448534,1.1453866734752691,2.215107984199332,52.85520787075335,62.48619650159444,2.559573968083239,0.1,3.0111012703160345
phoenix,8829b6d8c9fffff,6.913565919721605,1.0757932783014528,3.089040493125463,43.16134958162877,951.732104905585,4.2161259434187555,0.3,14.375265298527246
phoenix,8848eba48dfffff,5.5879445994692265,1.1312166178304268,2.8506528517680985,49.0784199372423,76.82027772725655,10.136890161164128,0.2,13.840293889003377
phoenix,8829b6d8c5fffff,2.806469729011704,1.0274430868359643,1.428311651643789,109.7961370109742,75.91554381818898,5.665485538362129,0.4,4.192428545627439
phoenix,8829b6d0bdfffff,2.864763572682917,1.1500104091879844,2.5039320746502085,114.02918892910095,115.9271160265971,8.170289349971782,0.2,6.651630155475544
phoenix,8848e9693dfffff,5.454642758964882,1.149847352954125,2.869332842120252,57.29064465063201,0.0,0.0,,0.0
phoenix,8848e9699dfffff,5.2030738561566245,1.145519972915765,2.3608351210247434,56.816498502400975,64.4868829855592,5.5819389186765855,0.3,6.897635913251436
phoenix,8848e969d7fffff,7.076030471765428,1.1727331874585452,2.6260860291872725,42.701087313994016,624.1954181180846,7.220228961522035,0.4,21.6287588827302
phoenix,8848e96debfffff,6.540336031180429,1.0757986711728482,2.2618071769048913,45.74214132775325,532.359880012799,12.100815320887952,0.1,9.985966767767504
phoenix,8848e96dc7fffff,4.427320387458408,1.0689085336512194,2.844811498166796,74.57980230674796,0.0,3.4764507728838288,0.2,5.005404920378307
phoenix,8848e96dbdfffff,3.9188403090065447,1.0418803536511063,2.090817599746516,82.61143135896643,416.2749030195568,7.768641588712466,0.1,6.6717120502297576
phoenix,8848e96da3fffff,4.232872589269111,1.0742668334343215,2.373462685915122,78.52113078932096,0.0,14.435571642306986,0.1,14.84210115780335
phoenix,8848e96d81fffff,5.617792556071991,1.1274273963179984,2.8656030556076426,56.63822845112199,142.1648516335328,13.051787265871218,0.2,11.802290891182055
phoenix,8829b6c311fffff,4.218228491917902,1.0875048893505672,3.197213955831611,73.2600849787709,1529.488886903773,0.876647867928025,0.2,1.0644441303625145
phoenix,8829b6d1b9fffff,4.1926995395344555,1.099665810332695,2.8407839579618464,69.96287965960566,80.19498193871837,5.964637865835305,0.1,10.743544019277618
phoenix,8829b6d187fffff,7.50915185654376,1.107008938297027,2.365686123826221,35.943649608018646,465.2924870615927,18.74484347416688,0.2,26.3869796750269
phoenix,8829b6d183fffff,5.621575066465171,1.1213138800400146,2.3922961027503016,48.78253703547695,0.0,8.210433629845037,0.3,13.698288007369468
phoenix,8829b6c063fffff,2.8096950913024172,1.0481691702513152,2.5074909866159016,109.91353843616234,0.0,3.871013173016741,0.1,6.954865372721709
phoenix,8829b6c061fffff,3.031494500546032,1.0746560525049569,2.650080930493879,100.61044146544344,0.0,12.14590858167032,0.2,15.04775117251878
phoenix,8829b6c319fffff,4.278906403018873,1.143238852593124,2.9457850832788157,74.21699323535466,185.81555165540755,13.453523997449611,0.2,16.91763484090048
phoenix,8829b6dabbfffff,7.088846267206757,1.130561520405572,2.426098297508563,43.31507982182591,0.0,15.560984512489776,0.2,19.256978157784037
phoenix,8829b6dab1fffff,4.497790000555288,1.1953532762829129,2.454302584137521,66.69942348641511,38.53714228268755,12.83535565680975,0.3,11.55457987916652
phoenix,8829b6dab5fffff,4.231045474620338,1.1505850555140753,3.399991832336591,72.41060179035298,430.6536772296966,3.8435522724440903,0.2,14.905962901195316
phoenix,8848e96db9fffff,4.6974123489833675,1.1207576780549102,2.5078526448180445,67.30864720800247,1144.38770817044,6.677881267625338,0.2,13.899019269519307
phoenix,8829b6d2cbfffff,6.38620499919925,1.13194821234244,2.3596887196106495,40.755655766668106,0.0,2.5249887230349097,0.1,4.5259997527922735
phoenix,8829b6da99fffff,4.945706184976131,1.2267046120069032,2.924458195486098,63.444025679741536,0.0,1.942639015380724,0.2,0.2394332527316116
phoenix,8829b6d1abfffff,7.325378047955,1.0654605867142617,2.6325053197555377,36.29030729136078,107.58625616400826,9.77560458137714,0.1,15.103851272703
phoenix,8829b6da8bfffff,5.485895044428407,1.132414198434048,3.1344003574378743,54.68569806210312,152.5077998346304,2.6881526103835145,0.3,0.6193710329013111
phoenix,8829b6da83fffff,5.016162441525491,1.1301930683263306,2.733172201022639,58.90051386866437,56.90645823146553,2.829245675461439,0.2,0.0768084972487539
phoenix,8829b6d1a5fffff,9.262349074952112,1.0504942722330273,3.045337020920958,30.17626558104076,0.0,3.598502554677908,0.1,4.446000614502077
phoenix,8848e969edfffff,5.6631718387501415,1.1416412364082866,2.56391981309269,50.91842461616514,0.0,5.258891818586624,0.3,10.290611019028582
phoenix,8829b6c24bfffff,7.468420829500302,1.083037862364476,2.3303928970169188,40.92924901711092,1346.208945869764,4.509839716989597,0.3,7.477727230258531
phoenix,8829b6d1b3fffff,3.237814528387772,1.0879030899124402,3.403618198862373,100.3763486606595,920.9965456243256,7.873564211261872,0.3,3.884540143861863
phoenix,8829b6c115fffff,3.795156555776904,1.230489939702106,2.8307756236748163,79.52288591162477,0.0,15.695686559900809,0.2,13.39553488909604
phoenix,8848e96db3fffff,5.2967400593920555,1.0893475059157578,2.1292692494591403,62.93179004362777,689.7527807430653,0.1229784350286957,0.3,0.0
phoenix,8829b6c04bfffff,5.007623758635375,1.1774689926176252,2.490820809590663,62.00736499116388,0.0,8.578208072499228,0.1,13.324210672572914
phoenix,8829b6c2e1fffff,3.857064825686087,1.0751466987677345,2.342635736869639,82.63108469682135,343.6538653993818,10.48971210269178,0.3,3.269708791045926
phoenix,8829b6c2c7fffff,6.654790331792532,1.0453695043845472,2.7642507917454573,46.77593600589957,410.2616461832007,1.9860575228131672,0.2,5.77484939226708
phoenix,8848eba6dbfffff,5.8614077163418115,1.0589560681525871,2.496314313217214,49.986904981267934,32.049539353286626,8.9745488805214,0.2,12.460326780435768
phoenix,8829b6c10dfffff,4.201958116621995,1.148485198003918,2.4700231246148254,69.53155328774979,339.95558318811374,4.018085532678266,0.1,6.925153453212257
phoenix,8848eba6b9fffff,7.122420001573477,1.1018820873157529,2.859135410455144,44.037439025229205,4.687436969270131,3.973114507032717,0.2,4.99836198607778
phoenix,8848eba687fffff,5.537959708194496,1.1322217743804788,3.197688593476957,51.70679518383662,725.7778828234636,9.074953281419852,0.1,9.659108078714574
phoenix,8848eba6abfffff,5.978021335847154,1.0739832606286113,2.57610241901457,49.28768911814245,552.7168233158006,6.796107277138743,0.1,1.6896258074409296
phoenix,8848eba6a1fffff,6.087818514542792,1.0954325226158124,2.527684049204278,50.38968955650501,0.0,0.0,,0.955760277742698
phoenix,8848e969a7fffff,4.594898734908904,1.2261694958933993,2.5477039429385737,62.998925745915344,10.380576628608338,0.5687634583822212,0.2,0.337005051034227
phoenix,8848eba6d5fffff,6.272361097684829,1.1194536612769463,2.589307857401295,46.7577757688444,1189.0587633174357,9.047544076976004,0.1,9.7327983649872
phoenix,8829b6c215fffff,3.5788125261712542,1.1228331974382233,1.8878865340210924,88.83806577843681,2271.938034445009,13.29896977884148,0.1,17.731973379446234
phoenix,8829b6c211fffff,2.6262228690816913,1.0265006593847448,2.104315598763176,126.92499835320136,332.72593070982253,3.239294507328394,0.1,5.443764907215787
phoenix,8829b6d145fffff,5.53268315456799,1.085101768975126,2.164638139181948,49.238591304249326,0.0,12.173804979062025,0.2,13.07324347629571
phoenix,8848eba493fffff,7.674828361736813,1.1130868887325351,2.159881478055333,35.9958456688774,10641.175158028116,3.5618402719714815,0.2,2.555674181971007
phoenix,8829b6d14dfffff,6.6511340326316395,1.0852221992426572,2.2153253062634217,38.92998850394864,0.0,8.604634725057577,0.2,8.862840390758912
phoenix,8829b6d32dfffff,6.535283931610641,1.1073916348548305,2.443673179831257,42.604326829974426,1874.6263834498104,12.072988409172243,0.3,10.618917907028806
phoenix,8829b6d10dfffff,6.497125547640147,1.1422182289802767,2.1542199749877153,44.96001686569309,782.5797656950019,5.010229868647309,0.3,10.186800274878244
phoenix,8829b6d105fffff,6.604549142262824,1.1166905384641472,3.0741350953422915,42.49270544365559,761.4700313333672,14.102303693990557,0.3,15.44154952070004
phoenix,8829b6c361fffff,2.8374551413216653,1.0474330684747353,2.9649472349759387,115.04896632116596,5815.587193793745,4.516171382691381,0.1,2.1978001150780875
phoenix,8829b6da9dfffff,4.740965679658572,1.1930965685296282,3.4275677297944176,63.76076144071898,330.64819529263065,6.9058779177562775,0.2,13.396312262301189
phoenix,8829b6dad7fffff,2.4483926826137066,1.3135847009344603,3.3709931084540843,140.39823041500043,148.05777383788418,5.898417510843796,0.3,0.9462851862395548
phoenix,8848eba49bfffff,6.9668719215571695,1.0366807277672616,2.004056270659475,42.25064591741278,27.784981265501727,1.7160398588315044,0.3,0.0
phoenix,8829b6d327fffff,12.2348526603709,1.0367355043792286,1.933362315136444,21.304481618316625,0.0,13.42622979296696,0.2,22.158016923479146
phoenix,8848eba4dbfffff,8.043054540185295,1.0958054744624444,2.2790392094420304,36.9534984490355,952.610862224726,9.909915349941556,0.3,9.97143654269456
phoenix,8829b6c101fffff,5.031689039159609,1.1947786158595095,2.2606347464992727,59.95521092535897,152.33353904513132,6.593698846082138,0.1,11.58761084003643
phoenix,8829b6d30dfffff,8.338332981955322,1.0386206782521152,2.279995573330283,35.56338900313411,77.06426344780135,3.021203563424176,0.3,1.374203147508167
phoenix,8829b6d347fffff,7.963020521766221,1.1039074839809095,2.320643760240777,37.54729730667353,629.2303582010361,5.794340885560729,0.2,5.736017661261539
phoenix,8848e96b2bfffff,4.711690523513737,1.1204753144695798,3.302112536141653,63.09779808619273,0.0,0.5248590560756039,0.1,0.1455701978182659
phoenix,8848e969e5fffff,5.117433625460502,1.164513153504844,2.333721004763383,56.889363477274394,9349.991372656885,12.952752566607971,0.3,11.116055938925324
phoenix,8829b6c06bfffff,4.3767159038624195,1.1283898878745506,2.628061860936264,69.00846741874474,112.94261775353762,24.64622777951182,0.3,6.767681046136113
phoenix,8829b6d063fffff,7.907342354713481,1.082645690395274,2.5026505398739456,35.572101922420416,2339.970814357455,7.406424262220011,0.3,8.974513777241146
phoenix,8829b6c02bfffff,3.6584719255022864,1.0331860559444317,2.342774534145381,79.05368475249462,0.0,3.6503444894386,0.1,0.2071317171802746
phoenix,8829b6d83bfffff,3.3773074638120493,1.0170409294781009,1.8113825899971112,94.65295492721263,0.0,8.84797212883566,0.2,8.58832487836225
phoenix,8829b6da6bfffff,7.518425377229824,1.0482608877518416,2.520362215271735,40.71629811033425,334.6772141792401,1.4847705276923089,0.2,1.4382797230626547
phoenix,8829b6da0dfffff,4.759685272328977,1.090464164803821,3.034034947229462,61.58042633193746,0.0,0.0,,0.0
phoenix,8848eba4a5fffff,9.947231613381302,1.3071945967217462,2.1112165458116356,35.3718366604162,0.0,0.0,,0.0
phoenix,8829b6d64dfffff,3.336715913283513,1.143590917463973,2.1787953878889232,94.90369420004028,0.0,3.6236237727316976,0.2,4.398699324392404
phoenix,8829b6c00dfffff,3.133481088230137,1.0396483988121406,1.8522304147720492,104.206983559403,0.0,12.536767210867628,0.1,10.65458111236692
phoenix,8829b6c225fffff,2.88090143095427,1.114096673470414,3.013098221896893,104.13407302888112,0.0,3.4806964806138145,0.1,5.540026529840775
phoenix,8829b6d069fffff,7.259527333248936,1.0723406773435116,2.534535330847562,39.21518188805616,5754.400110073061,7.191396596970511,0.2,11.79439861629126
phoenix,8829b6d1bbfffff,5.482783938393086,1.039805682925394,2.4822071645495787,56.99659215307109,206.5169331753016,9.841241057739586,0.2,20.74362585804902
phoenix,8829b6c045fffff,4.8131031381469,1.080197067445161,2.8613964169027715,62.81302783628834,0.0,23.641608806090012,0.2,35.224857055910974
phoenix,8829b6d1c9fffff,6.538632082732106,1.179685600774674,2.181948402917343,44.25086132112579,0.0,10.442219574609863,0.1,13.787195278408642
phoenix,8848e96d93fffff,3.789740720024783,1.1201509809426529,2.8686405012514724,83.95873007896367,0.0,7.818075012803427,0.1,10.071793271636285
phoenix,8848ebb491fffff,3.0892118008159337,1.047682129809434,3.223449581245896,98.09308087916324,0.0,2.854927784982426,0.1,2.4118444830023194
phoenix,8848ebb499fffff,4.876454160119423,1.1383333699694005,2.9665433077566483,61.61417819807258,242.77366828317827,1.2556218563236206,0.2,6.382407987423242
phoenix,8848ebb4d3fffff,4.238152680569119,1.069853897110627,2.580271911702887,71.5591700872524,45.64496281205441,0.7458658410490756,0.2,1.909053846291975
phoenix,8829b6d883fffff,5.684259908836044,1.093030274725847,2.3612780150262593,52.68239602998666,5026.896429188603,14.02036132477595,0.3,14.820449919324927
phoenix,8829b6c325fffff,6.304969160006511,1.1122089715310135,2.2687156364655925,47.104509739219786,42.86210705438932,6.8825347855213055,0.3,3.866507919568944
phoenix,8829b6d89bfffff,7.105691802706105,1.095292087087726,2.136203926954967,43.83728727932376,69.7953042444283,1.3683891452770751,0.3,1.5826319246437737
phoenix,8829b6c02dfffff,4.7148340629475936,1.087573550489043,2.628094460783908,61.09302563254838,118.8720713560816,1.4199321179773916,0.1,0.0
phoenix,8829b6c025fffff,4.463368835869148,1.109870550539537,2.8308232401323865,69.0374347751427,1009.0817978348964,17.388836031346614,0.3,19.346375488241467
phoenix,8829b6c309fffff,3.3724514809470776,1.106281440246708,3.211714808232661,87.33129286192016,0.0,13.813143255178588,0.2,6.996749598109808
phoenix,8829b6c355fffff,5.927893144111362,1.194618696345914,2.412616631475934,51.40675116813921,5692.426563097136,9.038893912328229,0.1,11.178832467551574
phoenix,8829b6d8c3fffff,5.829865767582039,1.1183919067599322,2.242098398459739,50.45015765102423,0.0,8.801719992300926,0.2,4.173552379112333
phoenix,8829b6d833fffff,6.853292329118028,1.0120091907475777,2.162909547729886,44.14465593400307,0.0,1.1602624017033962,0.3,0.6407038214070067
phoenix,8829b6c305fffff,4.561234476624608,1.1056618015465065,3.4354730893579037,67.51396391606593,36.69876215278025,3.073770579398135,0.1,5.747703532103412
phoenix,8829b6c0c5fffff,3.488962535071622,1.2326793170206014,3.0334563019514498,100.31635378188864,27.40832066837078,1.5891658909379816,0.2,3.604720833100459
phoenix,8829b6c341fffff,3.2541188052691523,1.0784160753052083,2.976236072156414,97.16193215695584,0.0,2.5804651941806216,0.1,3.279949901884301
phoenix,8848e96967fffff,2.125357497464893,1.2333218987685723,2.803719856655597,171.09421077164936,0.0,5.220756995598508,0.1,7.347201068394391
phoenix,8848e96961fffff,2.969789158350429,1.0323835372770551,3.2447192545738868,102.38237054611017,59.697954877955674,0.1434083966092804,0.1,0.7263660070689042
phoenix,8848e96965fffff,3.7452633549198246,1.0423492271932973,2.9248797347714706,85.40198935711892,105.88983658300644,10.408188424473778,0.2,12.797730623025966
phoenix,8829b6d0c1fffff,6.923894556808502,1.120718009487698,2.16227401676701,43.36361502558912,906.1303245393826,5.658420213016947,0.3,2.0829423165500867
phoenix,8829b6d0c5fffff,5.7808230387553055,1.0958607739514843,1.9649234734451413,49.983319274949594,0.0,10.376374224774686,0.2,16.76536223156561
phoenix,8848eba4a7fffff,4.515909198182839,1.0337670027856445,3.0569318629928497,78.04829568656281,371.8177931997709,2.5247228082973914,0.2,4.881368295589678
phoenix,8829b6d2e3fffff,3.177028024394071,1.096829498777307,2.716046224123803,93.89886568217736,95.85552929098324,12.161836769366484,0.2,3.2974843597305066
phoenix,8829b6d285fffff,5.686882401146823,1.0783705250149769,2.500400300478997,52.91393606927718,45.88176596166918,8.066279975965092,0.2,10.226919634622462
phoenix,8829b6d043fffff,6.892144046864951,1.0743410365525936,2.3740362961325947,40.93617638267096,12132.911139807708,4.482465316630748,0.3,5.398040193913033
phoenix,8829b6d047fffff,7.098800030391733,1.0527510864030791,1.9579783667693929,41.11152224845448,408.9693636654549,10.06995561343268,0.3,16.97443597317167
phoenix,8829b6d2e7fffff,3.9452246197440943,1.1500384407433903,2.637485679088982,76.04129774985012,634.3857383840392,10.15417145350962,0.1,12.217308026415866
phoenix,8848e96dadfffff,7.837499589755656,1.0570261778222307,2.7934966416698788,40.07012481217243,15.694576348951884,9.137682208527927,0.2,11.545707513930497
phoenix,8848e96da9fffff,4.344294037159601,1.05543318402146,3.0670552949514227,71.9334366704883,457.2526831994371,19.552566907737965,0.2,20.25021953102924
phoenix,8848e96d83fffff,3.785594757794188,1.1680121891667157,2.5327338907075196,80.04826782010728,0.0,5.999118163862797,0.1,6.436966632061518
phoenix,8829b6d06bfffff,7.841670176647231,1.0521640439183502,2.2241798012325034,37.49500713056166,340.76147664963855,5.447972401407644,0.3,9.40683887709555
phoenix,8829b6d059fffff,6.035261849632778,1.1036329912983525,2.463327226679123,52.00146901982956,0.0,5.435814814141938,0.1,10.913750152005315
phoenix,8829b6d13bfffff,5.920813093814274,1.0956192137581635,2.853990100438655,47.45165511910921,16.97175896780553,11.012976113968184,0.3,2.7884748631168543
phoenix,8829b6d1c5fffff,5.840787792065195,1.0925216843452872,1.9836407039152633,45.116090995721585,1073.9503915785997,12.84879464635064,0.1,8.217363889242806
phoenix,8829b6d113fffff,5.445782477227783,1.1323004129029952,2.059909729571918,48.39466121381272,4519.061257963254,15.832403194673104,0.2,16.354635650754958
phoenix,8829b6d0c7fffff,4.376968138414589,1.1051431730698318,2.327251264063183,69.44119744581599,19.81229945245528,7.0263480019398035,0.3,6.876305503183204
phoenix,8829b6d21dfffff,5.028534463574088,1.0710181044744302,1.9727362855243864,63.46758453821439,0.0,3.09930912886079,0.1,1.1690971804582695
phoenix,8829b6d2a7fffff,5.9088553360756215,1.1006770995772046,2.3615964544728167,49.52021774645096,2425.0926146123097,4.178303382969257,0.2,0.3088896605664651
phoenix,8829b6d2e5fffff,4.416892771424427,1.1357771050205074,2.570866501148416,71.11931629500263,1265.7170991558537,8.21278235642167,0.2,3.2805628926362447
phoenix,8829b6d0b1fffff,3.3541081431901305,1.091524180182367,2.794227750169248,94.19819122018356,0.0,11.775448879604502,0.1,6.20615639802663
phoenix,8829b6d0b7fffff,4.290814682623841,1.122602540671412,3.093559914626544,72.96612305756382,139.2457962622344,7.06625232768103,0.1,6.219296873655754
phoenix,8829b6c2e3fffff,3.816378890402944,1.089174965625238,3.0795031661667567,79.51209368261382,727.794164773254,9.84737258515501,0.2,10.769055271397908
phoenix,8829b6c2e7fffff,3.0595794546690405,1.1648670299225017,2.737033210382786,98.73361284092236,0.0,8.409407667163977,0.1,11.414013148755526
phoenix,8829b6d0cdfffff,5.059832520168436,1.170945769170625,2.754993769077963,58.77250503306488,0.0,6.790751316920749,0.3,11.426005081983307
phoenix,8829b6d089fffff,8.84930492313912,1.1227863558822238,1.6662852739585443,36.17729162603218,0.0,5.2553547481707925,0.2,9.7471280788691
phoenix,8829b6d2e1fffff,6.001193327349689,1.100251894057457,2.389409992698262,50.31119285639709,184.5584016725397,9.114463064879384,0.3,8.330094571016865
phoenix,8829b6da87fffff,4.539342057857263,1.0636520688852371,2.1788107084507247,69.16277389333614,0.0,3.4415998090486646,0.2,5.935035808737625
phoenix,8829b6daabfffff,4.700063027348669,1.1208039583777183,2.66223107078019,61.798412030895165,0.0,7.959991839556506,0.2,9.952937621651357
phoenix,8848e96d29fffff,5.758818210342927,1.0745454398223813,2.378692372800195,55.56695632886538,0.0,1.2716716893389737,0.1,2.066987889004885
phoenix,8848e96d21fffff,4.414434183567504,1.1817494610711825,2.142272987565651,67.95887933197285,0.0,0.0976447599915886,0.1,1.5864566691795368
phoenix,8829b6d0b5fffff,2.902089519756808,1.1256571025697517,2.789938580240322,109.07546456956108,984.0787011045664,6.770291320067945,0.1,8.35232831581325
phoenix,8829b6d0b3fffff,7.158779931282121,1.1338164335946586,1.645316422950616,45.835324335949174,1452.0917490129575,0.3055796830773278,0.1,0.0
phoenix,8829b6d195fffff,4.963262824074688,1.0863398263907815,1.871042834735666,60.89184331651147,0.0,3.7135030335473016,0.1,3.1931665407361196
phoenix,8829b6d197fffff,5.745611330653484,1.1454566396259185,2.264550649682762,52.93561432099093,391.2758131050055,7.91285407887494,0.2,5.009182290638321
phoenix,8829b6c003fffff,5.667185908001726,1.0672762604288997,2.27978338830398,56.60595318110981,0.0,7.452404558083328,0.1,6.062894941822828
phoenix,8829b6c01dfffff,5.437663144190762,1.089998329923591,2.288084051195587,61.55415201826832,15823.47824945904,7.770549353483744,0.1,9.877383726230224
phoenix,8848e96da7fffff,3.707831008673331,1.0280673735381132,2.6379370221470277,85.73227689136915,0.0,5.256018065498666,0.1,7.252327444053805
phoenix,8829b6d155fffff,6.626241826843906,1.068957174425623,2.4072286108810315,44.462521934927075,1867.057570566532,9.90519420243558,0.3,9.653422447583337
phoenix,8829b6d15bfffff,8.827086782773964,1.0812034601351002,2.473630523918609,32.65059176141093,86.69767275619242,8.244566814839557,0.3,23.18181494653415
phoenix,8829b6d151fffff,7.035034600515741,1.0934167068786238,2.1375986828851747,40.41667237388755,13.377948147892903,5.5530187800253445,0.3,12.271864240880202
phoenix,8829b6d16bfffff,7.190303898991463,1.1549709024513064,2.213306216119853,41.33831159530904,14.189041918463325,3.447959613970175,0.1,2.6689138825577654
phoenix,8829b6d16dfffff,6.665847905737936,1.1493935069103736,2.29023896136619,41.49685052291962,0.0,9.24320689433809,0.2,9.599331031595362
phoenix,8829b6d035fffff,5.60069580722109,1.060844436822526,2.1710597865277204,52.48030912686566,0.0,3.1973220947078156,0.2,6.122138335416254
phoenix,8829b6c285fffff,2.9493287394329206,1.069819134167844,3.147867006008458,101.06602193631208,189.18597961444215,3.408190661981394,0.2,5.771150306323466
phoenix,8829b6c281fffff,5.748580368828512,1.0707074899405122,2.211247042377747,55.821698889017,546.9428342142373,3.755675404647885,0.1,3.577374760555349
phoenix,8829b6d167fffff,6.103388020784632,1.06383268265687,2.271965929161209,45.43699117350479,0.0,7.930539175130717,0.2,15.05549380206446
phoenix,8829b6d163fffff,6.309762147196645,1.1745025521377703,2.3631580772902385,46.621106975574975,0.0,8.994898903004117,0.2,12.64791811158988
phoenix,8848e96da1fffff,4.74283468307193,1.0508680562627486,2.52728268358297,67.13452639103424,33.21494348702332,5.363666885040394,0.1,2.087212930382801
phoenix,8829b6d749fffff,2.788935203087897,1.0512707698583632,2.354524932355058,118.00701704587448,0.0,3.087568117246287,0.1,4.18072426737292
phoenix,8829b6c2a7fffff,2.665984149790957,1.0235728910687627,2.6397887549718964,114.6126677382964,0.0,5.212760578528404,0.1,5.624117534089507
phoenix,8829b6c2a3fffff,4.043945125848396,1.151376634985651,2.0149030205422647,86.54914671389666,0.0,0.2482215970308665,0.1,0.0
phoenix,8829b6c021fffff,3.326201217559963,1.0432428312920494,1.5518880935662325,92.50562054631948,0.0,3.9722870664555066,0.1,5.803590899224652
phoenix,8829b6c015fffff,6.193776604621483,1.0492950600633668,2.4798379479836563,51.61928339820929,0.0,7.637354722427046,0.1,7.22753447263884
phoenix,8829b6d18dfffff,4.070537538567014,1.1891746134442531,2.6173000753075724,66.25293018794228,1606.7947764483604,6.576042848514155,0.1,8.531600249684322
phoenix,8829b6d355fffff,7.694002967338903,1.095002291810614,2.413133042786086,36.97331163201087,404.0079888919365,10.673802844945316,0.2,13.059988295377885
phoenix,8829b6c32bfffff,4.724367955343191,1.1109209786992178,2.575630719353066,66.14641428311423,0.0,9.617494722711651,0.1,8.323236581959126
phoenix,8829b6c307fffff,3.6451028000340577,1.085410218639239,3.473249357225166,83.53983272917404,0.0,2.8208764324688107,0.2,0.1306831736034492
phoenix,8829b6d8d7fffff,6.375227479907458,1.126609907003867,2.4389705819870757,46.22360398384443,0.0,6.8477345545314,0.4,3.1848845717716188
phoenix,8829b6d351fffff,7.306969997761304,1.077622109494978,2.2936715698744945,40.64368232571458,153.89300677909617,10.25559072727754,0.3,11.995797328249024
phoenix,8829b6c28dfffff,3.3080214987185825,1.0502969485082714,2.6806795551585827,89.99636906212521,114.35029513676864,8.899209404026678,0.2,20.79808169805518
phoenix,8829b6c047fffff,2.993249619444263,1.0295511930514305,1.8642188858642883,106.76945443838903,3008.29539622729,7.791770190737586,0.2,0.1339905255108995
phoenix,8848eba491fffff,5.375118140955701,1.0632818836193578,2.348590278864215,52.25120933320863,0.0,9.575429972512884,0.1,5.991754633793709
phoenix,8848eba4d1fffff,7.522562207769723,1.0444316312770598,2.3942732303864176,39.08668551600303,0.0,12.95210129535,0.2,14.290701966397636
phoenix,8829b6c16bfffff,2.5601077664606304,1.1635071794439968,2.452518443962681,114.88486965743785,0.0,11.341238734460624,0.1,18.056513805828263
phoenix,8829b6d169fffff,5.8843814779360715,1.1942703586229564,2.1481648731603347,49.803854161454886,0.0,8.654475211175983,0.2,10.78189979080278
phoenix,8848e969c7fffff,6.10919257884261,1.0923146867847684,2.344153896627745,48.0419237089653,306.0939991814094,14.243600355302634,0.3,15.946731974972518
phoenix,8848e969c5fffff,5.976542108536868,1.118855388690396,2.600242970725804,52.56151800649736,5542.4472205234,8.546473435785357,0.1,7.973843099836952
phoenix,8829b6d293fffff,4.446661558136613,1.09125926599699,2.689004454249542,74.96260486103142,0.0,5.935427649788047,0.1,9.63277740254027
phoenix,8829b6d299fffff,7.299654882513088,1.1210148448946369,2.2942233044559233,42.648695003756295,540.7855918255535,6.029282762388144,0.1,8.423270918323992
phoenix,8829b6d29bfffff,4.628560173810423,1.034562820674295,2.8500543421009046,67.60745422272737,16.491581626470854,2.342663751411831,0.1,0.909555636804015
phoenix,8829b6d2dbfffff,4.2289349532814615,1.0356079362244184,2.1664743263064157,68.7682193609887,560.5802377647725,19.90597615131776,0.2,18.35384574780989
phoenix,8829b6c33dfffff,4.094368517196065,1.022966675437976,2.293962819309225,72.94353619281299,0.0,8.99433293310075,0.1,10.883604511311027
phoenix,8829b6c15dfffff,3.901394913010684,1.1611820686949268,2.7669096151632657,78.21486048641236,59.075369356256815,2.9916440579523034,0.1,3.5423662062694623
phoenix,8829b6d32bfffff,7.678667460872354,1.0689137594157276,2.197071901028578,38.52490516078567,221.4074011557496,10.409106496992912,0.3,12.18338876613413
phoenix,8829b6d103fffff,4.367221934339831,1.088479302570831,2.3777071738488655,70.30875612121353,0.0,5.976002085110764,0.3,6.189881323824242
phoenix,8829b6c155fffff,3.4651323569497365,1.0449887645475138,2.2268169368406783,86.57677949828208,0.0,1.2051958569274417,0.1,0.521740570632975
phoenix,8829b6c169fffff,3.8400649395166737,1.274829498387739,2.640308766949318,76.37789829210297,126.58701382198863,4.900463858598773,0.1,7.305248109486575
phoenix,8829b6c067fffff,2.5968359142298914,1.1580595597877663,2.0370043482064735,117.6645601214931,0.0,5.933497947742095,0.1,5.536194729138288
phoenix,8829b6d8b3fffff,6.888179283245488,1.080699858712264,2.5138691970810543,43.000572429113,37.79260807512907,2.78461148857171,0.3,2.1004764792846533
phoenix,8829b6c16dfffff,4.4144469865093585,1.1251892347757542,2.443829201025542,69.6297973720556,10232.49131507268,9.317891717523406,0.3,9.474427833883023
phoenix,8848e96981fffff,6.756048138609315,1.1159403401522725,2.079584601007416,45.226965422193025,540.2274498227637,11.91675507975554,0.4,13.382364771119656
phoenix,8829b6c0edfffff,3.6764685519662264,1.15394411252859,2.339052056189903,88.9877036081786,246.3251684556819,1.4880422543955845,0.1,0.1017994369451109
phoenix,8829b6c22bfffff,3.3837889484577315,1.066327241537495,3.1755407087209537,93.32422278527204,3583.2104284536017,10.908579526773558,0.1,16.845376810488098
phoenix,8829b6d223fffff,4.380787166129146,1.143962759335725,2.181347875362814,69.10198486151467,0.0,4.815873262333341,0.1,10.52133846627544
phoenix,8829b6d8bbfffff,5.635910429329139,1.1208054441796766,2.146467718237933,53.19402281614416,324.7617389897375,6.3140584324993165,0.3,7.864149687304798
phoenix,8829b6da43fffff,4.046261748845888,1.2744629074672122,3.3039712604256524,73.64323330412087,1805.811210199769,6.492428606694022,0.1,9.160928647076544
phoenix,8829b6d8b5fffff,8.435127091886365,1.1395636451120077,2.874910300166583,38.95275376318598,25.00864775419473,2.749217312555153,0.1,0.1284176888069989
phoenix,8829b6d247fffff,5.260159146772282,1.1272552315369742,2.459636020312155,61.90706717321356,0.0,9.526125707735616,0.2,4.922789239017153
phoenix,8829b6d19dfffff,4.214811659463056,1.0553120166467829,2.5897748836560543,73.00262326110821,0.0,14.70298752543456,0.2,15.185919646772224
phoenix,8829b6d19bfffff,7.519946650273961,1.130760506644643,2.791240625425432,40.30730833431011,83.69612276696738,2.322868599261446,0.1,3.615937254620124
phoenix,8848e96d23fffff,4.123820591981699,1.1458255057807305,2.251630095054586,71.64582911997266,0.0,1.478771059173522,0.1,0.4479610757269192
phoenix,8829b6d295fffff,3.2114243800880025,1.0426505119685885,2.7770489454518614,100.08909860108972,4200.261081829884,6.339003832563496,0.2,5.543485462313705
phoenix,8829b6d283fffff,3.3418643070980765,1.148284420618561,2.8115791634444505,91.6194516427782,37.123398441681616,4.020856189266018,0.2,10.248692928593751
phoenix,8848e96b03fffff,7.007105387346189,1.0073019969805628,2.583933452225744,44.290018549834336,44.469809768543875,0.1792818957988859,0.2,0.0
phoenix,8848eba68bfffff,6.9040627858229024,1.0448382105343224,2.0781862540723077,42.62762471869326,734.4493469351194,8.405712361290128,0.3,5.4775414526624875
phoenix,8848eba68dfffff,6.1529046524966455,1.1292882655198782,2.49405927112086,46.10759766264194,22.855478359690117,5.880172392808112,0.2,12.713129709214613
phoenix,8848eba6e3fffff,6.332606181922532,1.1237878374381154,2.9579545547292834,47.82809349586043,3200.3691586047808,8.3676529820649,0.2,15.131037758377316
phoenix,8848eba6e7fffff,7.249840085135436,1.0919487771759084,3.078393522904179,42.04726179159758,0.0,12.025429061535077,0.2,22.95257898628631
phoenix,8829b6c333fffff,3.740241190958666,1.0747255213126197,2.385700682128877,78.25242060238647,74.13235325789596,6.129537405439094,0.2,6.94301229633448
phoenix,8829b6c06dfffff,3.4702036960447855,1.054826039672964,2.6168818631163964,86.79744639209824,163.23899076300023,11.64954183805338,0.2,5.007172635387065
phoenix,8829b6c14bfffff,5.153935020214601,1.1145756688521802,2.593941316613375,59.58682012486522,11.731973896488231,4.559745188140081,0.2,2.9275596200417393
phoenix,8848eba69dfffff,5.247383380263121,1.038496428584317,2.286338473436681,54.10283269039701,225.46675368098272,7.603474555321581,0.2,3.882618404849026
phoenix,8829b6d217fffff,6.811345947188477,1.1089466654829423,2.46929834968752,44.69127186591849,1653.1685535299523,4.822827772810444,0.2,2.4579993951930694
phoenix,8848e96da5fffff,6.118834225717156,1.1898444470187357,1.9951075532081068,50.625433882518266,199.6563733712802,7.616397318322125,0.1,6.939064945753033
phoenix,8829b6d0c9fffff,7.746530127914718,1.1451349518620124,2.187233645229397,41.03219604242425,0.0,3.2263501207074805,0.4,3.198977310926546
phoenix,8829b6c21dfffff,3.5806721766690974,1.0592502427536077,2.372702891436703,85.1454793228513,167.7389824733293,6.093260502968132,0.2,8.493362437161275
phoenix,8829b6d2a1fffff,3.5566868630652886,1.09679847413664,1.9630937352729416,83.53320399404204,0.0,1.159994750387762,0.1,2.7654368504895395
phoenix,8829b6d2adfffff,5.839586714227519,1.1261181561557558,2.044297695946538,53.05237112308377,8907.816825997783,5.954042504721846,0.1,4.098594734392442
phoenix,8848ebb4d7fffff,2.9620184338980544,1.1554651217749812,3.1931672603403523,107.42060702272094,106.36079272510644,0.4651975718775836,0.1,0.9540967544663452
phoenix,8848ebb48bfffff,4.166981593536052,1.194742040530842,2.8512517061036053,78.53951833634268,800.2713837298523,6.903730270424511,0.2,9.526124564031983
phoenix,8848ebb489fffff,12.493525577130368,1.1667654442603912,2.6670018152216084,20.10430981787608,50.446092144199106,1.1525472514286554,0.1,1.7025349363687603
phoenix,8848ebb48dfffff,5.206021144372294,1.1581158451018296,1.783746654339424,51.71526618208372,11.594939727817636,0.1014791159428777,0.4,0.6411904906258575
phoenix,8848e96dbbfffff,4.215593777167422,1.1119521527072045,2.5263716026824583,80.36775650506304,203.8348361866032,6.7920002665762,0.1,18.40799801298282
phoenix,8829b6d2a5fffff,5.606096900385862,1.084414870702003,2.3761384949361,56.39021905531205,402.6161607315848,4.638201844737171,0.2,4.388506916029059
phoenix,8829b6d291fffff,4.805631778464788,1.0808005991677665,2.863275200040245,67.14934691980943,269.9138751485859,7.861169265926507,0.2,11.551519248503793
phoenix,8829b6d297fffff,3.153586391519143,1.1033855117621694,2.206069595412228,96.89144916951636,781.5079338999968,4.067724841786893,0.1,1.8196816207363824
phoenix,8829b6d2abfffff,3.3943641899679693,1.0372199826220774,2.028989453401172,91.81213864366728,0.0,6.657449249104945,0.2,6.280622089832852
phoenix,8829b6d2a3fffff,4.947250732900659,1.1007478588868094,2.008033774115754,70.30694535924307,0.0,2.37770584469544,0.1,2.7485667582710924
phoenix,8829b6d74dfffff,4.43833555743268,1.071641851604193,2.49975376436114,70.25785972109365,40.37751695477144,1.417632854023279,0.1,2.1602794537585392
phoenix,8829b6d669fffff,5.2416549677847595,1.1048766120364788,3.0875531072539117,61.66075826736383,0.0,7.856554339132677,0.2,17.363645366252058
phoenix,8829b6d029fffff,7.729556611685928,1.066555236349747,2.297443725841775,36.48422989604256,0.0,8.331713809974612,0.3,10.117612129147323
phoenix,8829b6d005fffff,6.008845769430922,1.0645744535319974,2.239925713592087,47.573305540970495,1416.212005290605,6.5751107569713,0.3,13.101786078326658
phoenix,8848e969b7fffff,7.677724285926343,1.0575039435100813,2.548265523311263,37.4491653729715,14.762019037482188,15.419889830288168,0.3,16.578679382736304
phoenix,8848e969bdfffff,4.812638040316884,1.038791572913914,2.13061856186406,59.14318889574088,767.1589241663908,9.635488209651475,0.2,2.519348383862458
phoenix,8848e969b5fffff,7.035931091729088,1.1132686628034705,3.3240173881523822,42.06467085904968,5.617053857980252,5.416180807644572,0.2,3.29231417764084
phoenix,8848e96987fffff,6.073920383365962,1.0951061062193166,2.2271806358399897,48.60032555210517,13.893360215471676,11.077387193701284,0.2,5.85153636852584
phoenix,8829b6d8d9fffff,5.315804203367547,1.0756193342288602,3.0538866215699967,53.150882111251235,18.38149222352887,6.527679030914145,0.2,7.3084382311435645
phoenix,8829b6c2a9fffff,5.3885973690598865,1.058598987240785,2.3021672544543077,61.24042629252382,241.16337866738925,2.178426255797972,0.2,5.516622679343462
phoenix,8829b6c2adfffff,2.9095177833213692,1.0279640561309322,1.8694184139187908,108.83819596564716,0.0,0.9924173675665722,0.3,1.0244133985541186
phoenix,8829b6da19fffff,5.519475661748512,1.5470489088660009,3.078014567747474,59.44858173286219,0.0,0.8462366720899208,0.1,1.3677250041680369
phoenix,8829b6da57fffff,4.043620509758475,1.3113720942199467,3.3834087357046374,75.87709605234642,799.13889491937,0.0,,0.0
phoenix,8829b6daa1fffff,7.078060589487112,1.1207442778558392,2.758905545988111,41.81509462342627,0.0,5.359572506871163,0.2,9.538348914561556
phoenix,8848eba4b9fffff,6.900141828940113,1.113947833667293,2.5519152181251576,40.82899965088792,121.86722591349525,12.447674203615705,0.2,9.93181180798626
phoenix,8848eba4b1fffff,4.9186025890021,1.1310428151075318,2.4370181526702104,56.70955229550884,31.86523033379448,20.052732195481315,0.1,24.97718407653243
phoenix,8829b6daa3fffff,4.963907915295836,1.1463872778582382,2.803549840686226,60.67896996013409,550.0097074681062,3.186173263747692,0.3,6.321108000108765
phoenix,8829b6c161fffff,4.63090804781348,1.1974963107372834,2.6930323706813697,64.22364470049769,81.85312197886934,0.5760371884644435,0.1,1.393913935406088
phoenix,8848ebb497fffff,5.225237754813739,1.1398824709258035,3.4167349145355943,59.56178539611964,208.8443466054905,5.417845424215819,0.2,3.4147685468440714
phoenix,8848e96b37fffff,3.7512431317460626,1.0600639935200975,3.2191881470841013,72.35696591658444,0.0,0.0,,0.0
phoenix,8848ebb493fffff,3.043633876976027,1.0492392059609716,2.7542600131395396,109.51820974752506,0.0,0.0,,0.0
phoenix,8848eba6c5fffff,6.14782428550452,1.1562698797087747,2.790680476658889,46.02908447976777,239.27442658890027,5.043820530325622,0.2,3.2254016523493902
phoenix,8848eba6edfffff,6.587556124831658,1.1052929100139317,1.9817261887258308,45.54040896428281,0.0,3.789220654024001,0.1,4.034117913424028
phoenix,8829b6d12bfffff,4.682462351108775,1.1422998166908858,2.874439162086172,64.31153975323613,1363.4165635096294,1.3809158243430468,0.2,4.229517931011982
phoenix,8829b6da95fffff,6.771035193596044,1.108589430126513,2.463379283140898,42.64582595712617,345.86137172135074,8.120283231225574,0.2,7.628409881323945
phoenix,8829b6da97fffff,4.599718511171204,1.1220524156262532,2.6885287887785396,67.24213037030327,141.06373160056594,4.563558615463631,0.2,5.0017120198870115
phoenix,8829b6dabdfffff,4.828408759574233,1.0774584158150866,2.5231975192779625,62.55127443143717,271.5810666405239,2.322556112333171,0.2,5.937401648418171
phoenix,8829b6c349fffff,4.027492271118151,1.0861241314502148,2.8999922791657124,63.371971525137944,0.0,2.301498915723996,0.1,1.1693982533617628
phoenix,8829b6d185fffff,6.007459932335032,1.1014212738411715,2.4734119649551816,45.18191956098001,164.21856363258476,8.12415461421038,0.1,10.474173868768055
phoenix,8829b6d065fffff,8.504580755353144,1.062387400983755,1.9874227568991427,34.17276034648367,4287.050398211136,6.239732923522753,0.3,16.91221190312808
phoenix,8829b6d067fffff,8.168609302722372,1.056704992316701,2.6366828161259397,36.119372846821555,236.7278122620812,7.901986767028005,0.3,21.64833734086696
phoenix,8848ebb4bbfffff,4.962051155784631,1.1671605498106867,3.430925219614518,57.63911363937748,49.24205699770813,11.607412262977682,0.2,8.950382860352391
phoenix,8848ebb49dfffff,3.83025270434074,1.1231394367390564,3.129815763168139,79.59737184833165,743.066720283842,5.507667677570476,0.2,8.88814819261825
phoenix,8848eba685fffff,6.83760896880023,1.1206033253190042,2.4848354483073773,42.8357752101694,699.0014879472634,1.1082010998197451,0.2,0.7171765982110915
phoenix,8848e96b25fffff,2.692808369242775,1.111043705966933,3.4311093621528603,111.40785338704248,64.78702842652118,3.819270300898383,0.2,4.7236960718678915
phoenix,8848e96989fffff,5.227571031896412,1.1658345717042875,2.132158275486436,57.35273539577654,110.93278414551614,12.865385396987152,0.3,23.092962976218686
phoenix,8848e969b9fffff,6.418889975518557,1.0409379458830816,2.4212334918742333,44.340280905405585,1281.68280201063,1.2852437048851768,0.3,3.0803038279758903
phoenix,8848e969c1fffff,8.0661327400917,1.0957289763191085,2.3578995043651245,39.099854359826715,1563.5636079973624,3.6090295172157143,0.1,5.9887080440448415
phoenix,8829b6c24dfffff,7.273071772950641,1.110167229142429,3.1420478209607925,41.824941880422905,15.650751235599795,6.811768393864357,0.2,10.643192200363586
phoenix,8829b6d045fffff,7.178113134849447,1.0469018072407272,2.476088686278975,40.37025317269426,238.17034629574863,4.987509934914563,0.4,15.183973026611064
phoenix,8848eba6ddfffff,4.160676250132887,1.071443762155943,2.5285120801931367,73.79029883659979,8858.96883118935,10.226294166917688,0.1,16.31318304262717
phoenix,8848e96983fffff,6.495720146862716,1.0674054431115818,1.9998780382698056,47.82393338235206,132.32243322429971,4.312140794854797,0.3,0.6282546505892617
phoenix,8829b6d1cdfffff,5.658020730183327,1.126860613131221,2.1474361869432084,47.29355943696274,0.0,8.70474723600688,0.2,8.753026841751105
phoenix,8829b6d219fffff,3.971089962007062,1.1821642080800985,2.3033017656875003,75.54600950122378,0.0,4.97771346260265,0.1,4.217249459750747
phoenix,8829b6d253fffff,3.4224501749516034,1.1451478453556727,2.395193270720161,96.61065739108912,0.0,3.882775825268262,0.1,9.353999025720537
phoenix,8829b6d251fffff,5.7395842839003475,1.1911107584536955,2.137304975019693,56.3977120909787,0.0,13.08092419445659,0.1,19.27989639466052
phoenix,8829b6d00dfffff,7.405771426712601,1.073863902591487,2.236818022581297,39.13801073127564,0.0,6.66644380603518,0.3,7.874673468408404
phoenix,8848e96d9bfffff,7.536578888185219,1.2786493308889173,2.0762959318086867,46.44016936499931,0.0,0.0,,0.0
phoenix,8829b6c0cdfffff,4.604648778902208,1.0560151623764067,2.9792460493181476,68.58057776982025,0.0,4.364432871049562,0.2,0.8627232044147952
phoenix,8829b6c039fffff,5.840948461249615,1.113258651785214,2.356110945613888,54.06475947857452,0.0,9.052746394366942,0.1,12.590979772273805
phoenix,8848e96d33fffff,5.818338754123287,1.1717157624770096,2.148504549746494,47.21130371276948,0.0,3.0626616190024323,0.2,4.349505109635558
phoenix,8829b6c21bfffff,3.768453924720308,1.0842958453309195,1.8860559034675617,88.45360457951554,0.0,7.152558024003241,0.1,6.857557926568555
phoenix,8829b6d12dfffff,5.961364298275287,1.1021206942142785,2.9781154390829037,47.92766746312537,0.0,0.8464311205473766,0.1,2.461505922886527
phoenix,8829b6da81fffff,4.405025870310828,1.025778008721287,3.390558840815619,78.91418980350252,0.0,1.1856100570655277,0.1,0.903917549079578
phoenix,8848eba497fffff,6.905506411943076,1.162798510860878,2.133830546825141,38.73165175017257,0.0,13.835372326174609,0.1,22.800639337375593
phoenix,8848eba49dfffff,5.327425791294589,1.102136209149737,2.2017258958259096,51.80738518235293,120.29348925974196,10.29140121495168,0.2,8.173788143663991
phoenix,8848e96935fffff,4.5072516558960265,1.1598379422661746,2.8756677625793436,66.95325022161482,79.61864365359472,2.3881019257604654,0.2,6.866714890275922
phoenix,8829b6c157fffff,3.7064174328942463,1.0985083793070316,3.230903736320351,90.7516874322973,696.2122330791212,3.2406324835218148,0.2,7.783096051080085
phoenix,8848e96969fffff,2.090254005665518,1.0862603293442792,3.03514143279237,153.77488599823604,0.0,1.489086558708124,0.1,1.871899028331116
phoenix,8829b6d89dfffff,6.735931412607471,1.1452415830386422,2.0180695987312784,47.84626458982129,86.36660152403071,5.8891093342853305,0.2,0.6781483839102103
phoenix,8829b6d125fffff,2.1548918519175104,1.206312970785188,3.0315188853635178,170.15548429513606,0.0,1.0157860968590575,0.1,1.4717895619580368
phoenix,8848eba4c3fffff,8.310878246199552,1.077348178077746,2.8513951069253407,34.61284107721715,86.81091080661855,6.572453464391148,0.3,11.962530480177785
phoenix,8848eba4bbfffff,5.785596411076403,1.0860167167788524,2.3589889021933836,49.285932614583125,0.0,4.736230071614009,0.2,6.737905625356527
phoenix,8848eba483fffff,6.876504081372838,1.0908455148039529,2.555819093820622,41.80102716718209,99.05389501376494,2.8066947082831506,0.2,2.6963250030234653
phoenix,8829b6d339fffff,8.10233127612101,1.0406138977026254,2.031564070637375,35.61783085455966,164.29395095062395,6.317740682351408,0.3,7.612468527477625
phoenix,8829b6d307fffff,7.970332595517929,1.031329156821436,2.2182319405043347,37.29440399951537,0.0,14.211614977837694,0.2,19.201397343375547
phoenix,8829b6d321fffff,10.170574685183734,1.0967073161554337,2.2165764244358233,27.92222772175897,0.0,2.9511358911875054,0.3,3.1995355376253993
phoenix,8829b6d11bfffff,6.18753593454839,1.187054985382894,2.2878244014627236,43.8343175641105,0.0,6.027554550384512,0.1,5.645091815090705
phoenix,8829b6d013fffff,5.757762063025265,1.0672128839560509,2.213865441764661,50.94174783729625,2714.508394444699,10.263985453860329,0.3,3.4271114561981992
phoenix,8829b6c2e5fffff,3.64988760950074,1.046708252501012,2.3761090709830253,82.19431174239277,0.0,10.486567435529455,0.2,9.4649213566525
phoenix,8829b6d01bfffff,9.586850293835324,1.0405797270223538,1.8530750047973696,26.794360945274512,1207.990750306865,12.200533691881622,0.2,17.14779387262197
phoenix,8829b6d23bfffff,4.889072689580016,1.1137489701778804,2.2660563843262005,64.92154310186297,551.5611414232444,6.034163746712382,0.2,9.539941899413057
phoenix,8829b6d0a3fffff,6.955142951071332,1.104697773833934,2.4664208972179305,41.587543759025515,32.09109962074658,13.759746165782726,0.2,6.964156734844647
phoenix,8829b6d1e3fffff,5.4469661290309945,1.08724285102184,2.4950999183168645,48.95691663023179,186.16547547626593,9.275847054827995,0.1,14.510199034593429
phoenix,8848eba4a1fffff,6.914921393415737,1.0990940422185511,1.8892960591081136,49.16903326243765,0.0,0.0,,0.0
phoenix,8848eba495fffff,7.90607645037356,1.0784249363947098,2.261688926653887,37.94549697098174,0.0,14.39972112479948,0.2,17.8445080367854
phoenix,8829b6da91fffff,5.240583173473629,1.231243991906111,2.7366729813580517,59.79324977107512,990.870978164855,5.51976100442459,0.2,3.731216381611085
phoenix,8829b6d853fffff,4.002135608588665,1.3243893811678875,1.6300251504890595,81.47823772436642,0.0,0.0,,0.0
phoenix,8829b6d31bfffff,6.883352947302677,1.0381855729749525,2.057749923542433,42.112495986989835,90.24849240091991,11.104091622803043,0.3,16.808333380308284
phoenix,8829b6d04dfffff,5.584881674921926,1.0115444099207875,1.82621735379522,54.174722510139695,677.979475570943,10.936853388348764,0.4,15.1388465282102
phoenix,8829b6c037fffff,4.919617751294876,1.2087493291773763,2.2549068754211135,63.79149826253077,1020.2921721515706,4.067913795590969,0.2,7.025136406578809
phoenix,8829b6d527fffff,2.7375958615666693,1.220916243369113,2.013233184327675,115.6732705189892,0.0,0.9148884532516852,0.1,1.510014446139369
phoenix,8848ebb4b9fffff,2.7112460041204387,1.1290687560113624,3.2817189052901177,127.6733448856267,175.75956707592192,5.239618023102747,0.3,8.332127528667346
phoenix,8848eba4c7fffff,7.007099928639327,1.0848015707145646,2.8961997951337426,41.32598257829059,111.599213914027,5.666430572982672,0.3,6.895327207211924
phoenix,8848e96999fffff,7.211784582666704,1.1452523916033954,2.728684031086798,41.697272058706986,542.8142079768842,7.014731678692354,0.2,15.544273476780631
phoenix,8829b6c15bfffff,2.832790861364383,1.098285106484679,2.624578581897779,104.73886397684608,0.0,9.742880982219058,0.1,15.505696285545442
phoenix,8829b6c303fffff,3.2051676774248534,1.0894531606384166,3.463711435889043,95.76119690433968,0.0,6.752279890704893,0.2,7.186269190651409
phoenix,8829b6d1a9fffff,4.209459341781219,1.1300226693398094,2.649722718100995,68.6974456808143,490.0595239301519,10.699869191541405,0.1,9.9783279035598
phoenix,8829b6d159fffff,8.406121661446436,1.0583087870976409,2.0049354720008616,33.335873678974046,99.84809705981358,6.742580933276316,0.3,8.913221515948848
phoenix,8829b6d301fffff,8.500751666801463,1.024643010608698,2.1517200998808943,34.16241696891764,691.4336866335723,10.239217063453436,0.4,10.4776693637541
phoenix,8829b6d303fffff,9.032860595993451,1.0275443874921035,2.1345437050486074,32.17615494322121,3793.537536569112,7.864500077352412,0.2,16.480506847073542
phoenix,8848eba6cbfffff,5.441957115080362,1.0703954161140945,2.9547752707376187,53.3889801768955,4619.078059525058,1.9017263890637817,0.2,6.8505954948736285
phoenix,8829b6d329fffff,6.659635205152179,1.0584428570516384,2.3287341134290145,42.780511037929585,1736.894156181845,3.8480430895257234,0.3,7.6081971956657295
phoenix,8848eba4d7fffff,7.543041948260051,1.035366918855193,2.1966320222644695,34.639913760643594,0.0,1.1559210191005675,0.1,1.3241160160962382
phoenix,8848e96d25fffff,4.864331392783351,1.1364169351563258,2.4373812730049953,64.61025964472401,0.0,0.5386604220804907,0.1,0.7324326014398608
phoenix,8848e96d27fffff,3.932401647734805,1.1156231642932823,2.2797669557489355,85.49658114027868,0.0,7.558805864506658,0.1,8.646178692421355
phoenix,8829b6d287fffff,7.36210819628208,1.086496390944686,2.7397381665840186,41.380424186471025,292.618199281168,16.946322375323707,0.2,22.607703843645044
phoenix,8829b6c2cdfffff,1.9772499618894648,1.0032102737747202,1.4869546611874471,171.30341835772916,0.0,6.160303150329112,0.3,5.527091874695783
phoenix,8829b6c2c1fffff,5.114272029277818,1.0255907809639828,1.992233517719078,61.1035154585095,0.0,3.485340156162263,0.1,4.736523654322831
phoenix,8829b6d033fffff,6.267998254098002,1.1301047637739234,2.3277859545220845,47.714447571605575,80.31076008385955,6.752176100393568,0.3,9.827926013376366
phoenix,8829b6d009fffff,6.124933341888446,1.090210196838587,2.1604304987009577,47.42520028579292,0.0,8.514887213479252,0.2,9.392158695827256
phoenix,8829b6d265fffff,6.46001247011771,1.0587228645554716,2.30810532507666,44.45064217982004,109.75055896155548,6.237291337190817,0.3,13.419485115303424
phoenix,8848eba6bdfffff,5.948003489625062,1.154228858964854,2.945074203006134,48.62768972243275,28.516953638325724,3.892384935090502,0.2,4.713084430804645
phoenix,8848eba6ebfffff,4.8010617974152305,1.1752147866314335,2.3008824640899803,59.63531844479801,2978.7149497974465,17.09113441535973,0.2,16.294707576292957
phoenix,8848eba6cdfffff,4.626076397360895,1.18610359369059,2.916758993000268,58.479665645063186,0.0,1.4084697811403415,0.3,2.6573872739449405
phoenix,8848eba4ddfffff,6.789972592122013,1.0891078665817928,2.215018892903214,43.664743566754886,0.0,1.7783188354446091,0.2,3.431387644235324
phoenix,8829b6daadfffff,7.002370752373007,1.1101804079128317,2.618268371350764,45.90282102952683,0.0,0.0,,0.0
phoenix,8848eba6a3fffff,5.238869585507124,1.1931187364188227,2.3972786426078443,53.19630886806792,68.74605013765213,3.413737358025332,0.2,8.85565086621867
phoenix,8848eba693fffff,6.955963114213653,1.0620538682337852,2.2356009773901193,42.958331310978664,0.0,2.853145811292178,0.1,3.5499596486907805
phoenix,8848eba695fffff,4.0082419819851784,1.1896633429404435,3.2967475916575206,70.63758410620053,3.0791835787765596,0.0,,0.390467315598185
phoenix,8848eba697fffff,7.590050064270176,1.244253797515888,2.4882218814751766,39.99597183165858,29.879440616666734,5.5575582742624885,0.2,5.712701377173067
phoenix,8829b6c117fffff,2.9733318395630444,1.048916413556671,2.9804610602379076,99.36817059005593,0.0,0.0,,0.0
phoenix,8829b6d311fffff,7.416053351141009,1.0342605738792627,2.1802027131352,39.05016523411185,203.24759705267485,13.214323031101088,0.3,19.44681731182805
phoenix,8829b6d661fffff,3.529785950379027,1.198402104870104,2.908941123889987,90.49966455052112,0.0,0.0,,0.9483815795569868
phoenix,8829b6dadbfffff,4.040619390854438,1.2351116872144272,3.2055709120294926,76.35231345871308,0.0,4.90147329902842,0.1,6.608733255917157
phoenix,8829b6d357fffff,10.907520469883176,1.044532919251073,2.210930625428279,25.82385326917601,1501.075747261218,10.83659408609414,0.3,17.00512959240385
phoenix,8829b6d1c1fffff,4.040818253959899,1.1329652093202094,2.1204512651545873,69.68364565579778,1518.661814410497,0.9093988014877694,0.1,0.0
phoenix,8829b6c023fffff,7.07753088448577,1.1171142873642517,2.212963931201885,41.47482089921313,0.0,4.293971116494784,0.1,6.940105359297437
phoenix,8829b6d259fffff,4.896188986868142,1.1875229731868977,1.9520340409407229,63.38497725855138,0.0,0.0,,0.0
phoenix,8829b6d25bfffff,3.8927029454599698,1.2225121753844408,1.9924646912154995,82.24205375482552,0.0,16.593015284477435,0.1,10.066791549216424
phoenix,8848e969b3fffff,4.558873879665042,1.0318140030280627,2.195788424605728,61.46106343603495,0.0,6.838077203951087,0.3,9.404360008196928
phoenix,8848e969b1fffff,5.5472744506402725,1.0406757463843512,2.8304864078507945,55.017073323202766,3.057481274896181,0.1925298783480958,0.3,0.1049950597969271
phoenix,8829b6d269fffff,4.981769170186311,1.132872144027574,2.7192703337335935,63.80406879535433,0.0,0.5956685848808336,0.1,0.0
phoenix,8848e96de1fffff,7.058771831709203,1.036799797047415,2.138809116131847,45.73654320338755,138.1968560760512,12.608302006851998,0.2,15.661765560155995
phoenix,8848ebb4bdfffff,7.023091210748816,1.067792409849482,2.6490239874779933,45.04620926458174,36.211172301794015,8.578808792545965,0.2,9.386823215713644
phoenix,8848ebb487fffff,6.426239173998625,1.082296949642406,2.6388048897111966,50.345062330351176,0.0,17.709051491266166,0.2,28.48845612191039
phoenix,8848eba6a7fffff,6.529264906219588,1.0854645270564265,2.7399185457639166,46.56788450479628,0.0,0.0,,0.3461370111038091
phoenix,8848ebb485fffff,6.815006053208868,1.173722736988137,2.59741945039474,46.17093073096192,661.1219242899278,6.525452170891672,0.2,8.215915526246187
phoenix,8848eba6adfffff,9.576575936341522,1.2160513754245783,2.909753728655355,33.257518428512896,0.0,0.2222047480607949,0.3,1.968665915255266
phoenix,8848e96d37fffff,7.379203931668617,1.0764779203179833,2.4742963650059564,36.33653677399793,5555.041470139686,7.651785372718443,0.2,6.145958205098111
phoenix,8829b6d317fffff,6.9562738329348575,1.0819655505285095,2.30873418096943,42.54148696059689,306.0476110099651,14.912833828564995,0.4,13.008422095678142
phoenix,8829b6d33bfffff,7.349866831067925,1.051023072990488,2.061798710584808,37.853911514405056,70.30108754015173,14.239353534013794,0.3,8.28573446063648
phoenix,8829b6d66dfffff,6.924538314967953,1.1466763584610562,2.2490068428569887,46.76261565476258,330.04494708651515,2.093628294310266,0.2,5.0607042182202715
phoenix,8829b6d101fffff,6.858803582347303,1.080492629435428,2.7904589234331363,41.31365113008648,1249.9286136211567,4.055535505251664,0.2,8.11971529933228
phoenix,8829b6d315fffff,8.374597532055741,1.0955479675590325,2.245064190507555,33.3948959549366,663.8075672888577,14.691784602347326,0.4,13.335918094068978
phoenix,8829b6d02dfffff,6.790214063100427,1.1704004863435342,2.680531136351007,40.4514663166335,225.83448210112317,7.126113615790726,0.2,12.043985585333512
phoenix,8829b6d115fffff,3.856717257215345,1.1173061259223265,2.5075281271179115,72.23940636376629,0.0,7.723590419814293,0.1,7.616350475003443
phoenix,8829b6c119fffff,1.8961116688720985,1.2566759484033252,3.1182829131864507,170.12745106577893,1242.8056109007225,7.1000558001573575,0.1,9.48843634534488
phoenix,8829b6d157fffff,7.2281974767148895,1.132114769028297,2.272582522706482,37.69127093009631,2454.139146645021,8.363684025644329,0.2,11.047300755957496
phoenix,8829b6d363fffff,6.976970947752735,1.0404563606966932,2.2771444152644005,41.77292965126673,0.0,11.38294144916994,0.3,20.18202996565668
phoenix,8848eba4d9fffff,7.29571912243109,1.0691223965211147,2.4059469880308444,38.575652519737055,0.0,7.400712931249765,0.3,7.292270411954306
phoenix,8829b6d365fffff,7.782446052725975,1.060736096923012,1.813303253082442,36.71265869092764,0.0,1.5420854028198032,0.2,1.7811362920083722
phoenix,8848eba4c5fffff,5.395050423560459,1.1718336491185095,2.9830548311115233,54.16769445678552,1912.1438351220113,1.763123513111502,0.3,2.847372868750206
phoenix,8829b6d367fffff,8.762426844034875,1.0802964569685978,2.386976553124639,32.63423036443873,1228.6617292794256,3.3997100118008947,0.3,13.141172947856374
phoenix,8829b6d361fffff,5.892904570320842,1.052111270799115,2.744749459998528,47.17678615658475,0.0,5.021447949921036,0.1,6.16397815519133
phoenix,8829b6d149fffff,7.044388614412774,1.0653497630754645,2.550843998439435,38.96499059135958,0.0,7.082749161744348,0.3,4.1891104710997205
phoenix,8829b6d323fffff,6.893536995942807,1.0121163327210252,1.7899949907346135,40.34876370837517,0.0,8.229054604240071,0.2,15.306396280962955
phoenix,8829b6d30bfffff,10.094879721983464,1.0437846984833383,2.5438092835364055,28.567457136409505,584.4921980457981,7.586083810337014,0.3,19.51863552230017
phoenix,8848ebb49bfffff,2.9727797563167835,1.0457173601970011,3.3327204450502053,103.97369950940012,181.03071042125663,3.3773834051857277,0.1,5.089796946197278
phoenix,8829b6d22dfffff,8.385161651938896,1.0879352659117374,2.170987200438943,33.86215729734853,319.6839894611457,4.4271205927474595,0.2,12.554649684165486
phoenix,8848e96995fffff,5.76483017522164,1.0502846685602325,2.416045281282007,49.491611338283285,8.293395376204584,4.299663120850761,0.3,4.934614481314803
phoenix,8848e969d5fffff,4.436912084460299,1.2033824091362522,2.433139898015789,70.55226294218197,52.532854011600854,8.493077786503811,0.2,13.490233558545391
phoenix,8829b6c343fffff,3.422757322063858,1.1169216978187302,3.2827498620425093,108.20818875556267,0.0,10.544357611934624,0.1,1.5118906022936986
phoenix,8848eba60bfffff,4.9707662954168965,1.1788474041302452,3.1073932230431027,64.40533830513472,1094.4860547146218,0.443613330457982,0.2,0.0
phoenix,8829b6c103fffff,6.032789935971154,1.0910865082284906,3.422119865913449,52.99834646156847,0.0,2.9364921828905164,0.1,6.938660070439947
phoenix,8829b6c363fffff,5.602454678187673,1.0966067611658443,3.41527239269492,58.44776962980865,1803.1122164774852,3.660257721150866,0.2,15.204880439058298
phoenix,8829b6c34dfffff,5.332730728490185,1.0832603402211622,3.477871723234291,54.05022469590412,0.0,7.555859758264718,0.1,9.88674052283947
phoenix,8829b6dad9fffff,2.1894102113832408,1.1509012326290695,3.279320117651664,132.77442158038798,0.0,11.953241870030684,0.1,14.829817606375103
phoenix,8829b6c321fffff,5.451819148368141,1.141796394542148,2.427897431538778,52.27911617909476,0.0,11.93090174506687,0.2,18.06397931161197
phoenix,8829b6d831fffff,4.4454336332614535,1.0718340377176094,2.782581386740145,72.30533575478233,0.0,6.837149079376992,0.3,7.436671032339532
phoenix,8829b6d14bfffff,6.189557094970556,1.0683116534382997,2.3515012806648463,43.83477287540149,0.0,6.867143195452645,0.2,15.92520043151506
phoenix,8829b6d141fffff,6.447815892611042,1.0715993217733346,2.215741924658748,39.58623501289109,0.0,13.847884788317634,0.2,21.833465233671628
phoenix,8829b6da93fffff,4.980640594929637,1.2078052369734278,3.057284712492445,65.50787598945132,27.645231755340404,3.594703259092357,0.2,0.0
phoenix,8829b6c03dfffff,5.973806979408896,1.1373385589928675,2.0864054056458947,49.65707664597638,0.0,9.058497878605715,0.1,13.102649366366418
phoenix,8829b6d2bbfffff,9.898179473095952,1.0273711440187996,2.166452244690982,36.73770157681585,0.0,1.225172889145111,0.1,1.512574951066096
phoenix,8829b6d227fffff,7.646955961660585,1.0783764680129058,2.866373887377497,37.669395185903475,16460.946669871886,9.51021009711808,0.1,10.482431282075112
phoenix,8829b6c027fffff,14.078179101152166,1.047198028366425,3.3541111394500223,21.068787899370463,0.0,0.0,,0.0
phoenix,8848e96de7fffff,7.6941178834270145,1.0920787813246142,3.1758441736233083,39.790852206573184,1474.5703069786753,10.368152176284958,0.3,7.977683650334524
phoenix,8848e96d2dfffff,5.508298639999945,1.0994846788153327,2.0372327238547863,58.18726279387492,0.0,0.5639388266246984,0.1,0.0
phoenix,8829b6c255fffff,6.184072494700411,1.059232372072376,2.2960784413997297,51.35936927732735,9.723717994213228,8.524728357881173,0.1,7.731484834473198
phoenix,8848e969c3fffff,4.892490776085291,1.2104304980066845,2.56320755835034,65.86056815830058,782.6756562238946,4.670273591160546,0.4,8.895442027227727
phoenix,8848e969ddfffff,9.725880052534423,1.0403342041436785,2.3493516530182483,31.4939424146494,1712.090265044669,0.6184918229990318,0.2,2.749853885643415
phoenix,8829b6d839fffff,3.0538425829208995,1.0139823855868184,1.866353296745206,96.74845295134789,0.0,2.6439145858431483,0.2,4.1953873707764195
phoenix,8848eba6c1fffff,4.782241394131138,1.1932354250195851,2.417556200549179,60.10260169077469,266.69980474554615,6.211181314110625,0.2,6.965814007702874
phoenix,8848eba615fffff,5.389954947504068,1.1850923272056637,3.3355578822899914,57.37167977145439,298.1946904532174,13.620767019450598,0.2,14.34255120447774
phoenix,8848eba63bfffff,7.769657186921968,1.1272844460920053,3.318413007096317,38.41964394375344,0.0,0.4882882939101339,0.2,1.195067347988938
phoenix,8829b6d241fffff,4.890914952415809,1.119342918192895,2.7454912395714235,61.33821645208097,0.0,0.8510492158277735,0.1,0.529717012918745
phoenix,8829b6d24bfffff,3.908171327799412,1.1606527388563057,2.12020822394067,56.860921280887055,0.0,0.0,,0.0
phoenix,8848e96d91fffff,6.088787409885204,1.1976626628646376,2.3941163796096725,57.65742932940616,2495.2450299607217,1.3144987214369137,0.1,1.6749162787618914
phoenix,8848eba69bfffff,4.446256074947253,1.1555736767614064,3.004402703941683,61.79913395519723,3.607393948461388,0.8875283831060518,0.1,1.876867874542416
phoenix,8848e969d1fffff,4.525377288080706,1.3641686761173697,2.838019484245034,69.6771330306132,145.92359996652542,13.675680136016563,0.2,16.339039176534325
phoenix,8829b6c11dfffff,5.003793313630925,1.0673951037301412,3.301247053418098,59.66696311492741,1324.0125100746272,2.6452820073359855,0.1,3.853645085550534
phoenix,8829b6d8a5fffff,5.873135958059884,1.1721448256410514,2.7570046081980326,50.918390966413135,38.91118139400644,2.4334931573092664,0.3,3.437128903016465
phoenix,8848e96b35fffff,3.2283351920296037,1.0782868199552775,2.7184734013300127,108.41501243864352,0.0,2.3198135294682714,0.1,3.598891402489575
phoenix,8848e96d67fffff,7.226620868339709,1.054422882211401,2.0927177093952483,40.69919432848235,0.0,0.0,,0.0
phoenix,8829b6c031fffff,5.270904955407707,1.2025982842666767,2.368300520605348,56.82230148881192,0.0,2.3454218840510257,0.1,0.6834994810728112
phoenix,8848e96de3fffff,6.808367589341977,1.1089654385878511,2.2873744363750523,44.72750223892901,88.89023980922316,6.396596602143054,0.2,6.3814973832189885
phoenix,8829b6c033fffff,5.473923579747667,1.155599022407358,2.899599906830447,54.97444776892509,0.0,17.992106832780042,0.1,19.399418583867455
phoenix,8829b6d243fffff,5.339761388958525,1.1654103816707766,2.202658680370149,59.48712605030533,0.0,0.092635822836867,0.2,0.6435222588054721
phoenix,8829b6d36bfffff,6.694079450019706,1.0673543134704424,2.826239609663677,43.84748055502318,0.0,7.528400460017705,0.2,14.786047434309667
phoenix,8829b6c2bdfffff,3.0576753480470695,1.0454589216862562,2.51848028295632,105.12187686435286,0.0,0.7759133161489823,0.1,2.021155008673002
phoenix,8829b6d127fffff,5.707646983057101,1.007083173865079,2.004233273550542,54.45515669301888,0.0,0.0,,0.0
phoenix,8829b6d26dfffff,3.620204597844635,1.2520048950955946,2.2793339352211133,83.56461637098458,1402.564282912259,1.8152569066513795,0.1,1.6708912580007136
phoenix,8829b6d245fffff,4.274504195177746,1.167325221247219,3.1750061364480393,72.9631259856193,0.0,1.3867368862502023,0.1,3.703018539296995
phoenix,8829b6d815fffff,11.358756364560165,1.1684872969120177,2.4702768698634596,31.69361050151726,0.0,0.0,,0.0
phoenix,8829b6d06dfffff,8.814272991977711,1.086659155470486,2.1868087371354066,33.499311715223655,956.7543665202028,6.271974986736418,0.4,11.065309100015046
phoenix,8829b6d837fffff,10.272359086111,1.0632855566025474,2.2371958794719036,31.310960238477566,0.0,1.923451071189381,0.2,1.5068896731413304
phoenix,8829b6d9d7fffff,9.371945674200322,1.2406332034229626,2.028078498917114,35.316670305091115,0.0,2.067745632341026,0.2,2.133733085507308
phoenix,8829b6c105fffff,7.671171786052461,1.0928543956601764,2.3662655432031956,37.24519456515946,4.068257166484009,0.0,,0.3816884216780027
phoenix,8848e96d31fffff,6.246004738194798,1.0918665587582497,2.702650112947987,48.92016070481982,689.5848473373323,2.7356875019178504,0.2,3.9793523216783546
phoenix,8848eba683fffff,7.484347720270557,1.0784074831490265,3.512113459739796,38.6302384938,4055.3982291718794,5.184329796685528,0.4,9.233430964868791
phoenix,8829b6c213fffff,1.81484220614494,1.0053035945361075,1.3826163803351057,181.04683010947545,0.0,2.7612890207177565,0.4,3.962998554661409
phoenix,8829b6c221fffff,3.7596103582962423,1.30883099272007,2.601173258306675,82.14242966170451,0.0,0.2352092054949315,0.1,0.6795411321426883
phoenix,8848e96d3dfffff,4.26688322339995,1.259723379466169,2.294308242504352,65.10086244086104,291.4787398298951,1.100929915938405,0.2,0.1338883266233388
phoenix,8829b6c139fffff,6.839656622714599,1.1016598252481868,2.9500617853959383,52.2164893419913,267.6241242513249,0.0,,0.0
phoenix,8829b6d1adfffff,2.3533049680978455,1.1788401688606762,3.222441243464841,133.4096059066491,0.0,12.188356746196822,0.2,11.902349966662127
phoenix,8829b6c1d9fffff,5.634513108186363,1.080668089834129,1.89826423582211,61.73134755000684,0.0,2.6403226119554883,0.1,4.064625802006601
phoenix,8848eba4cbfffff,6.843825676153885,1.1410534107258885,2.682694405304379,42.1491651177838,0.0,0.3123231128981057,0.1,1.416216763469773
phoenix,8848eba691fffff,5.922956275419818,1.051239611296206,2.6047901778423426,49.28145309855468,3.0837415834433073,3.3668004482913094,0.1,3.4095787540561027
phoenix,8829b6d369fffff,6.986020753369477,1.0611618620871444,2.4005987924078753,41.58680972273771,220.3985026500191,4.59454381429967,0.1,8.013254297312159
phoenix,8829b6d25dfffff,3.1717486520965323,1.4474345774515736,1.9748846415927717,99.9679374095805,0.0,2.085579955291322,0.1,3.1014637324247936
phoenix,8829b6d123fffff,7.365431106870283,1.0434884334939636,3.3246881353302515,37.091634192848474,635.7982006089159,0.294732734233913,0.3,0.0
phoenix,8848eba6c9fffff,5.351512833322891,1.1457755731938637,3.207636687429684,55.240536118203806,129.32738805514185,1.264234013570963,0.1,1.5208746457756304
phoenix,8829b6d135fffff,2.1501516270290115,1.3768730468384331,3.325888392926237,144.17587862319493,23.385228667148493,9.305089752374863,0.3,15.993427417807569
phoenix,8848ebb4abfffff,5.009834676642324,1.1740454823613728,2.546493562734192,67.6929393226803,0.0,2.74181455702556,0.2,2.9598525190515534
phoenix,8848e96d07fffff,3.4638983718609913,1.2065591389608976,2.1966539141408457,83.2265434315859,0.0,1.921263560863068,0.1,1.2226891986313149
phoenix,8848eba4e3fffff,3.1471702636184835,1.1941510656400929,3.350237962055069,103.26737124998397,48.83019117464287,5.084242065561335,0.1,3.809612504029387
phoenix,8848e96925fffff,1.658848614880509,1.1619487890382367,2.5643075947917517,215.2956297151823,0.0,0.1669910536847489,0.2,0.0
phoenix,8848eba611fffff,3.184955477597858,1.122451032110958,3.25897947316599,108.46448180653768,1604.0160097302878,5.224087297609266,0.2,12.133881484076715
phoenix,8829b6dad1fffff,2.9734728322570185,1.2272144571467694,3.4167442277718907,100.30211502174852,0.0,2.0368716993579263,0.1,2.743141285796
phoenix,8829b6dad3fffff,4.73843775256844,1.1139700969485662,3.443459370762636,64.93539089450422,0.0,3.795518018844773,0.1,3.336794256714267
phoenix,8848eba4c9fffff,6.649578636760616,1.0841599724746058,2.526560555953574,46.5478831715261,7.180367615435891,1.3528185489325772,0.1,0.0
phoenix,8848eba4c1fffff,5.046115389360726,1.0406012787524364,2.9849487584995043,54.85124554806885,14.848205662115427,0.2793873408028485,0.3,0.0
phoenix,8848e96c01fffff,5.253604599284595,1.1908994651961582,2.995192309695996,60.56447762078371,161.75003721992138,9.984095135449126,0.1,11.09602998355527
phoenix,8848e96c05fffff,6.4457421776662,1.0493557059781031,3.080968599136095,48.6156670034541,210.2369303181145,5.245387389691023,0.3,2.5334380202148203
phoenix,8848e96c47fffff,3.0668815133404568,1.2700895757722956,2.5089626414769484,112.08453880749586,187.55581609443416,2.792419350922835,0.2,7.960337496079918
phoenix,8848e96c0dfffff,5.801345181984317,1.108661613815508,3.210874841799383,59.35026557542972,334.1597517253564,1.6922607116700483,0.2,3.72888599959186
phoenix,8848eba4e9fffff,6.026010464468095,1.1889013551617154,2.704265136965873,46.38683598432674,0.0,0.0,,0.0
phoenix,8848e96c21fffff,4.030031154205265,1.1349324139051402,2.5485139635921477,79.04365373562318,0.0,0.2110126448126266,0.1,0.3757003891403254
phoenix,8848e96c29fffff,4.474623809380276,1.0842008807126418,2.971365089591016,70.44556251713254,105.96020730268027,2.309616058897386,0.4,8.889881517720744
phoenix,8848eba6b3fffff,7.069861891216519,1.1046099208744822,2.766255364623835,40.15802236207998,320.39932149283766,5.144529474359462,0.4,12.106156757436578
phoenix,8829b6d36dfffff,4.636511970995088,1.1801994344121507,2.4555431273721133,68.38614301337765,145.2825968775706,0.8194705541606452,0.3,4.751151529979472
phoenix,8848eba6b7fffff,5.837176058666526,1.1108941847537177,2.4920049657683108,48.624262826008206,0.0,12.57596301934256,0.1,25.65170152100823
phoenix,8848e96c2dfffff,4.0417414259717175,1.152795588307405,3.25265087557434,80.16899455432471,148.020867092018,7.45819520331549,0.2,16.433472974132755
phoenix,8848e96c67fffff,4.219426499124292,1.1243438214034764,3.1298661708764,80.18764273577817,145.03916128440932,13.741006652393605,0.2,18.628298627547935
phoenix,8848e96d5bfffff,4.184970348651375,1.1047660086838589,3.1925893500862697,75.96260142448702,325.20812566071635,7.916452958033135,0.3,12.254439427246266
phoenix,8848e96d53fffff,3.607019098644439,1.126552379482871,2.6883690108362033,93.23022047958864,143.14995272015037,6.4688186891111625,0.2,12.066893939831946
phoenix,8848e96c25fffff,3.223096867083285,1.1824009598412974,2.9869850523559234,105.33539227654046,0.0,4.371166615093043,0.2,6.878099762399399
phoenix,8829b6d1b1fffff,2.456665108141689,1.2097395880946171,3.2256717863400164,130.25788453602436,453.43755984837566,1.7571756076780694,0.1,2.689421289170529
phoenix,8848e96d55fffff,6.438075118822895,1.1190641692188197,2.605292109288125,45.60552466270019,169.07222123641347,6.374566239494824,0.2,10.08228924934093
phoenix,8848e96d51fffff,5.859411076852506,1.13646029144557,2.698931789146354,50.5404613486975,371.31589604476903,7.985139438634794,0.3,11.613962154330856
phoenix,8848e96d59fffff,4.519553750804329,1.0182609668971896,2.617826146913883,65.37250395616257,186.95599966664696,0.0,,0.0
phoenix,8848e96d5dfffff,3.4735764750181186,1.1542396562460688,2.8714912248939988,95.5141489818068,230.81377347853768,5.4085048092117045,0.3,11.06830872021328
phoenix,8848e96d1dfffff,4.445971165106864,1.09381856999073,2.31144458809257,65.92562960736547,0.0,2.082081241903942,0.1,2.2313592912220166
phoenix,8848e96d15fffff,3.4156772216624196,1.0500769538937609,1.8031524256216769,89.31896252603939,0.0,8.786808640170406,0.1,10.602850008982514
phoenix,8848e96d17fffff,6.6877318052358605,1.0508284313243426,2.1616625310048847,46.49941397360361,0.0,0.0,,0.0
phoenix,8848e96de9fffff,5.666247623800692,1.0418879017119855,1.8270410109680415,50.73904620623632,0.0,0.0,,0.0772425797917186
phoenix,8848e96dedfffff,5.779184538243029,1.1294600774311374,2.5138763830301,53.08072150909658,0.0,3.486091509797365,0.1,4.345548933013112
phoenix,8829b6da9bfffff,4.49398025125911,1.3361205716502154,2.6462418036776714,77.20077884476684,0.0,9.104258387801233,0.1,8.565710702855387
phoenix,8848e96d09fffff,7.246008374741146,1.0604861824899434,2.5393766788896355,41.60505655585359,585.4408777700502,0.0,,0.0
phoenix,8848e96d0bfffff,3.835922987007964,1.1732694204155585,2.171653257806486,79.60105364069115,0.0,4.051692358604408,0.2,4.550700920785179
phoenix,8848e96d01fffff,5.4318566810628495,1.1284341576974155,2.7498758701244244,54.181068232965224,379.0101136375436,8.984954458115558,0.1,4.3352216795391065
phoenix,8848e96d03fffff,5.179736152397957,1.1763312897086724,2.423134222415301,57.202970880886696,0.0,9.965312747102466,0.2,6.551997345539004
phoenix,8848e96d39fffff,5.086333580648356,1.0846783178712802,2.0751510336016836,59.39117608853852,874.0651160694596,1.5515869767966683,0.1,1.2645076228513128
phoenix,8848e96d3bfffff,3.2876721500268244,1.1541643351088426,2.0574376335610496,96.61762010574492,0.0,5.0736783000111485,0.2,1.9311305456097427
phoenix,8829b6dad5fffff,3.64455700367803,1.073016975137775,3.4767709350466514,90.51769718063616,0.0,4.706742311905443,0.2,2.3159732201955556
phoenix,8829b6c265fffff,4.370850557841053,1.096124235168968,3.3177643326347006,72.7963159506834,2410.718779039443,0.8067957815713358,0.1,0.7943927688421546
phoenix,8829b6da8dfffff,1.924178688518337,1.0415491548790294,2.9247541321688804,168.13896427354734,0.0,5.713417349274749,0.1,8.707350813911283
phoenix,8829b6da89fffff,3.038801124589156,1.0681108809139217,3.4392655538608943,104.13833720208191,0.0,3.33117047551347,0.2,1.876804639083339
phoenix,8829b6dac3fffff,2.296255525792414,1.052786398247007,3.264006563572188,155.5327153843695,0.0,4.127189316194668,0.2,2.420595955690803
phoenix,8848e96d2bfffff,4.95901901609558,1.1054085262637643,2.412496138352992,65.0492857789584,0.0,1.251375753340771,0.2,1.903061025545945
phoenix,8848e96d05fffff,5.493339056098923,1.137683591087558,1.832650876340929,61.82444557693402,0.0,1.2429450684633088,0.2,1.9886616624010784
phoenix,8829b6dae7fffff,7.108806120801319,1.0057044846740435,2.207644670740743,39.92003424504636,0.0,0.0,,0.0
phoenix,8848e96d47fffff,3.3900706629655537,1.1785700243555906,2.9385976930047373,85.09012558729354,0.0,4.4316060232059264,0.2,6.487417726150454
phoenix,8848e96d4bfffff,4.738921771139026,1.0307028507144558,3.259504870358579,76.40323748796892,0.0,0.0798787189026913,0.4,1.8074490818747857
phoenix,8829b6d137fffff,3.4499011217206137,1.3962846138722291,3.3505233413886337,97.82889076880971,12.504858892024012,6.56971886873577,0.3,2.742093596543299
phoenix,8829b6dacbfffff,2.1586569408898164,1.1965957737197563,3.1182829131864516,141.96401804211823,21.81875754165682,1.2294145626749744,0.2,0.0
phoenix,8829b6dac7fffff,2.7518662153156765,1.120789167495968,3.099306755957765,133.8804374213795,0.0,1.4593692037774642,0.1,2.3629684229971772
phoenix,8848eba4adfffff,4.63198695023647,1.0630477158174183,3.426134037947381,67.39110007999065,18.169764230752516,11.055909310933204,0.2,5.079738654290196
phoenix,8848eba4a9fffff,4.251881605208806,1.0524716190864525,3.3172290916253284,72.55861450138417,9.113147618503875,0.2058100476096343,0.2,0.9525206278911148
phoenix,8848e96997fffff,1.8679705498499064,1.0293869410354957,1.732867951399863,133.8350864365007,0.0,0.0,,0.0
phoenix,8848e969dbfffff,5.206887719947375,1.184835848665566,2.718473401330013,67.21865706056312,314.725847895411,0.8086485733817659,0.2,2.9080801292928093
phoenix,8848e969d3fffff,6.440218058445127,1.1884921249713356,2.6194562269068435,49.40544175590187,1210.165376765279,2.2695284845434145,0.2,6.070132713450265
phoenix,8848eba6b5fffff,9.9509541444713,1.0573530481051585,2.6871882739085873,27.663769210447946,24.793180896746748,1.1104614911559745,0.1,2.2716805248829997
phoenix,8848e96c07fffff,4.179393131470886,1.1054867177915129,2.46339084023009,84.54177968392796,230.8232831632162,1.587381331480149,0.1,1.0248502194860776
phoenix,8848e96c03fffff,3.3281128242714835,1.1710778941578022,2.70172149817752,95.89486685748815,84.87311641463604,4.2896442270696555,0.2,11.457135891899586
phoenix,8848e96c63fffff,3.809419303438803,1.1105841066725164,3.1287273028807747,88.51987021254901,0.0,7.204365242447284,0.2,11.780130360289064
phoenix,8848e96c0bfffff,4.2672014818747765,1.1384759651015666,2.9092486955744037,81.60249456074413,115.92841070909132,3.2955652697036646,0.2,3.2486500679266097
phoenix,8848e96d8bfffff,6.197032041091409,1.106517260656979,2.76109016303083,49.46026537908411,379.4177552866186,9.204509667855673,0.2,11.636062658534506
phoenix,8829b6d647fffff,8.111323576803057,1.0270992565370156,2.2821514717376905,45.10406409909004,0.0,0.7117032702974452,0.2,1.0978029073623503
phoenix,8848e96d43fffff,6.156876052071007,1.1105432502878962,2.7272787393445173,51.03061788672919,95.69845049774968,2.2967742739236723,0.2,4.661478602549941
phoenix,8848e96d57fffff,4.169311003709997,1.1484278298363797,2.8190309705707643,71.84380590471005,0.0,1.625868723002707,0.2,2.2610006175391604
phoenix,8848e96d19fffff,3.237168945586874,1.157117396883626,2.6785433462568164,96.98396767338797,202.1796383104928,1.7065119945158014,0.2,0.7452645089280553
phoenix,8848e96d0dfffff,2.8911180221049344,1.1156318991232594,2.491221421763311,110.05493921350184,437.6539479895656,0.5676822199357444,0.3,1.0790009420007192
phoenix,8848e96c09fffff,4.792398774865941,1.1352538315172052,3.4848865415378616,65.72908783218095,225.38377146345695,4.758614101556162,0.2,8.388936664373896
phoenix,8829b6c107fffff,8.576489656846013,1.0475417467907642,3.3809386082004336,37.17611662431575,206.09710283301584,0.9244037940266888,0.2,1.9997511838079345
phoenix,8829b6c0e7fffff,4.727765953466531,1.0492340817745325,2.7941240542645667,67.00710150372161,1908.4150133492897,3.4881244290225992,0.1,5.102396127101157
phoenix,8829b6c0e5fffff,5.250325182526279,1.1007174073170014,3.014213911438725,61.06817988296633,0.0,6.9996069719057585,0.2,8.274673996150266
phoenix,8829b6c1dbfffff,9.886947582087794,1.0028336849920636,1.5746794417481091,36.348427764609646,0.0,0.1236655048704754,0.2,0.0
phoenix,8848ebb4a3fffff,7.21098959221889,1.0359825136284029,2.480671738967796,48.00365355226251,0.0,0.095098700788831,0.3,0.5163445100640889
phoenix,8848e96d95fffff,3.458107638467363,1.124296112341743,2.7303804291055935,93.0515217740405,241.86958806350867,5.543400004046972,0.2,11.501660175648764
phoenix,8848e96dd7fffff,6.5776514850167365,1.0024353329343254,1.5149536813918063,43.437127425360806,293.9250997503597,1.242270061751484,0.2,1.9823334500342111
phoenix,8829b6d24dfffff,4.216522053840647,1.1172152518333662,2.9247541321688804,83.70433546033735,0.0,0.4980113120198268,0.2,0.0
phoenix,8848e96c2bfffff,2.982482102502758,1.1395291583224614,2.42451349707374,114.14168474949928,0.0,3.4395369354609127,0.1,7.103153280121576
phoenix,8848e96d9dfffff,2.7049542361459555,1.1710363878050818,2.347834491543151,115.28030782270928,158.7175741613989,2.482073894429567,0.4,9.006555476084785
phoenix,8848eba6bbfffff,5.289600345837827,1.21101685179595,2.4496839204684315,55.60299981647061,68.39304393918464,0.0,,0.0
singapore,886520d95dfffff,7.371216715279566,1.0638133176339517,2.9951130608678413,38.24937664090251,367.927752052984,17.011359670685984,0.1,20.65493324178194
singapore,886520d951fffff,5.998116649795424,1.0783088936825798,3.344423233141978,51.29815334665128,16.661452102564613,5.455540205027402,0.2,10.273800390129
singapore,886520d959fffff,8.034538790641921,1.0855998535459228,3.5165712880840077,36.582392542063815,99.70188421369194,9.036554473935098,0.3,19.301070147682484
singapore,886520d825fffff,7.423289761856215,1.098532192558722,3.4914853721252705,38.6806510820642,282.2255017674916,15.89594556037171,0.3,15.776377858523276
singapore,886520d847fffff,6.05400408725584,1.116471777109078,3.385534723288153,48.47083330659448,44.09620430858232,13.261731900886083,0.2,18.76074460374895
singapore,886520d809fffff,6.738388259957079,1.1274814057576994,3.4197870723980204,43.02306309791536,18.124552915702445,8.452048568332117,0.2,23.2364989404537
singapore,886520d86dfffff,8.024918267149395,1.065753164451145,3.195495383796036,36.409807643824976,675.0150354140151,13.64950672734888,0.3,24.472893549204137
singapore,886520d801fffff,7.368280350538625,1.0951946248533746,3.347430389939203,39.20709787701976,19.114281109107285,12.962717757611026,0.2,16.549808363275986
singapore,886520db35fffff,6.7441568115522115,1.088824731090961,3.4434018338674894,45.83816681378228,34.92350874477734,5.664216666065848,0.2,3.7773202816799314
singapore,886520db39fffff,9.579170141272568,1.0679509250590196,3.4944073031671574,31.381349638441435,57.550636350069134,5.761645786717585,0.2,14.295429808732717
singapore,886520db37fffff,7.838451083876276,1.0753300162047237,3.098132128738507,35.459252901007815,346.07600733437573,15.005428746152443,0.3,19.97856929797306
singapore,886520d869fffff,9.00381560312534,1.0522740600050804,3.373026019839922,32.20269080660041,437.4348072781396,11.107680281299857,0.3,16.58319701170115
singapore,886520d86bfffff,6.674405972856679,1.1064182414875052,3.4982773763426547,43.12149799062856,85.71574831178451,16.129369733943587,0.3,11.516337591041172
singapore,886520d953fffff,8.109490663337185,1.0847587969402868,3.40197983633957,35.10975399594998,788.2155318394949,12.98877967552726,0.3,20.270496494082643
singapore,886520d957fffff,7.226778516298041,1.142498249200516,3.5352172580392853,39.441065820814345,365.6966165682228,10.179796130197168,0.2,16.501601438821268
singapore,886520d95bfffff,8.420928788241017,1.0885257737273486,3.386640053657048,33.62737552246576,391.3167862285315,15.331497711634327,0.3,20.691195537999633
singapore,886520d82dfffff,6.325366970220183,1.088066249665107,3.41284234623199,47.02357444333217,549.0211426895505,10.37951797390973,0.2,15.209504498479909
singapore,886520d865fffff,7.644791516884433,1.065831506316394,3.3098688754021435,38.12271619803152,126.37355286798405,15.086774810200076,0.2,20.518662960483677
singapore,886520db33fffff,7.342614742477257,1.074859906987052,3.360956632898158,38.88546305416701,198.84428676904545,12.881668064436012,0.3,30.556485107673367
singapore,886520d821fffff,5.331653138664103,1.172582908718444,3.519514494187722,54.50935993799832,492.8272411037707,11.592007958171736,0.1,22.275625794524263
singapore,886520d82bfffff,8.996189945775788,1.0878543565269476,3.200180849366951,31.825849774782135,392.9930821350205,16.062020639805237,0.2,33.3315769058301
singapore,886520d83dfffff,7.69228048430281,1.1471480696960203,3.413752275957134,37.85943799509072,157.9539521633844,17.93795213395944,0.3,27.72278067730599
singapore,886520d839fffff,7.287111433928242,1.104747378807111,3.479034269421059,38.948166392210304,473.9721756132387,10.436111926228897,0.1,15.88866663061794
singapore,886520d81dfffff,6.847853317163941,1.182983336165864,3.424460673238903,44.50949902562702,48.31569003373692,6.746572421777015,0.2,17.431169294686654
singapore,886520d94bfffff,7.764241653966055,1.0667458211863,3.0921178034451047,37.01237250998541,172.30704499621064,7.055721022341404,0.2,12.113154025964246
singapore,886520d949fffff,4.578276337521567,1.157035664555904,3.451443189061359,62.12624943441633,31.612246835168527,3.756440578537306,0.2,5.677850812602797
singapore,886520d94dfffff,7.506578111694468,1.0723055882123806,3.305490194473185,39.09614427542638,107.19052414062163,8.933410519258317,0.2,23.124909619494815
singapore,886520d829fffff,7.902840990692445,1.109548106556521,3.421268668781811,36.54911040849574,229.26608543311184,7.348608606553217,0.2,24.100744596644734
singapore,886526ac91fffff,7.491709331012547,1.074557723715585,2.86760263363905,38.77657026728595,334.8494571483523,10.951719564869949,0.2,23.514959666180257
singapore,886526ac9bfffff,8.269808401391387,1.0847905823445625,3.03717349105906,34.53087876487325,272.8535822808884,10.725150619319736,0.2,21.479875939078273
singapore,886526ac93fffff,7.868884243898806,1.1237134989573996,2.981921954400688,37.349489510115234,158.8888656943436,6.4129451537465565,0.2,15.897416724298054
singapore,886526ac9dfffff,5.905182211166874,1.1595753474735686,2.855771397368279,46.871663631700386,197.86628630340343,10.193694099653651,0.1,14.48961264002072
singapore,886520d9cbfffff,7.759311203777588,1.1091904424919077,3.405213718773243,37.489946166302694,290.7300097997868,11.541933555920648,0.2,19.86881852659669
singapore,886520d835fffff,8.114976390557851,1.1088400331539234,3.4812777224172136,35.70686279765739,108.53600004699962,6.867366517247609,0.2,23.627184792746384
singapore,886520d947fffff,7.073627506028235,1.131543251480777,2.822219583690476,39.77324330860751,180.7203408608776,14.032255437976806,0.2,23.31671679115325
singapore,886520d943fffff,7.064571346617336,1.067581110913548,3.0478358781821475,40.98514537598508,353.0350141211096,15.95704725354379,0.2,31.030821915621292
singapore,886520d941fffff,6.4273545961005665,1.1711788417865352,3.233239779171055,44.97379064403457,119.20225084711826,11.143179022386436,0.2,27.91982324040033
singapore,886520db31fffff,7.18508780871054,1.10832149410683,3.2637719061970647,41.130993690324814,239.78850598022763,12.649579996819508,0.2,15.879792362439902
singapore,886520d9c9fffff,5.833243032395392,1.1491181332265512,3.473072712198747,50.37978863358429,72.26658064939832,4.51358885025867,0.2,13.948667271053818
singapore,886520d9c3fffff,4.882039160621066,1.1118765387611285,3.493128343495708,59.866486479347515,380.669191884547,6.515500144304376,0.1,6.79511830786431
singapore,886520d9d5fffff,5.356193361358879,1.1728154596263058,3.4711315179898548,54.378570053795826,47.66164238255883,6.87184360377768,0.2,14.386242171743294
singapore,886520d911fffff,6.7803008626140695,1.0946713416492448,3.1736803307747863,43.234690315026306,174.06018955495068,14.556242922035532,0.3,19.76405951228052
singapore,886520d919fffff,6.135521497578829,1.1334025911959371,3.4351348999338747,48.24365787273444,118.5279285537546,12.945527599893085,0.3,14.557234174182272
singapore,886520d913fffff,7.998447443022711,1.1128670000150676,3.368494022603928,37.660213902259315,63.93696632335519,10.219849837648391,0.3,23.217557795360165
singapore,886520d91dfffff,5.765806157615066,1.169818431578175,3.3960267837149,51.45624720597118,523.6989243619456,11.29342284576552,0.2,17.846825106240203
singapore,886520d98bfffff,5.5025060223806515,1.084347165596265,3.3409147004363153,53.2908244923465,97.01828898778062,3.3668431125513476,0.3,5.498408956329783
singapore,886520d9ddfffff,7.855137843955465,1.1052010428133012,3.4717356236155013,36.59256135750122,168.6545343781948,7.186039601260088,0.2,21.21619061939692
singapore,886520d837fffff,6.630542091297728,1.0842301649265522,3.491643978087034,43.20150535397366,78.84227970562358,9.002092535468668,0.2,22.67980973362024
singapore,886520db17fffff,8.312196435739338,1.0692529917221,3.2461320835316054,33.9392955789822,160.75299184758754,9.89451767017343,0.3,15.014207576244884
singapore,886520d861fffff,7.563803914618159,1.0854537076779498,3.5066623746226355,40.30512845210823,109.08437058307946,11.054348865272004,0.2,21.12646396155269
singapore,886520db3bfffff,7.045701716702021,1.1265249760896296,3.1117610664079223,40.49025484406292,172.56473262376772,4.961908065876912,0.3,14.246310786121692
singapore,886520d863fffff,9.13626062385738,1.0756648968543767,3.354669702477534,31.4588866341447,539.7410408140371,10.860632940646532,0.2,23.01125242396582
singapore,886520d9d3fffff,8.027489343405348,1.0901377293074674,3.468376740512964,36.69923260535919,382.4045724613965,15.50670965926496,0.2,19.797551088783205
singapore,886520d8a5fffff,9.622551198716518,1.1099409899284165,3.4951227701708376,29.92126155593843,491.48497139650794,16.259740618067838,0.1,30.853339608113348
singapore,886520d9d1fffff,7.378806546733141,1.1253716818099315,3.3268238753540613,40.54309622712563,366.85998441967575,9.430903681409871,0.3,21.40875509078898
singapore,886520d999fffff,10.06535256757471,1.1123674799286154,3.4194129315220825,27.70701419087893,691.8000691816776,13.596976351358595,0.2,32.51894110656415
singapore,886520d99bfffff,7.345849814531959,1.2115907855823225,3.4609971175173273,39.37130401201058,500.6436052125973,16.812672648376793,0.2,23.506457784505827
singapore,886520d993fffff,4.041792169590195,1.194720559266896,3.3704334505337683,76.0730021402835,142.98509891814447,6.9446065516486595,0.2,17.739086100432516
singapore,886520d9d9fffff,7.843061300993035,1.0751462660292277,3.5284248730791425,37.2266378796173,96.25725665940696,7.311979234945849,0.3,13.745157936448948
singapore,886520d8e5fffff,8.717255590562303,1.123640807753436,3.551714223772303,32.569837495338966,605.9234454496969,9.659130391212315,0.2,26.367808109422675
singapore,886520d9dbfffff,7.657068545479474,1.1061921562820267,3.53151390582996,38.31255821021767,208.61829801854628,10.141368837042489,0.2,26.64562241149302
singapore,886520d833fffff,6.743696961207068,1.0830172959653974,3.462019775365155,44.36443831771796,82.97456777858199,7.972899319749424,0.3,18.453613452818235
singapore,886520d8edfffff,6.873808088851393,1.1412292686137588,3.3165988063754868,40.59473299712549,91.97714726242228,9.648999287680994,0.2,24.047222315299635
singapore,886520d8e1fffff,8.244348926843397,1.0702212035831762,3.246372944206839,35.32033692437057,32.21809500195627,3.5496286933217323,0.2,11.581103378568525
singapore,886520d8e7fffff,8.315188208592746,1.0794215910314524,3.507659182327315,34.171827452046024,367.6395424239939,16.13929639094959,0.2,35.60685723858448
singapore,886520d8a9fffff,6.80988592775501,1.1151350885881988,3.4637650738155807,43.93323633359044,6.727636669111389,16.24530361141297,0.3,14.718390966305726
singapore,886520d8e3fffff,9.522605253955224,1.051044086295965,3.2087705921419953,32.751666146118126,47.01899377463237,2.2435071116050938,0.1,3.300025467458701
singapore,886520d8adfffff,8.312593337637239,1.0677631405565744,3.4169163219865553,34.58607781259734,134.60809131246808,9.996412417607075,0.2,21.19465071510453
singapore,886526ac99fffff,6.395090829921437,1.0779530997523463,3.0044305615229145,44.7951956004351,460.1789589685795,6.193784131575366,0.2,15.077427219288955
singapore,886520d9d7fffff,4.749431517160347,1.0917372436889523,3.453379126527955,61.44347176791557,302.1678328466472,2.402784824134941,0.1,5.266413620623362
singapore,886520d9c5fffff,6.627668345937021,1.0367074056765704,3.210683553686135,43.69902451244145,441.9724134914466,12.074458376924053,0.3,24.697148813905645
singapore,886520d955fffff,6.604909054049398,1.0827239446385872,3.147133680840527,42.38729398598521,449.110121919054,11.007443896190756,0.2,17.001815044725806
singapore,886520d867fffff,7.666136938624401,1.095563999980142,3.42492584502564,37.78873187813747,361.941326970706,9.295990525067529,0.4,18.334891627752057
singapore,886520d805fffff,8.339531767023715,1.0958063609955044,3.275071378349175,34.144344722617326,200.0475573081003,18.96628463075932,0.1,21.519555650603873
singapore,886520d807fffff,8.600193294042304,1.1379866815347102,3.1072571651331047,33.348645600077475,101.35508894297465,16.984793319993063,0.3,27.458333825108586
singapore,886520d9c1fffff,5.359826030344616,1.072714706388662,3.4680665607849757,54.21184122223585,601.6023266462059,6.512255100390858,0.2,8.993560876363183
singapore,886520db25fffff,6.487120888084334,1.0456532682439312,2.9359258283931564,44.642910991221015,169.41548666679347,5.914776717297084,0.2,9.45308324477701
singapore,886526acd3fffff,5.98103195330274,1.065984168774302,2.9854998013267093,49.93414521985398,136.13606280897264,9.972516835066576,0.4,20.134244673
singapore,886526ac97fffff,7.595538058868497,1.1274067531509944,3.383607686096031,38.05211334284007,141.35253352227002,8.391006526929838,0.1,20.122287533069425
singapore,886520d80dfffff,7.515117862625847,1.150808472972122,3.4901326080716286,38.4299987609698,71.41634713737025,8.666366563323917,0.2,10.409443500553014
singapore,886520d90bfffff,8.135797472971973,1.1284574716494264,3.521149662738182,34.442816595509086,534.0704942303557,13.017073666972646,0.2,23.938287096608075
singapore,886520d91bfffff,5.22139923115643,1.187724429700687,3.500494614511378,56.394967778435934,145.54356716022178,13.45162197884298,0.2,22.08641130021513
singapore,886520d9cdfffff,6.683575588286,1.1679789503266018,3.5623745204374484,44.47623432187968,13.150198538236452,8.51842600473477,0.1,23.59989767977183
singapore,886520d827fffff,7.703935782233248,1.118678975049539,3.5543945743707033,39.064171328195854,33.844289275406254,13.107906145122236,0.2,24.31304439374799
singapore,886526acd7fffff,6.642339271619485,1.130646063626137,3.0144081552178537,42.04305179652995,543.8246957059908,14.726836791479192,0.2,23.15211904146596
singapore,886520d909fffff,7.421134470091843,1.2002815532354714,3.4032203997383994,39.07032559569272,100.426926726157,13.857821477798804,0.2,31.540620177396097
singapore,886520ca19fffff,5.764292777221891,1.0921283005580098,3.327425381473027,52.46425997543811,108.48699629660295,7.527485404484182,0.2,11.177071911266784
singapore,886520d8a1fffff,5.4347196057425275,1.1823114970160262,3.2830054728071767,51.67592373071195,110.27432121374092,2.411231463840994,0.2,2.902967969106042
singapore,886520d8a7fffff,5.228060708773056,1.1093952459505785,3.2344777647530747,54.593219659388616,182.268757956648,9.632593973546802,0.3,24.87674579549198
singapore,886520ca4dfffff,7.083886751079766,1.106289559109209,3.2121363026495593,40.10381857778939,435.75006167259113,14.006521775630109,0.3,27.440826160005905
singapore,886520ca41fffff,6.948109472691142,1.0801100258710294,2.821218823804185,40.65483250002907,146.85653934225834,7.795660093617762,0.2,11.005093309034145
singapore,886520ca43fffff,5.929409091814152,1.132521523371416,2.718074225349198,47.899141557675975,117.39951969309593,5.363412703166826,0.3,12.715372042571897
singapore,886520d8e9fffff,7.763306847267751,1.0864161373534678,2.8072638784749446,39.7167520747746,147.8397398532041,0.3423977807847661,0.2,0.6531423825633229
singapore,886520d817fffff,8.14950460007409,1.1351900559075947,3.303053492160802,33.17629520301298,397.80705983481346,11.55740392014915,0.1,28.585578533324497
singapore,886520d803fffff,7.641731238360332,1.1192590348112823,3.450132340433891,37.077113090688506,15.051395299580246,11.115699761834902,0.2,21.80784896937791
singapore,886520d80bfffff,7.669847622006485,1.134305991345613,3.1301661908251743,39.114206016196945,90.56022150241508,5.143422249562468,0.1,5.980420414205931
singapore,886520ca4bfffff,5.804470411771042,1.142360595118181,2.3799340130383007,53.36137344179017,67.38654690065249,1.5728900781478277,0.3,0.0
singapore,886520d8b7fffff,3.460338734007914,1.2914937080678976,2.577172419341633,81.47708870820172,0.0,2.822347979205802,0.1,2.8755468444745578
singapore,886520ca5dfffff,4.335433647305848,1.290018113246271,2.7861403452526976,70.04627594377037,208.58077559501805,1.7951519203658506,0.2,0.0
singapore,886520d8b5fffff,4.585324909748414,1.27258649346821,2.87385456273164,64.10800755494834,190.37467128722565,2.249891045489199,0.1,3.89383459583501
singapore,886520d8a3fffff,4.572001459689552,1.119427419530428,2.826911953028494,59.447678263280174,67.83563927940385,0.2227635941709309,0.2,0.2176392478367539
singapore,886520ca49fffff,3.479791326956212,1.3690043588273753,3.1917703462634277,60.34844629137231,65.36321178885831,0.2129869406930919,0.2,0.0
singapore,886520c121fffff,5.741008652522028,1.2574797105017306,3.391285720090095,52.77045957621783,25.427370097778063,8.978400793693794,0.2,2.7988645650980466
singapore,886520ca51fffff,5.305005954765977,1.153444723025704,2.8340097761369822,57.077227365573826,0.0,3.200513934384089,0.2,8.926598463422078
singapore,886520ca53fffff,3.6220175695262737,1.1788761458441053,2.928342604946893,82.69953548184735,21.634239096888468,5.928269268714985,0.2,8.738147456116426
singapore,886520c127fffff,4.936943150002778,1.199771591473797,3.4600106399553683,58.04546568030526,0.0,7.894203924519412,0.2,9.554832587030331
singapore,886520c123fffff,5.972599127203853,1.3353283496997854,2.983795204986171,52.873040188794874,0.0,1.2601382420691416,0.1,2.035499872434933
singapore,886520c135fffff,4.905142710486501,1.1460742116089662,3.0657936416934644,59.57172083558204,0.0,4.655983532638765,0.2,0.4518742729526668
singapore,886520c137fffff,4.389982609036997,1.2168724141395424,2.838118999539094,63.63401671468741,0.0,5.135398500141253,0.1,1.7515814873480764
singapore,886520cac9fffff,4.01460092341864,1.2357978869399429,2.87360141759272,74.86334353540202,352.27323284863564,3.676541737648155,0.3,3.401015668338701
singapore,886520c13dfffff,3.602171835788285,1.258431216606028,3.060355475523906,85.99884259209988,0.0,0.0,,0.8824642948492709
singapore,886520c12bfffff,3.4470700488238575,1.3756489845243112,2.8216961854350964,94.28296941946112,155.73253617773503,0.0,,0.0
singapore,886520cad3fffff,5.101182875135293,1.1565118945174828,2.3814511780330756,55.767998439605925,231.42248389033855,21.178481111615824,0.1,15.21588574883532
singapore,886520cadbfffff,5.171177892848666,1.1173482436447577,2.6732105019491263,57.114422154717765,0.0,3.927785918507152,0.3,3.890623824094842
singapore,886520cad1fffff,6.236255480578334,1.0857746961557382,2.3906166500086536,45.25173896917607,1245.1397070848143,1.9200582039406864,0.1,0.4525645093529009
singapore,886520c1e7fffff,4.968370298661234,1.1102205710671027,2.7065065579203815,61.36379344805269,0.0,0.0,,0.0836284306241168
singapore,886520c1a7fffff,5.3984758229454215,1.2140125869988536,2.9836033489652265,54.90418067762,76.72013412754005,7.150029373562525,0.3,3.3992056866275253
singapore,886520c1a3fffff,6.449550889679529,1.1588073940279138,2.399626043852084,48.67834888697075,208.6877246356496,2.8073544441721063,0.2,8.168553237791166
singapore,886520c1abfffff,7.107177119168225,1.0702237174804077,2.135370076148556,41.684601009965775,0.0,3.7706673732079854,0.2,6.001433209948061
singapore,886520c187fffff,6.360592209127618,1.2238226427969034,2.330561435582256,46.72564871810257,0.0,8.943826256771816,0.3,11.39391223305664
singapore,886520c1bdfffff,3.336681339712109,1.2810971237137008,2.32535640303582,92.2150713135991,0.0,0.0,,0.863182802829165
singapore,886520c183fffff,5.061985019574956,1.0943029211150712,3.4740792088249117,61.512873764910466,0.0,0.0,,1.303897225036227
singapore,886520c181fffff,5.767533807268248,1.129290890026704,3.045263622891969,52.27027674382784,0.0,5.237120465185836,0.3,0.1658768939620003
singapore,886520c18dfffff,8.283837392458572,1.2460044831150003,2.8478396888941275,41.020339867133394,0.0,0.9064880130089986,0.2,0.0
singapore,886520d945fffff,6.190035172060225,1.1358796000911715,3.151522530433362,45.840266254490096,330.3930270461446,13.377128614827395,0.2,23.148008880742484
singapore,886520db21fffff,5.775270334152061,1.0792426349563855,2.8658022618123944,53.354997611373776,19.982671145032615,0.8371333143808527,0.3,0.8498219388821814
singapore,886520db23fffff,6.945156418347791,1.1599597404187016,3.041253188479858,41.450295794385035,33.51106505351116,2.0404194808461713,0.4,7.780140274920099
singapore,886520db2dfffff,3.2579970936501095,1.0472179136192732,2.88301706318125,88.85019718854733,11.78938854788439,5.9771821897813,0.1,5.208752878517802
singapore,886520d969fffff,6.1836551193530145,1.2057075995715656,3.2078386641433196,48.36385839578295,121.41206069631546,10.718853371266734,0.2,17.283247953776538
singapore,886520d823fffff,6.980863946743943,1.0777460552049172,3.343838656159431,38.6732149272951,81.23276166547073,8.337658781157204,0.2,20.664880277046738
singapore,886520d831fffff,5.868098029500906,1.2057466720900172,3.459208934251009,52.810268638216776,115.92472997227172,9.404036073688982,0.4,21.039564991087904
singapore,886520d83bfffff,5.5960622220745,1.1747578911006715,3.4760951144701604,53.60912514814532,59.70043570147187,5.950091725176088,0.2,12.654983826098992
singapore,886520db27fffff,6.290720656065844,1.110402595845101,3.3144960860536425,47.65070616581205,23.895174576318464,9.822817045970485,0.2,15.65535826263026
singapore,886520c125fffff,4.239075215342812,1.277013499060264,3.271240179670208,70.3896679384735,30.41642226904462,5.6786640679714635,0.1,6.583317478146743
singapore,886520d9c7fffff,3.748059867984371,1.216589941685278,3.36215604900903,79.49318206586729,996.3873779809264,20.00923121210813,0.2,28.252503943649696
singapore,886520d989fffff,4.761910172565292,1.1163902602374036,3.360808158597214,55.938801068989775,184.23909925013143,8.03995864452519,0.2,16.84306545735091
singapore,886526ac95fffff,5.587608484361832,1.193497346093174,2.5181984671782134,52.22150297154088,169.4959325318701,2.988688740192363,0.1,7.716111380845123
singapore,886526ac83fffff,6.658656959740178,1.1279244636947028,2.852671105768113,41.838208556271624,235.58355624662536,9.666308468019222,0.1,19.55567361518833
singapore,886520d843fffff,5.987490067397197,1.1274735993911362,3.4351547055814655,51.20164536639667,149.25259415566563,3.4224646239846823,0.3,7.475082501679867
singapore,886520cacbfffff,4.963432993477386,1.1243015579614417,2.397213436554378,57.05791241106048,0.0,1.4952011097950315,0.1,0.4408496240678321
singapore,886520cac1fffff,6.034980446918497,1.101679410960595,2.7064442391816983,48.08099516802832,1053.7637300132844,3.7172038585422023,0.1,3.205472599024512
singapore,886520c131fffff,3.707769559995629,1.355835964539806,2.7768019384495526,74.7548920067743,135.00003391161738,0.0,,0.0
singapore,886520caddfffff,4.159148378590923,1.1011587968426386,2.7058080091817396,69.76318563388428,0.0,6.463178014348255,0.2,5.820615947690122
singapore,886520cad9fffff,5.562504072488364,1.1707447624258938,2.5434249104280644,50.88873273258639,0.0,14.877065211196316,0.2,22.443123367935637
singapore,886520c1e5fffff,4.865428841066037,1.133655296986602,2.6506221754863617,58.35448575335479,0.0,3.7743751113651984,0.1,5.4464474404088605
singapore,886520c133fffff,4.505930701975209,1.2176426165928442,3.2101719519359615,66.34407378053004,0.0,11.898390219268448,0.1,5.863031781579237
singapore,886520c13bfffff,4.696010227319825,1.159734945219742,2.8612841817188075,64.55471594495026,1773.9793991247016,3.865722033926102,0.2,1.900096318173166
singapore,886520d96bfffff,6.727714405677678,1.1018882795805418,3.3547799063798993,44.42081763465416,302.1757137829525,15.015180080677425,0.2,24.117602391645004
singapore,886520ca57fffff,4.523315838261168,1.1059789295459117,2.669656425353554,66.86889587589421,82.38227401207834,10.471450805164183,0.2,13.035924201761116
singapore,886520d815fffff,5.604884998272608,1.2353206716567318,2.9290836184066333,51.39956355002241,150.91688176208763,7.42144033641601,0.2,17.236388834701717
singapore,886520cad5fffff,3.9546339549988785,1.7690656031952827,2.74065725508946,80.07483632369623,41.55205256586384,0.1455510210121022,0.3,0.1180713868954974
singapore,886520cac3fffff,6.729622327090189,1.1635725335719578,2.4024866561302436,40.25001958156216,217.88999878107455,1.4866526242580993,0.2,1.7538969532626814
singapore,886520d84bfffff,2.038293680613335,2.207217893061682,2.8389889331546994,156.10204810431213,163.39476687098974,1.5108881987377447,0.2,2.0625385215080447
singapore,886520d85dfffff,8.799341131580576,1.112258840368887,3.5041355642379557,34.655441854687986,182.13267943318277,3.636872852973146,0.2,9.807608495651897
singapore,886520d8abfffff,5.556088861741829,1.0699676335496782,2.284913677537322,48.74532068740662,0.0,2.0589221476167143,0.1,2.717528589714721
singapore,886520d8b1fffff,3.980355925979509,1.528240819084007,1.9100503437754457,78.95919865718368,0.0,0.0,,0.0
singapore,886520ca59fffff,5.554079534390931,1.2011406604446595,2.7546454144708568,57.28794775293223,0.0,0.0,,0.0
singapore,886520ca55fffff,4.417504572406603,1.22454148040906,3.371715382398288,66.21161648684611,111.2757626440873,5.0749257664598595,0.3,11.628930546668585
singapore,886520c1a5fffff,5.37692647465151,1.2267864623749989,2.2991963063450944,54.56893915807374,168.91739682127806,10.790175441283528,0.1,8.606111311676166
singapore,886520c1a1fffff,7.200017097285686,1.1679098643348824,3.1118614063875536,42.92422003091438,26.39042872207999,0.3741318306093547,0.2,0.2529464153156296
singapore,886520c185fffff,6.606837084657813,1.0849097014537448,2.617471268251506,46.45652513243469,0.0,8.925692881243334,0.2,15.977164590004538
singapore,886520c1a9fffff,5.367040476856303,1.0055743128264187,2.807429015901532,59.68140195350644,0.0,0.7687078290182094,0.4,0.7299251864732721
singapore,886520c1adfffff,2.926822424614006,1.1386699690028008,2.0248074673823773,106.77108299155284,6.387263942734969,0.0,,0.0
singapore,886520d857fffff,7.299765919915117,1.1352649631964071,3.4896476486140533,41.895212267574,28.24256769940403,2.1189061425784628,0.1,7.78773141964981
singapore,886520d855fffff,3.559984895808953,1.3494525909071389,3.371080499166351,79.00314417937727,57.871398776300474,1.284239376677696,0.3,3.123573473328765
singapore,886520c12dfffff,4.637341373462516,1.152127744196996,2.5445145629074983,65.22468618190761,2.444906779040683,2.6383592311149973,0.2,4.774968934959883
singapore,886520ca1bfffff,4.719736846374446,1.2077426139348284,2.7069197254689112,61.52559450590549,41.87278549869494,12.462256825555311,0.1,11.992458326108531
singapore,886520c18bfffff,9.907242075030164,1.1347963961052576,2.4476250354619427,32.44379909103943,0.0,0.0,,0.0698910745600933
singapore,886520c1e3fffff,6.615003191239972,1.285520203670679,3.192650678762991,46.12954068225178,0.0,0.0771434778259343,0.4,0.2660227141524593
singapore,886520d991fffff,4.564016930570604,1.1484871706891209,3.1556649084607056,60.658328353151255,404.2884264437252,22.605922036810096,0.3,19.054695790074415
singapore,886520d901fffff,7.485258023889297,1.1224706339154895,3.2414907172763714,37.2607395910558,305.35161284471974,14.309999063162106,0.2,27.042387264715877
singapore,886526acdbfffff,6.919270570381099,1.0814356304166266,3.1902371166874004,46.356724125541106,17.94439923975172,0.6378576151980738,0.3,1.6837888868311115
singapore,886520d811fffff,5.8328537482717735,1.0412902824690673,2.0230942657434148,48.39107522621494,279.54882196010993,3.579180028559351,0.2,3.795141444125088
singapore,886526acd1fffff,6.376457976089857,1.1018270336510625,3.246734982016919,45.589208853669064,26.90080817628494,13.813404179154205,0.2,22.90862576321858
singapore,886520ca5bfffff,5.404451161503974,1.1461056794396136,2.972437048417115,53.96786055616801,0.0,0.0,,0.7056440409972673
singapore,886520c129fffff,4.633824485452083,1.1237982406082432,2.38888971472958,64.74133859447022,13.44647791038018,0.0,,0.0
singapore,886526acddfffff,6.619622175622707,1.095028924940704,3.284851085340035,46.13089983312418,8.831673966957185,5.795191092007322,0.2,9.021659960175755
singapore,886526acc3fffff,5.876185449062287,1.199335858710166,3.1160767136547975,47.5205843148521,24.829425616490617,4.456325307601572,0.2,10.417981791111476
singapore,886526accbfffff,18.3870517558373,1.0644721029833784,1.7764021910784538,18.128699356464836,114.94482234608788,0.0,,0.0
singapore,886520cacdfffff,5.180124350649955,1.124382792714113,2.155537536849558,54.141513046834994,0.0,12.19348514877023,0.3,7.385063594014197
singapore,886520c1edfffff,4.4506463080142895,1.1037477734558294,3.2299291528084835,71.42810562040302,0.0,5.901439977308104,0.1,5.2501594781252825
singapore,886520d90dfffff,8.254609926933842,1.1769675676325977,3.26579659221512,34.65985004340541,315.40922304543534,9.751956850756724,0.2,26.20646357062452
singapore,886520d8bdfffff,3.68167293976232,1.6087698658853835,2.6051390439761524,68.80929878298427,0.0,0.4035045668882211,0.1,0.0
singapore,886520c189fffff,6.717548281365948,1.8632260821361633,2.0523838812249515,47.3657657309936,0.0,0.0,,0.0253885789144794
singapore,886520ca99fffff,7.084656554924031,1.0645771071587566,2.1300829926110354,39.02534256518125,42.60731043260256,13.50827110521732,0.3,15.73965602595227
singapore,886526acc1fffff,4.786499203845338,1.1427447568340183,3.1152333185461996,61.04833193600875,12.662438199533526,2.711714983593848,0.2,8.145888707708863
singapore,886520d99dfffff,6.362650055606466,1.1383928725267858,3.3204573359449667,44.235806021482745,429.36388947367885,2.0874023300000784,0.2,5.862537701092573
singapore,886520cad7fffff,7.186367680139921,1.113318323021494,2.0748112675541774,38.51538448980742,0.0,9.134488115215412,0.1,11.931749589675938
singapore,886520cf4dfffff,5.2225683580798385,1.1597825569437623,2.465371785887206,65.38227768830791,253.26510537377968,0.4019493907918072,0.1,1.1072931123753031
singapore,886520ca9bfffff,6.2135684413683325,1.1756895486084602,2.731669943806488,47.71174242121397,50.69820769694314,13.989841103207551,0.3,7.402309293753065
singapore,886520d903fffff,6.086974598048777,1.1113944034315717,3.319750279017583,46.90775543584512,349.04599977158375,11.953816053828056,0.3,24.20094806137753
singapore,886520ca09fffff,6.042219599268841,1.1401636772626067,3.344048234497826,50.5700844756669,25.9853948336786,1.7537063736256793,0.1,2.1564876716879784
singapore,886520ca47fffff,6.0011533787864435,1.3369721377871753,3.3270344570141988,50.44075423446612,106.4337247562694,3.2330015700003183,0.1,10.623917645432703
singapore,886526365dfffff,6.942237025907814,1.1212529804990918,3.3153807027028583,41.55657234758758,80.49343783582859,12.23326231372996,0.1,21.157554373987036
singapore,886520d915fffff,2.208657849403323,1.105212501173977,3.356122263779981,108.26956961541627,27.89400716314825,1.1540004731114433,0.4,3.981774803007138
singapore,886520d9a3fffff,4.649599994746852,1.056382915942454,2.8613024165759127,77.66498441136802,13.018407556327924,2.8463417529398836,0.3,1.8002292313950132
singapore,886520d935fffff,7.306984386561893,1.14005603246151,3.5258301427123366,40.41886977629071,387.9725936328829,12.483109819073674,0.3,19.128402804400917
singapore,886520d9edfffff,3.488342936757628,1.1443633941903402,3.356350539013098,84.38242570934749,49.11407470511502,3.80879733402095,0.2,17.696466157706503
singapore,886520d9e9fffff,4.620628583627138,1.1571839921839322,3.349085257093209,68.53324411071515,79.94094403966137,4.731720776933745,0.1,8.115431028962902
singapore,8865263647fffff,6.332112926707233,1.179826937755191,3.2479622574970737,44.47317959453051,59.5997510311817,5.711238097181717,0.1,10.00402161099962
singapore,8865263655fffff,7.346910850329812,1.0943540047112412,3.335483203665371,40.21479931817633,681.2729582334448,7.316796823299991,0.1,15.90741399979166
singapore,886520d967fffff,7.095893742644445,1.1139739432327225,3.4299400049702484,40.493080081790694,39.40713208156816,13.629840899519928,0.2,17.800363611397113
singapore,886520d937fffff,5.294525327514526,1.1942985339272918,3.4191284266354565,59.14577219981701,760.2833616559203,7.646533008936078,0.2,11.639114622791654
singapore,88652636ddfffff,7.912165725403392,1.0892726810241813,3.310084877229382,36.911376707635654,193.40232278821637,8.634543452145174,0.3,15.631653819151918
singapore,88652636c3fffff,6.982300414888082,1.0800687571670655,3.4265327392501574,41.64913236922787,341.1724842115641,17.933944418891823,0.2,29.374082267257407
singapore,886520d927fffff,4.859672855880781,1.1104042728385033,3.425248165837297,60.36577816639193,46.68718952889101,4.839492350178653,0.4,7.89255459026797
singapore,88652636c1fffff,7.8514343909767454,1.088778333871097,3.2924309416013107,36.56172621643122,109.17028604373624,11.52675850707181,0.2,26.155564459036768
singapore,88652636cdfffff,7.211371672025305,1.100718658558622,3.439322296694036,39.996866199980104,167.22264778458003,12.730898627877467,0.3,24.824841805368365
singapore,886526361bfffff,7.709561907823525,1.0883472987236174,3.179200763145915,39.482297594105766,132.43228857624837,9.614738306233216,0.3,16.462693003269912
singapore,886526360bfffff,6.921745478706525,1.1418163801187378,2.987214893883998,42.36925955619424,129.46779250191435,13.145012885203776,0.3,15.42041723674761
singapore,886526361dfffff,7.613975091855543,1.138200618682346,3.103059187791073,36.66167815456458,305.5229269455465,10.987382576348468,0.2,26.659396369442288
singapore,886526368dfffff,5.345449338840144,1.1335128972707371,3.3961191713417245,54.08631303598431,102.51872024034658,4.9008365223471735,0.2,12.213404253696584
singapore,88652636e3fffff,4.389091287247978,1.1131324904757818,3.4114598309292092,63.435831645974474,463.5053047720053,6.870839354407844,0.2,20.838048937765
singapore,88652636e1fffff,4.656404851528794,1.1215068261145802,3.251371242756043,63.08072049208872,123.7212787189552,8.876738118497606,0.3,13.667332497113904
singapore,88652636edfffff,4.337799051059725,1.1250415798887765,3.31324955085051,71.79693533521727,227.93253782863988,5.212743748643534,0.2,15.298241713464128
singapore,8865263689fffff,6.68522258671437,1.1456546446556397,3.2318218463734008,44.02033148014433,534.3461321012895,9.304638928563902,0.2,9.662827678829506
singapore,8865263657fffff,6.563789648743656,1.0966811070713869,3.481662848294167,44.355358121821325,229.27043853229483,6.002568874657413,0.2,21.64926924838722
singapore,8865263653fffff,7.789771117603724,1.1286879868973914,3.3947084210582075,37.02767367203703,231.3459029159174,10.03104029001799,0.2,22.791843798723463
singapore,8865263651fffff,6.272010184047186,1.1292543114551872,2.9826726627501663,42.58453226226253,668.2804645618053,8.647276137781045,0.2,21.970149910440572
singapore,8865263687fffff,1.7042161764760966,1.0855924977852975,3.0325189149497604,201.70563144799587,53.91470835430404,0.4437943333277853,0.2,0.0
singapore,8865263681fffff,6.03107309907086,1.2305152305507046,3.1824443036139543,50.00557888011072,7.141652257545014,0.1689256128471038,0.4,0.5293915305802684
singapore,88652636bdfffff,6.868148282267495,1.102343647403628,3.3553527521251065,44.48878256522987,61.96395658068244,2.9848122952400313,0.2,6.172421900553631
singapore,8865263609fffff,7.029079925474333,1.1188138031575037,3.42553188935863,40.01234912420218,87.75458124735295,11.817714496121967,0.1,23.14620386555327
singapore,8865263603fffff,6.363540681172744,1.123162361185811,2.922423234520065,45.01144491013663,100.454785531075,17.400746728491292,0.2,20.312779804499847
singapore,8865263639fffff,6.624672750389858,1.1195408748443267,3.4202017052145894,45.427215835493634,161.55761189374456,13.480699079604378,0.2,19.51042455257524
singapore,88652636e5fffff,1.880947275784601,1.3417373664603758,2.930797810474644,187.06098590939163,137.36631084906486,0.0,,0.4958051526476774
singapore,8865263633fffff,2.855919559327082,1.2653128869525423,2.518920898826259,95.49543222832696,5.7880251043705515,0.74490789887241,0.3,0.0
singapore,8865263459fffff,4.824546736169418,1.140534862458847,3.1140740450537523,60.962752180186456,49.04581446755134,10.567996724697345,0.3,11.834703328431566
singapore,886526365bfffff,7.260358676775387,1.1531132536512023,3.4798001282370525,37.222729650119895,376.35661826037824,17.00643156705506,0.2,25.698451907151387
singapore,886520d961fffff,7.552139709235207,1.1088474423905417,3.2483382783393675,38.37699546502419,282.1910738412636,15.66053552846678,0.2,29.94379238799318
singapore,886520d925fffff,6.045781215926154,1.063654577624167,3.336173123998552,49.11062828937774,112.04829559213798,14.15444013712212,0.2,22.613615368477753
singapore,8865263659fffff,5.496636055922828,1.1515785595190702,3.364344222151072,48.685347015919334,283.8528634053844,9.551550481211423,0.3,26.232126427838462
singapore,886526acb7fffff,6.108589838166895,1.1126281973767855,3.3082820097352035,45.40692207564528,131.37659920943815,7.140643126705238,0.1,10.482381792332369
singapore,886526acb1fffff,4.902259268327857,1.2078898446425297,3.299916151961023,55.60678355338793,38.65908135340541,6.58019479358224,0.2,5.1622630678760295
singapore,886520d96dfffff,6.912943958430386,1.1206159426080338,3.351483181079108,41.72395666507765,155.5970668899024,9.802886167526298,0.2,28.01469173924243
singapore,886526acbbfffff,6.174386730226292,1.1967614706687388,3.2196971699015964,44.88762530789463,141.7886426581179,6.334514974653286,0.1,9.862367762158543
singapore,88652636c7fffff,7.232875633533216,1.1146226946727358,3.4649783515268946,38.12249900154197,263.63262490469594,10.180523300348543,0.2,22.198603270078294
singapore,88652636c5fffff,8.044532372129968,1.1053646184328454,3.1122737860165843,35.639560865129745,63.82371048550563,8.619191919992124,0.3,18.368532774164603
singapore,8865263613fffff,8.258721593014126,1.086792977582581,3.29692539415907,35.13601568480387,249.24607823129404,8.319381166990308,0.2,18.550294684593425
singapore,8865263617fffff,5.41819164061669,1.1508157707140223,3.410797980654957,53.93931047693551,339.95122917037787,9.390347379278186,0.2,9.356417539228596
singapore,886526364bfffff,5.1351293091925685,1.1321959582913557,2.5475510356049864,60.33520115538744,42.08942545102916,7.392303187368703,0.2,3.7574251304692328
singapore,8865263643fffff,6.423844864264701,1.122375855984317,3.3664354991046133,43.672129753004405,102.1056029253782,12.739789797331111,0.2,23.99478981002983
singapore,886520d981fffff,4.896385692602215,1.0709122327086906,3.063876597317622,59.77530064093454,61.764315935082664,11.776208302187136,0.3,21.866409278431178
singapore,886520d98dfffff,6.059972640691765,1.0747474867178348,3.1717485815974067,48.509006892087115,132.37514358408896,10.308662368937489,0.2,3.5860014075470437
singapore,886520d983fffff,6.016936770487058,1.088798698555708,3.309951332228803,47.643290531614056,182.6689003748173,8.016918934662568,0.2,11.428815225667924
singapore,886520d9b1fffff,6.7362059063228985,1.0942294659661511,3.3548467606053123,45.05031650051507,23.559069001932283,3.5935154621962373,0.2,6.047693487790836
singapore,886520cb5dfffff,6.126510647503228,1.09143030211465,3.287046161925564,45.80975486724329,114.53240385525942,4.308958310876993,0.3,12.925621716157815
singapore,886520cb09fffff,7.44254512969921,1.1436141546087772,3.486779122492814,37.682439663177846,98.98842496755437,18.14424488488532,0.1,25.93963906849202
singapore,886520cb55fffff,4.986763531976759,1.228724192043836,3.193154256198089,58.090289989689765,204.24348215395233,6.547420719940969,0.1,14.749548934676792
singapore,886520cb0bfffff,8.406585584817527,1.1047965589067823,3.462986234437739,31.645429759618473,199.41880098207545,23.607815447554373,0.1,33.823133988051964
singapore,886520d9b7fffff,5.091666786922745,1.1409998312538796,3.3150578363297383,59.15642792075723,15.388410374538967,2.9201380874618064,0.3,5.583935558375071
singapore,886520d9b9fffff,7.151772603202634,1.0835573543555956,3.5035496020121513,40.78243015389718,126.75102767777366,14.304289775217988,0.1,28.67389521705257
singapore,886520cb4bfffff,4.758908387630143,1.1582808142086525,2.990154645513329,58.37006202931054,14.445944041570687,4.705823749975322,0.2,11.595547311366564
singapore,886520cb47fffff,6.141828266595157,1.1169787329526897,3.281318930198099,43.68286954326756,24.12373894214711,4.688121147300595,0.2,11.67155432680017
singapore,886520cb39fffff,9.42020585452349,1.0996808354506886,3.3640446694144814,30.11634964892484,161.74424335907906,10.03377993396752,0.1,19.559047729017884
singapore,886520cb07fffff,13.379181213615263,1.196645341960186,2.480212831075646,22.619588905739377,5.610269305625767,0.0,,0.0684006558149801
singapore,886520cb3dfffff,6.084682001632549,1.061781590398546,3.4384752726754724,45.65197946305967,61.29262878364625,3.825178786856702,0.2,6.829042674560969
singapore,886520cb35fffff,5.145091312072825,1.101344636364079,2.9525445447802547,49.72883074001672,138.41841084014928,8.233982705708438,0.3,27.12817070746819
singapore,886520c949fffff,4.728113396673842,1.079507465645526,3.40371378016463,64.25982748423722,106.16709662162827,6.772902599526416,0.1,12.336067429020469
singapore,886520c941fffff,4.626340448343397,1.1588263575261406,2.5981609979391815,61.14870706141054,47.09694916895804,4.383573167907704,0.1,11.991936450524683
singapore,886520c94dfffff,4.932617925007045,1.0773549695645577,3.256596359404829,61.03191550527777,53.20441601862059,3.3340052054759566,0.2,7.10037154288569
singapore,886520c945fffff,5.969535941212432,1.1742509483407928,3.0327994046843574,47.47451267695012,169.9351464933494,4.439796724924806,0.1,7.638336744242586
singapore,8865263497fffff,6.219641839900866,1.102836402804615,3.3743996629420936,47.15545538466546,29.801923528808754,3.850739944148006,0.3,11.227171993009376
singapore,886520ca6bfffff,7.926352766348057,1.0895207974707977,3.46027756520855,35.878379794066056,99.67504191170548,16.901852602232125,0.2,18.903631714868812
singapore,886520ca07fffff,6.981870377584525,1.1007591045745224,3.2494600276719403,39.92803696436845,58.56150889416321,11.451932890959345,0.1,22.77591938879761
singapore,886520ca39fffff,8.221336339617205,1.100411264871164,3.3475627802095933,35.23922750497231,76.3543774266532,9.569092976306084,0.3,12.661265124944324
singapore,886520ca15fffff,8.440966674705887,1.117753331129475,3.3915920460026765,34.21396286793543,25.941453206737325,6.127130058082214,0.2,9.558545892866563
singapore,886520ca13fffff,6.787208776235597,1.1453415839831422,2.700039481458197,41.37116025808957,203.87543585426263,8.769715643100044,0.1,11.028976602334756
singapore,886520ca05fffff,7.355749901994661,1.091386137864384,3.4889270131238175,38.225398407304304,40.24396282276325,13.111229803441695,0.2,17.446135732020245
singapore,886526acb3fffff,5.233070778731317,1.262255624091582,3.3721041951699817,54.07410544745596,90.82467061465786,7.571722009594843,0.2,14.15885783421419
singapore,886520d965fffff,6.9744776150926535,1.1576188935575136,3.5079480906271345,37.6854296944473,84.37542230710227,7.622832097840011,0.1,18.96536718688179
singapore,886520d929fffff,6.531313392719429,1.102719046444827,3.1856319427119897,45.41355645591325,84.49389828646267,9.558651421081285,0.2,14.1543547763231
singapore,886520d92bfffff,6.6584661920311055,1.1172651407889376,3.2446331407539826,41.620478288373285,143.95589214290254,15.964031385054184,0.2,27.042853746960045
singapore,886520d93dfffff,5.364793941994675,1.120396855939343,3.4097258632989083,53.93046700859036,323.5591468488952,11.139721475490632,0.2,25.81368107624328
singapore,886520d907fffff,7.44062038284206,1.0951662088037313,3.2021654131160617,38.8556887157603,151.99549725673904,13.045650094709204,0.2,25.122724140812227
singapore,886520d905fffff,7.305709000591731,1.1198786350699572,3.293498075029756,38.947858947456595,135.0751056629636,11.967390324380863,0.3,20.440645479825637
singapore,886520d92dfffff,5.750059645281713,1.0816844022444785,3.4682811091132,50.5257916807644,989.429958187143,18.840470005223377,0.3,21.754071294324856
singapore,8865263619fffff,7.044434014475156,1.077612441361451,3.3951621691271305,43.32288222986827,148.17652889852073,3.211897222404736,0.4,6.2194124927559065
singapore,88652636ebfffff,7.559001161861819,1.096540325095572,3.3014150511272247,38.38118960133407,130.8337663702109,14.637436924467028,0.2,24.951575734250586
singapore,88652636c9fffff,7.615224712467183,1.1276011059484523,3.3811261383968088,36.01453278966505,78.00699221789274,11.714003248922046,0.2,26.31994513991831
singapore,886520d931fffff,7.110939932001132,1.0867598735891189,3.441299218071686,42.23570629787045,40.45370517529373,4.285591867025009,0.2,12.72820155057341
singapore,886520d939fffff,4.284653772969122,1.158107707050535,3.228520452931391,67.2715485055189,44.46163853032132,4.792246800710945,0.2,15.349477489841478
singapore,886526360dfffff,6.43181645269411,1.142018403267603,3.2858545660584477,41.611084013394,18.64224670884329,10.411359940341615,0.1,15.351611161687767
singapore,8865263601fffff,5.842378486791771,1.1464964014521646,3.3170526976944834,48.05078918536902,74.70190857035834,6.754067468930403,0.1,11.98584979578659
singapore,8865263663fffff,8.191326771688484,1.115531732250744,3.424000036017082,34.17613830695226,467.98169569878934,9.388330788572414,0.1,22.619548059397985
singapore,8865263605fffff,7.611640203916792,1.0926450947184472,3.355199776719197,36.846751701441086,91.19491102610704,10.405556926510526,0.1,19.329621223713755
singapore,886526362bfffff,8.837408041766613,1.0837276312789612,3.300241476390888,32.27585486387027,122.82102190234316,10.53084791196322,0.2,15.260609235305536
singapore,8865263629fffff,8.88554156186601,1.0918727933869414,3.054552846605487,29.80956647743209,104.29240071986872,12.46211476457492,0.2,18.160885472286378
singapore,8865263621fffff,7.8102307646862,1.128882622939618,3.0217695914861937,35.28583975100697,112.2171889004044,11.618093974143532,0.3,20.59128287489863
singapore,886526acb9fffff,5.527194762242199,1.288361812661026,3.232516454526465,47.79114085154278,309.5571216484902,16.491203952663913,0.1,25.082936404149063
singapore,88652636cbfffff,8.306564482090035,1.128134496159863,3.173269586604129,35.15405211560815,389.4528566749685,15.28555861770018,0.2,27.901404211371226
singapore,886520d93bfffff,3.275927724955451,1.0703680463585432,3.4307779634787927,94.58668839642714,17.50686328602714,6.435319253651818,0.2,13.24105994993694
singapore,886520d921fffff,9.79871955459734,1.183836849560409,3.0244649813856777,27.163666920539136,61.684979338366766,5.48468688808936,0.1,14.049311258666211
singapore,886520d923fffff,7.578030741976928,1.1039483930830898,3.1517479514212967,37.188841192885256,205.8824328612556,13.624946513112535,0.2,20.450744288844575
singapore,886520cb43fffff,4.0466961791531215,1.319117079815128,3.3133139209904514,73.2359493382224,387.3281892940315,9.422586784621508,0.1,20.258345666517535
singapore,886520cb0dfffff,6.376673798340339,1.1118903921763257,3.0878226706305285,43.66702327922099,86.18617917936467,6.483992488963813,0.3,10.996324943126316
singapore,886520cb01fffff,9.154621895980672,1.11351166759865,3.535566944931466,30.65252154446286,136.28377654250806,10.832766956626708,0.2,16.82566113249605
singapore,886520cb57fffff,7.543186268001496,1.0795647190012858,3.454720883785917,38.68089398330825,221.61672340953012,4.6428496784177975,0.4,14.56583539295799
singapore,886520cb15fffff,8.276551175872283,1.1064591823137373,3.524039853743156,32.28420016797926,74.5501234577354,15.721731263659414,0.2,32.897277924089565
singapore,886520cb1dfffff,8.830410032169066,1.0833929600890155,3.257385294769936,30.704719793615567,165.24683562831092,17.256745900178416,0.2,27.11243795102243
singapore,886520cb11fffff,9.952729409884377,1.073826388450378,3.341113956107447,28.280954147710595,274.63967031980343,16.611327345460097,0.2,14.566075528812394
singapore,886520cb19fffff,8.90364910768741,1.075253709880277,3.4878201643987605,31.859502994851223,81.80989608344596,10.430745039026226,0.2,18.94738556036463
singapore,886520cb1bfffff,6.743761921588189,1.0652154077249345,3.4298638414785594,43.42052447323807,22.579927212719443,5.023454991097519,0.2,10.211582273553717
singapore,886520cb3bfffff,8.39432478547962,1.072561131991392,3.3148645932750087,32.52944550104203,125.20848921036855,14.581830652255228,0.2,12.663133498118189
singapore,886520cb31fffff,8.553004305560965,1.1530781888444874,3.230302659816365,31.02823357776962,227.6422667465342,19.591388540067904,0.2,37.00158604935191
singapore,886520cb53fffff,7.277314701068928,1.088851008268834,3.01202265668094,39.260949601687365,64.39386439598051,16.277029577103136,0.1,19.688834497554073
singapore,886520ca2dfffff,7.552944815087326,1.058159987717907,3.107832290359887,37.050278603708186,67.13817916504077,14.424939178891911,0.3,12.954635482970646
singapore,886520cb5bfffff,8.036970332810194,1.1190228898571548,3.0765255117197103,34.586668416235526,41.90858789268242,3.508786534388471,0.2,11.475898510554703
singapore,886520ca67fffff,9.119428058481768,1.0871038703368978,3.511319707788812,29.73476181017932,39.08205058217663,11.981919225757016,0.2,20.44804443260258
singapore,886520ca65fffff,9.840895081981497,1.0707361477042512,3.412729690810703,27.45916311554406,53.21017865598037,12.25124854248668,0.3,17.246829853091775
singapore,886520c947fffff,5.145497412490834,1.196227845268281,3.153128905822815,54.269832560986735,65.75327944094526,3.5175890867651676,0.2,3.194017835301668
singapore,886520c909fffff,4.617776223544114,1.3019387592968474,2.7185212660884592,64.96633562935017,23.373082834146324,0.0,,0.2659313266621845
singapore,886520c943fffff,3.245737707398991,1.351536591583876,3.1319997260329018,91.77338629258344,180.09321619872838,2.129067166109522,0.1,1.247248668934155
singapore,886520c94bfffff,4.601471095811058,1.133510031308461,2.724115930589109,55.00676369029912,109.086290873477,6.156751527049857,0.1,14.564383796195209
singapore,886520cb37fffff,4.34569664521712,1.3810656954749074,2.980685887402743,59.793064472418294,51.56902237125365,5.134290314333105,0.2,9.862174837916989
singapore,886520c95dfffff,4.205910169568989,1.3176319374635577,2.983702121655298,55.00433301118199,124.50419455964868,4.435754035416816,0.1,7.027047821937872
singapore,886520ca29fffff,6.545394337670401,1.0742328819450693,3.414647514407059,44.22555300366419,199.18535070045823,5.748909318829296,0.3,8.600010209393327
singapore,886520ca63fffff,7.880875031375831,1.0879949732191487,3.3562751980504046,37.365549959111846,92.74356461937188,15.821882749188084,0.2,26.696924952339803
singapore,886520ca6dfffff,7.01597737920183,1.1609453875082267,3.504143384004664,39.592171234933225,500.7961237336554,9.838446517093834,0.2,12.669442250794711
singapore,886520ca61fffff,7.576014864456408,1.1164349965270854,3.3312699354625215,37.07596089942267,188.8715445679467,8.845937509827063,0.2,12.94563789300555
singapore,886520d9b3fffff,6.052104958882577,1.1269243776102278,3.3427843787800153,45.49332808111214,1555.1265478801497,7.1108089952776785,0.2,15.636018373800889
singapore,886520cb59fffff,4.9613446133625345,1.112634525530558,3.373658715741256,57.58807500385337,20.70989480989847,6.885999197943771,0.3,16.663769997047837
singapore,886520d997fffff,4.7950174264035175,1.186003288488321,3.313429635421172,63.471683003919985,531.1433636913592,3.6822653737412208,0.1,7.775651377272489
singapore,886520ca3bfffff,9.333538670086847,1.080931067926287,3.3520352408695966,31.287305588784477,114.3939222362347,18.496030276009677,0.2,18.810390592825996
singapore,886520ca33fffff,5.580810821517818,1.1808054543715976,3.4147455543901204,52.88458941323146,168.07465169782256,7.916833983292873,0.3,17.605070294438786
singapore,886520cb13fffff,6.6585772772763505,1.0739845982350738,3.1464117441616355,46.05588459763389,60.62425060701361,0.3775195296968571,0.1,0.98132166779121
singapore,88652634ddfffff,7.907953742105468,1.0263372349212498,2.7533249873615646,35.924705474474706,144.56973393210046,0.0,,0.5307674685028593
singapore,88652636a3fffff,3.5849378672505368,1.121185998125746,2.993813682915877,85.23315239209454,47.31746585149784,9.247278790298608,0.2,13.598766488468636
singapore,88652636a7fffff,4.374414006363801,1.1585069293711665,3.2375094925640577,66.24263886572518,99.91198557467008,3.52073599331159,0.1,5.098729811656432
singapore,88652634c9fffff,2.9414235001793414,1.2852989440688252,3.484548426786486,109.16514313957676,57.831267056821325,6.383587738102818,0.1,6.57898304469159
singapore,88652634cdfffff,4.0797703391074345,1.052444214253761,2.8434274212632444,70.20193373261085,23181.668844774245,0.0,,0.0
singapore,8865263413fffff,7.223230139173722,1.1097775010737303,3.112647397752187,40.37898018573044,154.6515177131318,9.626320645279456,0.2,16.67414284200465
singapore,88652634e9fffff,6.29800814503973,1.118830934180104,3.340039037168652,46.998986534040526,144.9813347370158,6.013204563928272,0.4,19.890616489250704
singapore,88652634e1fffff,7.321475295318944,1.1635114897078984,3.362498896222665,38.42627831219146,55.8743642117942,10.48661052289007,0.2,22.849117532745986
singapore,88652634e7fffff,6.834133680567569,1.1090767736608702,3.42371181605733,40.68843081446763,168.95170406465868,7.512458557182613,0.2,19.159587859371435
singapore,8865263491fffff,6.6520966587446395,1.084308794008399,3.1581844125590375,42.89863306231479,77.6646132629435,9.621975148484871,0.3,19.97432460278565
singapore,88652634bbfffff,5.239662944903221,1.061277865592929,3.399372264942342,58.28976451794717,35.80115627991922,9.529159722405538,0.1,5.6577343290794
singapore,8865263495fffff,5.672780596709852,1.0716819506326067,3.2930811990899995,52.51343519868529,23.756431621125103,3.6839557186828302,0.1,7.020274949876191
singapore,886526349dfffff,7.625005835374854,1.1183999952852657,3.392820788174235,37.42296394679536,184.8248670431724,8.398593776926099,0.3,11.128932565930604
singapore,88652634b1fffff,5.56136398795848,1.1507808192734992,3.131357016386256,57.43994551266719,14.628831075192831,0.0,,0.1440285980308377
singapore,88652634bdfffff,5.609728629651639,1.1623747368054027,3.220345608510241,54.90762530098696,76.6754587755299,3.615133764355647,0.1,0.0
singapore,8865263493fffff,4.237254118229491,1.1807464756619228,3.377212635503086,76.09406883455485,50.12481527354733,1.350835704059257,0.2,5.925190821197682
singapore,8865263487fffff,6.698809447032259,1.084549833984923,3.215068930796199,43.25037600907075,184.34335789465263,7.262693976352106,0.2,7.221419405918858
singapore,886526348bfffff,6.656768759465317,1.1201491183121337,3.5076756632027744,42.23777615130774,108.78563484281128,17.770730680059422,0.2,22.40584116675661
singapore,8865263481fffff,6.663132154448495,1.0914217848329124,3.309639442153245,43.10537774449079,222.693377245724,13.061007071455064,0.3,18.080306063723107
singapore,88652634abfffff,5.888010383650693,1.1074879807038909,2.9381838942989496,50.07469002754844,0.0,13.703035160961347,0.2,15.434696991025705
singapore,88652634a1fffff,4.554808726209821,1.1027359938674262,2.8558813953808295,62.5029528851826,0.0,6.906084832897621,0.1,5.7007891533045285
singapore,8865263485fffff,7.701759453638599,1.094302166324837,3.454724266150786,36.829746223746,376.36323098932405,1.518354346371017,0.1,6.77434560770114
singapore,88652634e3fffff,5.553307876704563,1.176930355875925,3.4481158140126547,51.8894145857875,107.20633337426416,15.248943531649736,0.1,23.980092848684254
singapore,88652634a9fffff,4.081103178905221,1.1351694232123175,2.980207054302517,68.46476368206797,25321.92064890709,9.688146531284747,0.2,12.994279323427929
singapore,88652634adfffff,5.413691627974453,1.1295119665725395,3.3653944705884387,56.300680107630136,51.23746336011224,2.0687397543729245,0.1,0.774207516662039
singapore,88652635dbfffff,5.042293716884386,1.0511513748212866,3.1147315035769076,61.06880054154388,0.0,9.349519108511512,0.1,17.781124052533734
singapore,88652635d9fffff,4.686319531914437,1.1575027352117058,3.392285774469031,68.11508207542586,55.37393560100335,7.48014702144228,0.1,11.598585405794138
singapore,8865263433fffff,5.576757597716245,1.1424298236220336,3.4132790431571554,52.266898017437185,98.5455440416442,3.1197072156670527,0.1,4.8883344246220455
singapore,886526348dfffff,5.227250706345241,1.2374198277687505,3.3663137816063613,57.92111056055565,87.53549358837125,6.846930668628411,0.3,6.475470107026872
singapore,8865263489fffff,5.9069338676001895,1.150021908027045,3.3115007947429715,50.854684282936944,110.57645984027111,4.581663622365453,0.3,7.531412383156999
singapore,886526349bfffff,6.398932246337186,1.1391693108195895,2.844613253052069,45.83096358569838,0.0,0.1347576885497867,0.2,0.1317079668919909
singapore,88652634d5fffff,6.018770915173918,1.1321335113038968,3.32228387500816,48.9393033223683,145.9754951841401,7.953127847944388,0.2,6.98254722904483
singapore,88652636a9fffff,2.190909557510019,1.2751182862369532,3.059857543403539,136.9294314188632,308.9883900035752,7.386861831014236,0.1,5.575707912879691
singapore,88652636abfffff,6.039579857630612,1.065363792695667,3.0662687102974697,51.328073691804185,119.5309974692434,5.045381983302929,0.4,5.6690013886792485
singapore,886526341bfffff,6.263790967657695,1.100395541444102,3.090599649180295,46.05888914329152,187.89677094066147,6.864890325864339,0.4,14.598355319397209
singapore,8865263411fffff,6.883643639572794,1.0986308779470837,3.3430680396481423,42.04080782599878,78.41499890905726,8.589638383934703,0.2,21.68206066913609
singapore,88652636a1fffff,1.7609233344733295,1.1146862158608293,2.9381824546861233,131.05012935628514,22.078954913502063,0.0,,0.0
singapore,88652636a5fffff,6.475341027386471,1.1021262550853612,3.017302802952249,40.62074479830358,226.97824708550544,7.761756914067412,0.2,15.304194084969662
singapore,8865263419fffff,7.321088562821353,1.088297595548469,3.4654072834484855,39.351004571049394,56.19460083619511,11.168505936633697,0.3,30.238781377780793
singapore,8865263457fffff,9.68875745030854,1.0661331391576396,3.3945077898669793,28.40154121304171,1601.016339893544,15.144525692427903,0.3,13.377387405256748
singapore,886526341dfffff,8.422660558966225,1.0891524879110472,3.260638860517321,34.08172768209527,94.81035830469544,10.354120952996157,0.2,20.77091763297581
singapore,8865263415fffff,8.068023780905362,1.1439114978173608,3.2690905058645523,35.168094681745394,72.67762036653139,8.772857062686047,0.2,16.186652228482394
singapore,8865263417fffff,6.7539113910116315,1.1328870966803488,3.2968594292397944,43.22710765543381,52.58669772972597,15.216813095973889,0.2,27.901195189139607
singapore,886526343bfffff,5.341923513443127,1.1566567285087022,3.3197606068808416,55.58274407332808,121.52182664022575,3.7524962738502303,0.2,1.2830753446837244
singapore,88652634edfffff,6.742011299374171,1.1075505827555558,3.087082930804667,40.535667077746865,95.15976738721687,5.159822162581158,0.1,11.071575349333813
singapore,88652634e5fffff,6.8808737291650806,1.0817240782621065,3.4319322394440386,39.982444974255245,120.17136105139018,11.775483692988082,0.3,15.53793768735449
singapore,88652634ebfffff,4.594411128443882,1.0529031294929363,2.6976022823706867,71.78008776812523,181.14893557801943,0.0500425586726542,0.4,0.0
singapore,88652634cbfffff,3.738505112578875,1.4099987790719208,3.284956461038264,89.82758760780025,333.1660909714211,1.6591808154274057,0.1,0.0
singapore,88652636b5fffff,6.267681749898069,1.0608984960435286,3.1266656980582086,50.76547133028777,324.1310267902485,1.2340999495575198,0.3,2.4418767054886468
singapore,886520d9e3fffff,4.323177501222442,1.2004299115550203,2.9730052493266172,71.52390255277646,31.635396414288635,3.3801258796830433,0.2,4.111757385972039
singapore,886520ca2bfffff,7.732401533858229,1.1138018354936912,3.234662521635306,35.242847535525904,411.680884587785,5.874735078947773,0.2,12.341855227399671
singapore,886520ca3dfffff,6.8949081112880295,1.1309722701854807,3.1567171890867955,40.672736762014395,150.41044061324183,9.262658513081297,0.2,23.96208579072775
singapore,886520ca31fffff,6.447040341424582,1.1602416810177818,3.047914515033418,45.49577083055785,143.25838145153017,5.970129191005033,0.2,14.900184489610318
singapore,886520ca01fffff,8.640522274998666,1.123698144916397,3.4226341471301813,34.55813219832678,22.04009417802423,14.728563848391024,0.3,20.722510603987605
singapore,886520ca0bfffff,7.946782156035532,1.1045595295563964,3.2645015767580716,36.49585767512203,55.96195740900256,9.95647597562686,0.3,13.33288913321778
singapore,886520ca03fffff,7.066503576234255,1.1062804797574242,3.100611090903967,38.94056065245084,95.44574190488308,5.300084009174576,0.2,5.773088048867041
singapore,886520ca1dfffff,4.86959472670326,1.2002914837752865,2.757518804009083,58.32593564338327,42.813153707047334,3.996602388116116,0.3,5.020165177995683
singapore,886520ca11fffff,5.9378277747807315,1.1697523673581591,2.5551930589056164,46.91470334565493,80.74463734795886,7.540495354072953,0.1,14.544189950217858
singapore,886520ca17fffff,10.944102822744687,1.0413040019651918,3.2999776066736453,25.22218963722587,731.2956203689034,15.7912601520191,0.3,17.917820071161533
singapore,886520caedfffff,8.170413981118124,1.1079296818477062,3.156072473898469,32.903816617107466,522.8121657599265,14.836771476418075,0.3,29.178450200335796
singapore,886520cae9fffff,7.379095126659621,1.129874729674911,3.258866187001312,36.793857740520984,354.19972850969697,8.771985786816149,0.2,20.790937748929927
singapore,886520cae1fffff,8.957257213413735,1.1040967332583178,3.5391848264719927,33.643262013294574,251.69691905425887,6.247756448551931,0.2,21.14608195729981
singapore,886520caebfffff,10.810657369775065,1.1308755794826586,3.3153082633113624,27.67266167383592,90.1697689436222,8.82037453768095,0.2,11.69899120957036
singapore,886520cae3fffff,7.965218142836996,1.1501894386150595,3.2890664629948683,36.66224663104847,85.76766017528625,2.843737305995625,0.1,13.58408773513647
singapore,886520cac5fffff,6.179963155767884,1.125510859692617,3.143825247020041,51.344592889933786,0.0,1.4310997924745696,0.3,2.022620733896236
singapore,886520cac7fffff,4.941042645045817,1.1318956734392582,3.30870769694397,62.837723385984454,174.90942137717605,0.448567023971758,0.2,0.6189829216846192
singapore,886520ca0dfffff,6.48870829801865,1.1275879456007825,3.3958959980003782,46.1730071445281,19.960020240919672,8.554645334055362,0.2,10.525166198642562
singapore,886520ca45fffff,6.77917150564081,1.1432572775757968,3.4605186012962483,41.6302488923305,190.34951624322048,9.023210722719504,0.3,18.516429104353513
singapore,886520ca93fffff,7.959787836912339,1.115142359099056,2.6907960797705908,37.689446772537586,0.0,2.70180999074274,0.2,6.080449582674328
singapore,886520ca91fffff,7.414581415766651,1.0578368782931733,1.8922514574629117,37.988814639042594,195.66891154974468,6.388077513498627,0.2,10.0645682213406
singapore,886526acb5fffff,5.895329871932865,1.094800574884722,3.3188443541295904,51.52611430725969,30.734032084099653,5.25032175595987,0.3,9.06215929338963
singapore,886520d9bbfffff,5.635977214052779,1.1224817642801532,3.2547392690938284,53.65191179747744,223.54582798890564,3.807803335246812,0.2,1.5824080889057657
singapore,8865263641fffff,2.6345386922305,1.0581192621394364,2.7859954976938632,113.40903387982463,62.240693871073496,1.0570139104858072,0.2,1.0471416270418343
singapore,886520d917fffff,5.569998234258883,1.0953723617959583,3.459710382957341,53.261536932271504,19.68272413866851,6.11063565775682,0.2,12.233693580023196
singapore,8865263631fffff,8.44406183176187,1.0675857324667075,3.304338232783836,33.80427879537027,103.38005492993602,9.584538411517164,0.3,21.062887905065836
singapore,886520d963fffff,9.260656914906772,1.0928708500492106,3.3445558100818347,30.040578252499213,333.31239555377954,15.767748638801235,0.1,23.326651306756503
singapore,8865263615fffff,5.839866268627212,1.104733030990554,2.929417422492237,52.84459044964314,60.92801396460987,7.553638684678021,0.2,11.090707814589427
singapore,886520ca9dfffff,6.504172916441316,1.2908662035741718,2.3238464759672595,45.50571076394341,171.21695887451324,4.9294714995802185,0.1,5.136054534449391
singapore,886520cb23fffff,7.24604515626833,1.0481275972858288,2.8197437577366053,43.12697385409831,16.921167928408956,0.552985578309114,0.3,0.9493074907763946
singapore,886520cb03fffff,4.113054582086013,1.2669069182155674,3.2458158255565657,76.1802030777867,170.71293516997792,5.265645037155424,0.2,6.824625206162976
singapore,886520cb51fffff,6.015055725823714,1.1476368159869528,3.3959875097322696,53.62887059822133,14.65480211864525,5.1000529534633285,0.2,5.972652327337732
singapore,8865263685fffff,4.415086987469278,1.186109565783342,2.6794652134230774,66.20655337874622,417.81569056159634,0.6406556021501199,0.2,1.811941847254145
singapore,886526363dfffff,9.787537284148303,1.0763598524307016,3.3216144474681606,29.47959914046023,114.60772473124878,8.971311595184838,0.2,28.420869243856952
singapore,8865263623fffff,6.179063211206837,1.0495174355039183,2.6103326868101586,49.5030302306026,24.73536596843045,1.1044891248229456,0.1,2.009831414731583
singapore,8865263607fffff,5.727374973755121,1.1790822773804124,3.4252125113812766,47.083161585195,336.2049600660277,5.479381748970933,0.3,4.240405485267288
singapore,8865263635fffff,10.72755025543576,1.122776681373827,3.3152887729935014,28.34978201906852,41.243710998289984,2.7532997881945898,0.2,5.870974143020401
singapore,886526345dfffff,4.343533540031247,1.1815359285695477,3.3712946305719216,74.48530298729516,216.52062607596167,2.674105764926805,0.2,0.2866357601019247
singapore,8865263637fffff,4.496525263411954,1.153744141689185,3.439065234835358,66.53955434947657,149.0151379158817,3.726403723453898,0.4,11.359424229503356
singapore,8865263455fffff,4.912832033781253,1.0358756881554176,2.778881923136536,65.02246407935463,276.2533212988498,0.0,,0.0793222517458406
singapore,886526344bfffff,5.686278890219303,1.1183074758500178,3.414177937248813,51.94690958487677,117.23856446542511,4.078481850994207,0.3,20.867411838002237
singapore,886526346bfffff,4.0416027643930645,1.0282079378295546,2.1480142898262335,74.22797773275266,57.15886310974042,0.0,,0.0
singapore,886526366bfffff,4.905150266947809,1.1194676254714062,3.521285903096071,57.277018167111365,39.00111430785358,0.2011953107241896,0.1,0.6086701629734286
singapore,8865263443fffff,13.776333839277942,1.6015911101164115,2.6936545723483074,24.832823242313747,55.27436733579489,0.0,,0.0985290942823504
singapore,886526340bfffff,6.875559067934831,1.05220079743001,3.272487407391103,42.208900736992504,271.820283302148,3.4097783161308923,0.3,8.051683382075112
singapore,8865263611fffff,4.477480302844061,1.2940863790724275,2.7184628306718546,63.54440649826166,111.62943704260968,6.943713100427852,0.1,3.6526247408773145
singapore,886520d9ebfffff,4.643872698034246,1.1230299600611529,3.427934846600756,64.8660133005437,117.32077130979174,11.402858740681042,0.2,19.93929222393261
singapore,886520d9e1fffff,3.650791520525175,1.1152074182872842,3.2191881470841017,82.17396099266836,101.37578053769138,1.6140377756886264,0.2,0.9926759793192322
singapore,886520d9bdfffff,3.344558414299353,1.1722177602256274,3.2415791773654767,97.9460264458192,5.143077150776489,8.135045093068483,0.1,12.111258333357728
singapore,886520d9b5fffff,5.072428915366092,1.1755748744130488,2.6390573296152584,56.32691763284473,4.583751207284735,0.0,,0.0
singapore,886526363bfffff,5.713191618373879,1.1147756132316011,3.210212190440756,55.99731166352292,97.32142222823062,15.914319439616552,0.3,17.739024270027517
singapore,88652636e9fffff,7.288033792258995,1.115746773317595,3.2061333699223664,42.47013918247345,44.541124824824344,4.141239341943313,0.3,6.176708880275751
singapore,886520d9abfffff,2.4190425180806048,1.2894269748024605,3.0095889879201363,113.68134207835234,34.66990352914942,6.162773595751632,0.2,14.89115563886044
singapore,886520ca95fffff,6.957308848467201,1.0087609522076737,2.533895909129226,44.91679280111997,38.55626518962339,0.0,,0.0616035437477542
singapore,886526371bfffff,5.170321679461757,1.183184833535723,3.333606128177076,57.367836641530445,69.688327752118,2.2207249655054992,0.3,2.1252997454333356
singapore,886520cb41fffff,6.703370938348777,1.1366449819776128,3.355010464750215,46.06988517449347,33.90329486804036,0.971172688606132,0.4,4.332766793680782
singapore,8865263437fffff,6.843539382612685,1.090056481616953,3.127739634579234,42.868956824759785,109.37885968675246,8.520206085359137,0.3,16.02245176354154
singapore,88652635ddfffff,7.661963015587312,1.085597994281648,3.1747563593146144,42.225394602731114,20.634289906331567,0.7197958591430851,0.1,1.2017913057476206
singapore,886526acbdfffff,4.084330609206683,1.2953173670983416,3.4462733023582177,69.07933860859968,83.97567920358873,3.717268412254195,0.2,4.278162067942368
singapore,886520d9e7fffff,1.774605432609902,1.2884709972272197,2.998804518858585,192.77821248116123,824.1716914965658,7.946307047317644,0.1,1.7999738964915526
singapore,886520d995fffff,5.216443014246139,1.0938381243858055,3.2741214603081255,54.771859854310335,309.7735810055715,5.553409474061169,0.2,13.929052955140229
singapore,886520d985fffff,4.299449911794036,1.088200259444153,2.9734456052529015,71.85040035117592,128.69214329983367,7.16946190905797,0.2,7.249823842639672
singapore,886520ca69fffff,3.517823215487317,1.2834367466297196,3.0278433004265564,73.56024279028873,1221.2469215405868,2.0236477487329436,0.1,2.205701977822459
singapore,88652634a3fffff,4.152881512545339,1.187772268282003,3.2476400315277725,71.6875554394648,0.0,0.0,,0.0398336636016587
singapore,88652634a5fffff,6.006443054873252,1.169085586172772,2.9396417847623773,45.61956168263558,0.0,0.6214491067030661,0.3,0.1200649710144556
singapore,88652635d3fffff,3.4689708476416867,1.2168613994080315,3.400817386056105,83.79939964506467,0.0,0.7530465279479684,0.1,1.654372372105389
singapore,88652635d1fffff,3.4719831492169657,1.023487524047492,2.149985494891146,86.40594931103246,0.0,0.0,,0.0478162684890541
singapore,8865263499fffff,5.404113368901772,1.34190193755022,2.8264823801487533,55.7583608525396,133.75815357261226,1.089838779415054,0.3,3.544104621965366
singapore,886520cb27fffff,1.7603371033954387,1.250778013977785,3.2993925555581134,183.24935862516233,2545.8370962250124,1.6779491709944787,0.1,2.5788151545483005
singapore,88652634d7fffff,7.70349337051528,1.122026412142204,3.518525615427546,38.94337095793895,330.883332490756,2.9846630346154903,0.1,4.88083601804867
singapore,8865263483fffff,6.25297065329098,1.1188903912075168,3.3576191780950655,46.17333979787403,138.40192681590224,15.387479653809317,0.2,21.8300098127146
singapore,88652634b9fffff,4.827349415151003,1.336874747209801,3.4088880738489356,57.688182211172425,27.06345765453203,2.2638016953080884,0.1,0.0
singapore,886520ca25fffff,6.332840461247718,1.2888657215641444,3.2210143968945166,46.6111099273467,46.15736426069555,3.0395936090358786,0.2,5.226380572577695
singapore,88652636e7fffff,1.6916401727991837,1.175398422467513,3.1846409024393836,182.97260522705344,0.0,3.150324897920429,0.1,4.292859720278479
singapore,886526345bfffff,1.9086776784041073,1.8463258991220253,3.0442280039825502,170.27495196137068,0.0,0.0,,0.1995344922061495
singapore,88652636b1fffff,3.948350380962985,1.014640225127664,2.5393673998815784,69.07372609133938,27.75265841015761,0.0,,0.8658306114011151
singapore,886520cb33fffff,4.878154095412469,1.1472279865604793,2.7623969678988893,71.08717493662236,580.557094290361,5.180225602953706,0.2,6.729078391232244
singapore,886520ca97fffff,5.852760487124264,1.3029340768472228,3.124563830527939,51.707494200922895,230.00299913911,0.2605977944190648,0.3,1.041062526745557
singapore,8865263453fffff,8.09091718425111,1.106951138681843,3.2512164118691316,35.233072692679265,988.699113108834,3.986626999288213,0.2,8.227789944709897
singapore,88652634c1fffff,6.106242329286518,1.1248413134584303,3.1698054345159736,52.04454606154229,0.0,3.11562781694533,0.2,4.019157997918381
singapore,88652634c5fffff,2.470845261101953,1.1877060464802691,1.9718242961150765,117.49929678545816,0.0,1.882586397879292,0.2,3.1304395916958767
singapore,88652634c3fffff,2.7469188189785565,1.0914100065008845,2.2114590731693484,110.5134328958116,0.0,0.0,,0.8195234083965666
singapore,88652634a7fffff,4.322763602678774,1.122428572412829,2.5714616918334032,63.090952407914706,0.0,0.1316319309863373,0.2,0.0111529438005817
singapore,886520c96dfffff,3.95411559874199,1.0727529279053392,3.050767023668444,69.34383720959801,0.0,0.0,,0.0
singapore,886520d987fffff,4.503049377155786,1.185514341829001,3.463827244828094,65.2115420142849,59.93049456142307,10.942084572480006,0.2,15.94595461283104
singapore,8865263441fffff,3.10013387157563,1.320680608891574,3.263660658221288,101.63060893578536,15.985337271223026,6.1319370449701855,0.1,8.976795807311014
singapore,8865263713fffff,4.493294850642006,1.629463828097541,2.890517243241254,75.87062550777888,422.3892429317978,0.0,,0.0
singapore,8865263451fffff,2.7792842500676973,1.1066988222688303,2.761660677919482,126.98995306507112,330.66209251154487,0.0,,0.3498566873438733
singapore,8865263409fffff,4.473069526317185,1.1246118570392951,2.63475097505728,67.53378894650173,191.4178074971099,0.2690403378094371,0.3,0.0
singapore,8865263431fffff,2.111475445905569,1.0232055638205817,2.997766565380617,152.22936740839876,0.0,0.2340853675325895,0.1,0.0
singapore,8865263435fffff,3.1256605127017134,1.032519958769376,2.5132231559205667,119.97464167209348,0.0,0.0,,0.0
singapore,8865263403fffff,6.563891162936241,1.1104111830940622,3.2446199951774264,43.13486057161063,314.74980368616684,3.375167104626762,0.1,6.368516948137266
singapore,8865263439fffff,2.3520967700089166,1.0349854672087162,3.3488725672857003,134.6316489629235,0.0,2.5705908787657883,0.1,1.2441405447903335
singapore,8865263401fffff,1.772479167724418,1.078239111021022,3.15135161334552,197.46353377419064,0.0,2.372085059512561,0.2,2.444466068531474
singapore,886526362dfffff,7.617655670915295,1.1398219489738977,3.177237415538744,37.21436761896168,197.37348687482404,6.723568069031773,0.2,17.07063592522294
singapore,8865263627fffff,5.6865549926837256,1.010957768798802,2.1701925853998327,51.7215866965558,35.310262003281224,0.0,,0.0
singapore,886520ca23fffff,4.520366214191269,1.055305323900596,3.197060294749224,70.56187532771503,275.4578849100367,0.3917503487827554,0.2,1.904414108847022
singapore,886520cb05fffff,3.7456177577290024,1.2711945251866223,3.181558219996615,90.30160470050792,48.778056684147835,0.0,,0.0
singapore,886520c849fffff,2.618775576455709,1.054176921916081,2.428273637522868,127.28594856702914,0.0,0.0,,0.0
singapore,8865263649fffff,3.607451444986727,1.2649861002442926,2.6581281907912864,92.4013360724692,36.00655774225994,2.602866744626775,0.2,7.47665336327454
singapore,8865263445fffff,5.732219043665845,1.0159260301486683,2.6613431795903733,51.44112474167068,0.0,3.111251333309828,0.1,5.361606661842698
singapore,8865263625fffff,8.823363492286054,1.112959269912616,3.396508597828029,30.44047327638843,154.18602181095378,12.160228211949091,0.2,27.153454470104577
singapore,8865263719fffff,11.093728322208626,1.1386724813154243,2.932239050027558,25.754577488824197,86.36353671029576,0.3630515845027398,0.1,0.688854261787958
singapore,886520ca89fffff,4.338846931036604,1.1374384275707925,3.1286823066587357,71.08137711592138,1.9998423224500368,0.9822030508271212,0.1,1.3402509150366413
singapore,886520ca21fffff,9.632907670815388,1.1114014088394015,3.345318953399843,28.72099226123368,92.1910137387827,23.31711761952247,0.2,27.612154079549057
singapore,886526adc7fffff,9.065916856292272,1.118532382502322,3.283377290513037,29.805343490427344,186.26770228101145,12.95864518250816,0.1,17.380699767511917
singapore,886526ad89fffff,8.34596973109988,1.1403637714208823,3.3841888560654008,32.59943790083659,70.15055810326324,6.164413767707586,0.1,15.086966815740716
singapore,886526adb9fffff,6.649159620873461,1.152764112284974,2.981919259199145,40.49094691389022,28.004548650120157,8.49116393203465,0.1,12.472284796139622
singapore,886526ad81fffff,5.154317616555447,1.226087216190428,3.4102704324094133,52.557458226327576,44.58429845478399,2.8626215090500273,0.2,4.114732599716791
singapore,886526ace9fffff,6.382990081325365,1.1542471597569808,3.0046465216527696,44.440686190483326,114.1325050345894,10.376898778245922,0.1,20.54100799755505
singapore,886526acedfffff,6.549008053929237,1.089280632411882,3.27072289293829,42.589703079681726,184.2435927120759,10.767587805619767,0.1,15.56073574816909
singapore,886526ac3bfffff,5.488275577933498,1.414225631345985,3.13539627646197,50.51271912928642,241.59029679298388,9.405524944212695,0.1,16.154927811428262
singapore,886526ace1fffff,7.970431347376777,1.0694742291523307,2.6578179284091994,34.06822663717318,111.43894690471262,6.387351080460128,0.2,10.905681177557955
singapore,886526ac31fffff,6.961173408858698,1.0784489377303637,3.2362029452450503,43.287356998694726,461.61507502779926,9.393441985690396,0.3,11.189811366479653
singapore,886526adcdfffff,4.531074424693555,1.273370487676001,3.0798411316546774,64.91123726768524,1586729.6372315565,4.305437468778029,0.1,6.29010993550138
singapore,886526adc5fffff,5.791676862026035,1.130656904026896,3.458800916608718,51.17981288877663,276.66304686706377,15.97269802526202,0.1,18.062853711913487
singapore,886526ad13fffff,5.024876028978355,1.354598729747701,2.792892089373751,66.97448048422517,33.76844677706875,3.806288683530675,0.1,4.636037682299476
singapore,886526ac05fffff,4.126469015823071,1.0731493214899792,3.3814804804553233,72.70138194413698,15.986022086422462,0.4948173836329934,0.2,2.3486199377680155
singapore,886526ac39fffff,2.290659817983447,1.0777089116239842,2.837738847822855,124.7301251243018,746.0844956400106,1.2882870577399363,0.2,0.4033835083156827
singapore,886526ac07fffff,2.697026635946429,1.342363329766478,3.318218963195057,119.95781111415478,374.4814613322256,8.196083859688189,0.2,8.094615131468109
singapore,886526ac03fffff,3.258846577676171,1.1230645410858322,3.252158506430914,98.42584157792936,42.22107799649394,3.795882551648954,0.2,9.758710323408213
singapore,8865263661fffff,9.62902842727468,1.0830187390579462,3.4556915853201273,28.632269253510888,117.72699614400337,2.735492252034936,0.2,5.368390280557713
singapore,8865263667fffff,7.331492540945962,1.114265865134254,3.4522413237899228,39.00379154328292,434.61919362926113,7.053448671125063,0.2,14.967664409578273
singapore,886526ace3fffff,8.594713663305862,1.1253564037641977,3.326732950642153,31.48997535357916,115.88901790876842,8.459088768455334,0.1,25.425935423286933
singapore,886526ace7fffff,7.48301879805942,1.0991351551708095,3.110637781495633,36.54106816769066,46.57865311523776,9.70056637958334,0.1,16.774516942654156
singapore,886526aca9fffff,8.011414444014454,1.0841368684774857,3.4323258889009884,33.481639976577796,24.50310256076544,5.549108752478984,0.2,9.860568552439783
singapore,886526ac87fffff,5.856042462500507,1.1712142719608187,3.462009671963603,45.80942956840682,208.94333395786697,8.74747104080439,0.1,16.892250151436706
singapore,886526addbfffff,6.898476545483649,1.106925279686774,3.303319296135253,41.07187021152211,44.191157740839046,3.465789778536079,0.1,3.9690467058716754
singapore,886526aca1fffff,4.202210718277877,1.1707045314094773,3.197014328274163,73.5989628435888,19.442400040430034,1.5800362209780754,0.4,2.5706104643371313
singapore,886526add1fffff,7.099894415884345,1.1725608713484266,3.38811291964591,38.33492402852546,144.7612875819351,7.805658428121401,0.1,17.243373975920033
singapore,886526adddfffff,10.14025974680517,1.1099916796273954,3.340183925824022,26.63787213279619,173.76223370344422,13.317588785670075,0.2,24.9873008189842
singapore,886526adc3fffff,10.77039050703958,1.0664928949283552,2.9147155142600476,24.37930127823992,229.6111944080996,8.1766040770478,0.1,15.56723528900844
singapore,886526add5fffff,10.657806564068917,1.0821051462805962,2.99194425701463,24.71866609855614,36.707566849610075,7.66627132280089,0.1,19.910165533725184
singapore,886526ad83fffff,6.170862233231898,1.1671485871538922,3.3478002685678945,42.89609334128746,129.23224117562378,6.310250027181433,0.1,12.157288602884837
singapore,886526add3fffff,7.704721703381147,1.103112334729512,2.9174065267010625,34.93563290616454,113.86427318711188,11.383948518071906,0.1,15.01131668443344
singapore,886526aca5fffff,6.050200642308993,1.0760802476384763,2.684493593970933,49.585132417279354,8.290110698989594,0.4479351046442912,0.1,0.0
singapore,886526acadfffff,5.5685193755477655,1.168956477230901,3.3548096955256557,55.64480143325299,1.6180765731711475,2.9605979960359208,0.1,4.163989067016919
singapore,886526acabfffff,4.789563383875013,1.1494199840866346,3.378166385873862,60.259748759260525,54.113521861125385,2.5490373771560204,0.3,9.164453144376502
singapore,886526ac8dfffff,5.440447480682379,1.1610416297577135,3.407478375291124,52.83381827454328,476.61505851792816,10.50780435980536,0.2,11.240160637663989
singapore,886526ac33fffff,6.093395620163753,1.198872417839835,3.2010989585427825,47.2103324334917,370.5047280360099,19.70629686705875,0.2,13.394498592156356
singapore,886526ac35fffff,5.867887780101146,1.2033120826612749,3.4449847306800647,50.92101451088911,193.9615678513671,14.093908391353557,0.1,24.15854961050512
singapore,886526ac37fffff,7.739883277509814,1.1963134526474373,2.845232922083307,36.91454708942459,110.49177184995638,12.57130931207071,0.2,26.266389501147614
singapore,886526adcbfffff,7.172100682825022,1.1581114540716375,3.075515196319957,36.80100602577333,92.7350516321247,18.452495227389804,0.1,20.588018502730858
singapore,886526ac3dfffff,7.608747184965872,1.1984307513609966,3.0235945720714823,38.81179927058147,134.49896963960597,8.09299120010474,0.3,8.928667859960665
singapore,886526ac2bfffff,3.153144851312578,1.4615540404485083,3.033376138016547,97.58267450485904,0.0,0.6559415240348069,0.2,1.9580252910437483
singapore,886526ac23fffff,7.157011919387335,1.215726699096672,3.443718750715839,43.35460001498589,24.94247386690018,5.469371688771181,0.3,7.041221237643868
singapore,886526ad95fffff,5.459316587168723,1.1907735903829544,2.9718375064537135,52.37998191599491,337.12913631338506,7.749273378363759,0.2,16.93352123766023
singapore,886526ac15fffff,5.235479721534905,1.1618201085854405,2.9884925406968756,53.34952281043307,1243.6900658349025,10.621439325003072,0.2,20.080750608790368
singapore,886526ade9fffff,4.473761790563868,1.19432238897224,2.831350769870735,60.80357831352389,15.05678104114086,9.738493442511366,0.2,16.14217274970002
singapore,886526adedfffff,6.068664652034612,1.31829047317252,2.7624617967440206,50.95198763571852,16.89611740220261,0.0,,0.7306417820317074
singapore,886526ade5fffff,5.586047408305533,1.244757681764146,3.08429874156609,53.186345829006314,59.097933859686165,4.575264399530001,0.2,6.501516676301222
singapore,886526ade1fffff,4.5129478781140575,1.1370899247771638,2.8508184380062875,66.4753965927407,43.024867236078734,1.485910784779866,0.2,1.1934003136848137
singapore,8865263753fffff,6.490105140825839,1.134800335654416,3.228459010610826,42.29218267044063,30.497159880548576,8.010977092330606,0.2,24.499050744319483
singapore,8865263665fffff,7.486781922874168,1.1240004436623938,2.963934847321299,37.94989163582051,157.20201778530546,5.588197026186991,0.2,9.067373458186342
singapore,8865263759fffff,7.808551566161727,1.1182382209231203,3.211834668273018,35.10403597957445,52.87100944282682,4.32747030439326,0.3,11.69356479406531
singapore,886526ad91fffff,3.777575952247606,1.2001460316333912,3.35115873070686,77.7993966199753,12.380878923458996,4.5881519788057075,0.2,9.511120330596878
singapore,8865263645fffff,2.765823706012361,1.6278083553955234,2.808352105499622,106.52987625435462,48.267778429159726,0.9099795153287722,0.2,2.5738107441192897
singapore,886526adbbfffff,1.7896696844878743,1.1389444561262294,2.233453005786462,126.99143827636708,8.105615628594373,0.0,,0.0
singapore,886526adb3fffff,3.892326181837154,1.0905618453350967,3.359586532035254,80.46263302604076,10.248545994554911,8.48379325050301,0.3,11.48689638064968
singapore,886526adc9fffff,4.836317357428917,1.224037223753329,3.251885445964554,53.89859937683975,192.95754494789375,14.43993082650694,0.2,8.297585790107439
singapore,886526ac27fffff,4.27747427608898,1.1915909938322122,2.180937589713804,52.39959765214969,44.473534872732706,0.0,,0.0
singapore,886526add9fffff,5.092550886947764,1.1278462103132447,3.047378050153773,54.54590124758966,93.15866565379868,8.338484022796342,0.2,7.914195488560736
singapore,886526ace5fffff,6.6948823359074146,1.167284843578141,3.3449989943543708,41.60960784588178,179.00387118134083,3.433982419809124,0.1,2.9951837303982285
singapore,886526ade3fffff,5.716223840276203,1.085249241041736,3.3369830850352793,48.0136064311066,51.52261418952881,1.1485846167314069,0.3,1.8316912958445093
singapore,886526ad87fffff,4.567856737661339,1.1157825842293372,3.405812764601633,60.46811300845846,8.103442970870075,4.23524830665384,0.1,4.278253771411791
singapore,886526ac85fffff,7.272803855013597,1.1294021613154768,3.4587663350389963,39.079911679930746,152.42081876059672,11.013290323836957,0.1,21.404161559778807
singapore,886526adc1fffff,5.296744573742313,1.2086784623870328,3.4389622113549576,51.62369002188975,115.31147358608348,2.710399235448473,0.3,9.489296591775243
singapore,886526acebfffff,5.32494903647441,1.1480216831228356,3.0678327438962087,54.64780649968092,562.7241936252708,12.390470560838622,0.1,8.969441553889743
singapore,886526adb1fffff,3.031570734813679,1.1184171043730304,2.3496305671605584,99.72572235360688,9.878146007976556,1.173266908217698,0.1,2.2933484021177195
singapore,886526ac0dfffff,1.8377154038757415,1.0449131355404395,2.4421179313312584,163.2461693292117,3158.6308666375076,0.0,,0.6658473595341563
singapore,886526ac81fffff,5.064853527820254,1.1571751491660789,2.767321116300815,55.24867850002184,1144.3847081417698,14.969469576075095,0.1,26.96850843132932
singapore,886526ac17fffff,6.368018266024082,1.150768931576378,3.335926998749329,42.89374444880328,462.1079538292786,9.281903259074184,0.1,18.75854833999236
singapore,886526adb7fffff,2.84724067405924,1.0669031470214063,3.2570285326927264,120.97482576117416,9.725459544590173,1.9765836333360032,0.1,6.628767163752046
singapore,886526ad85fffff,4.642814692697075,1.1752200836669833,3.5253161888100095,59.71113238879489,10.069919477530767,0.3198835794496557,0.1,0.9488211751274728
singapore,886526adbdfffff,3.226652263634067,1.0901224168408676,2.789499760024084,87.16464527951261,7.119846037704629,0.0,,0.0
singapore,8865263751fffff,13.30550754570324,1.1250062182219889,3.402922230340822,19.99585847873024,22.308950956563024,4.7467010863060874,0.2,5.781500780320643
singapore,8865263669fffff,2.5771325200078734,1.0268983486353105,2.8707516771056376,129.34272131737913,26.78389885413648,0.0,,0.0
singapore,886526ad99fffff,5.139004227729027,1.0539821118401866,3.011021596255843,58.086634970230456,55.84408394842761,5.4972345861330805,0.2,5.762394977908297
singapore,886526ad9dfffff,8.008814390162385,1.0715822546666556,3.390814798449293,33.40617557297358,126.99544385001754,5.290167975263633,0.1,11.143304112339472
singapore,886526ad8dfffff,7.326713152371985,1.1273413007222377,3.221454944488507,35.739855602005946,41.56995299049424,7.04801225760866,0.1,10.472743315953409
singapore,886526adebfffff,6.405359168916096,1.1688087313377973,3.306100124584266,39.02981759605287,1066.809029382944,5.287939905413617,0.1,9.997776228692356
singapore,886526375bfffff,7.875377356060736,1.102442561699302,2.9152990292937244,35.53055315452614,148.9460078570847,11.05611849823473,0.1,22.774769985585063
singapore,886526ad8bfffff,6.677981166899448,1.0812408357940408,3.4813190447328277,40.05701623207765,48.27601958446162,3.0254566845708206,0.2,4.848604017839429
singapore,886526add7fffff,7.509559826296069,1.0912119763699653,2.961774475147957,38.77410624902786,194.91515190843973,8.339273464233967,0.1,15.26136180380174
singapore,886526aca3fffff,8.745362901242878,1.047486833868541,2.8888014426153803,38.11543752929457,154.918455628181,1.1454082768766969,0.2,2.0835521601229576
singapore,886526ad97fffff,4.383101045077294,1.292172536796978,2.815737403423612,67.73172622461517,33.339421488185145,5.6507795415306,0.2,0.2182232973618134
singapore,886526aca7fffff,2.597695888224007,1.0394597655006312,2.2573055009956295,123.73602810309173,0.0,1.5682313481591554,0.1,2.0375840115296935
singapore,886526ad9bfffff,1.318371585604758,1.0528163894659943,2.5568271679009458,221.23251885231923,4.627826574400238,0.0,,0.0
singapore,886526ac8bfffff,5.9008461678985435,1.1067802296671525,2.643748915856013,46.7960620865843,424.9949310560646,15.53585198070895,0.1,28.199174271669342
singapore,886526ac01fffff,4.997000084264629,1.2155940649161563,3.360980266207317,62.28226626930685,15.990913503001064,0.0,,0.0906266565477089
singapore,886526ac89fffff,5.823530822349179,1.1601452211553966,3.0314660401136453,48.67407703016262,202.8773646737801,6.40887668527048,0.1,8.163585629604473
singapore,886526acd5fffff,6.923864046587778,1.1091477751641956,3.18173083738994,40.09165001765716,3495.426073888125,5.367790743788264,0.1,18.10750363205034
singapore,886526acc5fffff,5.343178434263892,1.2158401584724523,3.049751869281639,49.92606024269009,436.1834014169089,8.40411802975915,0.1,13.095732243883942
singapore,886526acc7fffff,6.309349708875082,1.175829089942274,2.916983316278994,43.60783982703381,409.0608473387727,6.9378417355794495,0.1,14.811472442941694
singapore,886526ac13fffff,6.645327190455247,1.1604285652850368,2.858208470841131,45.78146350262139,10.037621319661255,2.2419531623543048,0.2,2.9068841569501687
singapore,886526accdfffff,5.140094236147763,1.0675115958562031,3.225456131693492,62.0900943655458,11.306715396095298,3.8767009498603504,0.1,2.754754697648142
singapore,886526ac11fffff,5.2025641070047435,1.162622575856075,2.9194208931509893,60.75695513245122,17.27940529414994,2.6942490417935185,0.2,2.678431977138418
singapore,886526ac1dfffff,5.299931137157657,1.0602131363316651,2.6269347815583,62.89389894075104,14.707891683654868,0.0,,0.0
nairobi,887a6e42dbfffff,6.748533786074087,1.1050227601674665,3.194531086381307,42.936350559116974,581.1452569496321,13.88752059425954,0.2,16.0198617640014
nairobi,887a6e55e5fffff,6.137525964868549,1.1105659367581968,3.361660418945476,47.44964109680251,710.8613051012167,17.93381680968967,0.2,20.202161502118276
nairobi,887a6e42d1fffff,4.899077529337295,1.104923106039638,3.3392399415995024,56.25355988566731,70.7429818506429,6.959772227948227,0.1,17.33459328070375
nairobi,887a6e42ddfffff,5.777706293874844,1.1399345134101713,3.5172375505326943,51.26388712393651,45.79349542714609,7.807984376865336,0.2,20.842321689720663
nairobi,887a6e42d5fffff,5.296092163101211,1.0834175811253652,3.499506489769741,54.977264305015794,240.69143669307945,11.18010736303255,0.2,24.471821369711066
nairobi,887a6e5537fffff,5.745569569645502,1.141829773009749,3.4380961199017808,51.823027356909215,148.70737496988062,11.133459928809316,0.2,22.690511732803312
nairobi,887a6e55e1fffff,5.839516305694173,1.1837569543113535,3.24071428614701,51.3741180425281,148.35721125768552,4.059551732984134,0.2,9.941788054457634
nairobi,887a6e55e7fffff,6.088452712702289,1.1245587456432633,2.9328202493185853,45.57808249394046,294.38548935084714,11.873102805613495,0.2,14.23961557495651
nairobi,887a6e5585fffff,5.830755214535246,1.0884835393768135,2.459660269712119,45.29847062124752,106.2482747800374,11.96091150658112,0.1,30.440490764744062
nairobi,887a6e5581fffff,4.562762191578888,1.2366868563138207,3.246678922521517,63.64654308305065,499.0384437593421,7.366081284905445,0.1,21.07083703819779
nairobi,887a6e5583fffff,6.826987639015302,1.083171135883711,3.1078487413419587,42.23584009942602,72.24716084505921,13.929827146712594,0.1,23.136302045805103
nairobi,887a6e42d9fffff,5.997225564463326,1.1089289291145312,3.17962548641863,49.9247570864576,2032.117151549055,10.135556275664598,0.1,14.987403603079803
nairobi,887a6e50bdfffff,4.100670161208234,1.089061902507379,3.4136187187304956,71.64324346630737,0.0,19.82119458713174,0.1,22.196078477578546
nairobi,887a6e50abfffff,3.208148726281344,1.224625437569443,2.7966535057682114,91.60832456531784,0.0,15.509401194244813,0.1,20.00655810101455
nairobi,887a6e553dfffff,5.28553454995384,1.0937451547510106,3.3210786307177753,59.02590705364036,435.8709448456216,6.023108197067408,0.2,10.663133347240096
nairobi,887a6e5507fffff,4.765867101308485,1.1144191064188502,2.537704836572157,61.84810005436026,64.94872141912754,8.343640986227957,0.1,9.588474708378708
nairobi,887a6e5539fffff,4.700971420672589,1.1459388441935248,3.474417047687186,61.36211277376088,0.0,16.52278844494132,0.1,19.44107118334496
nairobi,887a6e5501fffff,4.940414058589622,1.1312760098141703,3.08495671861087,60.57590911279524,0.0,1.7424100442767867,0.1,1.7935816940815492
nairobi,887a6e5505fffff,4.687771581053456,1.2888214812665173,3.4025412335033036,61.024656768153854,0.0,4.345907532708158,0.1,5.2322811092896515
nairobi,887a6e5531fffff,6.124303608303804,1.1197204711909443,3.4332637232926575,47.07282765952445,280.8862645688336,7.18702799891469,0.2,10.4530505676291
nairobi,887a6e5511fffff,5.354975717396853,1.0572912690741716,2.908827080014479,56.689599466381914,11.022435566438862,2.2482153232564825,0.1,0.3194762610411636
nairobi,887a6e42cbfffff,6.618998893568651,1.1119809596670358,2.725236607742248,46.02936328699736,167.63485851638785,6.099872759070168,0.2,16.570893484887893
nairobi,887a6e55a9fffff,6.618174364553577,1.0793891958841828,2.7870961904622633,41.87082697897932,347.10942434919616,7.803795538753389,0.1,18.85367667853513
nairobi,887a6e42c3fffff,6.952103882854604,1.0450309670868274,3.11487376826151,43.17301230435615,262.78194781972036,12.144294247506524,0.2,22.86617524675634
nairobi,887a6e428bfffff,5.6259856114380025,1.1300687770527862,3.1491647347206104,51.03048497135535,269.50710894972997,10.411086026666757,0.2,19.7786858205785
nairobi,887a6e429dfffff,6.2026809871207504,1.126057074648512,3.4172581815111633,45.50265335399715,331.08480160965723,9.816397128721098,0.1,34.446462721012736
nairobi,887a6e4295fffff,6.844610407607466,1.09187346822827,3.4225042583955534,42.48524923438933,70.5320325061218,12.82354132711867,0.1,20.033891668027117
nairobi,887a6e4291fffff,5.64127189323148,1.146299032305062,2.627704528838746,46.608466930698555,304.22109946193444,7.820463641592177,0.1,22.944181518535384
nairobi,887a6e4283fffff,6.532824504212774,1.0718115661786856,3.1292908613958814,44.17253645576114,5197.98726424326,12.938512628405611,0.1,17.905502503156917
nairobi,887a6e55adfffff,6.30139861718781,1.131428774141755,3.2009493556737953,43.19159986837844,123.40275895007576,4.736352036940082,0.2,17.9725520893328
nairobi,887a6e55e3fffff,5.53811362310124,1.0925067440866127,2.623468095906141,50.97014980609731,71.18538683678119,6.672758171941521,0.2,25.038898513375077
nairobi,887a6e42d7fffff,4.329029945953153,1.0841380956436664,3.4382630243451824,69.11770123117434,441.023945558068,5.580264775438328,0.2,11.520089286488222
nairobi,887a6e42c9fffff,4.365966336191535,1.0858776785346769,2.662008333315318,65.68184081155785,63.002728675746134,9.105134414875616,0.1,15.67159208748429
nairobi,887a6e42cdfffff,5.3225216031691165,1.088204135246135,3.2767349674399555,58.5808336829182,33.13219864333832,8.431432171774722,0.1,13.374743523709334
nairobi,887a6e42c1fffff,5.680500571803154,1.0760087052085454,3.1382014785505334,55.0862711304084,1039.2927522185844,9.746708457240238,0.1,9.41598000956708
nairobi,887a6e5527fffff,3.9328537312549,1.0716604719785658,3.023250001598445,74.62221606088602,1210.9239579812313,0.1138901328676547,0.1,0.4145254684099022
nairobi,887a6e42bbfffff,5.108314306572746,1.065325225992046,3.1777456539792865,50.77179539174857,7.8650380249086735,8.915328367756384,0.1,15.515476394324024
nairobi,887a6e5535fffff,5.946679814845415,1.1195462081685654,3.2205991175836717,49.12570384761315,387.4715820632869,6.418088620809493,0.2,10.883800991103326
nairobi,887a6e552bfffff,4.7402303624548745,1.12751111888029,3.3315735236971595,63.01408916055429,92.89001903920372,12.765478583470122,0.1,21.935896797143396
nairobi,887a6e42c7fffff,5.242404680248997,1.0469288480811885,3.459561784456728,60.12839727767379,84.08182795248095,10.425256104552757,0.3,13.281377516203875
nairobi,887a6e4213fffff,3.9747666186073296,1.065725233804089,3.441153770605167,72.74807661722238,122.93797379780148,12.315021386682904,0.1,12.684586877488549
nairobi,887a6e42c5fffff,5.800007158712047,1.0656624432088395,3.2477607223236165,52.76714557228557,75.85016972927457,10.64508185948884,0.2,15.9758974638226
nairobi,887a6e42e1fffff,5.206311096391007,1.0513363628181749,3.348690661964711,57.0221399573668,370.5696136608423,10.431938835415291,0.3,18.08595419287949
nairobi,887a6e42e5fffff,3.853087788430729,1.0709298220987282,3.4665108012234302,78.3735576766579,104.92118752356616,4.684685719556256,0.1,13.82005606492566
nairobi,887a6e42e7fffff,5.0480746050282,1.0734920461178294,3.242702469928916,61.55104867206098,109.19665225227952,5.179241547783757,0.2,22.51840308420049
nairobi,887a6e4059fffff,3.1210110953888233,1.1869724231440837,3.3446880607455296,89.34481337094206,26.70184483454354,12.686628700138952,0.2,21.19472212746162
nairobi,887a6e415bfffff,5.507213320417661,1.0730793413924231,3.171630113766718,54.041677760264534,0.0,12.581609853302604,0.2,4.075312480055491
nairobi,887a6e402dfffff,4.562986314658966,1.1192707037860248,2.84618937243271,65.31458481319615,0.0,8.598452342694593,0.1,12.65278647993103
nairobi,887a6e4025fffff,3.3874463831143427,1.0659772855994438,3.28308376369961,95.50834911437327,0.0,1.2958988107896636,0.1,0.8809948109537551
nairobi,887a6e4067fffff,4.8990229473602485,1.1001017032962557,2.908670321902921,61.34246316950905,126.88509442968684,5.191932664121822,0.1,16.257847027372087
nairobi,887a6e4159fffff,4.992358998103777,1.0489648981836732,3.0145731880175366,58.60484378729612,0.0,5.766758980792341,0.2,10.461575470407627
nairobi,887a6e4337fffff,3.777595480060072,1.064252092782175,3.4440810672275344,79.41559692760679,0.0,4.239538898267685,0.1,8.689298054834566
nairobi,887a6e4335fffff,3.898612801821439,1.1255836729833282,2.72474339865273,72.1410445963239,0.0,6.306234658408872,0.1,8.641237325991856
nairobi,887a6e433dfffff,4.170884220797445,1.007804411359229,2.445273138135466,71.69776152256316,0.0,2.1987411576399283,0.1,2.121498555567154
nairobi,887a6e4323fffff,4.077029029482555,1.0836594458812432,2.6642323117218583,76.34836729220632,0.0,4.9940440101263,0.1,6.6378644090868875
nairobi,887a6e4329fffff,3.4160134790740635,1.1537392156448802,3.1908397329058453,94.984427635904,0.0,13.826132128019186,0.1,14.340774992534172
nairobi,887a6e4045fffff,4.413024386251921,1.0606674138947911,2.32029127978284,66.84757984094213,29.12787365739526,6.921868437325611,0.1,11.110915238411142
nairobi,887a6e404dfffff,5.365613591232546,1.0963848886445249,3.3089588091274713,54.41279678341046,0.0,8.594820252812681,0.1,12.34456334129786
nairobi,887a6e4041fffff,3.914949638185379,1.0646173604927442,3.3267542979932454,76.16771571614719,205.76888192728163,8.947025613171226,0.2,11.9460711998264
nairobi,887a6e4047fffff,3.474726151058033,1.1719529361123415,3.3535149875703985,92.39652784757985,4.889713947540865,2.0205986613123175,0.1,3.3930885297265085
nairobi,887a6e4043fffff,3.324970224325317,1.2320063989987655,3.272325167710747,94.68199519852708,38.075372501828824,6.959394807373678,0.3,0.0
nairobi,887a6e4247fffff,3.3919187479068196,1.156968449322335,3.2540516510788846,85.65669231311496,0.0,10.67538117150728,0.1,12.0779053531746
nairobi,887a6e421bfffff,5.070177577365968,1.0509390894963664,3.1047663354015804,60.178979055548886,219.32923958660055,5.610914821228072,0.2,9.790603975152823
nairobi,887a6e4219fffff,4.745243815567499,1.0765245774591423,3.0153504035266065,58.915811987562435,5324.81992831124,2.2389412813202827,0.1,2.514330555078093
nairobi,887a6e4255fffff,3.8355794236936624,1.1474790519672835,2.7029387356805983,74.25478529343196,0.0,1.4356887626146804,0.1,2.1560755185258955
nairobi,887a6e5523fffff,5.03368115043098,1.1402925849530958,2.7963661769262735,59.15705998825187,124.84427908444312,7.133545215159704,0.2,15.955844844408666
nairobi,887a6e4209fffff,6.0412615595765145,1.073838939595507,3.0355161459232893,48.613905802968915,0.0,3.474247633261008,0.1,3.825661024761626
nairobi,887a6e420bfffff,4.7998829218058825,1.1041597598488406,3.244513140372981,61.0992466997284,0.0,15.04209933872595,0.2,21.482735451924853
nairobi,887a6e4257fffff,4.439723806278509,1.0371251524790095,2.849908679523306,67.01332653537604,0.0,2.539264535312694,0.2,3.039598514344517
nairobi,887a6e420dfffff,4.575822093307278,1.1237571741161694,3.1692132651665226,63.08370122969472,0.0,10.298673662477334,0.1,14.08934169196398
nairobi,887a6e4223fffff,4.319577869787226,1.0473975898232724,3.1481003929841025,71.40548630895532,121.89224870671066,1.8826601350805023,0.1,0.7881297132381313
nairobi,887a6e55abfffff,6.180648155992224,1.0860472503477996,2.9501100324765654,43.79809853441141,42.05725849675159,6.6749269432606795,0.2,25.73553401684517
nairobi,887a6e55a1fffff,6.03676788332927,1.0867453071849076,3.368239926052896,43.87527729802202,54.422026655769365,8.478761324478942,0.1,22.803359877647885
nairobi,887a6e55bdfffff,5.760384334620408,1.042821408632777,3.3554041488581863,46.486902821543865,69.38323700518762,7.519840546187903,0.1,25.788061793882363
nairobi,887a6e5587fffff,5.580824003048052,1.1143004333937108,3.0582997057135795,48.346143975756206,135.53023663787403,3.322603210010889,0.2,23.311997762299907
nairobi,887a6e55a5fffff,6.285729659627498,1.0761872233920884,3.4477197232845684,41.6786665760697,321.82070110039194,4.54766188569101,0.1,25.65251396198591
nairobi,887a6e42d3fffff,3.9572325893214337,1.1349827723821808,3.499638417009829,70.71880157457312,49.30538729330272,8.846889312879613,0.2,19.74419853739744
nairobi,887a6e4299fffff,5.454776096721235,1.1035810996223088,3.37737669497941,49.24034214415541,233.51413772911985,5.028892568902036,0.1,34.890562999848186
nairobi,887a6e55a7fffff,5.207184507476642,1.0379897789942527,3.2444935412987146,52.22204517065945,39.913050458745566,3.78231268104423,0.2,9.549872847027135
nairobi,887a6e4293fffff,5.41859828229407,1.1483967654994147,2.987009032992593,53.1476685890169,63.03007448245113,6.269092658431174,0.1,18.585924250344323
nairobi,887a6e474dfffff,4.839679651691109,1.053588461147897,3.367897773793324,57.21929897287984,50.57904673322798,3.1106903287421126,0.2,20.936017704256905
nairobi,887a6e429bfffff,4.136296257993597,1.0536614659388228,3.316137228306083,61.72651401425937,101.52207669654956,3.80897088597989,0.1,18.94523934691828
nairobi,887a6e4289fffff,5.401563711218896,1.0758565991511,3.2230418083962253,53.44572268783471,28.643895072707544,14.829812724881233,0.3,16.729255794527504
nairobi,887a6e4281fffff,6.204125465821486,1.1262789121014214,2.9808791446781444,44.97206692806116,476.3441235700254,13.113512108593,0.2,23.74171555130694
nairobi,887a6e4285fffff,6.527742959229356,1.076110283416118,3.004404765778546,43.43452454172285,20.693631813912702,7.860055556055447,0.3,16.034403426821154
nairobi,887a6e42abfffff,6.233419870602726,1.0505507891082555,2.7401794866997538,50.13299384400099,78.52442184890718,0.7072991860465311,0.4,1.4378372854616666
nairobi,887a6e4287fffff,6.693646491655387,1.116471689703619,2.941728849984319,41.29920933783005,110.83365338041588,15.867682852018474,0.1,25.601964476257525
nairobi,887a6e42b9fffff,5.587256307749584,1.0836811001783102,3.2105830426262143,52.14340753852215,25.066383604746964,7.567421312076307,0.1,12.170110583846927
nairobi,887a6e4769fffff,4.256270323407702,1.0460827984849836,3.1076940311135086,62.78768945680668,11.586808453910953,9.70969073467771,0.1,20.02219336638631
nairobi,887a6e476dfffff,4.1140162291026305,1.095754127062965,3.104100269614509,62.53780711365296,11.279996059484262,5.029200706379737,0.2,10.761028706229643
nairobi,887a6e4297fffff,5.293103700669683,1.1199158405920215,3.433506392241507,51.7209323747987,26.697747685678316,12.21734786086729,0.1,25.16638569125633
nairobi,887a6e476bfffff,3.519071260186284,1.0542272430942177,3.277010275072023,74.6537495216488,17.135376010281956,8.891917353692877,0.1,21.674513417852022
nairobi,887a6e4763fffff,3.8152746169192375,1.0689303883918797,3.194323118437083,70.79829623033751,29.260281299720425,3.7006037027530567,0.1,10.931587431064068
nairobi,887a6e4761fffff,3.547851492396762,1.072647290928468,2.583922817651678,75.62117058783187,12.545426174049467,0.7330738158989869,0.2,1.6086183607292792
nairobi,887a6e4745fffff,4.870717333179515,1.0771156534516146,3.3357956626265217,62.12126194123065,44.56462169388821,12.978145059451236,0.2,31.76788522320955
nairobi,887a6e4741fffff,3.684061422443643,1.0785351514327186,3.234896380346388,74.23987880279643,33.36540568046345,6.197971966419673,0.2,12.439974956636776
nairobi,887a6e55b5fffff,5.565835711281494,1.0864579955295743,3.380397024393349,52.86867749425372,61.281965323301165,6.176283295000899,0.1,30.048897397541147
nairobi,887a6e55a3fffff,5.211037041403023,1.0581245466070133,3.378340990593218,55.85160378001115,36.87379166040146,8.978568671055294,0.2,34.40672729934577
nairobi,887a6e4749fffff,5.039278147282411,1.0372601057708652,3.3223019223598045,54.39502784237601,40.32838755316032,6.868671724595773,0.2,25.07064607366344
nairobi,887a6e42e3fffff,3.572865414729126,1.1042014310318615,3.0736077829543547,85.02908256830106,13.957286328156348,7.928750841995328,0.2,13.40699877397162
nairobi,887a6e428dfffff,5.689315724773289,1.174345832133763,3.2688225250424767,51.85494554353961,38.83956205041141,9.779531706070172,0.2,13.177294870775691
nairobi,887a6e42ebfffff,6.035163313434842,1.0807257484760022,3.2699730141684396,50.64217601809247,82.057815835582,10.730779314097608,0.3,13.949175555634298
nairobi,887a6e4747fffff,3.927274017816045,1.0796837001233914,3.0324684713061267,68.89975949388722,17.964617776520328,2.936121220613722,0.1,5.84970921187878
nairobi,887a6e4211fffff,4.470691835151728,1.0527027746664124,2.82737947186439,66.12409194295802,2328.6317940399363,2.764029608540424,0.1,0.4031549588715175
nairobi,887a6e421dfffff,4.786908495250499,1.0475044713022614,2.9661641094523437,60.71567784866555,0.0,12.026261525792007,0.1,20.43146497756915
nairobi,887a6e4203fffff,4.490580331378751,1.0862952361363765,3.273426862746303,62.825488958865165,0.0,11.73001147215854,0.2,3.191583060075512
nairobi,887a6e4201fffff,4.8087312946647645,1.1286144497501178,3.260093436741465,59.06704726890915,0.0,7.479743672188573,0.1,4.134603869091421
nairobi,887a6e4205fffff,5.552664216109243,1.2276479908235527,3.1656171835903533,52.30266956069316,0.0,7.934650629497338,0.2,11.559220606632636
nairobi,887a6e4207fffff,5.311514114672669,1.056866182660656,3.4849832373049714,51.6435708601068,0.0,9.05398487379972,0.1,10.418726303042884
nairobi,887a6e422bfffff,4.9089043358204485,1.0716986086695472,2.9931129199374356,56.97015012259582,0.0,1.9726175967187836,0.1,2.5519875536244374
nairobi,887a6e4241fffff,3.8586147200576058,1.201581323218,3.3467263486625827,81.77390163944992,0.0,8.809057781837831,0.1,11.700994203111788
nairobi,887a6e50a5fffff,3.1367351751923502,1.0572201659932574,2.5690598454277143,97.6976364874136,0.0,6.254497044572493,0.1,4.786834486269244
nairobi,887a6e50a7fffff,4.013661502705813,1.0798349683553403,2.425901166255218,74.98661099933514,714.273118412903,2.849750169941641,0.2,0.0
nairobi,887a6e4243fffff,3.777863655046281,1.1173150135117649,2.1972438448883502,74.57813660630379,0.0,13.498653521931242,0.1,21.109241560961024
nairobi,887a6e4251fffff,3.830314069944834,1.110574951962907,2.8975661590645756,74.08890722840147,0.0,3.2968675242798327,0.1,2.847349116596824
nairobi,887a6e5521fffff,5.69355587272632,1.16714847795406,3.3392272672936065,52.44720835032805,2801.6556150433503,9.99065237464714,0.1,14.085423117373349
nairobi,887a6e425bfffff,3.913083539697459,1.0866457218959302,3.384451092093191,74.58722149609405,0.0,9.166930971727952,0.1,14.43687019654178
nairobi,887a6e4259fffff,4.214081791349675,1.0594653553266238,3.4901043346044003,68.81688926761899,0.0,3.963099276506595,0.1,5.716667069459437
nairobi,887a6e50b3fffff,3.83795240423279,1.1572211335446418,3.118761363888298,70.83064914884396,0.0,0.0,,0.0
nairobi,887a6e50b7fffff,3.206197260603367,1.126194453058999,2.811118194157713,87.85801931352778,0.0,12.81697089292568,0.1,17.106137593838483
nairobi,887a6e50b1fffff,3.726918503302438,1.1386929274325996,3.214661232615341,80.92135669724567,0.0,6.098035151502573,0.1,8.844232567945248
nairobi,887a6e42e9fffff,4.240898486194111,1.0527205056369076,3.2195714399112467,70.57931918567886,39.74694573840945,6.025177349436916,0.3,11.655966509243298
nairobi,887a6e42a9fffff,4.795659753026015,1.10575301673325,3.39985704688595,62.769342210594544,93.6822350802306,2.466946698784477,0.1,7.410082799935171
nairobi,887a6e462dfffff,4.632736708895582,1.0702088807379264,2.983186529526098,64.00355697694364,0.0,2.7135759188754407,0.1,4.664895616789345
nairobi,887a6e4621fffff,3.710574915641257,1.120951657804132,3.2797903325009092,80.8500048699743,0.0,10.34538746433229,0.1,12.978747846278276
nairobi,887a6e4009fffff,4.867460526975122,1.1647124732713248,2.79467332342111,57.43649916085849,25.26565418663688,0.4762874871114435,0.1,2.086706649733314
nairobi,887a6e4001fffff,5.16212540122099,1.0876774553410309,3.365857926571957,55.48252797627653,1.2401385239052385,5.104476859098101,0.2,10.667917304540987
nairobi,887a6e4007fffff,3.621497142559788,1.0251077408003422,2.531994277880394,78.89396966701283,1.2463251756222826,2.8792604978490153,0.2,4.181005182781662
nairobi,887a6e4233fffff,4.368390266576439,1.0639443503164248,3.259222518721568,71.98656475614808,129.99855548998872,3.487381730309702,0.2,11.726990553973549
nairobi,887a6e4235fffff,4.656728683568447,1.0656501451647642,3.15983009543371,66.50106553288241,268.0931670257365,9.654860553261836,0.2,8.806214726367363
nairobi,887a6e4357fffff,4.544603276429875,1.063584244035798,3.314711876654426,62.92845185587051,1026.253338648395,11.561563011379754,0.2,0.0
nairobi,887a6e430bfffff,4.748598234811616,1.0767497713603973,2.944670779582083,64.52240477989481,0.0,11.441108780927411,0.1,15.177942168817893
nairobi,887a6e431dfffff,4.966959608504969,1.0671864980026613,3.3442219572470844,62.64802561171181,0.0,6.618931914859596,0.1,9.18263241407745
nairobi,887a6e4319fffff,4.885087757361173,1.052208691567062,3.189790891514069,62.16489788489174,0.0,2.6951076798805267,0.1,3.085897824579863
nairobi,887a6e4227fffff,4.539605421322758,1.0858731597658269,3.3041330734442163,66.08503871082826,0.0,5.549253966465031,0.1,6.5841920367821025
nairobi,887a6e430dfffff,5.043558728864667,1.0516820917811731,2.9872574881340572,62.8750671911212,0.0,8.823883384361219,0.1,11.498685088532213
nairobi,887a6e4365fffff,4.976036670892082,1.0238673811195187,3.2607742195295564,58.77973534399998,0.0,2.391941835938255,0.2,5.84666355164371
nairobi,887a6e436dfffff,5.3122643905126825,1.0302201775822062,2.7808948822837354,62.97359271089178,0.0,2.02611225813403,0.2,2.2719230923194296
nairobi,887a6e470dfffff,4.2795216082251955,1.161852532382503,3.3574439669132583,70.7162170569985,13.599249702403702,1.869987973374852,0.3,8.522715327089884
nairobi,887a6e558dfffff,5.286008474139599,1.0497002847047554,3.08748414265161,51.782479932891086,101.99199343376088,2.9082972073169326,0.1,10.353860054424658
nairobi,887a6e558bfffff,4.072903695254752,1.0718910652639968,3.3174138596627056,75.70356590865755,78.41387126022967,4.66204975194796,0.1,2.570814516535025
nairobi,887a6e55ebfffff,4.175852566208914,1.0868883441896464,3.4757692174978563,70.83859251122041,113.10749544874696,8.884754377103397,0.2,19.36055390874138
nairobi,887a6e55c1fffff,3.998405986695792,1.047626392131959,3.3974266608589296,73.49419996383278,0.0,5.176649703478327,0.1,6.160578402747447
nairobi,887a6e55c3fffff,4.323623986229236,1.0800726641907883,3.0855370679639615,63.90837648087611,0.0,0.0,,0.0
nairobi,887a6e553bfffff,4.557885391600433,1.1712932456146676,3.281222561899824,65.60489835795126,0.0,5.134656641915079,0.1,7.791475944038847
nairobi,887a6e55c5fffff,4.082930894442122,1.1581583096265091,3.270213427436764,73.28377730627258,18.702592761945507,4.49508515988532,0.2,10.632586429639616
nairobi,887a6e55cdfffff,4.3774319087466855,1.0841643829451153,3.3983374129376163,69.6755555216221,79.8361136795709,0.949053707486274,0.1,1.7246957669814176
nairobi,887a6e5513fffff,4.538350541650513,1.09487552870982,3.2384954256114926,62.6728004181688,104.26842295271965,11.612547769509684,0.1,18.30433754609979
nairobi,887a6e5515fffff,4.831557681619939,1.1365881588346285,3.3151643487038176,59.87421311065078,30.264509759203236,17.247031944763254,0.1,9.598618994754313
nairobi,887a6e5503fffff,4.012141409124306,1.1072108371948552,3.03086504502864,71.21241665722992,27.532255701067417,0.0,,0.0
nairobi,887a6e550dfffff,5.975819195712077,1.1548015574765982,3.0516500237865647,48.807813140657046,0.0,2.4314590497738764,0.1,3.3989651145524284
nairobi,887a6e5563fffff,4.996629190114622,1.073267526698624,3.441765414112679,56.52665774166124,153.17721010669248,7.02878316987867,0.1,12.406640529542177
nairobi,887a6e556dfffff,3.6963502789655593,1.148149362580223,3.1637986261591986,80.58552841179679,0.0,2.91198235915658,0.1,5.088925080377901
nairobi,887a6e50bbfffff,3.743248722761879,1.0782297105755532,3.031532946585544,79.39702093413445,0.0,5.712877943600438,0.1,4.971683368746447
nairobi,887a6e425dfffff,3.733437610960714,1.0813021420797233,2.974068239761631,75.57186875563025,0.0,3.8047539685431544,0.1,4.315376186019975
nairobi,887a6e4253fffff,3.5863316049986795,1.2052892118044929,2.4478228579738137,78.9625366246825,0.0,2.7526486526096496,0.1,4.2811059906416045
nairobi,887a6e5525fffff,4.288790125455485,1.1410824098363577,3.085361937012584,71.08719239277497,420.3948480884903,3.037172644518884,0.2,3.171587519952011
nairobi,887a6e5529fffff,4.170379331647908,1.0714636248199922,3.2327203140920857,69.21667571673153,0.0,4.855785426403252,0.1,6.563608106027775
nairobi,887a6e552dfffff,4.414802176310377,1.1048898039297186,3.47557992216132,65.77962699265099,684.5594104460895,4.63104402824532,0.1,3.305063685742794
nairobi,887a6e4309fffff,5.919435232768173,1.0438984949498358,3.2053609884816607,54.395312413146634,0.0,7.471899339160794,0.1,11.06570375162557
nairobi,887a6e4351fffff,5.656714397590362,1.1151597816017875,3.302700582294655,49.62275530571909,0.0,6.009323072227579,0.1,8.110933236476006
nairobi,887a6e4359fffff,4.780578625379664,1.062380532217554,3.1068484003744103,66.32527055373468,0.0,12.823914961138808,0.1,12.29337363587835
nairobi,887a6e4355fffff,5.573980650703546,1.056417044509791,3.413591214632787,54.437776791621474,0.0,5.449391979188747,0.1,5.998996330993284
nairobi,887a6e4367fffff,3.44895743756984,1.0712112261044198,3.0128280944124297,87.65709257588564,0.0,1.4423560566785445,0.1,2.094359121356973
nairobi,887a6e4229fffff,4.409361863866438,1.225690206127099,3.2114426734626886,66.11065285764016,0.0,20.420032535897263,0.2,27.01097812290543
nairobi,887a6e4221fffff,4.450225990910002,1.1087597631842443,3.235270329619994,65.20015860029963,0.0,4.472171583480274,0.1,5.937630961003773
nairobi,887a6e4231fffff,3.566894886392152,1.046239535197822,3.3122580589490096,96.372338111622,109.60284075684206,5.254991062552182,0.2,6.37696943998395
nairobi,887a6e423dfffff,4.054223644400642,1.0513298512905451,3.2606840610620353,67.7095858539276,0.0,4.192287875223244,0.1,6.97020753461565
nairobi,887a6e423bfffff,3.5328795256210026,1.0523932289713822,2.7688588895630786,81.24733236879408,113.39410249124656,3.526018812046222,0.2,5.822177724457319
nairobi,887a6e50a3fffff,4.732445752986857,1.0616700606395768,2.800711576244849,64.59651051939571,0.0,5.377314770240602,0.2,1.5188097138189427
nairobi,887a6e50a1fffff,3.613206461097515,1.088863245181094,2.3689544665893787,85.59664493169318,0.0,13.998563758892292,0.1,12.360585606889272
nairobi,887a6e50b9fffff,2.844077596689817,1.1619876252896926,2.7828607684153406,108.7208473762022,0.0,0.0,,0.0
nairobi,887a6e5087fffff,3.077021964309328,1.3457537552579648,1.9452358022319245,98.59233701796106,0.0,2.2779524486342493,0.1,3.2337389399223113
nairobi,887a6e4339fffff,4.808043867427321,1.0520928992017888,3.3784413914005595,65.7500307764909,0.0,3.60953052912036,0.2,0.1961006468147932
nairobi,887a6e4303fffff,4.874543203269454,1.0349501982359866,3.189626974847738,62.04633743828438,0.0,2.9371107415379454,0.1,5.482018756922937
nairobi,887a6e4315fffff,4.806102782190676,1.0629810063364455,3.1061792104824657,61.6354723398812,0.0,3.7754741549349102,0.2,5.509703394542548
nairobi,887a6e4311fffff,5.1876867227442425,1.0459441413924913,2.5950349551161307,54.8636415085654,0.0,6.871822174983163,0.1,12.178275492485271
nairobi,887a6e431bfffff,5.6316127430882545,1.0569745532370878,3.0138027719513536,51.32393828130955,0.0,8.221044406107328,0.1,11.811998359875574
nairobi,887a6e4313fffff,5.518278232293354,1.0619957009809855,3.4423713837096153,52.70423873962303,0.0,8.306929570962415,0.1,9.873847204675096
nairobi,887a6e4049fffff,5.391626815771498,1.057724896306942,2.9068129862439696,55.641833207455136,94.80130287749856,8.188541490100123,0.1,8.208240176656552
nairobi,887a6e406dfffff,4.37502611215396,1.045908890543665,2.893546207667775,78.72968883261453,3.153537893551271,1.6105447438722271,0.2,3.657919815762014
nairobi,887a6e4061fffff,3.7306101009991584,1.1256656749792318,3.03804847076015,79.63883687437355,125.49540052833088,1.07559235525897,0.2,2.9628887164881057
nairobi,887a6e4065fffff,4.14734664046434,1.175990466568996,3.120409287377874,70.85485603149542,232.47779420240715,12.379862078963564,0.2,13.649356187978928
nairobi,887a6e405dfffff,4.669734888907839,1.1297400694536883,3.4076056301913757,66.6798550488606,204.19274792497168,2.8548971709434987,0.2,1.73787513471086
nairobi,887a6e4051fffff,4.43465567934417,1.495589100620463,2.787876228087594,60.710636563013885,152.50333222682687,0.0,,0.0
nairobi,887a6e404bfffff,6.187209496718833,1.0685657742325037,3.2686072133992425,49.37209649758328,2616.04715043617,7.449620133906802,0.1,4.619639779650878
nairobi,887a6e4237fffff,5.694174203944315,1.112991601324808,3.2881312764886057,53.41716915790394,61.806597755128266,10.59327518288888,0.1,13.95616863268232
nairobi,887a6e4217fffff,4.776841705689133,1.0302013760023363,2.15404920143371,63.42175095813116,74.46259203654165,5.2974445437339535,0.2,8.478481259467976
nairobi,887a6e4215fffff,3.5771044248657553,1.050174226388044,2.8625810116307955,77.32392232055997,3985.2150682181705,2.26300210308429,0.2,0.7584306452536449
nairobi,887a6e42edfffff,4.821843371520113,1.022010915630318,2.076280970311139,60.77194224433415,167.44937486626245,9.402156136418403,0.2,19.414227350097615
nairobi,887a6e4225fffff,4.974254508655462,1.0450502843595342,2.9566094582253517,60.69715097965229,0.0,4.3386729320349255,0.1,5.499010679757504
nairobi,887a6e414bfffff,2.76105102006174,1.0617519123141217,2.886426393997432,107.60447638114223,0.0,3.6326032971605007,0.1,4.542695696560209
nairobi,887a6e432bfffff,3.783927143510767,1.0178015956732402,2.9494577107187125,85.63123286461685,0.0,6.42338683591837,0.1,7.174723682348812
nairobi,887a6e4321fffff,3.544095996540814,1.0239400983094054,2.33695662683021,87.33505238738388,0.0,6.591906647189416,0.1,11.334322080776673
nairobi,887a6e432dfffff,3.4047245405460935,1.0378712731726396,2.5757651055833803,103.46585254624604,0.0,1.4236092279884909,0.1,1.106151689433439
nairobi,887a6e4005fffff,3.5943646707335746,1.069905959652918,3.0011164862828794,75.57762447393651,1.2402838528480378,16.029851452425444,0.1,25.664692887482236
nairobi,887a6e402bfffff,4.12333561183327,1.049628773962098,2.806043080316757,72.4197929109016,2.207276347516419,6.0935073449212345,0.1,9.704509480662828
nairobi,887a6e400dfffff,5.890549306506753,1.071908930260412,3.2246674141594234,48.58010808881261,4.313681241400651,16.3445671383641,0.1,10.38065371218996
nairobi,887a6e4317fffff,4.065673671916056,1.034055124815227,3.0768210422391773,72.3416758925987,67.97567702144174,0.527374103350828,0.2,0.0
nairobi,887a6e4069fffff,4.4464397800242965,1.1137501104938168,3.1780630850911025,63.15657732953365,5.974228061739899,2.843436548120456,0.1,3.8725573133751183
nairobi,887a6e4029fffff,5.893185473359655,1.1448697775233372,3.4500041179684264,48.56009279432523,64.67904268756709,1.687540796314231,0.1,7.935085657686182
nairobi,887a6e4151fffff,4.707135351503677,1.0533612503052343,3.012029459141306,66.45666407714049,0.0,12.726719695038328,0.1,17.50103132880741
nairobi,887a6e422dfffff,4.82542459447874,1.0308480625871397,2.606391117804802,63.82257321876599,0.0,6.9227270822902565,0.1,11.518740765378134
nairobi,887a6e4361fffff,4.0148187604475405,1.0314201861654229,2.818268660734386,76.53936204891397,0.0,4.5705286175447775,0.1,7.12292448878731
nairobi,887a6e4363fffff,4.8217604865654655,1.0621865193254991,3.0631675077014964,63.81327080629772,0.0,4.506222508236877,0.1,6.488522373981869
nairobi,887a6e4343fffff,6.16150498375169,1.0610397238476326,3.29768594005359,52.58455537314509,0.0,2.8481356567081284,0.1,4.314593073294613
nairobi,887a6e4341fffff,1.43828471455891,1.1828880800056445,2.586935412951083,189.61980890613316,0.0,0.8172199554818107,0.1,0.0
nairobi,887a6e51b7fffff,4.281363667087266,1.0700894203286366,2.9586440872033557,69.11778357484415,0.0,5.824096790311127,0.1,8.294382862180104
nairobi,887a6e435dfffff,5.258392827023022,1.039319301220737,2.9102669066947215,57.92600727433096,0.0,7.343400263669727,0.1,10.397102299959784
nairobi,887a6e4265fffff,4.956964556356028,1.0773506801685708,3.3640450323000093,61.7560294206803,0.0,2.613389154669233,0.1,1.025931470950729
nairobi,887a6e4267fffff,4.63393968272475,1.0656444385685475,2.914398758100599,64.11422452971323,0.0,14.4285504703816,0.2,7.356550122667713
nairobi,887a6e4263fffff,4.41001282006947,1.1221812768352877,3.0199403443757618,69.36087612923487,0.0,8.639183064985781,0.2,4.952489547561559
nairobi,887a6e4261fffff,5.1407823473014425,1.094225640814568,2.7842999951867373,57.989852012244576,459.2379084328799,8.361374510697269,0.1,5.074899825316537
nairobi,887a6e51b9fffff,2.242298357672418,1.1022969141608971,2.4201570123424228,116.80192379778934,103.49010993213058,0.0,,0.0
nairobi,887a6e5183fffff,3.1650941575966303,1.0526565727442845,2.897166204939637,99.46459698812406,29.06952641427585,0.0,,0.0
nairobi,887a6e518bfffff,4.099882958439634,1.147322795964519,3.045985277086554,75.04904671947303,0.0,0.1256477777835231,0.2,0.0
nairobi,887a6e519dfffff,4.278121513204527,1.087719637235682,2.8093691105143996,69.58893587880415,0.0,7.404654015091272,0.2,4.226456953701115
nairobi,887a6e5199fffff,3.338254444052804,1.0807533215161895,2.871565727790637,90.46050955096858,0.0,11.501633712396243,0.1,15.941573720171847
nairobi,887a6e51d7fffff,8.737158884208853,1.0776586370808765,2.814598939012545,35.97115703752853,0.0,0.0,,0.0
nairobi,887a6e5191fffff,4.201456167139591,1.0986397215619084,3.4587880946583693,65.80351602799632,197.12877263859917,2.577835445420178,0.2,0.9636363057917858
nairobi,887a6e5193fffff,4.357771342618097,1.0419829261482478,2.9863434713019705,73.01480347765522,0.0,1.5642123478062897,0.1,0.0
nairobi,887a6e519bfffff,3.5425409869343585,1.175991681638817,2.7158154515436506,82.65050252704894,0.0,12.13471478009228,0.1,20.53363389918323
nairobi,887a6e424dfffff,3.638663814050077,1.0526254749503443,2.3640043754427924,79.30697731875081,0.0,3.45787146376851,0.1,6.77010411794131
nairobi,887a6e55edfffff,4.639776308916687,1.0779741319682803,3.496832728646884,58.71746379503946,275.02786094555705,6.272238511655175,0.1,13.94832214944239
nairobi,887a6e5517fffff,3.772305167852,1.1785743886411113,3.2907281271314246,73.47600491221787,216.93396404330664,2.394913617225871,0.1,3.482370646553977
nairobi,887a6e5533fffff,5.972882983387166,1.091758194063816,3.1306632932503886,48.495035516254525,188.66755313078963,8.054213606581897,0.2,13.289918679846092
nairobi,887a6e55c7fffff,4.3270232337579095,1.109781836696625,3.498018658478961,67.83701460588941,915.0305850198616,6.366732740427406,0.1,9.360022568494369
nairobi,887a6e50b5fffff,4.738670901254301,1.1946106910323795,3.252442110300927,63.74853616725597,0.0,7.118810352468201,0.1,8.379629765303399
nairobi,887a6e5095fffff,3.0582449728479837,1.119647919257864,3.0662533901684523,110.59784193895564,0.0,3.6230657823045824,0.1,5.855758590520011
nairobi,887a6e4021fffff,3.539200500257212,1.126795095130465,3.152515467303783,91.216828672416,12.602725399552082,4.734249908445003,0.1,8.334862396641114
nairobi,887a6e403dfffff,4.753233882058639,1.0206613672330966,2.5351956443679304,72.5458908109842,152.25205483392511,0.2329313430364703,0.1,0.0
nairobi,887a6e4023fffff,4.5730632974004735,1.052496727333697,2.337019785919956,69.67483943673248,1538.1291033804978,1.728742980074645,0.2,0.1888425999641754
nairobi,887a6e4153fffff,5.1459540199622635,1.086368631057142,3.204734498440021,60.01288161801904,0.0,11.907283867613858,0.1,13.079796891545955
nairobi,887a6e5561fffff,5.5663706862033315,1.127635000314022,2.9846207687760575,56.62888964359446,248.08072344535356,1.5432265431948395,0.1,0.869287756819002
nairobi,887a6e5565fffff,3.533160743356534,1.062214959470387,3.125685879059596,79.18176530404003,0.0,2.980936279914254,0.1,2.9022459735307145
nairobi,887a6e5567fffff,5.766990695173495,1.07341672901635,3.467604805938171,50.62571753451707,0.0,4.571062819724186,0.1,6.05201918782262
nairobi,887a6e559bfffff,4.512914788280399,1.048213343835319,2.99289724636981,64.556632762875,67.74056555705218,7.084412081220928,0.1,6.357542670346348
nairobi,887a6e55cbfffff,5.243921602936252,1.1569127467163969,2.1590058127166873,63.56565917131345,0.0,0.7475666258620604,0.2,0.5456376038505493
nairobi,887a6e462bfffff,4.298825115880336,1.040526470011245,3.2247669440133886,69.0361169734657,27.441279346817385,6.418573556431573,0.1,10.326210796235824
nairobi,887a6e4713fffff,3.9713981995435743,1.034562805322627,2.5823063443139667,83.93349560657072,19.775116345625843,0.3033117747587968,0.2,1.3726324015723002
nairobi,887a6e4703fffff,3.440518459590303,1.0168639353574354,1.6300354880989611,80.73718570045271,22.459569390978608,1.4059850280986204,0.1,2.89487474355991
nairobi,887a6e4701fffff,2.6240993886362607,1.0395907564030578,3.2715990684342,99.08161296250346,28.422852243199355,9.539938826110918,0.2,12.662632597097918
nairobi,887a6e4245fffff,3.5014612934828393,1.0763079527476032,3.000265272249149,82.9485612224752,0.0,10.01991636509682,0.1,11.30679550977207
nairobi,887a6e426bfffff,4.890357235458002,1.052422366105849,2.815500957394207,60.165496110881435,0.0,4.51131058071228,0.1,5.753316163851164
nairobi,887a6e4269fffff,4.1527044793411845,1.0423054322434375,2.7771153106590756,68.28853123620972,0.0,3.776573574454973,0.1,4.300689320153573
nairobi,887a6e426dfffff,4.493851381423632,1.0500001061159885,3.194994274485436,66.86750079889022,0.0,8.768030570977107,0.1,9.834303004288287
nairobi,887a6e51b3fffff,4.664905272546014,1.0202918727339458,2.9368726563905723,63.99003736331993,0.0,3.614671706285326,0.1,4.373302453850439
nairobi,887a6e55bbfffff,4.309674764366916,1.0481947900119413,3.2574176962682486,65.68216827154602,46.50504729347472,10.76659010496524,0.2,14.70543148210016
nairobi,887a6e5591fffff,4.190599132355757,1.0585622565040944,2.9003574512179062,65.32312161432908,44.919325787033834,6.646749798750983,0.2,10.865907436713552
nairobi,887a6e559dfffff,5.588999667603516,1.0913446412661036,3.1874116624809723,53.88411505979445,20.52396077167232,3.923721492736602,0.3,11.823215469721791
nairobi,887a6e4631fffff,4.006980105684634,1.0378626408567635,2.7261618574806956,79.86064107131989,0.0,0.0,,0.2380313949042705
nairobi,887a6e4623fffff,5.632095588376963,1.0047461846663388,2.1666495656405944,59.18460155776442,0.0,1.0640736464350302,0.1,1.7876447965851607
nairobi,887a6e466dfffff,5.008564143987393,1.0448631666602912,3.043938558768472,60.082274535143384,0.0,11.676050177801764,0.1,14.125127810558752
nairobi,887a6e4665fffff,3.428250661996254,1.0528006864452126,3.2698569930956003,82.37653405511575,348.44148884631045,5.831542137866251,0.2,7.313098096897709
nairobi,887a6e5595fffff,5.117810559666186,1.0751290272103025,3.408844697353956,51.626382755358634,9.86661484395349,12.052696963258668,0.1,22.04010286625735
nairobi,887a6e4669fffff,4.814060190263082,1.0487731030060967,3.412640783260339,63.33075132652769,0.0,7.428720617908594,0.1,12.73856650280607
nairobi,887a6e4661fffff,4.58378699398316,1.0340980932879391,3.351403189081023,60.84368072248905,240.84000718512564,5.181199549927072,0.1,4.474791647652716
nairobi,887a6e4667fffff,3.9980286405047303,1.0520680942443872,3.4797259642463807,67.34088057877948,60.12802042842385,7.125520742929893,0.1,10.592569905031135
nairobi,887a6e4629fffff,3.690970066212744,1.1958787493719631,3.146735562063048,73.79850142783364,12.941873934809818,3.3461345837600662,0.2,8.142603408222792
nairobi,887a6e5589fffff,3.5479213408199435,1.1299271218338562,3.4129956508456916,85.14375159837127,405.0207679835595,1.650171153230953,0.3,0.0393584092153673
nairobi,887a6e55e9fffff,3.714867421457439,1.0833936144325076,3.469952893952067,87.77889478322396,561.7706378949592,13.649088392931516,0.2,11.990662617225812
nairobi,887a6e4615fffff,2.704166805469361,1.0481187125124354,3.387588218510799,113.20398148532789,30.367152665520077,1.1225603850256909,0.2,0.1301064158520759
nairobi,887a6e4611fffff,3.9576997716495903,1.1291855980502674,3.191314282658073,82.0075857784162,330.94807370274384,3.860990540195464,0.1,5.583884193942532
nairobi,887a6e461dfffff,3.95397260374885,1.038005783885785,3.3878629948921266,80.3639886236242,145.36122850556208,4.388390160359121,0.2,5.823934848399478
nairobi,887a6e4601fffff,4.189394907418607,1.0529289674437723,3.4094837176247137,72.31143951937734,118.76493617135868,4.224563456709853,0.1,5.1447290226887405
nairobi,887a6e4605fffff,2.6852327906305593,1.115594256858558,2.3995268763290025,104.05495034948892,37.384098567185575,1.1807439665553332,0.4,3.2611986007916096
nairobi,887a6e460dfffff,3.9448873710015535,1.0186991565995107,2.863043503910386,79.9956350621193,0.0,3.58225954249609,0.2,1.7503957108567043
nairobi,887a6e466bfffff,3.8586895638426943,1.0386586343340725,2.9497501427215247,75.99291880188188,0.0,8.293820583651373,0.1,5.945965360888781
nairobi,887a6e0925fffff,4.6503895083817675,1.0450754409352756,3.319010638697088,69.43862790087759,8.411997078902044,1.644108551660352,0.1,2.1029115777222307
nairobi,887a6e4619fffff,3.305802390223188,1.038922137086973,3.3728011442539967,94.01977920096633,0.0,11.66091564372068,0.1,9.755946523694316
nairobi,887a6e4625fffff,2.74620929174291,1.068045288400946,3.087023929925235,102.41389862223564,122.21302562263352,0.5651486401423446,0.2,1.5819076252921196
nairobi,887a6e4719fffff,1.866799588248164,1.0967916145515872,2.3701349548823627,208.3184993916935,58.82196846362489,0.3510060741082005,0.2,0.0
nairobi,887a6e471dfffff,2.8440830525908365,1.138012729759989,2.1873223188492537,109.8772413538789,25.863250179188626,0.9745052872473992,0.3,1.773976368291486
nairobi,887a6e4757fffff,2.647493454702067,1.075558290500941,3.289515624102731,109.18346161974908,71.05771724042124,5.726465849205116,0.2,8.820271566932751
nairobi,887a6e470bfffff,4.0574779150100575,1.0370992162867758,2.8127436123485365,64.0792150804241,18.751362410735545,5.47500612195569,0.2,15.9156553169768
nairobi,887a6e4709fffff,3.434660216339473,1.082856748714623,3.075889362613913,74.06437577205102,12.15567855618178,2.8394790628613995,0.2,7.432346703739425
nairobi,887a6e4663fffff,2.864344798012457,1.0210854330405017,2.83035048493444,94.98117116284004,35.73641306620795,1.7865927376054291,0.2,3.682979011311054
nairobi,887a6e406bfffff,3.785173200154317,1.160635687046138,3.3823808693763415,82.44186489958513,46.27077066973228,7.520910804511996,0.2,6.777952584672184
nairobi,887a6e4063fffff,4.485726748901205,1.0470839300659116,3.250084170111882,64.00228775947478,7.628380450048477,4.370885778294837,0.1,4.260846245749595
nairobi,887a6e424bfffff,2.9386244429196555,1.1489831296788358,3.412167137826292,102.389727437668,0.0,3.892229498810849,0.1,4.875951302982834
nairobi,887a6e4249fffff,3.5721995874854113,1.0498955985915692,2.6059556552323317,78.30477353511601,0.0,11.272421136399826,0.1,13.66640287783721
nairobi,887a6e435bfffff,4.179369375793905,1.1785341892319192,2.8517604932525384,71.98393599033592,0.0,7.323162354843175,0.1,12.883991214185135
nairobi,887a6e4353fffff,4.645722875458376,1.038540230295652,2.9657533620375474,68.37408673288289,0.0,17.77824969183816,0.1,12.95409967962877
nairobi,887a6e55b9fffff,5.590393028845352,1.104721092181533,2.663925292034401,48.73630322851069,49.119604260331194,7.246712260172443,0.2,33.10770959170837
nairobi,887a6e4239fffff,2.72145510907923,1.3424481445354408,3.208730573906772,122.48349503222651,0.0,0.2579944062997424,0.3,0.3291332814941374
nairobi,887a6e433bfffff,3.8128540746812343,1.039696281392852,3.013316939236774,75.36515067472253,5.327391396338131,1.102103715417431,0.1,2.472250726221299
nairobi,887a6e4751fffff,3.80463600165825,1.0807502182330082,3.2303193594579747,78.6357296042131,15.3217747172915,5.892641613922354,0.1,15.220162007165747
nairobi,887a6e4755fffff,3.678484118581057,1.0527608802660575,3.269516785975427,77.88992549547983,29.145112510258688,3.1265868519773843,0.2,2.155416737302637
nairobi,887a6e475bfffff,4.307514826453399,1.0666299382370332,3.2334719563558347,69.51817034071647,844.748341096295,6.1563458909900435,0.1,9.048075211538848
nairobi,887a6e475dfffff,4.140402511230516,1.0426603627382098,3.349869872594287,70.85478915227198,14.736401697840586,9.276931042346494,0.1,16.994034980352417
nairobi,887a6e4759fffff,3.99323335241732,1.0500333213528903,3.5178615084835925,78.14638165329043,0.0,11.196104778904775,0.1,13.594368135634513
nairobi,887a6e4743fffff,4.259994938757221,1.1230663482616836,3.3035726560254504,67.29272470692108,9.427633772647589,1.5814149795022705,0.1,2.8862948210547996
nairobi,887a6e474bfffff,4.384970598667606,1.0519730322489087,3.315217326118713,60.43370053165725,19.901170102623617,7.128689204549001,0.1,14.428837885755282
nairobi,887a6e55b7fffff,3.42254967749422,1.046074436803422,3.0172016500829564,78.55778582157802,102.1612346542587,13.574775329342073,0.1,17.390105328402583
nairobi,887a6e55b1fffff,4.056065715860349,1.0542281936170417,3.2611241844782164,68.48453581301428,58.414028165942085,6.759656802697876,0.1,16.804465689997645
nairobi,887a6e55b3fffff,3.3118958982180713,1.007262154641427,2.697941175107993,91.66092108594404,521.839471006148,4.728517157573494,0.1,5.793227990461373
nairobi,887a6e51bbfffff,5.167798500906953,1.0542996565909444,3.1572628412308483,60.36725540112716,498.09681458246695,3.86409254362309,0.4,4.2889153482773015
nairobi,887a6e51b1fffff,2.335846831036928,1.0718528807245482,2.2864711636392436,128.4330787506406,0.0,0.0,,0.0
nairobi,887a6e4753fffff,5.245623285773278,1.0692094821493867,2.592425698583168,54.15770321543976,106.19876497419348,0.110707222401547,0.1,0.0
nairobi,887a6e463dfffff,3.4272302435074917,1.0347828125896268,2.864732386254055,86.45357190623436,35.959328034031714,4.80592354779092,0.2,4.572100079864016
nairobi,887a6e4639fffff,3.931759407643038,1.0389245597839505,3.0964989374331684,68.94733610160134,27.25682402550308,3.98043108087129,0.1,5.883518388490422
nairobi,887a6e5597fffff,4.779056157784556,1.051526342290363,3.4331501749343714,59.05396649556284,969.9516203257048,10.847586884766518,0.1,17.236553502343565
nairobi,887a6e4607fffff,2.0360961652917795,1.0282104110030577,2.6028076021003765,129.24629947384173,57.096627331969415,2.616362864832918,0.2,6.729199956826751
nairobi,887a6e471bfffff,4.077043157673467,1.2716375854372195,3.3517602151356023,78.27950890574644,12.37846758556744,1.9239230965021592,0.1,2.383207959852073
nairobi,887a6e4705fffff,2.6431145912974254,1.091302965615732,3.1276106703661566,87.82928213070974,20.72431689251557,4.022404070694093,0.1,4.070396801523574
nairobi,887a6e4603fffff,3.147141647105343,1.1117062473330914,2.725262883022609,86.19777123606553,98.40458153939753,6.2838543820457655,0.2,12.88390543377206
nairobi,887a6e4157fffff,4.897104725570965,1.025369442748718,3.193745972083373,60.19063137212045,0.0,8.94739166591836,0.1,9.2772768035645
nairobi,887a6e410bfffff,3.9062473891574823,1.040439024992102,3.3010670478505904,79.01239848897819,0.0,6.880709923863822,0.1,9.87795680645591
nairobi,887a6e4163fffff,1.900977366472497,1.0694332361727232,2.843833436185606,166.79481635285148,9.258494185821624,2.355490810656112,0.1,0.2230570143606396
nairobi,887a6e4105fffff,2.4889998795048376,1.1563949571764824,2.910863942474485,128.3424909237018,254.17102234164005,1.083947907187658,0.1,2.043911775000958
nairobi,887a6e412dfffff,3.875804544983583,1.0805141228596693,2.9062281422973935,75.72060393226258,100.12691170220096,0.0,,0.0
nairobi,887a6e4143fffff,3.952180871024019,1.0355895394941328,3.1077726469998423,76.7370468158787,0.0,2.931072534309612,0.2,1.3687781184073486
nairobi,887a6e4147fffff,3.17294928274483,1.032697602705266,3.08796157851044,78.79104824005636,0.0,2.9876491960901523,0.1,3.1310136870516097
nairobi,887a6e4155fffff,3.866206523506939,1.0370965978206568,3.094899582308164,80.82858432418628,0.0,6.813412353454398,0.1,4.202070309215685
nairobi,887a6e4109fffff,4.250183904234908,1.0481106831657614,2.8826696513213728,76.05137342651285,0.0,6.418664524696069,0.1,3.493063360123564
nairobi,887a6e4119fffff,3.684790510876176,1.0719480553765626,3.0541498405712058,85.43628569537253,0.0,0.8316734316558133,0.1,0.0
nairobi,887a6e4027fffff,2.6139532798796363,1.130727615591249,2.1767824970714114,108.39265395989784,0.0,0.0,,0.0
nairobi,887a6e5ab3fffff,5.21364501072459,1.0275069097058622,2.9409790725993186,62.33642669024599,0.0,0.4523569620037633,0.2,1.5456581700480008
nairobi,887a6e4345fffff,3.875064622314748,1.1414081968187797,2.6019951355420528,73.73148929413617,0.0,0.0,,0.581552299650042
nairobi,887a6e4121fffff,5.248142948284955,1.0265514813646124,2.8482003572778423,54.884838522738725,0.0,0.0,,0.3206230927612026
nairobi,887a6e4115fffff,3.727322310057136,1.0907289111331804,3.0975624712031773,83.5239694396616,0.0,0.1608466196324069,0.1,0.0
nairobi,887a6e4103fffff,5.081138055512761,1.0623254657850023,2.7532360429626963,59.1927005798611,0.0,2.563591417511321,0.1,5.576245892457706
nairobi,887a6e4107fffff,5.258074429866189,1.0251290301404916,3.029676067789628,58.06088628270532,0.0,1.8948010222266725,0.1,3.6347430043453386
nairobi,887a6e413dfffff,4.955100003433224,1.021111479453461,2.570226646981141,64.73223885671158,0.0,1.9256726708191152,0.1,2.3697159267314305
nairobi,887a6e4127fffff,5.952597375922966,1.070677443553916,2.3348818927474664,53.45260196310242,0.0,0.0,,0.0
nairobi,887a6e4123fffff,4.818297094259136,1.0630772092271286,3.144997584869031,66.4433675693283,0.0,8.576629407253185,0.1,2.5445887442106354
nairobi,887a6e410dfffff,2.5528165272606604,1.0457363850016186,3.130229632555514,116.93259562483536,129.39024403382393,1.0577304778220131,0.2,2.6907597778322847
nairobi,887a6e4101fffff,3.955661368225994,1.041746640722755,3.3684968130331017,80.78266626846279,0.0,3.0462128597028904,0.1,0.0542380341437791
nairobi,887a6e4139fffff,3.703084879361292,1.0625263555440576,3.2177952586231955,78.88958556927848,0.0,2.2197960475911422,0.1,2.442096607212889
nairobi,887a6e4347fffff,5.143798529297487,1.014913176292196,2.980693457467794,60.23936457944763,0.0,10.624939395076892,0.1,13.201034938591985
nairobi,887a6e413bfffff,3.4835974794689557,1.0551492602261117,3.168158114981232,96.72659477021334,0.0,0.0,,0.0
nairobi,887a6e411dfffff,5.377501890994388,1.07104142746058,3.086447632953435,57.71170961481878,0.0,0.0,,0.0
nairobi,887a6e412bfffff,4.8109139056742105,1.0502519746062535,2.701528484928147,66.3385257827612,0.0,0.0,,0.0
nairobi,887a6e464dfffff,2.96848393866292,1.0697946594080363,2.695569029017646,94.32424287467065,40.79565844396685,0.0,,0.0
nairobi,887a6e4641fffff,2.5095232022731633,1.2726434824946822,2.667212501997605,106.57078612497529,49.306451863560795,5.211241502312698,0.1,1.2053111130269307
nairobi,887a6e4645fffff,2.3309310967629773,1.05900526075174,2.958441730060451,108.80767293293654,29.690316759950864,10.179574683876172,0.1,15.371053421604776
nairobi,887a6e4657fffff,4.852800543834713,1.0263798929370287,3.376345435552442,65.75150667871523,0.0,6.373638844868312,0.2,10.14183415715987
nairobi,887a6e4653fffff,5.490207515381877,1.0280223013405976,2.3959227878693827,58.75563797133686,8.33572714301125,4.268226331557838,0.1,2.566264243854646
nairobi,887a6e4609fffff,3.933740144024558,1.032716060952482,3.407422259674786,78.12906757660137,0.0,10.436334516582862,0.1,16.45261978393717
nairobi,887a6e460bfffff,3.3538058780820235,1.0389915708976143,3.3272815278382977,87.10546825916487,0.0,3.903938411494976,0.1,3.5518661223900008
nairobi,887a6e4647fffff,3.143756663069758,1.0364537023340925,3.1664274963410475,99.60418273135453,0.0,2.07071668018339,0.1,5.119120231096224
nairobi,887a6e4643fffff,3.861727159817859,1.0647056698010264,3.1854771727693887,74.76768358223816,0.0,2.158709953278134,0.1,0.0
nairobi,887a6e4655fffff,3.5423432723295747,1.0536257573048171,3.2164495366312456,77.40456734639865,0.0,0.0,,0.0
nairobi,887a6e5593fffff,3.6608474701995406,1.0443793938385617,3.436523597481306,77.66336287010047,53.73015689319962,3.943235474873449,0.2,4.174171196923415
nairobi,887a6e4149fffff,5.025394906567535,1.0467524282140035,3.104128360641478,60.91510312543385,0.0,1.315450976567926,0.2,0.1362542270737492
nairobi,887a6e4333fffff,3.0762597175797626,1.0778384741253395,3.1509886065375596,81.26752060995898,0.0,0.0,,0.9690332988875384
nairobi,887a6e4a5bfffff,4.519588197345338,1.0975414158129768,2.858898476851658,67.16793993526595,0.0,0.0,,0.0
nairobi,887a6e5197fffff,4.855801241030819,1.0213325610517514,3.1465958221714017,68.49318355618723,0.0,10.944188906143872,0.3,12.189988946283172
nairobi,887a6e5195fffff,4.372060118761432,1.0401639524866009,3.140824495217719,70.5641345081208,143.52765895793723,7.3353013909189775,0.1,11.84805674748302
nairobi,887a6e4327fffff,3.386870279444835,1.0410920802211068,2.420916711402574,84.77700330416921,0.0,5.844442545449656,0.1,0.0
nairobi,887a6e415dfffff,4.522659179040481,1.081976871531188,3.363517294819441,71.53521832112614,254.6451533451349,3.961028296999479,0.1,2.8858824185893175
nairobi,887a6e4767fffff,6.005259320164092,1.1197145607448415,2.397507269668068,51.542122166899496,51.41034262309058,1.2763951458939775,0.2,3.803735246752652
nairobi,887a6e4307fffff,4.628928050043889,1.016372582727464,3.366404578776684,66.59261579612215,0.0,13.98574806599057,0.1,15.758201279802574
nairobi,887a6e436bfffff,3.9758546034389743,1.0306227972213968,3.021787302777417,79.2699704120578,0.0,5.006529670353435,0.1,7.167773347727959
nairobi,887a6e5a97fffff,6.749933997390189,1.0164031004633336,2.1058918174237933,51.28255273128358,0.0,0.0,,0.0
nairobi,887a6e4369fffff,2.277832842269764,1.0110100716715409,2.8518100956566736,134.53648012110477,0.0,0.680635889239685,0.2,0.7105083346099619
nairobi,887a6e4325fffff,3.1720088567268663,1.0441204415827463,2.605451423836052,102.45873031242454,0.0,0.0,,0.0
nairobi,887a6e58d9fffff,2.1493159468340903,1.1594424149772822,2.8314802400679735,135.70209028425407,0.0,0.0,,0.3117418876426256
nairobi,887a6e4305fffff,5.463010356321886,1.0330852972861748,3.133652448197214,53.63022162337774,0.0,7.608803113505625,0.1,13.489485608316985
nairobi,887a6e4301fffff,5.397668180637094,1.0210793227563315,3.105795952564759,56.734325283122224,0.0,6.848567186540966,0.1,9.584655934032398
nairobi,887a6e5085fffff,2.3252977195563314,1.0340027319511993,2.451390040276498,126.48601707438188,0.0,0.0,,0.0
nairobi,887a6e5083fffff,6.09821782333001,1.024032882054423,2.649334648220397,53.05310848802027,0.0,0.0,,0.340743356113677
nairobi,887a6e58d3fffff,3.645161626283366,1.0167688670987127,1.479167402971231,90.3302312601846,0.0,0.0,,0.0
vienna,881e15b715fffff,9.119327185655363,1.0395270296983246,3.3992743292660794,31.990350690662385,3118.0412064177626,5.358089565181241,0.4,16.088686413837703
vienna,881e15b711fffff,9.10400319105502,1.0548291326885222,3.3140940002509707,31.73794007192384,1441.0469599398998,7.948446301109104,0.3,21.438716759304913
vienna,881e15b71dfffff,8.765468011386112,1.0464208378222106,3.163707359330535,32.92358190708977,1209.8913741776742,11.480549510398005,0.3,26.58691760248015
vienna,881e15b0d9fffff,8.76843570315469,1.0394526442044336,3.4117430354863982,35.14543819792369,442.0336857041244,7.88484946754848,0.3,18.321286482360343
vienna,881e15b0dbfffff,6.649670863721833,1.061198530089475,3.176429679343516,45.27671744774029,582.2117305037809,4.5645981305739936,0.3,18.129405768157927
vienna,881e15b767fffff,6.131034424103993,1.0777766412618708,2.8621448158017064,49.037988367710035,2231.700405691347,5.456710019269337,0.1,16.975933929236025
vienna,881e15b72dfffff,8.563606744343478,1.0827977001792903,3.165944521896218,35.500101506503114,1383.3166178645129,7.441025414242333,0.2,15.479170317167824
vienna,881e15b729fffff,7.236460043886351,1.0459214261507914,3.3733490765307765,40.59641278809243,1240.5111227206646,6.431796818032443,0.4,14.99039697786657
vienna,881e15b72bfffff,7.0590143046180405,1.015918658149034,2.957879471298551,40.05532210326868,2379.502082204351,6.148214604931013,0.3,13.055699841557718
vienna,881e15b707fffff,7.155565829289706,1.029266769887049,3.0241475924870507,40.945249101069194,1555.0280340970785,6.9637962774889965,0.3,14.309299469567796
vienna,881e15b727fffff,9.121415908989206,1.0478345631765904,2.8593456673635513,33.33159654342454,280.88140982175025,5.972761477645617,0.4,17.715956980868093
vienna,881e15b725fffff,9.231820938934522,1.0460591888260191,3.2209983378059253,31.805441628451,346.56009901167346,8.853987770799726,0.3,17.447260719063934
vienna,881e15b0d3fffff,6.901297996453187,1.0489604951278666,3.1101748954323094,42.07390892011352,1754.9046465389042,3.7643993447650335,0.3,12.6592955530944
vienna,881e15b0d7fffff,5.468890864690307,1.0904564313062286,3.42672229533846,54.20055829319134,232.61386216646903,9.25728886451098,0.2,14.73977544241161
vienna,881e15b0d1fffff,7.992275378363517,1.0906911798116523,2.978224103696015,36.90947941567973,2507.254278178353,9.852835656653278,0.2,22.444197929465805
vienna,881e15b739fffff,7.978975458193139,1.030010897970842,2.87656818877953,36.88166866751504,5250.150981895615,1.8107920921815084,0.3,8.098649967888356
vienna,881e15b73bfffff,8.902934732872234,1.0433481596989147,3.3912239541629026,32.712054231796735,2834.567350426679,12.16016530914946,0.2,24.378276930696927
vienna,881e15b73dfffff,9.654418824888646,1.0385571103995446,3.3610011739347896,29.04645062902512,1466.9390169216506,8.42541037709501,0.3,17.9737901311652
vienna,881e15b703fffff,7.527951814152729,1.04608603244785,3.072430873926154,38.43830423883058,2728.350516420264,4.549539826804969,0.2,17.03716962879237
vienna,881e15b763fffff,8.895268580120169,1.0595462960476223,2.951433951603747,34.27151931233991,2425.170957648124,6.689331321403756,0.3,16.652075616632253
vienna,881e15b76dfffff,6.675013379198375,1.0498977691132498,3.434905722635936,45.26323533123538,18.969047425527243,5.499574884591111,0.3,19.267987684588203
vienna,881e15b765fffff,5.982675234800182,1.0246197204808098,3.339025541682035,49.3165738512462,303.44494721638233,8.7754837262491,0.3,18.789445075915054
vienna,881e15b70dfffff,6.340949825462568,1.019973971645717,2.7343807429989178,44.60345699197369,1050.2718337168633,7.276122315578975,0.3,17.793741778546334
vienna,881e15b761fffff,5.800115361607872,1.0734950156566003,3.17314575603019,50.75393847739712,798.891674161059,9.969745114748353,0.2,15.013896128016922
vienna,881e15b76bfffff,7.638663158194863,1.039172079405866,2.9263932879611336,37.6988009355615,1900.5006254055068,10.349250690754705,0.2,18.292864114648285
vienna,881e15b705fffff,8.969342772021069,1.0671531983129523,2.593263974837998,34.349172363179036,1954.0871099428948,5.988621773363914,0.2,18.516647631830047
vienna,881e15b701fffff,7.108431243450775,1.0182777994945955,3.0749857883727114,40.301534457300065,2139.0295254920543,4.228940915691437,0.3,17.18751613508488
vienna,881e15b70bfffff,6.124253378686901,1.0379467700370266,3.01982278087075,46.44874687209124,2461.560250200238,5.735717179647423,0.3,16.521104719038043
vienna,881e15b757fffff,8.792013806743428,1.0560384556570006,3.219143698843583,30.88560154156301,2743.8406618311797,6.659858946386374,0.2,27.77225672464137
vienna,881e15b62dfffff,8.72153426685951,1.029257346207793,3.103839513570542,32.84406779524914,1006.6041381600623,6.425668629152221,0.4,23.71389520497647
vienna,881e15b629fffff,8.245655222550036,1.0614770516130274,3.159771225538158,34.30322472482536,1094.2366238785205,8.754690946063938,0.2,25.009602049595017
vienna,881e15b621fffff,6.42464530636827,1.0388795180003405,3.1388578940094867,45.497872391172976,706.7315046947398,3.8852104480172978,0.2,13.928080243704237
vienna,881e15b62bfffff,6.121124982328925,1.102956717220841,2.438361441235879,46.501941322598995,1540.9454018878537,2.2280373295385636,0.4,10.520254519506889
vienna,881e15b63dfffff,7.586879434676413,1.1538082722617964,2.8856419631453565,40.01268653142582,233.36665081621015,0.0607451543442303,0.4,1.5348128425513805
vienna,881e15b2b7fffff,9.121165720533805,1.0572992282374811,2.9858293715693587,31.893849955405248,683.5220515083355,12.113097726975024,0.2,27.184596030782988
vienna,881e15b2b5fffff,7.2302851135699875,1.0850363665336418,3.444525416358489,39.9337494761163,444.6262664088021,8.133819906130077,0.2,17.567812009027513
vienna,881e15b2a3fffff,6.054312995091566,1.0507190771522958,3.432241576495287,47.92012851422385,1198.480401548618,6.045927310129336,0.4,18.286030554201197
vienna,881e15b2a1fffff,5.278683963831817,1.0846627291263269,3.4933773023388692,54.697798986360425,546.9552926113918,5.915514610613801,0.3,17.731794380674213
vienna,881e15b053fffff,4.994475229588537,1.0505851763593288,3.157057840316049,60.066370581382415,23.90482302593832,1.581663876298896,0.2,4.132105858645857
vienna,881e15b2adfffff,6.538838901031774,1.0633581555595997,3.379078410693636,45.10130683815812,639.2219811541795,5.5467482157386625,0.2,16.216732311983407
vienna,881e15b2a5fffff,5.962343586229507,1.1746757533421563,3.0414660812896095,49.15910061822116,688.5869749419724,1.3655376065147062,0.2,2.970995322455228
vienna,881e15a24dfffff,6.959726018929546,1.0417315148385338,3.348671627531359,44.646233372598246,477.1854796729512,6.755649134432302,0.3,20.7314073116452
vienna,881e15b19bfffff,8.576063026372818,1.0808736899014249,3.3383200892157707,40.99346039305997,877.1254892712229,1.2219027434898275,0.2,2.8021183688367652
vienna,881e15a241fffff,7.965152790086588,1.0461144029868743,3.1824210601524863,38.090068272193925,261.16696300484324,11.026733201190916,0.2,24.64466302331809
vienna,881e15b0a3fffff,6.713712801835271,1.1595608548224154,3.313061966871477,42.62091435234347,298.29222673721233,4.886403886088585,0.3,7.059994404130852
vienna,881e15b0b5fffff,8.422548581437333,1.0812737110872108,3.193838736342309,33.348159563357726,387.3494111375743,8.759336337539597,0.3,13.60585569653776
vienna,881e15b0bdfffff,6.787685010857758,1.018104933141686,3.071652908273203,42.36930534440637,165.81679185062228,16.141149734477693,0.3,12.050549941040424
vienna,881e15b0b9fffff,7.541772121235111,1.059464512630437,3.4158883669667515,40.33758413533947,535.927148288451,11.063430941353865,0.2,16.851560103994256
vienna,881e15b0b1fffff,6.767321460023951,1.0620179661064195,3.322511774307394,46.88822515408766,66.63949139462828,11.992222827111036,0.2,17.138237415152005
vienna,881e15b0b7fffff,7.499284208451996,1.069966178409416,3.207976286725505,38.4409718506197,273.3912596185657,10.6483912799205,0.2,19.16550953643351
vienna,881e15a25dfffff,8.615547258582673,1.0770961404942443,3.3337318419350033,33.603151151696835,839.5685132321385,7.779468202218887,0.3,17.67186222840511
vienna,881e15a255fffff,9.006912640582845,1.1058692503694871,2.9869510559954913,33.142040408115996,628.923771766053,2.48185542857591,0.3,17.314460215713154
vienna,881e15a257fffff,7.416885343317888,1.0606379125748382,2.9708861204138435,38.226228389529766,679.5421798892373,5.763964818587047,0.2,15.417386353108514
vienna,881e15a251fffff,6.086363322804336,1.1636824240964518,2.736967606147333,46.316510343059456,543.1748649300114,4.902301738122528,0.2,14.99839158847308
vienna,881e15a259fffff,7.218302763576944,1.113017296072197,3.3775745212303177,40.31491896871981,660.5145664248325,7.408830188142042,0.3,15.737448744817373
vienna,881e15b0b3fffff,8.142467090205873,1.064755406496546,3.121321799239795,36.73322787621319,787.965599784009,3.908330602628667,0.3,13.417214090773578
vienna,881e15b565fffff,8.34205486432269,1.0653674032092542,3.3281876291703494,36.08741778521599,250.1683453084764,7.83860419140031,0.1,25.852547311635274
vienna,881e15b0bbfffff,6.788920671579627,1.0728762294867893,3.525622516210466,44.52252451129626,1190.6992495973798,2.3854828089134825,0.3,11.026085268661747
vienna,881e15b095fffff,6.707752933157177,1.0433900266564071,3.480231622929547,43.46007337091409,1269.143277279141,6.100633925345694,0.2,13.527334668121854
vienna,881e15b09dfffff,6.562542026176082,1.0734241615342928,3.498664909367652,43.981392646030926,391.6979085913718,5.830405177310236,0.3,9.089451534114591
vienna,881e15b097fffff,6.386738019053586,1.0278021773348316,3.327384322705847,46.69764332673884,1273.1337919780856,5.184650136213935,0.2,21.845429577293732
vienna,881e15b093fffff,6.36729721302539,1.075605991798798,2.9590298333330223,45.4736485887012,1327.2239938139842,4.487562961662325,0.4,12.318476501463188
vienna,881e15b569fffff,6.942592193028664,1.0600337940990985,3.2096714432895865,41.53255012900599,618.7719139824617,2.813492866233412,0.1,14.42152549004985
vienna,881e15b091fffff,8.8246349637867,1.0513702411177703,3.226534989962926,33.55566616290987,2758.55368508023,6.608462762255063,0.2,15.7124976076983
vienna,881e15b099fffff,5.587546626374207,1.0222371851583132,3.3741995009922943,57.98244086366879,109.42656495580488,5.586657513942621,0.3,15.560228301817467
vienna,881e15b56dfffff,9.924263214582815,1.0669326201199365,3.1211785828104266,30.325214830105622,208.6670425760556,6.165221621594533,0.1,8.909957194357654
vienna,881e15b561fffff,7.140641781803665,1.040558800562843,3.460063283727035,40.426903067003344,191.25278190682735,10.887304173699263,0.2,21.91328311169985
vienna,881e15b0ddfffff,7.300033976247658,1.1212596823581196,3.2787973821388867,39.63451872617928,810.1413720697167,5.876021720770519,0.2,14.893543232628716
vienna,881e15b54dfffff,10.522654318887886,1.0431023233914074,3.252511988639572,26.731801542536335,954.5878767380178,6.16109337759536,0.4,25.44904277827148
vienna,881e15b545fffff,8.005181148029463,1.0445090496372311,3.3814696986794313,36.92863815192656,1366.9911706854757,7.662195333236559,0.2,20.757896419978223
vienna,881e15b56bfffff,8.621293465969243,1.0668486189075148,2.9862186707810445,34.79756270728841,984.4413636735804,9.629521100981275,0.3,23.782504489324435
vienna,881e15b563fffff,5.530548257450532,1.0722326534043622,3.2447954690994454,56.19891488915206,297.4791143532443,8.913631593148017,0.2,24.24150489909591
vienna,881e15b521fffff,6.722422164826878,1.116672612149908,3.0544699951327283,41.92211897858986,1898.7982732864557,3.4682225724537794,0.3,11.563173848181114
vienna,881e064dadfffff,4.194939168187368,1.037706661585878,2.972363890261268,85.57319774662469,17.79962973372782,4.555883056474092,0.3,2.6552764069887305
vienna,881e064da9fffff,5.486884012594943,1.0574524638678091,3.3511815201000763,56.79796308817022,299.1033797775034,3.0878053982183844,0.1,3.349089383694178
vienna,881e064dabfffff,5.191737576041887,1.0085948532586384,3.035824678020836,60.6865213304731,0.0,8.88902696777143,0.2,13.760414917489909
vienna,881e064de3fffff,8.531436502586672,1.0873132282338462,3.0263438948461916,43.183941241299316,0.0,0.0,,0.2523205913601263
vienna,881e064de7fffff,3.1458068156329437,1.0490618267416565,3.217846680808825,103.92344351803408,0.0,3.52190956475509,0.2,5.828509614306453
vienna,881e064db5fffff,8.033062938443843,1.079312449050223,3.2594286358681326,35.984095010214965,692.4317252275881,6.275011171590166,0.2,14.961952383058684
vienna,881e064db7fffff,8.654744517531782,1.0516619134807474,3.212939975029983,34.50586613820473,211.80863522991308,10.193956082448771,0.2,21.523512105563945
vienna,881e15b755fffff,7.259610207427718,1.0306870657156175,2.963443146027295,40.80421063279988,2701.6446115252024,1.045170729829889,0.4,9.3203718709969
vienna,881e15b751fffff,5.010170033170436,1.0148065936173083,2.9191372076973283,58.63074467636682,644.2523506507702,2.512518816602221,0.3,15.505833677287852
vienna,881e15b723fffff,6.543813975073533,1.0158190564235507,3.0510573904202265,45.295784195242454,1434.4558388439411,3.2125361686621594,0.3,10.204168743568902
vienna,881e15b083fffff,7.090446836519345,1.0840555833533414,3.3984746657250646,41.630764562148286,411.52899607205165,4.4532002282006715,0.3,9.529612346181375
vienna,881e15b719fffff,8.906409674223173,1.040407032730431,3.334400238612437,31.973401441963976,1234.115314886848,5.196008053513925,0.2,24.49643808042353
vienna,881e15b717fffff,9.561760785243289,1.0532376093527154,3.243497213374938,30.425166473692855,1351.634551656637,9.846957110260622,0.3,28.951734842014687
vienna,881e15b743fffff,9.66685886252402,1.048229868892733,2.8385397837097823,30.19336520278848,2088.7922155571187,6.772886368468228,0.3,16.554625246759546
vienna,881e15b52dfffff,7.983788307975958,1.0615320004828304,3.1608146392631484,38.9352056807609,2626.257684589431,5.0590643028807545,0.3,14.940303317279543
vienna,881e15a253fffff,7.510442653625535,1.203406904557356,2.9847099744308334,37.26271508676257,2103.6901323528914,2.0756977650338952,0.2,10.90860297951373
vienna,881e15b735fffff,7.601446557990884,1.0566168724971714,3.4401864043560524,38.59290230224885,2386.5224611485314,3.601740015131425,0.2,16.03032182802093
vienna,881e15b71bfffff,7.960922379045183,1.0479290460304111,3.38707130470407,36.64649404442967,1779.653187619522,6.558175089481644,0.1,27.726582255660876
vienna,881e15b713fffff,9.24683892307444,1.040415769913945,3.348039126476203,30.68193333112055,1909.895821708887,9.59138992924004,0.3,29.188946713881514
vienna,881e15b721fffff,6.864979386541988,1.052904792418108,3.248311717366586,43.2100475361124,694.9860485799834,4.520332222469355,0.2,21.755974840758032
vienna,881e15b747fffff,7.894416746583954,1.0358974268459755,2.83556498489097,36.8355241956703,877.7043376591424,3.2897506693237135,0.3,22.31129567979939
vienna,881e15b08bfffff,5.519277031934022,1.0906934190872766,3.4381949820570847,53.04912058204743,127.15986507434532,9.502147048813152,0.2,14.287803293673282
vienna,881e15b2b3fffff,6.8900483235342955,1.0440846117429752,3.204055081673638,45.514411003028926,51.96553601865284,4.889897825943692,0.2,10.894425371672268
vienna,881e15b0d5fffff,6.120671619354805,1.1021071802729652,3.4796888715917507,50.27100403807355,102.5349200321896,5.061880768573881,0.3,14.048848878741836
vienna,881e15b087fffff,5.1229084280673085,1.0052592431657714,2.964797591556938,64.2372662470588,195.00800914134484,7.991891694043893,0.3,17.86975127422043
vienna,881e15b759fffff,6.940906040020635,1.061212431535848,2.9770964880535393,42.68174764099226,1714.86779355674,5.6172672350269455,0.2,16.863418283694994
vienna,881e15b75dfffff,8.365608911299946,1.0675152237327896,3.4117218193158476,35.11621797156374,535.6850742448399,7.637942468009447,0.3,18.997182324437873
vienna,881e15b469fffff,7.465321342080466,1.0391327073652834,3.40125617236351,38.71110330630941,1194.8213947782542,6.689520940755879,0.2,22.711430367747113
vienna,881e15b667fffff,8.931959977508173,1.0668523219760728,3.2446921394347306,33.69387925049127,666.8395000881235,7.931988405882422,0.1,20.16571074088976
vienna,881e15b0cbfffff,8.129101602311152,1.0555030509532444,3.303396813774027,36.38183509760095,357.56444986665525,4.857239386472179,0.3,11.19817157187894
vienna,881e15b549fffff,7.328464698226599,1.0261079335000758,3.262894120113654,40.46448545535725,1943.3469012649784,3.174311484056377,0.3,15.53771435867966
vienna,881e15b2bbfffff,4.915456912416748,1.105381447831274,3.516367355790192,64.3626191934985,35.65468672708356,13.456741859883998,0.2,21.038006777556827
vienna,881e15b505fffff,6.633272786175491,1.0642528968108107,3.1233623435397115,43.76186078078377,201.55649465475105,5.871126266457823,0.2,19.991925330605543
vienna,881e15b52bfffff,8.161524253742748,1.0849788627004988,2.9235611919909688,36.60075488729465,804.8964608192903,8.10397302276466,0.3,10.045395719147328
vienna,881e15b507fffff,12.740292841144528,1.05339843908366,2.5806485973671043,23.51229874883015,482.4526070305764,5.014292826875701,0.2,15.000021424629017
vienna,881e15a24bfffff,6.886122067054648,1.1143009779707738,3.3392445083065163,42.58844497867998,287.03450812989934,9.647483079727674,0.2,17.971660900485205
vienna,881e15a249fffff,5.26506729793852,1.052300417358829,3.0212610067062022,58.655191270334015,1053.3926011853468,2.93835620698383,0.4,4.7535148563266185
vienna,881e15a243fffff,8.470345319526041,1.0235887313649767,3.047648328302957,34.7574843328012,553.941780689459,2.246566000053951,0.1,13.186150625664212
vienna,881e15a219fffff,7.836972790287629,1.0622320910640568,2.8961052507048453,36.100905065054405,543.2260790190313,10.265214544033324,0.1,17.446808409548456
vienna,881e15b2b1fffff,4.986938705698717,1.0970248001929923,3.4605069819970513,64.90384516149605,193.62476699924017,12.330831113198904,0.2,13.160555764204446
vienna,881e15b2bdfffff,4.232358957737475,1.0451767623364734,3.49239419284301,71.33902633607538,1047.827973192358,10.259196842406013,0.2,22.200437669995942
vienna,881e15b75bfffff,8.039256646764134,1.0669882809191296,3.3693117898772926,35.3885262200509,2963.715402954606,6.696644952579943,0.2,12.918028222000649
vienna,881e15b605fffff,9.158989139352562,1.0754510266561177,2.942305814868494,31.251471063345363,326.1976540213852,4.488812077370847,0.2,14.444968983228604
vienna,881e15b2a7fffff,8.323557874370913,1.0595749444793297,2.454895122979494,41.427907562060184,1393.8932956280084,0.0,,1.3158995058459504
vienna,881e15b2a9fffff,5.566768028138523,1.0478709469604108,3.534471166956889,52.92889081303839,144.00132820284944,6.379577198440255,0.2,12.801278172604576
vienna,881e15b2abfffff,4.079504423238247,1.0123500943070105,3.484913187489311,74.67469819473533,2264.639526847255,5.191064754356503,0.2,8.292049711974014
vienna,881e15b287fffff,7.028605977756733,1.0394377307057834,3.417921079023925,41.63657199587837,4486.934768949183,10.109045503046294,0.2,14.891450442089123
vienna,881e15b631fffff,8.024073528696922,1.1061098511502232,3.208856171201704,34.999045510567825,1171.0979134606494,5.019247015957264,0.2,27.218802864068717
vienna,881e15b633fffff,11.824250690318792,1.047905711145115,3.2492284898226615,23.89513895831538,1347.362155913231,0.9643398298953272,0.3,8.394355625252752
vienna,881e15b459fffff,6.046435312916672,1.0629831437751722,2.7964194277739227,44.03152476716744,1493.4628181323608,7.100042609718723,0.2,9.955484931356668
vienna,881e15b63bfffff,8.460404618522324,1.0401548379381702,3.0428118330838863,33.271576864589576,800.9302837017283,3.583463021512483,0.3,11.580775070587569
vienna,881e15b6edfffff,7.7500143332458755,1.031956722740878,3.456821867317346,36.290255463593,558.0768553416882,4.861886515562884,0.4,12.243578492684078
vienna,881e15b617fffff,9.915877198827395,1.0414115435858644,3.244707144868002,28.6703868652033,447.2828960011629,7.723028748889713,0.2,27.510054167213553
vienna,881e15b61bfffff,8.392049321953042,1.059305852549854,2.9975766227255076,35.48034545148144,590.7714105822414,8.378451720026948,0.2,16.324938432274596
vienna,881e15b603fffff,6.6467112747762425,1.0369939808351694,2.982194339604094,43.01939533391662,485.44084180061617,5.4758472040670165,0.3,19.41783209821587
vienna,881e15b601fffff,8.559023270746637,1.0578214430301025,3.398789325886931,33.381646091652904,343.9112011990522,7.897055252148976,0.2,20.610772811291486
vienna,881e15b441fffff,6.413719363688312,1.0397485009205365,3.485046555914021,43.79307514047235,191.11221214167875,11.222453678621465,0.3,24.68869579730391
vienna,881e15b445fffff,9.165823146215818,1.0390010434051875,3.291866295948335,29.839047664966262,3010.1283953539228,6.820943794666219,0.2,20.72363218999768
vienna,881e15b733fffff,7.668982001504413,1.05187966216593,3.27635696256764,37.428310169554365,6376.034754800159,3.3308998882824215,0.2,10.213863075599876
vienna,881e15b46dfffff,19.5878464130025,1.0739064296628251,3.28968620630504,13.474478508070726,2089.069547979361,3.990452295635362,0.3,22.692372927765827
vienna,881e15b709fffff,5.791972706607964,1.025953690571738,3.0501586112969146,50.461310197045606,3536.5074435032893,6.618331034360982,0.3,12.5509737414133
vienna,881e15b769fffff,5.559565889168988,1.0305353500051186,3.33283314215373,54.589415042803616,700.0067146178217,10.557270969558846,0.2,26.098840658768086
vienna,881e15b297fffff,6.279455277621234,1.057198621792263,3.455213154700877,49.23655481124389,63.93519902749461,8.67260651338475,0.2,13.179346202947947
vienna,881e15b54bfffff,7.845912042610656,1.0290676245131587,3.1960885683381353,37.78435204125242,2720.855142328205,4.53595316782871,0.3,15.090725013513683
vienna,881e15b737fffff,7.483870908622676,1.0358135352544116,2.7968068087301323,39.37491836532517,2811.138348310338,1.7806958391998589,0.4,11.078210024080438
vienna,881e15b731fffff,7.416692462118718,1.034671828846255,3.3330261985393643,41.33102607428539,1325.0237569728308,11.089470959597318,0.2,19.965142442089483
vienna,881e15b609fffff,8.302607707183611,1.039280983634866,3.3875939940157163,34.764543118980384,184.47553704484284,9.09529224290972,0.3,22.929417045182426
vienna,881e15b0c3fffff,4.263586797547685,1.05973202624324,3.490442061323656,78.53045908764184,185.0789102565902,8.304336168584662,0.2,12.426863703125658
vienna,881e15b60dfffff,8.479353627317874,1.053129682462197,3.1213044486338757,35.06131603469123,128.37664908730602,0.2414522505267615,0.3,1.8106741189278008
vienna,881e15b639fffff,8.70169043344321,1.071531926091295,3.3380002005535343,34.10015263496369,210.60800699526985,3.2536917811533415,0.4,25.296406091448297
vienna,881e064cadfffff,6.850533366691304,1.0633864056118871,3.228345582804402,44.66369739054494,15.118519424953446,0.0,,0.0
vienna,881e064ca5fffff,4.818403182517917,1.136258720653531,3.1595674988660347,65.76896877382173,230.74988680429803,4.274504299877467,0.2,8.729276753539569
vienna,881e15b645fffff,5.546217121772377,1.0835221693808068,3.368035809822178,51.32715265134524,79.31090614532087,6.187412669103424,0.1,16.455794782737733
vienna,881e15b66bfffff,6.046949815415207,1.1341673524093427,3.302862049464727,49.331496680410275,438.1644028370509,4.331998938772663,0.3,17.779099708278206
vienna,881e064ca3fffff,3.7241095822091985,1.3503101477688215,3.175221744722286,78.4906259751602,985.3374958814336,5.1967449861339565,0.1,4.4076097791032005
vienna,881e064cbdfffff,8.421340351104618,1.0463389223241537,3.3273869594548877,35.25531871453952,1208.229446452619,9.061901833133478,0.2,17.576925068891143
vienna,881e067969fffff,4.866306494976683,1.071955309655309,3.1714028658149114,63.79367200977093,1340.1976194425774,5.901835483600901,0.4,10.290594461430988
vienna,881e15b567fffff,8.149037597010814,1.051140769332325,3.164653207747934,37.474734794001485,1384.4980631120002,8.523846714023895,0.2,20.904579431365427
vienna,881e15b457fffff,7.075188409982934,1.0741111746925678,3.0254901339695506,39.799427426712064,486.161739187409,5.063543219508954,0.1,13.870359763193086
vienna,881e15b455fffff,5.9046720125774925,1.0313552194767346,3.081263949715133,49.09710133141598,719.4027769558553,1.749570255643869,0.3,8.73871136779694
vienna,881e15b401fffff,7.718715744918113,1.0664185859136082,3.2915991391505863,35.500899549718255,784.0125716090465,3.629675084408028,0.2,11.43465548403272
vienna,881e15b403fffff,5.465403395071172,1.0248206852722852,3.460758121279981,58.042722160707314,7.747653965374558,4.978676725271347,0.2,9.46619149523726
vienna,881e15b40bfffff,5.159287020904433,1.0283300501002013,3.050069886250289,60.57038477095972,49.15015217632769,7.2057208926588645,0.1,15.448720483560816
vienna,881e15b4b1fffff,3.4065993019313865,1.013856898938601,2.8870692798672155,86.86620911921351,99.43636565553676,1.6753620731171397,0.2,4.812057688087939
vienna,881e15b44dfffff,7.81151144024376,1.0458099044231564,3.485730603780173,37.60004261808608,1579.3293458546889,3.830651100198863,0.4,22.8832536459083
vienna,881e15b45dfffff,7.625010148798776,1.0732559637824095,2.9130447045628505,36.06552576763758,221.04228824540976,5.544465353746043,0.2,18.085624345631416
vienna,881e15b44bfffff,9.547617260542031,1.029364519960035,3.1929591284921894,29.726574098492115,2151.871621029949,5.7836175784814055,0.3,17.3341517659048
vienna,881e15b449fffff,8.022335473195175,1.0464528044319534,3.391405399171078,33.84261555675026,1976.1952002106816,4.325641602564737,0.2,28.60733142086668
vienna,881e15b55dfffff,9.941698923504536,1.083113949176904,3.4446425890558663,29.438525534652012,2575.3490545503555,4.206966926814182,0.4,23.28625120661403
vienna,881e15b559fffff,8.363116438736913,1.0541840196842935,3.0702026485891345,34.58643147272438,4097.343235202,2.977159722734213,0.3,10.775487021178732
vienna,881e15b42dfffff,10.574643038395692,1.041528844727593,3.4932369142211357,26.992697842706782,1825.844103738344,10.79544804929117,0.3,32.63525213244442
vienna,881e15b55bfffff,8.477839973961878,1.0404540676358482,3.188609616784177,32.98583246870533,1846.427254516555,2.2179957098874308,0.2,21.176448886546208
vienna,881e15b553fffff,7.982722031900093,1.0171108258848722,3.1015141706340983,35.555016866554666,914.9497232578929,6.273735675466936,0.3,22.564983295404403
vienna,881e15b41dfffff,5.712203586602853,1.044915908379581,3.214318212550135,53.19959647582872,46.39416269861713,5.785242683976824,0.3,8.80553872912294
vienna,881e15b663fffff,7.462186327389369,1.060461097136326,3.2411389020465444,38.44930631085494,493.4676606775894,4.441649087045634,0.3,19.88806013862906
vienna,881e15b465fffff,9.510804873065398,1.041223637092231,3.300200675088128,31.19946525074188,1237.366957897866,9.209296973276766,0.2,22.947065254527523
vienna,881e15b753fffff,8.64478510586099,1.0475987434286356,3.3506020360556272,32.806383550398536,1909.4908871253056,14.177101410240253,0.3,26.3494950249094
vienna,881e15b65dfffff,8.026497262102486,1.065682886794166,2.9981089975646964,36.750660950283574,174.07637513055042,13.774713063856154,0.2,26.37255079696152
vienna,881e15b651fffff,7.514586502843896,1.0967916095175203,2.8733352453109284,39.87431498144,10740.753592776886,12.492603684602567,0.2,10.904050951046749
vienna,881e15b659fffff,9.19931910601452,1.0493378516291676,3.234603344673745,32.82554745712408,1201.4586275371732,6.983957110014189,0.3,18.02064307517468
vienna,881e15b635fffff,7.6415489100275344,1.0544043028494785,2.5317931219678784,37.342368505825235,556.7590891962135,3.645020811109377,0.3,17.274495509893786
vienna,881e15b295fffff,5.061886207186001,1.0199901465781018,3.342061341532424,67.90946811724106,1579.4207715350929,4.102443874097382,0.4,8.079562465750943
vienna,881e15b2b9fffff,4.296160758021772,1.039643706252128,3.520639495582845,77.3173656380548,1570.7219518662791,2.379196288564524,0.2,7.285266288259457
vienna,881e15b283fffff,6.808659148168265,1.098418026462045,2.8903717578961645,57.11680970158591,0.0,0.0,,0.2882366900424689
vienna,881e15b541fffff,9.463259389470878,1.0718450463609348,3.2630373836977915,29.195397400742113,1598.859057078637,8.966884773110923,0.1,28.040002138331765
vienna,881e064d87fffff,4.344856062785663,1.082054044567034,3.3062454776102497,75.52033836297572,111.58417643869116,4.058209697707372,0.2,2.5583098768886536
vienna,881e064d83fffff,5.146043571756405,1.1887851589918,3.4408250194530434,58.67576668127465,3851.7857972233087,8.140971105568836,0.2,10.507670897018455
vienna,881e15b74dfffff,6.673063376693528,1.1145335718095195,3.360212612159225,45.03450930267216,1209.126458345496,4.960854132381076,0.2,9.364190367982294
vienna,881e15b655fffff,10.060263221658431,1.0443273805360664,3.09700156946585,28.780640222532792,1346.8446025677958,8.704520922585802,0.2,16.012587179681642
vienna,881e15b643fffff,10.466565101696574,1.0460711353923775,3.0268821103784846,27.80796935199395,418.3187406438796,10.654692488516968,0.3,23.54013937770012
vienna,881e15b647fffff,11.969218829694178,1.0232570412507331,2.09496430421003,25.064292354296025,86.69751466918126,3.342094006184793,0.2,6.70401727688674
vienna,881e15b641fffff,7.188820106255488,1.031343581535035,3.1776821963609048,38.99152102291708,66.57659436745772,7.901462944352216,0.2,19.34923485905307
vienna,881e15b60bfffff,8.520270721134388,1.0412429208791996,2.962262287563068,32.301337285664076,2264.6870990822677,5.206138449941684,0.3,18.05440693655858
vienna,881e15b657fffff,5.98118372120746,1.1251950805214497,3.3234779872476516,49.73782001908927,493.4896566909076,4.07837244649125,0.4,12.108462220038804
vienna,881e15b463fffff,8.270215924316851,1.0294484428190254,3.415562089927586,35.35708341374033,975.6400079242778,7.775008197272193,0.1,25.31701138205244
vienna,881e15b429fffff,7.542770401854396,1.0681446363991962,3.149464558521084,39.87013330699089,845.4902502177957,10.49294870655673,0.2,27.424623861257665
vienna,881e15b447fffff,5.779887848933169,1.0654539696697218,3.355258326808841,49.13107881287954,151.19708639041826,5.9359326374600805,0.1,17.8241328761398
vienna,881e15b409fffff,4.26536458496646,1.0095056716500477,3.4683941842671064,70.1976580633887,20.646801667387972,7.857603645192432,0.2,8.406716884800161
vienna,881e15b415fffff,5.925666943752516,1.03216745492268,3.501696800875994,53.93276940799439,16.528299662208646,5.01552358645876,0.3,4.9270825649054855
vienna,881e15b411fffff,5.92254366930026,1.027304335092999,3.074049939763967,51.89949898953533,39.125679774079856,2.149181840059725,0.1,4.713380625095443
vienna,881e15b425fffff,9.159362777628717,1.0479447781467226,3.40015872154084,32.67859083212788,1027.8405381496182,9.857788003808734,0.3,24.081403380633255
vienna,881e15b51bfffff,8.580998146631488,1.0458664509789817,3.430564106200793,33.4185721733227,340.2210033746473,5.698554159380718,0.2,18.17829880134171
vienna,881e15b5e9fffff,11.347209978688316,1.0464049157888282,3.2341334916525133,25.98131754704948,318.7964678026405,11.221288640606234,0.2,27.274721112163128
vienna,881e15b5e1fffff,10.13870856503776,1.0803224436276522,3.159243862433737,27.81189955083757,1858.4728244624016,6.09237527459322,0.3,34.54020680526094
vienna,881e15b443fffff,6.128583169012416,1.0292537881590285,3.2038918007725377,46.93693400787189,202.83690217601304,4.681898977519366,0.3,10.31150267120982
vienna,881e15b625fffff,7.214623993706977,1.0294010340969644,3.4787376109057986,39.93982335750329,210.57705370244008,11.555864870644095,0.2,21.14865442974476
vienna,881e15b40dfffff,11.519463655538765,1.0552383580230993,3.2912437675362862,25.7622014811661,3031.0961356627895,7.455530926889527,0.3,29.135752233391237
vienna,881e15b555fffff,9.16492153314626,1.106518479082051,3.4191708055820405,31.10367205720905,834.9900285303088,10.78610999028942,0.3,28.79913496344631
vienna,881e067965fffff,6.635538854844257,1.038484940045471,3.299664287656811,46.068180818247114,2004.8676480672157,7.812847197358514,0.4,13.882202139318249
vienna,881e15b42bfffff,8.36140181897128,1.0526804165624637,3.171264596778934,35.94333571528705,976.7142097028608,6.770344214488275,0.2,17.386855551079112
vienna,881e15b423fffff,8.203310708528,1.0602956174997415,3.306229162365668,35.404581507166924,468.14468666931464,5.08353758575115,0.2,15.627007342548898
vienna,881e15b461fffff,10.247139358026052,1.052609800221173,3.336808845915286,30.30617110811116,270.1450165720845,8.836454982750274,0.2,26.8654645516814
vienna,881e15b6e1fffff,10.646554817919048,1.0287120609837996,3.040741687919561,26.874578480752827,431.65706726218406,12.095772585419668,0.3,21.174256872649902
vienna,881e15b6e3fffff,8.307189654504198,1.0455617416644083,3.302860347066599,35.89037454880914,1097.169828697129,6.354024210294461,0.2,12.457396649845697
vienna,881e15b6abfffff,10.03750851428112,1.0354118652887714,2.9415914089448068,29.39114322999318,7442.954434743147,4.838578102637534,0.3,11.12566784403258
vienna,881e15b6bdfffff,9.62103002193821,1.0339027650762194,2.971915239301871,31.283843860427655,3249.5958304835444,5.66142811907915,0.3,18.999894470044637
vienna,881e15b6b1fffff,7.991543378079911,1.0310527498440965,3.125624968355054,37.03627666041226,740.7288182384312,3.9464515525876807,0.2,15.34575223779549
vienna,881e066b65fffff,7.978519160933094,1.029498315211422,3.1016687887385888,38.54375952364573,1349.84969867485,7.152768337516316,0.3,18.119340459140897
vienna,881e066b67fffff,7.146920868243923,1.014462984832017,2.780894941080733,42.6469700962054,5845.078364915783,3.206294179911525,0.3,10.076196365732171
vienna,881e15b433fffff,5.243193326296675,1.0391423979547771,3.000313177707009,59.70473693785684,0.0,2.786662036412982,0.2,5.523209056950373
vienna,881e15b5c9fffff,8.293333950921122,1.0764523518863007,3.0067265710744753,36.417576233468615,274.2489879866228,7.281066856159812,0.2,27.71093569874502
vienna,881e15b5c1fffff,4.556810805044329,1.020237140179479,2.813400349282587,71.74383377101755,1688.08733217688,1.9736725586367148,0.1,0.5452539034659709
vienna,881e15b513fffff,7.956163155376034,1.037457778499147,3.4547316467317217,36.68846850426182,434.6308497837578,3.6618522752106073,0.2,16.43830865853238
vienna,881e15b5dbfffff,5.308066515301143,1.0541879849070106,3.382432725526607,59.49237312190962,60286.896407117674,0.1327803187139609,0.3,0.0
vienna,881e15b4e7fffff,10.770915996415097,1.063705203829273,2.4467845944241913,29.11881995373017,417.5637486925167,1.882018640947516,0.2,6.578341202361445
vienna,881e15b4e5fffff,5.730818157457302,1.0595794619015826,3.268443067528471,52.348546360631026,155.83833811373458,5.359245945684692,0.1,15.989596136207476
vienna,881e15b511fffff,9.283064128648538,1.0658908491991987,3.3393891370416022,32.131983326716586,167.92118413927835,8.307251337812108,0.2,19.486367824324837
vienna,881e15b523fffff,6.1841207843346915,1.022488100848198,3.050232343231971,46.91943293693661,2946.2492007462884,9.725942714536226,0.2,9.186819971409411
vienna,881e15b46bfffff,8.96503596314602,1.028494499372397,3.3391776206952364,33.47954766395402,1453.864039429232,6.6298187640910875,0.2,22.778832336539395
vienna,881e15b435fffff,13.339226716233233,1.0689189414517777,3.2191627655295356,22.762767280036925,1039.7434927129068,6.570217272225968,0.3,22.513596225301512
vienna,881e15b5cbfffff,8.439102788282028,1.0738904449486348,3.3799624662544816,35.46927517887687,909.465050764653,9.806335059499398,0.3,22.894220371698868
vienna,881e15b5d1fffff,8.126122232107148,1.0344949900426703,3.0463564572007664,37.82473512866784,740.7549273403636,2.590416421484479,0.3,7.114774586650235
vienna,881e15b5d3fffff,7.503407292909469,1.0336231371962652,3.1135023447864105,40.98218865972405,469.98493211355014,6.508595991249122,0.2,17.857470460702846
vienna,881e15b5ddfffff,6.985734314714185,1.0922636397460734,3.201385185612887,44.191077144219186,111.04681539079633,8.438758039728153,0.1,14.532445293034275
vienna,881e15b5d7fffff,7.263628051003026,1.046436089324692,2.9519277995940776,41.223893369270115,100.60320125995904,10.998270324340428,0.2,16.45719447323145
vienna,881e15b407fffff,9.90995920009095,1.121679859524178,3.273652134731117,27.217348634135448,2841.4606875734976,5.3067468427586,0.2,15.757650709476714
vienna,881e15b439fffff,4.648169742594649,1.0430110437722726,3.3254512860900367,61.2031776752389,351.8124829433809,1.9405436036148391,0.3,10.982939726244975
vienna,881e15b43dfffff,8.328680709519634,1.0531373561035824,3.4859797968641564,35.53004103143319,910.4692960023688,11.56653557791858,0.3,24.385469142564357
vienna,881e15b6e7fffff,8.744951454248971,1.0618509810070331,3.3538779649713786,34.54374045570687,496.3895425474728,5.584799129757144,0.2,14.721143958635942
vienna,881e06793bfffff,3.952588362138003,1.04628264034886,3.292512040191651,79.23587899687242,130.66841715463846,3.757494342165846,0.4,6.116078605456623
vienna,881e0679edfffff,11.50625786826384,1.031387614891511,3.1093497569541997,26.803780906381405,274.33023752013656,0.0,,1.0921539826574589
vienna,881e06793dfffff,2.416482079315856,1.3877911397419365,3.2444065837088996,126.96894566048122,247.84673912019463,3.953011150449184,0.1,7.443718022326901
vienna,881e067931fffff,4.053483329579006,1.1878099084234257,3.1921245902022264,75.77257192636752,710.095080879871,1.1447097760179832,0.2,4.296372797139394
vienna,881e15b6a3fffff,13.013680791144536,1.0270457199547358,2.8346286805369623,23.505594908339997,1014.1099301688104,7.453120272447109,0.3,30.453379883838913
vienna,881e15b6a1fffff,7.781170712049802,1.033327418625543,3.154809089978989,37.07655775940838,1960.921818216499,4.754111810356663,0.2,21.380878185805773
vienna,881e15b6a9fffff,11.707102800837268,1.023324877194736,3.0344862565889086,24.622733264510373,408.26129903953375,7.0212004223490805,0.3,18.74906323792988
vienna,881e15b6a7fffff,5.025589354377072,1.01453239675122,3.218679570701758,62.500642602045176,99.50365676495636,8.367658779576464,0.2,11.5427626201838
vienna,881e067927fffff,7.148831916187436,1.0526192625952009,3.312479853706682,40.94136360466566,2922.726102803642,7.718743538920876,0.2,12.218763537644794
vienna,881e067923fffff,8.17454633858605,1.0674226682086645,3.1943392288565255,37.89137240806725,4178.526921027512,6.0228930196443935,0.2,11.570657032590468
vienna,881e15b4c9fffff,7.2990154310836015,1.0172321144955057,2.8390631576425545,42.89712757464632,379.7723909307932,1.9672235965007427,0.2,8.885933240393
vienna,881e15b4cdfffff,5.701179937420023,1.0151240874299898,2.6893707262944595,53.41796924291985,272.90192292841203,3.352195549421318,0.4,3.49696283736518
vienna,881e15b413fffff,3.832962046400086,1.0089518644725433,3.03514143279237,93.17672672451458,14.988411051609033,0.4486622972799551,0.3,0.0
vienna,881e15b4c5fffff,4.1486440796153605,1.1069927461777354,3.421362510298826,69.59681014452478,62.69601165547595,1.9537380882543025,0.3,5.694464044375427
vienna,881e15b6adfffff,8.163259815112964,1.0397286554123482,3.4481545763269663,34.332527239665474,279.6647671543337,10.383740316921912,0.3,22.91359701840114
vienna,881e15b6a5fffff,5.55698159397426,1.0298604545064762,3.3979383070570046,55.84773358305361,299.05307483126495,2.9526008131990538,0.2,10.55661168639317
vienna,881e15b419fffff,6.541938890513533,1.155256926612154,3.123106441978225,43.46016223148762,32.375071299393646,0.8096368932765408,0.3,1.92874246135152
vienna,881e15b453fffff,6.62418958333359,1.0809811562106453,3.4891174322512235,42.139661128780986,1024.2037099401489,1.1165552187944117,0.1,7.079660164135782
vienna,881e15b6dbfffff,3.2044172332903695,1.0097306118909788,2.80131694961345,93.62076725943488,136.49653488824325,0.3656738813274916,0.2,0.0
vienna,881e15b6ddfffff,4.824489380383387,1.061767269127722,2.1284582527985,62.78065749634758,5999.240353974478,8.635669962684618,0.3,11.517410587812275
vienna,881e15b6d1fffff,8.120526473326036,1.0206260026756928,2.831135819472059,36.11102772994633,423.33236569236107,12.121229000823927,0.3,21.320464088598737
vienna,881e15b6d7fffff,4.75368622618118,1.0079039991494725,2.895509392856281,66.61497027772006,15283.007412526042,2.5928002979796765,0.4,3.1961211252054844
vienna,881e15b6d3fffff,4.8190413196634765,1.021398398747286,2.787876228087594,77.81630725386414,49.64933314505025,0.0803502849972329,0.4,0.0
vienna,881e15b6d5fffff,5.260786469271737,1.0257373404961716,2.902380877261872,53.4873032822855,467.9571294182715,5.997022504258349,0.2,11.253092530945253
vienna,881e0679a5fffff,11.586305354104418,1.0180957931022447,2.5558575887270885,31.797975400421052,89.20222837783888,0.0,,0.0
vienna,881e0679a7fffff,5.956536744225554,1.006909947146346,2.729291276973522,51.76385986911621,248.0555101374165,0.0975019974873745,0.4,1.9037099695279724
vienna,881e15b531fffff,5.772894829410488,1.0829166766964422,2.6017391790232702,51.433254247821424,358.11225814776617,11.23270185205412,0.2,19.48344652129035
vienna,881e15b089fffff,6.118110552983112,1.0683632819974718,3.461173173562204,49.03474649599525,344.39896612140785,9.166630859692106,0.2,12.015136192492731
vienna,881e15b081fffff,6.1076465380152785,1.0206214115640353,3.505066583632903,51.16537082736112,986.6423456217756,7.573425865645687,0.3,9.01006044048297
vienna,881e15b509fffff,8.460967821162585,1.065379907395776,3.307142395444195,34.8608039393712,194.2985415273824,3.8127903235291414,0.3,14.41841702769718
vienna,881e15b417fffff,4.90359134123704,1.0620707295219862,3.427825176992427,63.59175047213087,30.99258120059544,3.0336475999579493,0.2,5.618118110273537
vienna,881e15b623fffff,9.266185256833698,1.0408781290850944,3.0767702485328092,31.52480629772333,1856.884856117788,1.8451289161188305,0.3,15.142174420089876
vienna,881e15b627fffff,7.194317279714366,1.030009829304814,3.391642655131297,40.2564239355171,182.22762489955556,5.20715293401234,0.2,17.298558965896675
vienna,881e15b405fffff,8.402836276555885,1.0538215024514392,3.135775487304187,34.79811068923643,1540.2480258912638,5.276372190379814,0.1,20.719879161526904
vienna,881e15b431fffff,6.504345691521286,1.0949200068055762,3.0886033766132717,45.48828947063961,1673.0906100993304,5.539710353585946,0.1,17.54267051775518
vienna,881e15b4adfffff,6.817707218401151,1.0272923077262777,3.450721648422179,43.445053107366384,619.5697396981624,6.282026973387203,0.3,9.39748148481634
vienna,881e15b599fffff,8.701916831827981,1.0381632400943612,3.151473547012554,34.3684757987178,240.07031854541285,8.624079649906928,0.3,14.265593502091033
vienna,881e15b4a5fffff,8.715782970520884,1.0466817683236842,3.3129593148676504,34.38033839963124,502.1405428633139,4.550281108557768,0.1,14.14828485253203
vienna,881e15b591fffff,6.124479145433009,1.2460314617317552,2.567582548521616,47.0046155832627,3494.469547416128,0.9757188769661924,0.2,0.3223035436300813
vienna,881e15b595fffff,11.53349364810536,1.007933188582659,2.880180087330957,26.49288800759431,6416.651293851797,0.0,,0.0277101163700907
vienna,881e15b59dfffff,4.420269479138887,1.0541766241628192,2.615112648321136,70.779733804142,0.0,4.082837368003635,0.2,9.59368554876674
vienna,881e15b4a9fffff,6.189941470619751,1.05692667021252,3.1704713246292333,47.38269186834647,187.7065028886616,2.760181941552396,0.2,11.810099996020824
vienna,881e15b535fffff,6.226259394268388,1.2124473862955722,2.855653408600223,47.689681531481014,526.1911783603815,6.842510600360245,0.2,10.854443496609216
vienna,881e15b539fffff,7.37979872422861,1.0369132203238434,2.944905374731188,38.58551891040423,359.27407533921513,5.4647327213653325,0.3,18.20302148551003
vienna,881e067963fffff,6.810840971854402,1.0217911024629711,2.6208068490971494,43.785236940144046,974.3394959344593,7.437436300129942,0.1,13.183979669583804
vienna,881e067929fffff,5.618689462591401,1.00779169382287,2.6398515568811503,55.48708608262604,174.28073865860836,8.822764195962263,0.2,14.462150929707054
vienna,881e067967fffff,4.563063929958126,1.0209282236578023,2.746196931656755,69.11685223474602,931.0938063173476,2.525207000364401,0.2,4.827280563265841
vienna,881e06792dfffff,6.628616567091582,1.0636499975848008,2.968171052114272,46.05493845705308,557.5312995401423,8.517896623101997,0.2,21.517103633278243
vienna,881e15b45bfffff,4.804866378797049,1.038309542015049,2.851069861018333,56.14462933889212,1265.7042890269531,3.955143229812364,0.3,11.648941863850869
vienna,881e15b74bfffff,9.030912463159607,1.0466609160542089,2.9875687082126077,30.70685553658073,924.5229335779884,3.2429862708977963,0.3,16.26549285427446
vienna,881e15b741fffff,10.58638023824918,1.0359447587152493,3.0330441082363406,27.848421563557512,4024.6176280010304,5.915565960573371,0.2,13.487026775029785
vienna,881e064da7fffff,5.462623547434799,1.0685788803161425,3.431227596934688,58.39767688854917,29.62613467344534,10.667890043924675,0.2,12.741572480531092
vienna,881e15b29bfffff,5.095589936104555,1.1203041309789867,3.4567820381922845,57.78417183026697,113.63880694653766,1.6321056118817874,0.1,1.263056847155683
vienna,881e15b4e3fffff,6.747402344932541,1.0373316060315363,3.1353842655931596,44.1896188150997,63.26803664083165,0.7696767302380443,0.1,1.1082466517639142
vienna,881e15b529fffff,5.781540582575372,1.013618019471796,3.048555802069854,51.20653005034716,534.0404049910604,5.936991332911159,0.3,15.049558425871012
vienna,881e15b543fffff,8.993860072370666,1.0534453180506325,3.3136115816480483,32.34116744805379,855.7741087378895,8.75721976797383,0.2,20.641967403515228
vienna,881e15b0c7fffff,8.03892723435377,1.02843676595052,3.0878475864182793,43.904014326976345,473.3010291202931,0.0,,0.0
vienna,881e15b467fffff,9.457925374997243,1.0567442617547624,3.346784862623517,30.381777759619112,334.4399697688953,6.199767398578895,0.2,22.510854272335084
vienna,881e15b551fffff,8.523835628900539,1.03026669762703,2.8408049206669905,33.80205575275619,755.8068393893426,7.243339550382467,0.3,26.451624138379156
vienna,881e15b557fffff,8.696606251645825,1.0500953339961423,2.500025510998789,32.9957139663018,1700.9399590891037,8.461172642944698,0.2,27.72609066675828
vienna,881e15b519fffff,9.73515651828887,1.056855278144442,3.394859317213898,30.804365655296884,1519.1603189435864,9.386999338971764,0.2,26.09088305834303
vienna,881e06796bfffff,17.769135082236858,1.0164857185750973,2.423938030087764,16.871562199445385,41.070750991946326,4.336465677559858,0.2,2.99220264295657
vienna,881e064c97fffff,6.3939158182682805,1.0271664374186136,3.117238015054592,44.85396132535618,1540.8228220167855,4.330773385766544,0.2,14.137178400448708
vienna,881e067915fffff,6.57227777477105,1.044691192790818,3.1680085738601713,45.54276890732655,32.9846567886391,2.4092182792998673,0.4,7.000782382618118
vienna,881e064cb5fffff,6.156095553820721,1.034245031343768,3.365508576457417,50.126066983201746,560.9224305131257,7.004088891861333,0.3,10.549811252883307
vienna,881e15b5edfffff,7.66421220765339,1.085752184228441,2.816416013276134,35.77213087017416,1164.2150550488043,8.13504408758203,0.3,21.44906049653508
vienna,881e064cb7fffff,7.878575336400715,1.11478652936817,3.0100271484214347,39.30211451049225,197.12090126268805,7.656284673865546,0.2,14.592753179284534
vienna,881e064cb3fffff,3.546496928805537,1.0634690457872735,3.1105058134240404,85.5975444686686,1709.4934426902894,2.2132833872002027,0.1,5.576550215261315
vienna,881e06796dfffff,6.8048894947897205,1.0593860032016815,2.877177443849641,43.75834477032084,482.1375430296773,6.051208694579638,0.1,12.491957190462294
vienna,881e064c91fffff,5.792863789774529,1.0306971549587498,3.153221290414666,52.96485347364326,2199.0978803731673,0.8991731538341861,0.1,5.281858809461313
vienna,881e067905fffff,5.40329872358294,1.028077937154427,2.410589743546171,57.77113428324507,234.5970329062786,4.247374583470189,0.3,11.844541453771658
vienna,881e067961fffff,6.932366949067039,1.0631379467575504,3.2958483478997187,43.42500396985629,751.0280899976111,6.573001571075885,0.2,19.926560890086098
vienna,881e15a25bfffff,7.813031209748665,1.0492497542563244,3.0441574179242505,38.87586131462286,440.5040674284843,5.687893828901114,0.3,18.435135927299537
vienna,881e15b611fffff,8.564450765824947,1.0472345621136052,3.1822003520768813,33.37582246090014,929.0667081550608,10.275882388197472,0.4,17.492573939064798
vienna,881e064c93fffff,4.5347325922052075,1.044342135590167,3.2689629092763095,70.47551809677184,320.44632569653356,4.725857710338487,0.2,10.750843234003888
vienna,881e067925fffff,5.87736172104719,1.057843102047697,3.119057444208337,52.497075804021435,3829.109512842742,4.8849721927974485,0.3,16.07085052379489
vienna,881e067933fffff,2.2908683029387458,1.1836321593240624,2.756151843586093,151.83155073136572,0.0,2.268887467125191,0.1,4.719273731549283
vienna,881e15b61dfffff,7.10889430458427,1.0239801783053355,3.3600755925407433,38.85285974561933,1248.705511750798,7.730069418543608,0.3,11.191729823142891
vienna,881e06792bfffff,7.82697372680872,1.0691632116461594,2.9581397832749663,38.36324318890643,309.3084784315265,9.77971143917634,0.2,16.581666013564117
vienna,881e064c95fffff,4.0485286818811925,1.0322832105946522,3.1926704889052244,76.57102724438528,523.9552848694761,0.9824231980196746,0.4,3.704484718255187
vienna,881e067907fffff,4.348119446127925,1.0437730804291212,2.993189483099763,87.02115548259162,282.38029197237415,1.8815750068707209,0.3,2.2173226700298834
vienna,881e15b6cdfffff,8.750176690282085,1.057193082347087,2.8385246754141216,33.45083651305916,2245.431910817868,11.33879668862121,0.2,15.167644253957002
vienna,881e15b613fffff,10.608839913158803,1.0284675663664222,2.9201526068294186,26.510909986599824,667.578834907756,10.642296617801993,0.3,20.42374119929995
vienna,881e15b6e9fffff,9.889970916753954,1.0368518217529736,2.5588454506739784,29.31413740513908,771.97841265881,9.94933629358718,0.2,29.774947333279695
vienna,881e15b619fffff,8.768487469055112,1.0377146561931307,3.453527634563522,33.68050691136615,3176.048532564405,7.784567903059045,0.2,13.92325214537514
vienna,881e15b607fffff,6.691470617858495,1.0208114626910534,3.3102931631027808,42.86682579127242,194.20960843566976,5.908635355550761,0.2,8.846703610328758
vienna,881e064ca7fffff,4.626026234231813,1.073063814840835,3.1155161247976535,61.247671108459045,100.19502557043512,0.1534063282407956,0.3,3.148680532079215
vienna,881e15b65bfffff,9.701092445614938,1.04419505234691,3.092888820402562,30.801960354755813,925.7951666704914,5.972462305084623,0.2,13.504020932808544
vienna,881e15b653fffff,7.376054124524662,1.0669883455071842,2.982211120685929,39.366938732457626,708.1105472563993,3.441884756906251,0.2,6.979720154927779
vienna,881e15b0abfffff,7.3397208609311235,1.0209313399696445,2.730881375345096,40.07204805626784,1116.411932827824,0.0,,0.0
vienna,881e067921fffff,9.18542433702656,1.052161487707126,2.8813397163859777,33.2580454570582,620.9440005585927,7.023885354522335,0.2,15.139671701689489
vienna,881e064cb9fffff,6.4718914828712615,1.034668412276132,3.1256794119475413,47.28448672224429,456.056122939597,3.23691412340831,0.4,11.63041606575313
vienna,881e15b525fffff,5.509495946034288,1.0235176579891228,2.124268045214306,54.87354639274424,1625.9190731313277,2.998009403564854,0.2,6.319080688285613
vienna,881e15a21dfffff,7.556940139158317,1.0220422404133789,2.9929761311526395,45.94746230990992,23.130570530170335,0.1610440811963653,0.2,0.0
vienna,881e15b649fffff,4.351365379011272,1.0298851450777913,3.338939982838635,71.54553286162329,747.4397510039535,4.973874699982826,0.3,13.623020389372034
vienna,881e15b661fffff,7.825337349648931,1.08086888165029,3.159869167162887,36.6757351378437,388.8511026210563,8.839526158403123,0.2,22.16559230793108
vienna,881e15b749fffff,4.8508688743306365,1.0792127974515304,3.426987547752266,61.26115115032057,105.03014299431744,16.39880652695766,0.2,16.439707545944692
vienna,881e064db3fffff,7.358510844349855,1.027827845733369,3.2813233388608825,39.73124110035217,676.7012982663192,9.282399257916383,0.3,15.148368445480187
vienna,881e15b09bfffff,8.290412796175314,1.1234985069850538,3.4481472338500314,36.234528844618126,42.43410684872325,5.863998239385464,0.4,20.914216550085147
vienna,881e15b665fffff,7.260507389257688,1.053307024620621,3.210102541913968,42.75631899140499,518.3466537106277,17.32448115412523,0.3,25.55741906669002
vienna,881e15b66dfffff,7.340756588497105,1.043711639594056,3.2448111057643283,40.92265179820576,496.3066064503004,12.398307818813938,0.2,24.084878140946355
vienna,881e15b669fffff,7.041486609569169,1.0374453872169995,3.215050607700899,43.96699737170357,333.5244048354877,9.336389837793272,0.2,18.670720926893285
vienna,881e064db1fffff,7.53467664241012,1.0546024894970962,3.228199620093388,39.92166180774392,1308.4384603882104,4.4822109671848995,0.2,10.856211946974383
vienna,881e15b503fffff,9.37147613399918,1.0488576054098586,2.8636819615307187,30.323148435446743,193.91882994158945,11.55119183034196,0.2,21.315645217889312
vienna,881e15b50bfffff,8.369282799672012,1.0553733786260189,3.2493345201815673,34.58763327030494,83.82189785286147,11.70182713447325,0.2,23.11566965043472
vienna,881e15b501fffff,10.352454124076589,1.041511017094176,3.0437716845381506,26.47314220641543,110.75987501688826,9.22020871510654,0.1,21.318698404637132
vienna,881e15b6ebfffff,11.159159060166198,1.0498116556518795,2.865833494935306,25.51878778545603,734.3141744199086,9.781162848053944,0.2,19.09429654633653
vienna,881e15b6c5fffff,9.279949046379734,1.037344033494988,3.200643373666505,31.13216437844052,1975.0331800040392,5.239390936984174,0.2,18.98995207339736
vienna,881e15b6e5fffff,8.752744879492484,1.06776880264408,2.4970874205135214,33.47554618419142,54.35084151057116,7.598927203526331,0.2,11.157910167562545
vienna,881e064d97fffff,8.510796085750712,1.0352395761695754,2.971077820984179,35.28688571456962,195.25623224937505,10.803569224738323,0.2,10.769244855084844
vienna,881e064d93fffff,3.8356978717164822,1.0850636992877891,3.2570638022490095,89.26440918940403,535.6172653127193,3.6688841684504,0.3,9.09921057172444
vienna,881e064d91fffff,4.344912159342134,1.13043675011467,3.3978573040468527,72.29204011114517,256.4507926875622,1.403645147454864,0.1,3.3134219047872264
vienna,881e064d95fffff,3.1012367037595525,1.0354790595615702,3.3327504557118224,98.30853878741075,402.38798693817614,1.118183524706194,0.1,4.617027597818059
vienna,881e064dbbfffff,9.042913149168998,1.037106102997699,3.006947685256662,32.974088467190434,2231.263222097978,6.386631701237837,0.3,8.89934655038948
vienna,881e064d9dfffff,6.5173634891250405,1.0685834851369025,3.274584925098144,47.410086081668915,387.3628028562133,5.723288004316991,0.1,6.771271159906831
vienna,881e15b64bfffff,11.47479887411934,1.04406501043268,2.8621231845188397,26.626012151183524,855.4886990804857,7.325938951043078,0.2,16.1995658099106
vienna,881e064cb1fffff,5.752097802046388,1.0252546533851867,2.921067195130643,52.04051036070057,347.8125437527748,4.030506523895833,0.3,4.8549655955888005
vienna,881e15b547fffff,6.66635446703883,1.0613903316948028,3.375048243651777,43.41288573619386,494.4985344146272,9.737148110724547,0.2,18.09771324811043
vienna,881e15b5ebfffff,6.629363609264056,1.1097959970782858,3.497608379139389,49.155645394195645,55.02698015326172,4.941747194984656,0.4,5.149305926523387
vienna,881e15b421fffff,7.035197753809706,1.1081007561435745,3.196766231063276,41.42931369289695,2366.824286072938,6.2420959500498485,0.2,16.62017568100843
vienna,881e15b427fffff,6.439500680257643,1.0191926001594982,3.3871521891532463,48.58536594851419,92.4112509689063,3.312824530270188,0.2,8.175197209571065
vienna,881e15b50dfffff,6.7186539323794285,1.084777400390698,3.2702751777192565,42.34222531535269,1859.1283980827377,8.426033201341921,0.2,14.681085827633964
vienna,881e064da3fffff,8.812577670461229,1.0732266752600008,3.2218691183464387,33.387188071902415,28.011835357472204,8.858091711365823,0.2,12.826048037483352
vienna,881e15b5d5fffff,8.46486756911732,1.0258400523088034,2.9445352819119903,34.698944867816664,244.59356899726532,4.789656838862608,0.3,12.986317889692849
vienna,881e15b581fffff,4.616234389977423,1.0594246032797754,3.094920133424124,65.6703236207846,75.23866987068423,14.308856977070784,0.1,8.440891647096919
vienna,881e15b58bfffff,6.41078564534043,1.0067769508370072,2.5947905228322297,45.242358510428446,1422.9148948993245,4.7915588874762784,0.4,7.810241970683494
vienna,881e15b589fffff,6.220102401005044,1.022615341959809,3.095038940000784,47.716843523360474,664.7442115968224,1.9013330047628816,0.3,4.015356906243003
vienna,881e15b5c3fffff,6.766755395494304,1.0386150986313525,2.912842914173874,43.33193872977546,372.87830185477185,11.575712298373428,0.3,14.767177835025713
vienna,881e15b685fffff,7.926584953512001,1.0188223179834026,3.40410215979487,38.417714360182515,2249.4646551098635,4.560272925660441,0.2,10.699526138247046
vienna,881e15b51dfffff,8.035669953835537,1.0347339859122289,2.989650137934777,37.17798288335652,94.76453248360824,7.986386192676093,0.2,12.374406214203308
vienna,881e15b689fffff,9.968026815042936,1.043074682097975,3.1200976590104057,29.460500631382168,272.42941838008903,10.04377853331825,0.2,16.072730841522755
vienna,881e15b68bfffff,11.247667838947551,1.0245149687735573,3.246477791550173,24.66407368294955,2815.055060223859,7.4403663293184925,0.1,18.651770679231205
vienna,881e15b6c3fffff,7.749240197265672,1.0425807023004654,3.1668025561126645,37.924102394851744,2581.274060620358,6.211752015743711,0.1,9.214153858538934
vienna,881e15b437fffff,8.620554467143744,1.033997655895106,3.2092163988169293,35.768874379001765,406.98277675457024,6.513965096763202,0.2,13.25188449800573
vienna,881e15b08dfffff,9.559886083076476,1.0477601696925745,3.2777362364813367,36.011129430862404,299.32077124897256,3.59842366750219,0.3,2.0141712397943192
vienna,881e15b745fffff,9.26600631084484,1.0520188321796318,3.5311985823499965,31.163338361265623,1649.9249160590489,6.572297931794384,0.2,13.386206320735582
vienna,881e064dbdfffff,8.244918429202428,1.027523736978735,2.554175778437055,37.78104054259543,531.8618834800064,3.3531810778891096,0.3,10.641656570875597
vienna,881e064da1fffff,7.257709390359563,1.0379275414295974,3.361645894573545,41.07038557824587,12.975945386736536,7.918078067932368,0.2,10.216466535624663
vienna,881e064db9fffff,3.3404488943189614,1.1031809093184763,3.0629904937117436,88.04734224763133,431.9756411069203,3.7346210191644142,0.2,8.318584462141384
vienna,881e15b637fffff,8.465101451055878,1.0365830979575374,2.7853093109172056,32.679979780725375,930.704036827776,0.3007286574734377,0.4,5.09174648978339
vienna,881e15a245fffff,6.739490999338781,1.0534443566565406,3.468605043609172,44.51374740754659,259.60548198071587,7.217953793593776,0.1,6.431120716181036
vienna,881e064d9bfffff,5.2389988723137995,1.1216690218187526,3.4013620017902992,58.36141658652747,2692.773807361141,5.544959637124915,0.2,6.290188252866507
vienna,881e15b193fffff,4.896532597813383,1.0307153988404003,3.1388251232693483,63.31010644929335,313.34766471895784,0.7267501516376751,0.3,3.32131754657781
vienna,881e15b41bfffff,3.3934469666988933,1.0805126078364902,3.3092529823656007,95.33946307091745,98.4740228997336,5.777943086019445,0.2,11.316953712650008
vienna,881e15b4c1fffff,2.638319639425105,1.031588362479328,3.2051249865265725,116.6243479729978,32.81691384945458,5.0645606713989695,0.2,9.206609748635389
vienna,881e15b4cbfffff,3.980367134638793,1.1655241771630525,2.5786383957441545,82.72309602234898,84.17524743762624,0.1256580866054921,0.1,0.0
vienna,881e15b6b5fffff,7.7989021115318335,1.0507992538477997,2.4237092230415107,38.53338975375328,164.6041508825882,3.660037216812139,0.4,6.736497992656322
vienna,881e15b687fffff,7.933570896186311,1.0266913264201687,2.4743968607067908,37.953271775819466,1240.4814028062488,4.404504129957265,0.2,10.047199290768075
vienna,881e067917fffff,5.267812358834159,1.03688158745829,2.8608873591779167,58.32191709475485,2208.5481894213603,1.4292474775081745,0.3,3.684205771775874
vienna,881e15b0a7fffff,6.959533708502041,1.037175404339067,3.5372731840100413,44.99696500561183,1000.265875475906,4.996340558757867,0.2,10.3146282238007
vienna,881e15b451fffff,5.586344788899509,1.0186413509714565,2.9892684453078013,46.0306097922598,127.90428902216266,0.4897952861928838,0.4,4.418740543167091
vienna,881e15b4c3fffff,1.5785544355135128,1.056802013875209,2.8979325974734658,194.92030225249317,788.3737114584592,0.0,,0.0
vienna,881e067935fffff,5.506044412827742,1.150152965048356,3.08403156560093,51.44560801492556,5679.292165045836,3.0771960827572387,0.3,6.13744443882491
vienna,881e15b6c9fffff,6.269728634948628,1.0549681900471466,2.6577145441195844,47.03520301339005,6576.359388794834,3.3801436178464037,0.2,7.498230743870677
vienna,881e15b6d9fffff,6.331645426485199,1.0649132646332735,2.7560688864696887,47.57133398802976,3825.0133937173646,2.6297627124061496,0.2,6.140950829769052
vienna,881e15b68dfffff,9.481710354429664,1.0413341245317105,3.2567232691146764,30.197588369805175,244.5198581537763,9.05172451549491,0.2,18.277638403974144
vienna,881e15b681fffff,10.158186794757928,1.035966093822959,3.2688310041983892,28.66952265953948,593.3670009498866,6.691805849801869,0.3,14.552524958454187
vienna,881e15b683fffff,8.329770194693687,1.051344163205363,3.288190350711361,35.150164524263936,280.0206655342359,2.9509548077645498,0.3,9.007884424031335
vienna,881e064c83fffff,5.240546822235924,1.0251280915457068,2.546930940761625,55.65576962867867,0.0,4.558857688015013,0.2,9.804855497405352
vienna,881e064c87fffff,5.091995241982177,1.1387924627726316,3.125182805626107,56.43295175728024,2483.148837615215,1.653376742747689,0.2,2.616976131473413
vienna,881e15b285fffff,4.977279136135976,1.0107261625135435,3.4559269923313383,64.8616717767448,11307.450842144097,4.250341959155658,0.4,6.1154457139815515
vienna,881e15b517fffff,11.450685912735436,1.0357738162130274,3.1147829139164545,24.827643948899233,642.5548183023091,14.553806883243729,0.3,33.055323043739534
vienna,881e15b515fffff,6.9926311106390795,1.0602254469739911,3.059884445664542,43.88595680550066,174.89036473584613,9.75644736783113,0.2,21.506739027527217
vienna,881e15b53dfffff,9.56860272066735,1.0444952461833354,2.1847190107551664,31.449951401572083,1881.9759061254204,8.566966623056153,0.2,16.882932697686027
vienna,881e15b5c5fffff,7.340403308819453,1.0670696235597872,3.3952652585359666,40.71531807591453,79.82461808421469,5.77515862166107,0.2,13.324445779365927
vienna,881e15b5cdfffff,5.385342303775996,1.0708893743956749,3.4756463799635746,59.65581205497964,18.022524755727034,6.8786825800448135,0.3,12.860927552966771
vienna,881e15b4d1fffff,4.612914530493438,1.0318569432721862,3.065411543002756,67.58519019189455,274.01797917418526,1.7264048083289452,0.3,0.9363559418158792
vienna,881e066b6dfffff,6.990758416770786,1.0348667234463296,3.1250453812503625,46.04905348279513,58.510878295719046,4.690735885709715,0.3,8.09184769366665
vienna,881e15b4d9fffff,6.493150078831071,1.0043717216804469,2.4743934323709715,46.14591520347502,4258.815497565046,5.032226307030757,0.4,7.717209005135325
vienna,881e15b4dbfffff,6.60124935245902,1.017840501746122,2.343712345166493,45.79153924986802,1192.4997725680548,8.078333559019413,0.2,13.801694300124243
vienna,881e15b6b3fffff,6.229508337301205,1.0661959462269377,2.9923720738769233,47.37336656053636,2876.279563947939,5.380751263576477,0.3,10.827955149631787
vienna,881e066b63fffff,4.9092798017272425,1.0138898398889158,2.3027868027961733,57.21793985049804,4294.018633035323,2.0152006964045444,0.2,0.3454471485417087
vienna,881e066b61fffff,7.921098348569415,1.0283080063864858,2.9358635958581187,36.78595092658586,722.6753554945518,8.951676797954923,0.3,11.259503658079623
vienna,881e066b45fffff,4.663662115281141,1.0422916837697802,2.27074698502434,64.47201110270612,74.82442441835762,1.5478269475440378,0.4,3.0712159660067795
vienna,881e066b69fffff,8.423826076164739,1.04104102168616,2.481919479081463,41.23641892791597,121.97978119509204,4.145937500561669,0.3,2.921642461371695
vienna,881e066b6bfffff,7.736342838561536,1.0253832162066805,2.458709859337491,43.0866806563748,144.68478144426092,2.972551027352111,0.1,1.7468410822112697
vienna,881e15b697fffff,6.764687863829498,1.0421651709213682,3.210781968181425,43.98143227684687,1038.3778336009098,7.082128614245036,0.3,12.383244484484443
vienna,881e15b615fffff,6.4497245503514815,1.02232976078641,3.2645068170366227,46.62596601350542,102.02578045676712,3.537979305070024,0.3,9.985546882803217
vienna,881e064cbbfffff,1.8611035389621229,1.0445053631607155,2.4229673109398666,172.70859181097566,0.0,0.3370971750043187,0.1,0.0
vienna,881e15b6b7fffff,6.419692710597333,1.0116501955235295,2.3632572592047256,49.66601893324542,2121.0572321882605,1.3236165941333662,0.3,6.140324968048079
vienna,881e15b6c7fffff,7.904581082583734,1.0901745318516374,2.8686350891797896,36.32982047518465,2422.9399549789537,1.5917216031192556,0.1,10.904891687530068
vienna,881e15b6c1fffff,8.438489217053156,1.1106171553586628,3.1735283580704485,34.38894430396171,3359.974833984594,2.001683654846039,0.1,9.630455969460666
vienna,881e15b6cbfffff,6.985404715038615,1.1654052710601288,2.565230144837057,41.465768159460424,700.4015218895205,2.54420980679017,0.2,9.40558737675846
vienna,881e15b293fffff,6.018843888758357,1.075865428931789,3.532030771414534,50.32272326423445,473.03597804976795,7.306829280144087,0.3,10.386282681249266
vienna,881e15b291fffff,5.5052952519361105,1.034084293370863,3.4683789699970324,59.434756426164235,593.9806316796996,1.805710775974432,0.3,3.3867542518324374
vienna,881e15b4a3fffff,3.37673904623574,1.0612396737023808,3.037080161867965,87.1010886632459,31.17827713230572,5.145602281732882,0.2,6.109021497837157
vienna,881e15b4a1fffff,4.905075800813634,1.0650061506903747,3.1852264234264513,56.89407845553978,145.26765626738222,3.828965379061439,0.3,7.408242854319259
vienna,881e15b4a7fffff,4.709998466896357,1.001296775343991,2.125904233557033,75.82653362904293,0.0,0.9543895778696866,0.3,0.0
vienna,881e15b69dfffff,6.356867354687709,1.0803272589450388,2.8370108401354592,44.651363466080966,262.3299914053152,2.858613237308987,0.3,8.029838413928182
vienna,881e15b5e3fffff,15.660346378141556,1.026316532999772,2.333402810075106,19.543135395030777,418.0792863061285,2.610540739814984,0.1,7.391816613504551
vienna,881e15b693fffff,3.26529113966999,1.006137016098986,2.388209076161925,99.08133698528448,89.78616426519898,1.4625374154710753,0.2,1.5962309357816666
vienna,881e15b691fffff,3.13716444727516,1.0155213041645952,2.828427906373629,104.9572944666381,711.0933162626512,1.5055517864218677,0.2,0.6416963953071552
vienna,881e15b69bfffff,1.063039111613336,1.0042658264408793,2.003930858659659,261.30532239421046,33.60100720190197,0.4695560770961882,0.3,3.646622417456079
vienna,881e066b4dfffff,4.031956963792221,1.396767937242053,2.3464501225104915,76.0965914501247,114.11932164026952,0.4512411885477239,0.3,2.4246951352234927
vienna,881e15b59bfffff,20.929433362831375,1.0128712849668855,2.6444066847039016,12.863739049376116,377.38392971039025,0.0,,0.0
vienna,881e15b2e3fffff,8.007125930079187,1.002301227135893,2.83154442690767,48.03413708913418,0.0,1.722776385765042,0.2,2.4852547158308744
vienna,881e15b5e7fffff,7.430209338804063,1.0045516651565751,2.6506869718746864,43.88664459543004,1049.1628075467806,1.7458672801853372,0.2,4.799445247055233
vienna,881e15b0a1fffff,4.372699304136284,1.027440953022337,3.3395878432512074,79.46067244778807,0.0,3.434929855807448,0.1,1.2987108504146985
vienna,881e15b6b9fffff,9.013764644265008,1.051025914472995,3.0632171429120576,30.730257122983215,1003.96746350973,4.241682493378495,0.3,13.63719950526938
vienna,881e15b533fffff,6.1344026187724845,1.043184862005265,2.812773194000065,49.56538932146198,286.3003474293457,3.042973138708195,0.2,6.315598808808537
vienna,881e15b5e5fffff,5.385449120990783,1.012063497623194,2.2575172834527137,43.69071406318864,904.0352533144328,0.0,,0.0
vienna,881e15b53bfffff,4.6253787836836,1.2193726379147884,2.9211822856667355,62.78253667025536,134.64552891992477,4.907540947828815,0.3,9.604362165866688
vienna,881e15b537fffff,3.610673262989932,1.538736694853321,2.7574939714188123,85.8916217807177,489.8713601630596,1.0627271670347995,0.1,0.4647963033217248
vienna,881e064c9dfffff,4.539044039874596,1.0049019636908163,1.6488470716724797,78.68239523684467,1039.3301466428404,0.5778563202789005,0.2,1.1886596500494513
vienna,881e15b48dfffff,3.7774248869773217,1.0324035972961838,2.6103626991250057,92.65571400416871,20.406736579715936,0.0,,1.186881439248438
vienna,881e15b4c7fffff,2.531326502025062,1.119032785293077,3.208528414288969,117.28040604896282,2051333.191688532,1.57862281226544,0.1,0.0
vienna,881e15b4e1fffff,4.910664195584421,1.107926438980203,3.429056488333899,61.280086346876,155.22591495550344,4.9622536487534985,0.1,6.727490212094447
vienna,881e15b4e9fffff,8.525147950780868,1.013108232583897,3.244043403887762,39.10000568410093,26.727988938696267,1.3075158075140862,0.2,2.647019951448822
vienna,881e15b6bbfffff,8.121073394154104,1.0649417501053338,3.36692054467097,35.65641280033059,2299.7396493600477,3.2253945228496987,0.3,13.515560583349467
vienna,881e15b695fffff,7.777325516023305,1.0907809558485515,3.4255746220386296,37.502180674546494,1378.0987548395208,5.935384939738422,0.2,19.07465125015861
vienna,881e15b481fffff,3.267740593198925,1.0656363656169816,2.8283874380866623,93.5066743643916,0.0,2.5203571222923538,0.1,4.8995768803896205
vienna,881e15b487fffff,2.1404961187597435,0.9996694236093722,1.9730014063936123,116.79535310012903,31.546642466777342,0.0,,0.657898789433025
vienna,881e15b4bdfffff,7.109539633570734,1.0110769794479817,2.5285667148380337,41.13526968859388,78.35135706157676,2.0886855007414464,0.3,2.4016233584399616
vienna,881e15b4b9fffff,2.474366846291186,1.149493766630648,2.8389889331547,146.96137890039066,343.543325959242,0.1194873873658764,0.4,0.3800491796604308
vienna,881e15b43bfffff,6.805151496529229,1.3344523691758068,2.976244780870374,40.64505321033936,52.39382300989179,0.3170969710315906,0.2,0.9312262122975856
vienna,881e15b4edfffff,6.138736931004014,1.0604849286249818,3.2637018764462877,60.33331848768362,74.64592678981542,2.024346983178144,0.2,2.504748273682881
vienna,881e15b4abfffff,3.788329467203156,1.0521405422253125,2.9976927390965376,81.92128754190112,60.01895181043682,2.4001435723036084,0.1,3.6225672342395145
vienna,881e15b4ebfffff,3.891373909354425,1.0104172403693348,2.2789180157680424,79.07035274935927,6.856292945943607,0.0,,0.0
vienna,881e15b485fffff,5.172676544543314,1.0584540762615835,2.4659318563012045,61.5120267895873,38.10219860847293,0.2321284586343084,0.1,1.5291422871154212
vienna,881e064da5fffff,8.188798231858343,1.1528303611566888,3.178291748384801,45.40286147830725,102.41727409698206,0.8730614454730514,0.1,0.0
vienna,881e064d99fffff,4.423522403075739,1.0758464739412408,3.515311700295615,73.57749513982394,1501.619053655983,4.290003552957443,0.1,7.864635414256562
vienna,881e064dd3fffff,3.853384052004283,1.0893225107193008,2.864262710492649,90.26509744742548,3137.227492100908,1.0671305428120463,0.1,0.0
vienna,881e064d8bfffff,4.461361036963391,1.0925550138810316,2.83154442690767,86.21032492747364,0.0,0.0,,0.0149049317676484
vienna,881e15b64dfffff,4.538455928930942,1.0045026000856443,2.392465183388377,61.970415578377114,45.17401432566272,1.2021397791543065,0.2,1.3372862430286612
vienna,881e064d85fffff,2.69317075710034,1.034172600697806,2.5593632041458982,132.61055066830687,0.0,0.0,,0.0
vienna,881e15b583fffff,5.652209098622726,1.0751759218877184,2.7015283844778475,56.20958598484075,0.0,0.4793030191644039,0.2,0.187387520597972
vienna,881e15b4b5fffff,4.588414503556659,1.0636044783310754,3.100600529189873,64.49250980214647,1210.0273400840952,0.0,,0.0
vienna,881e067913fffff,11.699176885880732,1.0258280542364282,2.4429677094196927,22.68810031291787,130.03683810446776,1.083063187076749,0.1,1.7504944549382484
