city,hex,intersection_density,circuity,orientation_entropy,mean_street_length,greenspace_fragmentation,auc,rho_star,total_persistence
singapore,886520d95dfffff,7.371216715279566,1.0638133176339515,2.9951130608678413,38.24937664090251,367.927752052984,14.938603453424175,0.15,20.65493324178194
singapore,886520d951fffff,5.998116649795424,1.0783088936825798,3.344423233141978,51.298153346651276,16.661452102564613,6.030240849337604,0.15,10.273800390129
singapore,886520d959fffff,8.034538790641921,1.0855998535459228,3.5165712880840077,36.582392542063815,99.70188421369194,11.479992424112552,0.3,19.301070147682484
singapore,886520d825fffff,7.423289761856215,1.0985321925587221,3.4914853721252705,38.6806510820642,282.2255017674916,13.077258376332882,0.3,15.776377858523276
singapore,886520d847fffff,6.05400408725584,1.116471777109078,3.385534723288153,48.47083330659448,44.09620430858232,11.083546488381849,0.15,18.760744603748954
singapore,886520d809fffff,6.738388259957079,1.1274814057576994,3.4197870723980204,43.02306309791536,18.124552915702445,10.531500706965792,0.2,23.2364989404537
singapore,886520d86dfffff,8.024918267149395,1.0657531644511453,3.195495383796036,36.409807643824976,675.0150354140151,13.925910363241684,0.3,24.472893549204134
singapore,886520d801fffff,7.368280350538625,1.0951946248533746,3.347430389939203,39.207097877019756,19.114281109107285,10.890505704295633,0.2,16.549808363275986
singapore,886520db35fffff,6.7441568115522115,1.088824731090961,3.4434018338674894,45.83816681378228,34.92350874477734,5.43223209362296,0.2,3.7773202816799314
singapore,886520db39fffff,9.579170141272568,1.0679509250590196,3.4944073031671574,31.381349638441435,57.550636350069134,5.218431862077452,0.2,14.295429808732715
singapore,886520db37fffff,7.838451083876276,1.0753300162047237,3.098132128738507,35.459252901007815,346.07600733437573,16.277879072166634,0.2,19.97856929797306
singapore,886520d869fffff,9.00381560312534,1.0522740600050804,3.373026019839922,32.20269080660041,437.4348072781396,10.398236988934983,0.3,16.58319701170115
singapore,886520d86bfffff,6.674405972856679,1.1064182414875052,3.4982773763426547,43.12149799062856,85.71574831178451,10.341872584613963,0.2,11.516337591041172
singapore,886520d953fffff,8.109490663337185,1.0847587969402868,3.40197983633957,35.10975399594998,788.2155318394949,10.855200991599343,0.2,20.270496494082643
singapore,886520d957fffff,7.226778516298041,1.142498249200516,3.5352172580392853,39.441065820814345,365.6966165682228,9.769477538926584,0.3,16.501601438821268
singapore,886520d95bfffff,8.420928788241017,1.0885257737273486,3.386640053657048,33.62737552246576,391.3167862285315,12.036562469438799,0.3,20.691195537999633
singapore,886520d82dfffff,6.325366970220183,1.088066249665107,3.41284234623199,47.02357444333217,549.0211426895505,12.050781377448178,0.2,15.209504498479909
singapore,886520d865fffff,7.644791516884433,1.065831506316394,3.3098688754021435,38.12271619803152,126.37355286798405,15.882965627470146,0.2,20.518662960483677
singapore,886520db33fffff,7.342614742477257,1.074859906987052,3.360956632898158,38.88546305416701,198.84428676904545,15.880494503085313,0.3,30.556485107673367
singapore,886520d821fffff,5.331653138664103,1.172582908718444,3.519514494187722,54.50935993799832,492.8272411037707,13.215275905503328,0.15,22.275625794524263
singapore,886520d82bfffff,8.996189945775788,1.0878543565269476,3.200180849366951,31.825849774782135,392.9930821350205,20.692996365567907,0.3,33.3315769058301
singapore,886520d83dfffff,7.69228048430281,1.1471480696960203,3.413752275957134,37.85943799509072,157.9539521633844,18.747997719599052,0.15,27.72278067730599
singapore,886520d839fffff,7.287111433928242,1.104747378807111,3.479034269421059,38.948166392210304,473.9721756132387,12.57982329621228,0.1,15.88866663061794
singapore,886520d81dfffff,6.847853317163941,1.182983336165864,3.424460673238903,44.50949902562702,48.31569003373692,8.059385321374723,0.2,17.431169294686654
singapore,886520d94bfffff,7.764241653966055,1.0667458211863,3.0921178034451047,37.01237250998541,172.30704499621064,7.295035662676242,0.15,12.113154025964246
singapore,886520d949fffff,4.578276337521567,1.1570356645559041,3.451443189061359,62.12624943441633,31.612246835168527,3.8129513212971844,0.1,5.677850812602797
singapore,886520d94dfffff,7.506578111694468,1.0723055882123806,3.305490194473185,39.09614427542638,107.19052414062165,10.30891620317871,0.3,23.124909619494815
singapore,886520d829fffff,7.902840990692445,1.109548106556521,3.421268668781811,36.54911040849574,229.26608543311184,10.761038837550585,0.2,24.100744596644738
singapore,886526ac91fffff,7.491709331012547,1.074557723715585,2.86760263363905,38.77657026728595,334.8494571483523,11.770279862510103,0.2,23.514959666180257
singapore,886526ac9bfffff,8.269808401391387,1.0847905823445625,3.03717349105906,34.53087876487325,272.8535822808884,12.727427694072496,0.2,21.479875939078273
singapore,886526ac93fffff,7.868884243898806,1.1237134989573996,2.981921954400688,37.349489510115234,158.8888656943436,8.764922169614922,0.2,15.897416724298054
singapore,886526ac9dfffff,5.905182211166874,1.1595753474735686,2.855771397368279,46.871663631700386,197.86628630340346,10.056563268533735,0.1,14.48961264002072
singapore,886520d9cbfffff,7.759311203777588,1.1091904424919077,3.405213718773243,37.489946166302694,290.7300097997868,11.133510242838419,0.15,19.86881852659669
singapore,886520d835fffff,8.114976390557851,1.1088400331539234,3.4812777224172136,35.70686279765739,108.53600004699962,10.905137401665389,0.1,23.627184792746384
singapore,886520d947fffff,7.073627506028235,1.131543251480777,2.822219583690476,39.77324330860751,180.7203408608776,15.838785714825814,0.15,23.31671679115325
singapore,886520d943fffff,7.064571346617336,1.067581110913548,3.0478358781821475,40.98514537598508,353.0350141211096,15.377647720067895,0.2,31.030821915621292
singapore,886520d941fffff,6.4273545961005665,1.1711788417865352,3.233239779171055,44.97379064403457,119.20225084711826,14.450822388936139,0.15,27.91982324040033
singapore,886520db31fffff,7.18508780871054,1.10832149410683,3.2637719061970647,41.130993690324814,239.78850598022763,13.241868599279954,0.2,15.879792362439902
singapore,886520d9c9fffff,5.833243032395392,1.1491181332265512,3.473072712198747,50.37978863358429,72.26658064939832,6.917062958271912,0.15,13.948667271053818
singapore,886520d9c3fffff,4.882039160621066,1.1118765387611285,3.493128343495708,59.866486479347515,380.669191884547,5.871633642784266,0.2,6.79511830786431
singapore,886520d9d5fffff,5.356193361358879,1.1728154596263058,3.4711315179898548,54.378570053795826,47.66164238255883,9.30925572352014,0.3,14.386242171743294
singapore,886520d911fffff,6.7803008626140695,1.0946713416492448,3.1736803307747863,43.234690315026306,174.06018955495068,12.58463993202151,0.15,19.76405951228052
singapore,886520d919fffff,6.135521497578829,1.1334025911959371,3.4351348999338747,48.24365787273444,118.5279285537546,12.327668408038873,0.2,14.557234174182273
singapore,886520d913fffff,7.998447443022711,1.1128670000150676,3.368494022603928,37.660213902259315,63.93696632335519,11.13241158801605,0.3,23.217557795360165
singapore,886520d91dfffff,5.765806157615066,1.169818431578175,3.3960267837149,51.45624720597118,523.6989243619456,9.320897384265216,0.2,17.846825106240203
singapore,886520d98bfffff,5.5025060223806515,1.0843471655962653,3.3409147004363153,53.2908244923465,97.01828898778062,4.536010836192826,0.05,5.498408956329783
singapore,886520d9ddfffff,7.855137843955465,1.1052010428133012,3.4717356236155013,36.59256135750122,168.6545343781948,9.298662195962532,0.2,21.21619061939692
singapore,886520d837fffff,6.630542091297728,1.0842301649265522,3.491643978087034,43.20150535397366,78.84227970562358,9.715329136711892,0.15,22.67980973362024
singapore,886520db17fffff,8.312196435739338,1.0692529917220999,3.2461320835316054,33.9392955789822,160.75299184758754,7.002988427192087,0.3,15.014207576244885
singapore,886520d861fffff,7.563803914618159,1.0854537076779498,3.5066623746226355,40.30512845210823,109.08437058307946,10.563027332161905,0.2,21.12646396155269
singapore,886520db3bfffff,7.045701716702021,1.1265249760896296,3.1117610664079223,40.49025484406292,172.56473262376772,9.343785922357418,0.3,14.246310786121693
singapore,886520d863fffff,9.13626062385738,1.0756648968543767,3.354669702477534,31.4588866341447,539.7410408140371,12.556461345308097,0.2,23.01125242396582
singapore,886520d9d3fffff,8.027489343405348,1.0901377293074674,3.468376740512964,36.69923260535919,382.4045724613965,13.01236194065973,0.15,19.797551088783205
singapore,886520d8a5fffff,9.622551198716518,1.1099409899284165,3.4951227701708376,29.92126155593843,491.48497139650794,13.268042511130902,0.15,30.853339608113348
singapore,886520d9d1fffff,7.378806546733141,1.1253716818099317,3.3268238753540613,40.54309622712563,366.85998441967575,9.906262254145945,0.1,21.40875509078898
singapore,886520d999fffff,10.06535256757471,1.1123674799286154,3.4194129315220825,27.70701419087893,691.8000691816776,11.214021175916242,0.2,32.51894110656415
singapore,886520d99bfffff,7.345849814531959,1.2115907855823225,3.4609971175173273,39.37130401201058,500.6436052125973,13.370722738807958,0.2,23.506457784505827
singapore,886520d993fffff,4.041792169590195,1.1947205592668961,3.3704334505337683,76.0730021402835,142.98509891814447,7.9902529229656984,0.15,17.739086100432516
singapore,886520d9d9fffff,7.843061300993035,1.0751462660292277,3.5284248730791425,37.2266378796173,96.25725665940696,8.753513867608168,0.3,13.745157936448948
singapore,886520d8e5fffff,8.717255590562303,1.1236408077534359,3.551714223772303,32.569837495338966,605.9234454496969,10.614162050930208,0.15,26.367808109422675
singapore,886520d9dbfffff,7.657068545479474,1.1061921562820267,3.53151390582996,38.31255821021767,208.61829801854628,8.983835003955827,0.1,26.64562241149302
singapore,886520d833fffff,6.743696961207068,1.0830172959653974,3.462019775365155,44.36443831771796,82.97456777858199,10.230456206286714,0.2,18.453613452818235
singapore,886520d8edfffff,6.873808088851393,1.1412292686137588,3.3165988063754868,40.59473299712549,91.97714726242229,10.525482237186859,0.15,24.047222315299635
singapore,886520d8e1fffff,8.244348926843397,1.0702212035831762,3.246372944206839,35.32033692437057,32.21809500195627,5.546186134908567,0.3,11.581103378568523
singapore,886520d8e7fffff,8.315188208592746,1.0794215910314524,3.507659182327315,34.171827452046024,367.6395424239939,13.682338872328833,0.15,35.60685723858448
singapore,886520d8a9fffff,6.80988592775501,1.1151350885881988,3.4637650738155807,43.93323633359044,6.727636669111389,11.372450803515406,0.2,14.718390966305726
singapore,886520d8e3fffff,9.522605253955224,1.051044086295965,3.2087705921419953,32.751666146118126,47.018993774632364,1.3060302981005512,0.1,3.300025467458701
singapore,886520d8adfffff,8.312593337637239,1.0677631405565744,3.4169163219865553,34.58607781259734,134.60809131246808,10.499109076173088,0.2,21.194650715104526
singapore,886526ac99fffff,6.395090829921437,1.0779530997523463,3.0044305615229145,44.7951956004351,460.1789589685795,7.771310107410763,0.3,15.077427219288957
singapore,886520d9d7fffff,4.749431517160347,1.0917372436889523,3.453379126527955,61.44347176791557,302.1678328466472,3.6023283692414174,0.15,5.266413620623362
singapore,886520d9c5fffff,6.627668345937021,1.0367074056765704,3.210683553686135,43.69902451244145,441.9724134914466,12.200721240667542,0.2,24.697148813905645
singapore,886520d955fffff,6.604909054049398,1.0827239446385872,3.147133680840527,42.38729398598521,449.110121919054,10.985278550204724,0.2,17.001815044725806
singapore,886520d867fffff,7.666136938624401,1.095563999980142,3.42492584502564,37.788731878137476,361.941326970706,11.133736602576642,0.3,18.334891627752054
singapore,886520d805fffff,8.339531767023715,1.0958063609955044,3.275071378349175,34.144344722617326,200.0475573081003,17.042031407978854,0.15,21.519555650603873
singapore,886520d807fffff,8.600193294042304,1.1379866815347102,3.1072571651331047,33.348645600077475,101.35508894297465,14.152970344047873,0.15,27.458333825108582
singapore,886520d9c1fffff,5.359826030344616,1.072714706388662,3.4680665607849757,54.21184122223585,601.6023266462059,6.842368633925217,0.15,8.993560876363183
singapore,886520db25fffff,6.487120888084334,1.0456532682439312,2.9359258283931564,44.642910991221015,169.41548666679347,5.637459585249623,0.2,9.45308324477701
singapore,886526acd3fffff,5.98103195330274,1.065984168774302,2.9854998013267093,49.93414521985398,136.13606280897264,13.648263225888655,0.2,20.134244672999998
singapore,886526ac97fffff,7.595538058868497,1.1274067531509944,3.383607686096031,38.05211334284007,141.35253352227002,10.054325757474057,0.15,20.122287533069425
singapore,886520d80dfffff,7.515117862625847,1.150808472972122,3.4901326080716286,38.4299987609698,71.41634713737025,7.226827795445679,0.15,10.409443500553014
singapore,886520d90bfffff,8.135797472971973,1.1284574716494264,3.521149662738182,34.442816595509086,534.0704942303557,14.412646181752379,0.15,23.938287096608075
singapore,886520d91bfffff,5.22139923115643,1.187724429700687,3.500494614511378,56.394967778435934,145.54356716022178,13.331728739756267,0.15,22.086411300215126
singapore,886520d9cdfffff,6.683575588286,1.1679789503266018,3.5623745204374484,44.47623432187968,13.150198538236452,11.634993435414438,0.1,23.59989767977183
singapore,886520d827fffff,7.703935782233248,1.118678975049539,3.5543945743707033,39.064171328195854,33.844289275406254,11.632525732144412,0.15,24.313044393747994
singapore,886526acd7fffff,6.642339271619485,1.130646063626137,3.0144081552178537,42.04305179652995,543.8246957059908,14.039802307896368,0.1,23.15211904146596
singapore,886520d909fffff,7.421134470091843,1.2002815532354714,3.4032203997383994,39.07032559569272,100.42692672615699,14.660563661695008,0.2,31.540620177396097
singapore,886520ca19fffff,5.764292777221891,1.0921283005580098,3.327425381473027,52.46425997543811,108.48699629660295,6.559248584328485,0.2,11.177071911266783
singapore,886520d8a1fffff,5.4347196057425275,1.1823114970160262,3.2830054728071767,51.67592373071195,110.27432121374093,4.680481289962104,0.3,2.902967969106042
singapore,886520d8a7fffff,5.228060708773056,1.1093952459505785,3.2344777647530747,54.593219659388616,182.268757956648,13.933800777772511,0.2,24.87674579549198
singapore,886520ca4dfffff,7.083886751079766,1.106289559109209,3.2121363026495593,40.10381857778939,435.75006167259113,15.06667987208076,0.15,27.440826160005905
singapore,886520ca41fffff,6.948109472691142,1.0801100258710294,2.821218823804185,40.65483250002907,146.85653934225834,10.072672794748637,0.3,11.005093309034143
singapore,886520ca43fffff,5.929409091814152,1.132521523371416,2.718074225349198,47.899141557675975,117.39951969309593,7.287211817481213,0.2,12.715372042571895
singapore,886520d8e9fffff,7.763306847267751,1.0864161373534678,2.8072638784749446,39.7167520747746,147.83973985320407,0.34713996871926295,0.05,0.6531423825633229
singapore,886520d817fffff,8.14950460007409,1.1351900559075947,3.303053492160802,33.17629520301298,397.80705983481346,12.08131394550644,0.15,28.585578533324497
singapore,886520d803fffff,7.641731238360332,1.1192590348112825,3.450132340433891,37.077113090688506,15.051395299580246,13.444574322132347,0.1,21.80784896937791
singapore,886520d80bfffff,7.669847622006485,1.134305991345613,3.1301661908251743,39.114206016196945,90.56022150241508,4.313588671945965,0.1,5.980420414205931
singapore,886520ca4bfffff,5.804470411771042,1.142360595118181,2.3799340130383007,53.36137344179017,67.38654690065249,1.0527684440970704,0.3,0.0
singapore,886520d8b7fffff,3.460338734007914,1.2914937080678976,2.577172419341633,81.47708870820172,0.0,2.205684352407096,0.1,2.8755468444745578
singapore,886520ca5dfffff,4.335433647305848,1.290018113246271,2.7861403452526976,70.04627594377037,208.58077559501803,1.7370755939100346,0.2,0.0
singapore,886520d8b5fffff,4.585324909748414,1.27258649346821,2.87385456273164,64.10800755494834,190.37467128722565,2.623526778149699,0.1,3.89383459583501
singapore,886520d8a3fffff,4.572001459689552,1.119427419530428,2.826911953028494,59.447678263280174,67.83563927940385,0.33346581323794894,0.1,0.21763924783675392
singapore,886520ca49fffff,3.479791326956212,1.3690043588273753,3.1917703462634277,60.34844629137231,65.36321178885831,0.4025291391018734,0.05,0.0
singapore,886520c121fffff,5.741008652522028,1.2574797105017306,3.391285720090095,52.77045957621783,25.427370097778063,3.8893976778907224,0.1,2.7988645650980466
singapore,886520ca51fffff,5.305005954765977,1.153444723025704,2.8340097761369822,57.077227365573826,0.0,5.539546867396071,0.1,8.926598463422078
singapore,886520ca53fffff,3.6220175695262737,1.1788761458441053,2.928342604946893,82.69953548184735,21.634239096888468,7.825260116490241,0.2,8.738147456116426
singapore,886520c127fffff,4.936943150002778,1.199771591473797,3.4600106399553683,58.04546568030526,0.0,7.344446500818403,0.15,9.554832587030331
singapore,886520c123fffff,5.972599127203853,1.3353283496997854,2.983795204986171,52.873040188794874,0.0,1.4817314246778375,0.1,2.035499872434933
singapore,886520c135fffff,4.905142710486501,1.1460742116089662,3.0657936416934644,59.57172083558204,0.0,1.7930010293379248,0.05,0.4518742729526668
singapore,886520c137fffff,4.389982609036997,1.2168724141395424,2.838118999539094,63.63401671468741,0.0,4.782536377221316,0.1,1.7515814873480764
singapore,886520cac9fffff,4.01460092341864,1.2357978869399429,2.87360141759272,74.86334353540202,352.27323284863564,3.1956552573829815,0.1,3.401015668338701
singapore,886520c13dfffff,3.602171835788285,1.2584312166060279,3.060355475523906,85.99884259209988,0.0,0.1168398391736067,0.1,0.8824642948492709
singapore,886520c12bfffff,3.4470700488238575,1.3756489845243112,2.8216961854350964,94.28296941946112,155.73253617773503,0.016747955416986465,0.05,0.0
singapore,886520cad3fffff,5.101182875135293,1.1565118945174828,2.3814511780330756,55.767998439605925,231.42248389033858,14.785235279965722,0.15,15.21588574883532
singapore,886520cadbfffff,5.171177892848666,1.1173482436447575,2.6732105019491263,57.114422154717765,0.0,2.95296826664225,0.2,3.890623824094842
singapore,886520cad1fffff,6.236255480578334,1.0857746961557382,2.3906166500086536,45.25173896917607,1245.1397070848145,2.91987921233049,0.3,0.45256450935290093
singapore,886520c1e7fffff,4.968370298661234,1.1102205710671027,2.7065065579203815,61.36379344805269,0.0,0.14629098435325533,0.15,0.08362843062411685
singapore,886520c1a7fffff,5.3984758229454215,1.2140125869988536,2.9836033489652265,54.90418067762,76.72013412754005,5.055582076297399,0.3,3.3992056866275253
singapore,886520c1a3fffff,6.449550889679529,1.1588073940279138,2.3996260438520842,48.67834888697075,208.6877246356496,8.094342033684013,0.3,8.168553237791166
singapore,886520c1abfffff,7.107177119168225,1.0702237174804077,2.135370076148556,41.684601009965775,0.0,3.908195381997774,0.15,6.001433209948061
singapore,886520c187fffff,6.360592209127618,1.2238226427969034,2.330561435582256,46.72564871810257,0.0,8.217812546588773,0.2,11.39391223305664
singapore,886520c1bdfffff,3.336681339712109,1.2810971237137008,2.32535640303582,92.2150713135991,0.0,0.0858540747923768,0.05,0.863182802829165
singapore,886520c183fffff,5.061985019574956,1.0943029211150712,3.4740792088249117,61.512873764910466,0.0,0.25475578939378196,0.2,1.303897225036227
singapore,886520c181fffff,5.767533807268248,1.129290890026704,3.045263622891969,52.27027674382784,0.0,2.8461708019717635,0.3,0.16587689396200034
singapore,886520c18dfffff,8.283837392458572,1.2460044831150003,2.8478396888941275,41.020339867133394,0.0,0.3372156417218018,0.2,0.0
singapore,886520d945fffff,6.190035172060225,1.1358796000911717,3.151522530433362,45.840266254490096,330.3930270461446,13.307171183099138,0.15,23.148008880742484
singapore,886520db21fffff,5.775270334152061,1.0792426349563855,2.8658022618123944,53.354997611373776,19.982671145032615,1.568877176012783,0.2,0.8498219388821814
singapore,886520db23fffff,6.945156418347791,1.1599597404187016,3.041253188479858,41.450295794385035,33.51106505351116,2.9006239712385007,0.3,7.7801402749200985
singapore,886520db2dfffff,3.2579970936501095,1.0472179136192732,2.88301706318125,88.85019718854733,11.78938854788439,6.1675120511393855,0.05,5.208752878517802
singapore,886520d969fffff,6.1836551193530145,1.2057075995715656,3.2078386641433196,48.36385839578295,121.41206069631546,11.930323095809346,0.15,17.283247953776538
singapore,886520d823fffff,6.980863946743943,1.0777460552049172,3.343838656159431,38.6732149272951,81.23276166547073,12.79566568163716,0.2,20.664880277046734
singapore,886520d831fffff,5.868098029500906,1.2057466720900172,3.459208934251009,52.810268638216776,115.92472997227172,10.12627027059923,0.2,21.039564991087904
singapore,886520d83bfffff,5.5960622220745,1.1747578911006715,3.4760951144701604,53.60912514814532,59.70043570147187,5.6660931015175064,0.15,12.654983826098993
singapore,886520db27fffff,6.290720656065844,1.110402595845101,3.3144960860536425,47.65070616581205,23.895174576318464,8.57700754595024,0.2,15.655358262630259
singapore,886520c125fffff,4.239075215342812,1.277013499060264,3.271240179670208,70.3896679384735,30.41642226904462,5.882840328349397,0.15,6.583317478146743
singapore,886520d9c7fffff,3.7480598679843715,1.2165899416852781,3.36215604900903,79.49318206586729,996.3873779809263,18.0483238630364,0.1,28.252503943649696
singapore,886520d989fffff,4.761910172565292,1.1163902602374036,3.360808158597214,55.938801068989775,184.23909925013146,9.831432511330478,0.15,16.84306545735091
singapore,886526ac95fffff,5.587608484361832,1.193497346093174,2.5181984671782134,52.22150297154088,169.4959325318701,5.527658950034891,0.1,7.716111380845123
singapore,886526ac83fffff,6.658656959740178,1.1279244636947028,2.852671105768113,41.838208556271624,235.58355624662534,8.12773797867678,0.15,19.555673615188326
singapore,886520d843fffff,5.987490067397197,1.1274735993911362,3.4351547055814655,51.20164536639667,149.25259415566563,3.8898563019969434,0.15,7.475082501679867
singapore,886520cacbfffff,4.963432993477386,1.1243015579614415,2.397213436554378,57.05791241106048,0.0,0.83547535075905,0.05,0.4408496240678321
singapore,886520cac1fffff,6.034980446918497,1.101679410960595,2.7064442391816983,48.08099516802832,1053.7637300132844,3.5565708623997203,0.2,3.205472599024512
singapore,886520c131fffff,3.707769559995629,1.3558359645398061,2.7768019384495526,74.7548920067743,135.00003391161738,0.13702872902292806,0.05,0.0
singapore,886520caddfffff,4.159148378590923,1.1011587968426386,2.7058080091817396,69.76318563388428,0.0,6.477061881210991,0.1,5.820615947690122
singapore,886520cad9fffff,5.562504072488364,1.1707447624258938,2.5434249104280644,50.88873273258639,0.0,12.766622056103504,0.15,22.443123367935637
singapore,886520c1e5fffff,4.865428841066037,1.133655296986602,2.6506221754863617,58.35448575335479,0.0,4.042582094725725,0.1,5.4464474404088605
singapore,886520c133fffff,4.505930701975209,1.2176426165928442,3.2101719519359615,66.34407378053004,0.0,6.63628312916996,0.05,5.863031781579237
singapore,886520c13bfffff,4.696010227319825,1.1597349452197419,2.8612841817188075,64.55471594495026,1773.9793991247016,1.7971383917835384,0.2,1.900096318173166
singapore,886520d96bfffff,6.727714405677678,1.1018882795805418,3.3547799063798993,44.420817634654156,302.1757137829525,14.635944230266418,0.15,24.117602391645004
singapore,886520ca57fffff,4.523315838261168,1.1059789295459115,2.669656425353554,66.86889587589421,82.38227401207834,7.740600001879587,0.2,13.035924201761116
singapore,886520d815fffff,5.604884998272608,1.2353206716567318,2.9290836184066333,51.39956355002241,150.91688176208763,7.9741892017515585,0.2,17.236388834701717
singapore,886520cad5fffff,3.9546339549988785,1.7690656031952827,2.74065725508946,80.07483632369623,41.55205256586384,0.44171297670776655,0.2,0.11807138689549745
singapore,886520cac3fffff,6.729622327090189,1.1635725335719578,2.4024866561302436,40.250019581562164,217.88999878107458,2.640440999688279,0.15,1.7538969532626814
singapore,886520d84bfffff,2.038293680613335,2.207217893061682,2.8389889331546994,156.10204810431213,163.39476687098974,1.6338778787647308,0.3,2.0625385215080447
singapore,886520d85dfffff,8.799341131580576,1.112258840368887,3.5041355642379557,34.655441854687986,182.13267943318277,3.7889529842905683,0.15,9.807608495651895
singapore,886520d8abfffff,5.556088861741829,1.0699676335496782,2.284913677537322,48.74532068740662,0.0,2.080570919988557,0.1,2.717528589714721
singapore,886520d8b1fffff,3.980355925979509,1.528240819084007,1.9100503437754455,78.95919865718368,0.0,0.0,,0.0
singapore,886520ca59fffff,5.554079534390931,1.2011406604446595,2.7546454144708568,57.28794775293223,0.0,0.02987474232523759,0.4,0.0
singapore,886520ca55fffff,4.417504572406603,1.22454148040906,3.371715382398288,66.21161648684611,111.2757626440873,7.5440662791287245,0.3,11.628930546668585
singapore,886520c1a5fffff,5.37692647465151,1.2267864623749987,2.2991963063450944,54.56893915807374,168.91739682127806,6.850134751732386,0.3,8.606111311676166
singapore,886520c1a1fffff,7.200017097285686,1.1679098643348824,3.1118614063875536,42.92422003091438,26.39042872207999,0.4079659115901907,0.3,0.25294641531562967
singapore,886520c185fffff,6.606837084657813,1.0849097014537448,2.617471268251506,46.45652513243469,0.0,11.06732605435799,0.15,15.977164590004538
singapore,886520c1a9fffff,5.367040476856303,1.0055743128264187,2.807429015901532,59.68140195350644,0.0,0.46914396366465716,0.2,0.7299251864732721
singapore,886520c1adfffff,2.926822424614006,1.1386699690028008,2.0248074673823773,106.77108299155283,6.387263942734969,0.0,,0.0
singapore,886520d857fffff,7.299765919915117,1.1352649631964071,3.4896476486140533,41.895212267573996,28.24256769940403,3.3793585622628024,0.1,7.78773141964981
singapore,886520d855fffff,3.559984895808953,1.3494525909071389,3.371080499166351,79.00314417937727,57.871398776300474,1.7010648851065322,0.3,3.123573473328765
singapore,886520c12dfffff,4.637341373462516,1.152127744196996,2.5445145629074983,65.22468618190761,2.444906779040683,2.766456051273701,0.1,4.774968934959883
singapore,886520ca1bfffff,4.719736846374446,1.2077426139348284,2.7069197254689112,61.52559450590549,41.87278549869494,9.65829985679537,0.1,11.992458326108533
singapore,886520c18bfffff,9.907242075030165,1.1347963961052576,2.4476250354619427,32.44379909103943,0.0,0.054611057015021044,0.15,0.06989107456009336
singapore,886520c1e3fffff,6.615003191239972,1.285520203670679,3.192650678762991,46.12954068225178,0.0,0.11005593493593242,0.3,0.26602271415245937
singapore,886520d991fffff,4.564016930570604,1.1484871706891209,3.1556649084607056,60.658328353151255,404.2884264437252,12.050774024092046,0.2,19.054695790074415
singapore,886520d901fffff,7.485258023889297,1.1224706339154897,3.2414907172763714,37.2607395910558,305.35161284471974,12.6281360788251,0.15,27.042387264715877
singapore,886526acdbfffff,6.919270570381099,1.0814356304166266,3.1902371166874004,46.356724125541106,17.94439923975172,1.0715363233899378,0.2,1.6837888868311115
singapore,886520d811fffff,5.8328537482717735,1.0412902824690673,2.0230942657434148,48.39107522621494,279.54882196010993,3.0165922524225057,0.15,3.795141444125088
singapore,886526acd1fffff,6.376457976089857,1.1018270336510623,3.246734982016919,45.589208853669064,26.90080817628494,13.141758443064733,0.2,22.90862576321858
singapore,886520ca5bfffff,5.404451161503974,1.1461056794396136,2.9724370484171154,53.96786055616801,0.0,0.042442712340195234,0.3,0.7056440409972673
singapore,886520c129fffff,4.633824485452083,1.1237982406082432,2.3888897147295802,64.74133859447022,13.44647791038018,0.0,,0.0
singapore,886526acddfffff,6.619622175622707,1.095028924940704,3.284851085340035,46.13089983312418,8.831673966957185,5.102410512357442,0.2,9.021659960175757
singapore,886526acc3fffff,5.876185449062287,1.1993358587101661,3.1160767136547975,47.5205843148521,24.829425616490614,6.59799492627557,0.15,10.417981791111476
singapore,886526accbfffff,18.3870517558373,1.0644721029833784,1.7764021910784538,18.128699356464836,114.94482234608789,0.0,,0.0
singapore,886520cacdfffff,5.180124350649955,1.124382792714113,2.155537536849558,54.141513046834994,0.0,7.971032505744464,0.15,7.385063594014197
singapore,886520c1edfffff,4.4506463080142895,1.1037477734558294,3.2299291528084835,71.42810562040302,0.0,3.8272255194180826,0.1,5.2501594781252825
singapore,886520d90dfffff,8.254609926933842,1.1769675676325975,3.26579659221512,34.65985004340541,315.40922304543534,9.644016088604674,0.15,26.206463570624518
singapore,886520d8bdfffff,3.68167293976232,1.6087698658853835,2.6051390439761524,68.80929878298427,0.0,0.36282233763721666,0.05,0.0
singapore,886520c189fffff,6.717548281365948,1.8632260821361633,2.0523838812249515,47.3657657309936,0.0,0.11668502546190021,0.3,0.02538857891447943
singapore,886520ca99fffff,7.084656554924031,1.0645771071587566,2.1300829926110354,39.02534256518125,42.60731043260256,10.57450208757465,0.3,15.73965602595227
singapore,886526acc1fffff,4.786499203845338,1.1427447568340183,3.1152333185461996,61.04833193600875,12.662438199533526,4.667075829065149,0.15,8.145888707708863
singapore,886520d99dfffff,6.362650055606466,1.1383928725267858,3.3204573359449667,44.235806021482745,429.36388947367885,3.1324770233909223,0.15,5.862537701092573
singapore,886520cad7fffff,7.186367680139921,1.113318323021494,2.0748112675541774,38.51538448980742,0.0,9.407814681039273,0.3,11.931749589675938
singapore,886520cf4dfffff,5.2225683580798385,1.1597825569437625,2.465371785887206,65.38227768830791,253.26510537377968,0.42991672869003583,0.1,1.1072931123753031
singapore,886520ca9bfffff,6.2135684413683325,1.1756895486084602,2.731669943806488,47.71174242121397,50.69820769694314,10.135120988195968,0.2,7.402309293753065
singapore,886520d903fffff,6.086974598048777,1.1113944034315715,3.319750279017583,46.90775543584512,349.04599977158375,14.540303129155818,0.3,24.20094806137753
singapore,886520ca09fffff,6.042219599268841,1.1401636772626067,3.344048234497826,50.5700844756669,25.985394833678598,1.5900980771071116,0.1,2.1564876716879784
singapore,886520ca47fffff,6.0011533787864435,1.3369721377871753,3.3270344570141988,50.44075423446612,106.43372475626941,8.602497448722643,0.15,10.623917645432705
singapore,886526365dfffff,6.942237025907814,1.1212529804990918,3.3153807027028583,41.55657234758758,80.49343783582859,12.962417623410683,0.1,21.157554373987036
singapore,886520d915fffff,2.208657849403323,1.105212501173977,3.3561222637799806,108.26956961541627,27.89400716314825,2.152564851094497,0.15,3.9817748030071374
singapore,886520d9a3fffff,4.649599994746852,1.056382915942454,2.8613024165759127,77.66498441136802,13.018407556327924,2.307873987563987,0.2,1.8002292313950132
singapore,886520d935fffff,7.306984386561893,1.1400560324615099,3.5258301427123366,40.41886977629071,387.9725936328829,11.957234074965,0.3,19.128402804400917
singapore,886520d9edfffff,3.488342936757628,1.1443633941903402,3.356350539013098,84.38242570934749,49.11407470511502,9.30877745595344,0.3,17.696466157706503
singapore,886520d9e9fffff,4.620628583627138,1.1571839921839322,3.349085257093209,68.53324411071515,79.94094403966137,5.646176915787823,0.1,8.115431028962902
singapore,8865263647fffff,6.332112926707233,1.1798269377551913,3.2479622574970737,44.47317959453051,59.5997510311817,5.854894551473187,0.1,10.004021610999619
singapore,8865263655fffff,7.346910850329812,1.0943540047112412,3.335483203665371,40.21479931817633,681.2729582334448,8.42394375411855,0.2,15.907413999791661
singapore,886520d967fffff,7.095893742644445,1.1139739432327223,3.4299400049702484,40.493080081790694,39.40713208156816,11.747255495680292,0.1,17.800363611397113
singapore,886520d937fffff,5.294525327514526,1.1942985339272918,3.4191284266354565,59.14577219981701,760.2833616559203,7.043158265791418,0.2,11.639114622791654
singapore,88652636ddfffff,7.9121657254033915,1.0892726810241813,3.310084877229382,36.911376707635654,193.40232278821637,7.676766707703603,0.2,15.631653819151918
singapore,88652636c3fffff,6.982300414888082,1.0800687571670655,3.4265327392501574,41.64913236922787,341.1724842115641,12.962597010359376,0.2,29.374082267257407
singapore,886520d927fffff,4.859672855880781,1.1104042728385033,3.425248165837297,60.36577816639193,46.68718952889101,5.0306333079155205,0.2,7.89255459026797
singapore,88652636c1fffff,7.8514343909767454,1.088778333871097,3.2924309416013107,36.56172621643122,109.17028604373625,13.396877333942196,0.2,26.155564459036768
singapore,88652636cdfffff,7.211371672025305,1.100718658558622,3.439322296694036,39.996866199980104,167.22264778458003,10.89520737989411,0.15,24.824841805368365
singapore,886526361bfffff,7.709561907823525,1.0883472987236174,3.179200763145915,39.482297594105766,132.43228857624837,10.957150084654296,0.2,16.462693003269912
singapore,886526360bfffff,6.921745478706525,1.1418163801187378,2.9872148938839986,42.369259556194244,129.46779250191435,10.60228052216945,0.2,15.42041723674761
singapore,886526361dfffff,7.613975091855543,1.138200618682346,3.103059187791073,36.66167815456458,305.5229269455465,14.854103452941771,0.15,26.659396369442288
singapore,886526368dfffff,5.345449338840144,1.1335128972707373,3.3961191713417245,54.08631303598431,102.51872024034658,5.127909655631017,0.2,12.213404253696584
singapore,88652636e3fffff,4.389091287247978,1.1131324904757818,3.4114598309292092,63.435831645974474,463.5053047720053,9.943147496301021,0.15,20.838048937765002
singapore,88652636e1fffff,4.656404851528794,1.1215068261145802,3.251371242756043,63.080720492088716,123.7212787189552,9.181547243127886,0.3,13.667332497113904
singapore,88652636edfffff,4.337799051059725,1.1250415798887765,3.31324955085051,71.79693533521727,227.93253782863988,7.83414789060947,0.1,15.298241713464128
singapore,8865263689fffff,6.68522258671437,1.1456546446556397,3.2318218463734008,44.02033148014433,534.3461321012895,6.845004757062563,0.15,9.662827678829506
singapore,8865263657fffff,6.563789648743656,1.0966811070713867,3.481662848294167,44.355358121821325,229.27043853229483,13.6080248488718,0.2,21.64926924838722
singapore,8865263653fffff,7.789771117603724,1.1286879868973914,3.3947084210582075,37.02767367203703,231.3459029159174,11.121187869236742,0.2,22.791843798723466
singapore,8865263651fffff,6.272010184047186,1.1292543114551872,2.9826726627501663,42.58453226226253,668.2804645618053,12.477245029741788,0.2,21.970149910440572
singapore,8865263687fffff,1.7042161764760966,1.0855924977852975,3.0325189149497604,201.70563144799587,53.91470835430404,0.3278421782566234,0.15,0.0
singapore,8865263681fffff,6.03107309907086,1.2305152305507046,3.1824443036139543,50.00557888011072,7.141652257545014,0.7039586784222789,0.1,0.5293915305802684
singapore,88652636bdfffff,6.868148282267495,1.1023436474036281,3.3553527521251065,44.48878256522987,61.96395658068244,6.016331634331156,0.3,6.172421900553631
singapore,8865263609fffff,7.029079925474333,1.1188138031575035,3.42553188935863,40.01234912420218,87.75458124735295,13.070282072771631,0.15,23.14620386555327
singapore,8865263603fffff,6.363540681172744,1.123162361185811,2.922423234520065,45.01144491013663,100.454785531075,13.499413630340754,0.15,20.312779804499847
singapore,8865263639fffff,6.624672750389858,1.1195408748443267,3.4202017052145894,45.427215835493634,161.55761189374456,13.821940204792089,0.15,19.510424552575238
singapore,88652636e5fffff,1.880947275784601,1.3417373664603758,2.930797810474644,187.06098590939163,137.36631084906486,0.6567239627269423,0.05,0.49580515264767744
singapore,8865263633fffff,2.855919559327082,1.2653128869525423,2.518920898826259,95.49543222832695,5.7880251043705515,0.7458148351252175,0.1,0.0
singapore,8865263459fffff,4.824546736169418,1.140534862458847,3.1140740450537523,60.962752180186456,49.04581446755134,9.969707217288335,0.3,11.834703328431566
singapore,886526365bfffff,7.260358676775387,1.1531132536512025,3.4798001282370525,37.222729650119895,376.35661826037824,14.66315200898261,0.1,25.698451907151387
singapore,886520d961fffff,7.552139709235207,1.1088474423905417,3.2483382783393675,38.37699546502419,282.1910738412636,17.12805680211696,0.2,29.94379238799318
singapore,886520d925fffff,6.045781215926154,1.063654577624167,3.336173123998552,49.11062828937774,112.04829559213798,14.219001248147347,0.3,22.613615368477753
singapore,8865263659fffff,5.496636055922828,1.1515785595190702,3.3643442221510718,48.685347015919334,283.8528634053844,13.544630693646123,0.15,26.232126427838466
singapore,886526acb7fffff,6.108589838166895,1.1126281973767855,3.3082820097352035,45.40692207564528,131.37659920943815,6.923996484930896,0.15,10.482381792332369
singapore,886526acb1fffff,4.902259268327857,1.2078898446425297,3.299916151961023,55.60678355338793,38.65908135340541,4.150992253079598,0.15,5.1622630678760295
singapore,886520d96dfffff,6.912943958430386,1.1206159426080338,3.351483181079108,41.72395666507765,155.5970668899024,14.678126030369354,0.3,28.01469173924243
singapore,886526acbbfffff,6.174386730226292,1.1967614706687388,3.2196971699015964,44.88762530789463,141.7886426581179,6.273292234770967,0.1,9.862367762158545
singapore,88652636c7fffff,7.232875633533216,1.1146226946727358,3.4649783515268946,38.12249900154197,263.63262490469594,10.844267526321511,0.1,22.198603270078298
singapore,88652636c5fffff,8.044532372129968,1.1053646184328454,3.1122737860165843,35.639560865129745,63.82371048550563,13.651251068109898,0.3,18.368532774164603
singapore,8865263613fffff,8.258721593014126,1.086792977582581,3.29692539415907,35.13601568480387,249.24607823129404,9.669694828736828,0.2,18.550294684593425
singapore,8865263617fffff,5.41819164061669,1.1508157707140223,3.410797980654957,53.93931047693551,339.95122917037787,7.93014545571083,0.1,9.356417539228595
singapore,886526364bfffff,5.1351293091925685,1.1321959582913557,2.5475510356049864,60.33520115538744,42.08942545102916,6.036705446971977,0.2,3.7574251304692328
singapore,8865263643fffff,6.423844864264701,1.1223758559843173,3.3664354991046133,43.672129753004405,102.10560292537821,15.710179305878611,0.1,23.99478981002983
singapore,886520d981fffff,4.896385692602215,1.0709122327086906,3.063876597317622,59.77530064093454,61.764315935082664,14.431119973827021,0.15,21.866409278431178
singapore,886520d98dfffff,6.059972640691765,1.0747474867178348,3.1717485815974067,48.509006892087115,132.37514358408896,4.981162609807715,0.2,3.5860014075470437
singapore,886520d983fffff,6.016936770487058,1.088798698555708,3.3099513322288034,47.643290531614056,182.6689003748173,7.245922231625204,0.2,11.428815225667925
singapore,886520d9b1fffff,6.7362059063228985,1.0942294659661511,3.3548467606053123,45.05031650051507,23.559069001932283,3.512153603304872,0.15,6.047693487790836
singapore,886520cb5dfffff,6.126510647503228,1.0914303021146499,3.2870461619255638,45.80975486724329,114.53240385525942,6.967140361706287,0.2,12.925621716157817
singapore,886520cb09fffff,7.4425451296992104,1.1436141546087772,3.486779122492814,37.682439663177846,98.98842496755437,15.464852830311813,0.15,25.93963906849202
singapore,886520cb55fffff,4.986763531976759,1.2287241920438359,3.193154256198089,58.090289989689765,204.24348215395233,8.607795804147532,0.1,14.749548934676792
singapore,886520cb0bfffff,8.406585584817527,1.1047965589067823,3.462986234437739,31.645429759618473,199.41880098207545,21.404882668519605,0.1,33.823133988051964
singapore,886520d9b7fffff,5.091666786922745,1.1409998312538796,3.3150578363297383,59.15642792075723,15.388410374538967,4.404720818958099,0.3,5.583935558375071
singapore,886520d9b9fffff,7.151772603202634,1.0835573543555956,3.5035496020121513,40.78243015389718,126.75102767777366,18.110932603800666,0.15,28.67389521705257
singapore,886520cb4bfffff,4.758908387630143,1.1582808142086523,2.990154645513329,58.37006202931054,14.445944041570687,4.462884407461902,0.2,11.595547311366563
singapore,886520cb47fffff,6.141828266595157,1.1169787329526897,3.281318930198099,43.68286954326756,24.12373894214711,6.322988410766715,0.2,11.67155432680017
singapore,886520cb39fffff,9.42020585452349,1.0996808354506886,3.3640446694144814,30.11634964892484,161.74424335907906,11.554543780687471,0.1,19.559047729017884
singapore,886520cb07fffff,13.379181213615263,1.1966453419601861,2.480212831075646,22.619588905739374,5.610269305625767,0.6684597600327125,0.15,0.06840065581498012
singapore,886520cb3dfffff,6.084682001632549,1.0617815903985461,3.4384752726754724,45.65197946305967,61.29262878364625,4.154009385827487,0.2,6.829042674560969
singapore,886520cb35fffff,5.145091312072825,1.101344636364079,2.9525445447802547,49.72883074001672,138.41841084014928,10.46378217913164,0.1,27.12817070746819
singapore,886520c949fffff,4.728113396673842,1.0795074656455261,3.40371378016463,64.25982748423722,106.16709662162827,5.959653371140313,0.1,12.336067429020467
singapore,886520c941fffff,4.626340448343397,1.1588263575261406,2.5981609979391815,61.14870706141054,47.09694916895804,5.22242923954319,0.1,11.991936450524683
singapore,886520c94dfffff,4.932617925007045,1.0773549695645577,3.256596359404829,61.03191550527777,53.20441601862059,5.060640922059612,0.3,7.10037154288569
singapore,886520c945fffff,5.969535941212432,1.1742509483407928,3.0327994046843574,47.47451267695012,169.9351464933494,4.3784635623311745,0.15,7.638336744242586
singapore,8865263497fffff,6.219641839900866,1.102836402804615,3.3743996629420936,47.15545538466546,29.801923528808754,6.168860569568393,0.2,11.227171993009376
singapore,886520ca6bfffff,7.926352766348057,1.0895207974707977,3.46027756520855,35.878379794066056,99.67504191170548,12.423661292726898,0.2,18.903631714868812
singapore,886520ca07fffff,6.981870377584525,1.1007591045745224,3.2494600276719403,39.92803696436845,58.56150889416321,9.80747372118094,0.1,22.77591938879761
singapore,886520ca39fffff,8.221336339617205,1.1004112648711641,3.3475627802095933,35.23922750497231,76.3543774266532,8.87611690831312,0.2,12.661265124944325
singapore,886520ca15fffff,8.440966674705887,1.117753331129475,3.3915920460026765,34.21396286793543,25.941453206737325,9.080778630683348,0.2,9.558545892866563
singapore,886520ca13fffff,6.787208776235597,1.1453415839831422,2.700039481458197,41.37116025808957,203.87543585426266,8.141244303356078,0.15,11.028976602334755
singapore,886520ca05fffff,7.3557499019946615,1.091386137864384,3.4889270131238175,38.225398407304304,40.243962822763244,10.759018334658577,0.15,17.446135732020245
singapore,886526acb3fffff,5.233070778731317,1.2622556240915819,3.3721041951699817,54.07410544745596,90.82467061465786,11.722164395692134,0.15,14.15885783421419
singapore,886520d965fffff,6.9744776150926535,1.1576188935575136,3.5079480906271345,37.6854296944473,84.37542230710227,9.412560987825296,0.1,18.96536718688179
singapore,886520d929fffff,6.531313392719429,1.102719046444827,3.1856319427119897,45.41355645591325,84.49389828646267,13.87917903945558,0.3,14.1543547763231
singapore,886520d92bfffff,6.6584661920311055,1.1172651407889376,3.2446331407539826,41.620478288373285,143.95589214290254,16.64396169747649,0.15,27.042853746960045
singapore,886520d93dfffff,5.364793941994675,1.1203968559393427,3.4097258632989083,53.93046700859036,323.5591468488952,13.97337401664688,0.15,25.81368107624328
singapore,886520d907fffff,7.44062038284206,1.0951662088037313,3.2021654131160617,38.8556887157603,151.99549725673904,14.54361923352701,0.2,25.122724140812227
singapore,886520d905fffff,7.3057090005917305,1.1198786350699572,3.293498075029756,38.947858947456595,135.0751056629636,11.949619108976414,0.15,20.440645479825637
singapore,886520d92dfffff,5.750059645281713,1.0816844022444785,3.4682811091132,50.5257916807644,989.429958187143,14.187789660808482,0.3,21.754071294324856
singapore,8865263619fffff,7.044434014475156,1.077612441361451,3.3951621691271305,43.32288222986827,148.17652889852073,7.3304793156130135,0.4,6.2194124927559065
singapore,88652636ebfffff,7.5590011618618185,1.0965403250955719,3.3014150511272247,38.38118960133407,130.8337663702109,14.34372336407888,0.2,24.951575734250586
singapore,88652636c9fffff,7.615224712467183,1.1276011059484523,3.3811261383968088,36.01453278966505,78.00699221789274,15.592903299857074,0.2,26.319945139918314
singapore,886520d931fffff,7.110939932001132,1.0867598735891189,3.441299218071686,42.23570629787045,40.45370517529373,7.508742222093682,0.3,12.72820155057341
singapore,886520d939fffff,4.284653772969122,1.158107707050535,3.228520452931391,67.2715485055189,44.46163853032132,7.820335879804789,0.2,15.349477489841478
singapore,886526360dfffff,6.43181645269411,1.142018403267603,3.2858545660584477,41.611084013394,18.64224670884329,12.06218903155554,0.1,15.351611161687769
singapore,8865263601fffff,5.842378486791771,1.1464964014521646,3.3170526976944834,48.05078918536902,74.70190857035834,6.40477267725216,0.15,11.98584979578659
singapore,8865263663fffff,8.191326771688484,1.1155317322507439,3.424000036017082,34.17613830695226,467.98169569878934,11.267715185332488,0.15,22.619548059397985
singapore,8865263605fffff,7.611640203916792,1.0926450947184472,3.355199776719197,36.846751701441086,91.19491102610704,9.075499651540628,0.15,19.329621223713755
singapore,886526362bfffff,8.837408041766613,1.0837276312789612,3.300241476390888,32.27585486387027,122.82102190234315,10.49099181027749,0.2,15.260609235305537
singapore,8865263629fffff,8.88554156186601,1.0918727933869414,3.054552846605487,29.80956647743209,104.29240071986872,12.816390131355536,0.15,18.160885472286374
singapore,8865263621fffff,7.8102307646861995,1.128882622939618,3.0217695914861937,35.28583975100697,112.2171889004044,10.336142872846839,0.2,20.59128287489863
singapore,886526acb9fffff,5.527194762242199,1.2883618126610261,3.232516454526465,47.79114085154278,309.5571216484902,16.153410163304333,0.1,25.082936404149066
singapore,88652636cbfffff,8.306564482090035,1.128134496159863,3.173269586604129,35.15405211560815,389.4528566749685,12.849340479805413,0.2,27.901404211371226
singapore,886520d93bfffff,3.275927724955451,1.0703680463585432,3.4307779634787927,94.58668839642714,17.50686328602714,7.28470993406348,0.15,13.241059949936941
singapore,886520d921fffff,9.79871955459734,1.183836849560409,3.0244649813856777,27.163666920539136,61.684979338366766,7.58477344504082,0.2,14.049311258666211
singapore,886520d923fffff,7.578030741976928,1.1039483930830898,3.1517479514212967,37.188841192885256,205.88243286125558,14.376106229219243,0.15,20.450744288844575
singapore,886520cb43fffff,4.0466961791531215,1.319117079815128,3.3133139209904514,73.2359493382224,387.3281892940315,10.283137836321018,0.15,20.258345666517535
singapore,886520cb0dfffff,6.376673798340339,1.1118903921763257,3.0878226706305285,43.66702327922099,86.18617917936467,8.327063088321177,0.2,10.996324943126316
singapore,886520cb01fffff,9.154621895980673,1.11351166759865,3.535566944931466,30.65252154446286,136.28377654250806,10.105981939788192,0.2,16.82566113249605
singapore,886520cb57fffff,7.543186268001496,1.0795647190012858,3.454720883785917,38.68089398330825,221.61672340953012,8.03607937988482,0.3,14.56583539295799
singapore,886520cb15fffff,8.276551175872283,1.1064591823137373,3.524039853743156,32.28420016797926,74.5501234577354,18.26534373185923,0.2,32.897277924089565
singapore,886520cb1dfffff,8.830410032169066,1.0833929600890155,3.257385294769936,30.704719793615567,165.24683562831092,15.448492051861605,0.2,27.11243795102243
singapore,886520cb11fffff,9.952729409884375,1.073826388450378,3.341113956107447,28.280954147710595,274.63967031980343,9.979422441575277,0.2,14.566075528812394
singapore,886520cb19fffff,8.90364910768741,1.075253709880277,3.4878201643987605,31.859502994851226,81.80989608344596,11.554481567338977,0.15,18.94738556036463
singapore,886520cb1bfffff,6.743761921588189,1.0652154077249343,3.4298638414785594,43.42052447323807,22.579927212719443,4.550778863256728,0.2,10.211582273553715
singapore,886520cb3bfffff,8.39432478547962,1.0725611319913921,3.3148645932750087,32.52944550104203,125.20848921036855,12.024539677242483,0.15,12.663133498118189
singapore,886520cb31fffff,8.553004305560965,1.1530781888444874,3.230302659816365,31.02823357776962,227.6422667465342,19.72316292503503,0.15,37.00158604935191
singapore,886520cb53fffff,7.277314701068928,1.0888510082688339,3.01202265668094,39.260949601687365,64.39386439598051,16.21468838427894,0.1,19.688834497554073
singapore,886520ca2dfffff,7.552944815087326,1.0581599877179073,3.107832290359887,37.050278603708186,67.13817916504077,9.345343603535042,0.3,12.954635482970646
singapore,886520cb5bfffff,8.036970332810194,1.1190228898571548,3.0765255117197103,34.586668416235526,41.90858789268242,6.459116131747166,0.15,11.475898510554705
singapore,886520ca67fffff,9.119428058481768,1.0871038703368978,3.511319707788812,29.73476181017932,39.08205058217663,11.93660142143061,0.15,20.44804443260258
singapore,886520ca65fffff,9.840895081981497,1.0707361477042512,3.412729690810703,27.45916311554406,53.21017865598037,12.619889243656113,0.15,17.246829853091775
singapore,886520c947fffff,5.145497412490834,1.196227845268281,3.153128905822815,54.269832560986735,65.75327944094526,2.499486986626282,0.2,3.194017835301668
singapore,886520c909fffff,4.617776223544114,1.3019387592968474,2.7185212660884592,64.96633562935017,23.373082834146324,0.045020632220282936,0.5,0.26593132666218455
singapore,886520c943fffff,3.245737707398991,1.351536591583876,3.1319997260329018,91.77338629258345,180.09321619872838,1.5401378123134506,0.1,1.247248668934155
singapore,886520c94bfffff,4.601471095811058,1.133510031308461,2.724115930589109,55.00676369029912,109.086290873477,7.158277769650222,0.15,14.564383796195209
singapore,886520cb37fffff,4.34569664521712,1.3810656954749074,2.980685887402743,59.793064472418294,51.56902237125365,6.54018372747755,0.15,9.862174837916989
singapore,886520c95dfffff,4.205910169568989,1.3176319374635577,2.983702121655298,55.00433301118199,124.50419455964868,4.64759197520994,0.15,7.027047821937872
singapore,886520ca29fffff,6.545394337670401,1.0742328819450693,3.414647514407059,44.225553003664196,199.18535070045826,5.3017052456627045,0.3,8.600010209393327
singapore,886520ca63fffff,7.880875031375831,1.0879949732191487,3.3562751980504046,37.365549959111846,92.74356461937187,16.12131264739599,0.15,26.696924952339803
singapore,886520ca6dfffff,7.01597737920183,1.1609453875082267,3.504143384004664,39.592171234933225,500.7961237336554,9.367937881547453,0.15,12.669442250794713
singapore,886520ca61fffff,7.576014864456408,1.1164349965270854,3.3312699354625215,37.07596089942267,188.8715445679467,9.07863481302813,0.15,12.94563789300555
singapore,886520d9b3fffff,6.052104958882577,1.1269243776102278,3.3427843787800153,45.49332808111214,1555.1265478801495,9.917290279178546,0.2,15.636018373800889
singapore,886520cb59fffff,4.9613446133625345,1.112634525530558,3.373658715741256,57.58807500385337,20.70989480989847,9.371388602821025,0.2,16.663769997047837
singapore,886520d997fffff,4.7950174264035175,1.186003288488321,3.313429635421172,63.471683003919985,531.1433636913592,4.742283541375127,0.15,7.775651377272489
singapore,886520ca3bfffff,9.333538670086849,1.080931067926287,3.3520352408695966,31.287305588784477,114.3939222362347,14.58962102359186,0.15,18.810390592825996
singapore,886520ca33fffff,5.580810821517818,1.1808054543715976,3.4147455543901204,52.88458941323146,168.07465169782256,11.908544228580574,0.2,17.605070294438786
singapore,886520cb13fffff,6.6585772772763505,1.0739845982350738,3.1464117441616355,46.055884597633884,60.62425060701361,0.5254505815027245,0.2,0.9813216677912099
singapore,88652634ddfffff,7.907953742105468,1.0263372349212498,2.7533249873615646,35.924705474474706,144.56973393210046,0.15172878411098417,0.2,0.5307674685028593
singapore,88652636a3fffff,3.5849378672505368,1.121185998125746,2.993813682915877,85.23315239209454,47.31746585149784,7.266975450332361,0.15,13.598766488468637
singapore,88652636a7fffff,4.374414006363801,1.1585069293711665,3.2375094925640577,66.24263886572518,99.91198557467008,4.0277233022184395,0.15,5.098729811656432
singapore,88652634c9fffff,2.9414235001793414,1.2852989440688252,3.484548426786486,109.16514313957677,57.831267056821325,7.159529217559486,0.1,6.57898304469159
singapore,88652634cdfffff,4.0797703391074345,1.0524442142537607,2.8434274212632444,70.20193373261085,23181.668844774245,0.4341166288356123,0.1,0.0
singapore,8865263413fffff,7.223230139173722,1.1097775010737305,3.112647397752187,40.37898018573044,154.6515177131318,13.341593330410241,0.15,16.67414284200465
singapore,88652634e9fffff,6.29800814503973,1.118830934180104,3.340039037168652,46.998986534040526,144.9813347370158,9.378487780851344,0.3,19.890616489250704
singapore,88652634e1fffff,7.321475295318944,1.1635114897078984,3.362498896222665,38.42627831219146,55.8743642117942,13.11515016502298,0.3,22.849117532745986
singapore,88652634e7fffff,6.834133680567569,1.1090767736608702,3.42371181605733,40.68843081446763,168.95170406465868,10.0396715457914,0.2,19.159587859371435
singapore,8865263491fffff,6.6520966587446395,1.084308794008399,3.1581844125590375,42.89863306231479,77.6646132629435,10.677477424482234,0.2,19.97432460278565
singapore,88652634bbfffff,5.239662944903221,1.061277865592929,3.399372264942342,58.28976451794717,35.80115627991922,6.2822855037754675,0.3,5.6577343290794
singapore,8865263495fffff,5.672780596709852,1.0716819506326067,3.2930811990899995,52.51343519868529,23.756431621125106,7.254844210973639,0.3,7.020274949876191
singapore,886526349dfffff,7.625005835374854,1.1183999952852657,3.392820788174235,37.422963946795356,184.8248670431724,7.756036540471343,0.3,11.128932565930604
singapore,88652634b1fffff,5.56136398795848,1.1507808192734992,3.131357016386256,57.43994551266719,14.628831075192833,0.06072216149623021,0.2,0.14402859803083778
singapore,88652634bdfffff,5.609728629651639,1.1623747368054027,3.220345608510241,54.90762530098696,76.6754587755299,1.6756255207759017,0.15,0.0
singapore,8865263493fffff,4.237254118229491,1.1807464756619228,3.3772126355030854,76.09406883455485,50.12481527354733,3.7339762195640867,0.1,5.925190821197682
singapore,8865263487fffff,6.698809447032259,1.0845498339849233,3.215068930796199,43.25037600907075,184.34335789465266,8.723214394994518,0.3,7.221419405918858
singapore,886526348bfffff,6.656768759465317,1.1201491183121335,3.5076756632027744,42.23777615130774,108.78563484281128,20.97008742564378,0.15,22.405841166756606
singapore,8865263481fffff,6.663132154448495,1.0914217848329124,3.309639442153245,43.10537774449079,222.693377245724,11.474229843594559,0.2,18.080306063723107
singapore,88652634abfffff,5.888010383650693,1.1074879807038907,2.9381838942989496,50.07469002754844,0.0,11.388965328895992,0.15,15.434696991025705
singapore,88652634a1fffff,4.554808726209821,1.1027359938674262,2.8558813953808295,62.5029528851826,0.0,5.0153455246747525,0.15,5.7007891533045285
singapore,8865263485fffff,7.701759453638599,1.0943021663248367,3.454724266150786,36.829746223746,376.36323098932405,5.071894430885957,0.3,6.77434560770114
singapore,88652634e3fffff,5.553307876704563,1.176930355875925,3.4481158140126547,51.8894145857875,107.20633337426415,18.285602684359727,0.15,23.980092848684258
singapore,88652634a9fffff,4.081103178905221,1.1351694232123177,2.980207054302517,68.46476368206797,25321.92064890709,9.657091107942065,0.15,12.994279323427927
singapore,88652634adfffff,5.413691627974453,1.1295119665725395,3.3653944705884387,56.300680107630136,51.23746336011224,1.7128587619357138,0.15,0.774207516662039
singapore,88652635dbfffff,5.042293716884386,1.0511513748212866,3.1147315035769076,61.06880054154388,0.0,10.192040363299629,0.1,17.781124052533734
singapore,88652635d9fffff,4.686319531914437,1.1575027352117058,3.392285774469031,68.11508207542586,55.37393560100335,7.083661381346918,0.15,11.598585405794138
singapore,8865263433fffff,5.576757597716245,1.1424298236220336,3.4132790431571554,52.266898017437185,98.54554404164419,3.47632555763718,0.1,4.8883344246220455
singapore,886526348dfffff,5.227250706345241,1.2374198277687503,3.3663137816063613,57.92111056055565,87.53549358837125,7.590674125705206,0.3,6.475470107026872
singapore,8865263489fffff,5.9069338676001895,1.150021908027045,3.3115007947429715,50.854684282936944,110.57645984027111,7.03578844892827,0.3,7.531412383156999
singapore,886526349bfffff,6.398932246337186,1.1391693108195895,2.844613253052069,45.83096358569838,0.0,0.17879643052890237,0.2,0.13170796689199094
singapore,88652634d5fffff,6.018770915173918,1.1321335113038968,3.3222838750081602,48.9393033223683,145.9754951841401,6.365248330341548,0.15,6.98254722904483
singapore,88652636a9fffff,2.190909557510019,1.2751182862369532,3.059857543403539,136.9294314188632,308.9883900035752,3.2096270445673114,0.1,5.575707912879691
singapore,88652636abfffff,6.039579857630612,1.065363792695667,3.0662687102974697,51.328073691804185,119.53099746924339,4.080665088536783,0.3,5.6690013886792485
singapore,886526341bfffff,6.263790967657695,1.100395541444102,3.090599649180295,46.058889143291516,187.89677094066147,7.7463161969641625,0.3,14.598355319397209
singapore,8865263411fffff,6.883643639572794,1.0986308779470835,3.3430680396481423,42.04080782599878,78.41499890905726,11.63482657988243,0.2,21.68206066913609
singapore,88652636a1fffff,1.7609233344733295,1.1146862158608293,2.9381824546861233,131.05012935628514,22.078954913502066,0.029551235229887528,0.2,0.0
singapore,88652636a5fffff,6.475341027386471,1.1021262550853612,3.017302802952249,40.62074479830358,226.97824708550544,8.64262565635725,0.2,15.304194084969662
singapore,8865263419fffff,7.321088562821353,1.088297595548469,3.4654072834484855,39.351004571049394,56.19460083619511,15.583481494570563,0.2,30.238781377780793
singapore,8865263457fffff,9.688757450308541,1.0661331391576396,3.3945077898669793,28.40154121304171,1601.016339893544,10.436259807540928,0.2,13.377387405256748
singapore,886526341dfffff,8.422660558966225,1.0891524879110472,3.260638860517321,34.08172768209527,94.81035830469544,12.603747800121688,0.2,20.770917632975806
singapore,8865263415fffff,8.068023780905362,1.1439114978173608,3.2690905058645523,35.168094681745394,72.67762036653139,11.159179418631535,0.2,16.186652228482394
singapore,8865263417fffff,6.7539113910116315,1.1328870966803488,3.2968594292397944,43.22710765543381,52.58669772972597,17.195811537171316,0.15,27.901195189139607
singapore,886526343bfffff,5.341923513443127,1.1566567285087022,3.3197606068808416,55.58274407332808,121.52182664022575,3.398362021985443,0.2,1.2830753446837244
singapore,88652634edfffff,6.742011299374171,1.1075505827555558,3.087082930804667,40.535667077746865,95.15976738721687,7.217120480820229,0.1,11.071575349333813
singapore,88652634e5fffff,6.8808737291650806,1.0817240782621065,3.4319322394440386,39.982444974255245,120.17136105139018,13.51237449460417,0.15,15.53793768735449
singapore,88652634ebfffff,4.594411128443882,1.0529031294929363,2.6976022823706867,71.78008776812523,181.14893557801943,0.5392510658413117,0.4,0.0
singapore,88652634cbfffff,3.738505112578875,1.4099987790719208,3.284956461038264,89.82758760780025,333.1660909714211,1.2488415868364036,0.1,0.0
singapore,88652636b5fffff,6.267681749898069,1.0608984960435286,3.1266656980582086,50.76547133028777,324.1310267902485,1.1435562966133532,0.3,2.4418767054886468
singapore,886520d9e3fffff,4.323177501222442,1.2004299115550203,2.9730052493266172,71.52390255277646,31.635396414288635,2.6008416169557034,0.05,4.111757385972039
singapore,886520ca2bfffff,7.732401533858229,1.1138018354936912,3.234662521635306,35.242847535525904,411.68088458778493,6.029413098507781,0.15,12.341855227399671
singapore,886520ca3dfffff,6.8949081112880295,1.1309722701854807,3.1567171890867955,40.672736762014395,150.41044061324183,12.583701108640808,0.15,23.96208579072775
singapore,886520ca31fffff,6.447040341424582,1.1602416810177818,3.047914515033418,45.49577083055785,143.25838145153017,8.197939057921214,0.15,14.900184489610318
singapore,886520ca01fffff,8.640522274998666,1.123698144916397,3.4226341471301813,34.55813219832678,22.04009417802423,13.397977388970048,0.2,20.722510603987605
singapore,886520ca0bfffff,7.946782156035532,1.1045595295563964,3.2645015767580716,36.49585767512203,55.96195740900256,11.20566254825647,0.3,13.332889133217781
singapore,886520ca03fffff,7.066503576234255,1.1062804797574242,3.100611090903967,38.94056065245084,95.44574190488309,5.943834942729364,0.2,5.773088048867041
singapore,886520ca1dfffff,4.86959472670326,1.2002914837752863,2.757518804009083,58.32593564338327,42.813153707047334,4.463702413127671,0.3,5.020165177995683
singapore,886520ca11fffff,5.9378277747807315,1.1697523673581591,2.5551930589056164,46.91470334565493,80.74463734795886,8.035834004657222,0.1,14.544189950217858
singapore,886520ca17fffff,10.944102822744687,1.0413040019651918,3.2999776066736453,25.222189637225874,731.2956203689034,13.242467983949057,0.2,17.917820071161533
singapore,886520caedfffff,8.170413981118124,1.1079296818477062,3.156072473898469,32.903816617107466,522.8121657599265,19.27631131786266,0.2,29.178450200335796
singapore,886520cae9fffff,7.379095126659621,1.129874729674911,3.258866187001312,36.793857740520984,354.19972850969697,10.597579255500454,0.3,20.790937748929927
singapore,886520cae1fffff,8.957257213413735,1.1040967332583178,3.5391848264719927,33.643262013294574,251.69691905425887,8.414463795097276,0.15,21.146081957299806
singapore,886520caebfffff,10.810657369775065,1.1308755794826586,3.3153082633113624,27.672661673835922,90.16976894362219,7.709651924835156,0.2,11.698991209570359
singapore,886520cae3fffff,7.965218142836996,1.1501894386150597,3.2890664629948683,36.66224663104847,85.76766017528625,3.9397437336170293,0.15,13.58408773513647
singapore,886520cac5fffff,6.179963155767884,1.125510859692617,3.143825247020041,51.344592889933786,0.0,1.239619170864495,0.2,2.022620733896236
singapore,886520cac7fffff,4.941042645045817,1.1318956734392582,3.30870769694397,62.837723385984454,174.90942137717605,0.9428361577444562,0.2,0.6189829216846192
singapore,886520ca0dfffff,6.48870829801865,1.1275879456007825,3.3958959980003782,46.1730071445281,19.960020240919672,7.318177705851572,0.15,10.525166198642562
singapore,886520ca45fffff,6.77917150564081,1.1432572775757968,3.4605186012962483,41.6302488923305,190.34951624322048,10.955411699221251,0.2,18.516429104353513
singapore,886520ca93fffff,7.959787836912339,1.1151423590990561,2.6907960797705908,37.689446772537586,0.0,3.080705383219952,0.15,6.080449582674328
singapore,886520ca91fffff,7.4145814157666505,1.0578368782931733,1.8922514574629115,37.988814639042594,195.66891154974468,6.8482015669127,0.2,10.064568221340599
singapore,886526acb5fffff,5.895329871932865,1.094800574884722,3.3188443541295904,51.52611430725969,30.734032084099653,6.1177916145304545,0.15,9.06215929338963
singapore,886520d9bbfffff,5.635977214052779,1.1224817642801532,3.2547392690938284,53.65191179747744,223.54582798890564,2.8389116041207876,0.1,1.5824080889057655
singapore,8865263641fffff,2.6345386922305,1.0581192621394364,2.7859954976938632,113.40903387982465,62.240693871073496,2.4059203038134456,0.05,1.0471416270418343
singapore,886520d917fffff,5.569998234258883,1.0953723617959585,3.459710382957341,53.261536932271504,19.68272413866851,8.967662315817815,0.1,12.233693580023196
singapore,8865263631fffff,8.44406183176187,1.0675857324667075,3.304338232783836,33.80427879537027,103.38005492993602,11.083895698633786,0.3,21.062887905065836
singapore,886520d963fffff,9.260656914906772,1.0928708500492106,3.3445558100818347,30.040578252499213,333.31239555377954,12.566407058238502,0.1,23.326651306756503
singapore,8865263615fffff,5.839866268627212,1.1047330309905539,2.929417422492237,52.84459044964314,60.92801396460987,9.213428651952086,0.2,11.090707814589429
singapore,886520ca9dfffff,6.504172916441316,1.2908662035741718,2.3238464759672595,45.50571076394341,171.21695887451324,3.8126122748121696,0.1,5.136054534449391
singapore,886520cb23fffff,7.24604515626833,1.0481275972858288,2.8197437577366053,43.12697385409831,16.921167928408956,0.6102269169652229,0.15,0.9493074907763946
singapore,886520cb03fffff,4.113054582086013,1.2669069182155674,3.2458158255565657,76.1802030777867,170.71293516997792,5.252908709866969,0.2,6.824625206162976
singapore,886520cb51fffff,6.015055725823714,1.1476368159869528,3.3959875097322696,53.62887059822133,14.65480211864525,4.348568111455484,0.1,5.972652327337732
singapore,8865263685fffff,4.415086987469278,1.186109565783342,2.6794652134230774,66.20655337874622,417.81569056159634,0.7742632496568946,0.1,1.811941847254145
singapore,886526363dfffff,9.787537284148303,1.0763598524307016,3.3216144474681606,29.47959914046023,114.60772473124878,10.81432892781303,0.15,28.420869243856952
singapore,8865263623fffff,6.179063211206837,1.0495174355039185,2.6103326868101586,49.5030302306026,24.73536596843045,1.570793170055578,0.2,2.009831414731583
singapore,8865263607fffff,5.727374973755121,1.1790822773804124,3.4252125113812766,47.083161585195,336.2049600660277,4.135589947860834,0.1,4.240405485267288
singapore,8865263635fffff,10.727550255435759,1.122776681373827,3.3152887729935014,28.34978201906852,41.243710998289984,3.260302485937865,0.15,5.870974143020401
singapore,886526345dfffff,4.343533540031247,1.1815359285695477,3.3712946305719216,74.48530298729516,216.52062607596167,2.160859894341681,0.2,0.2866357601019247
singapore,8865263637fffff,4.496525263411954,1.153744141689185,3.439065234835358,66.53955434947657,149.0151379158817,5.410249325209545,0.3,11.359424229503356
singapore,8865263455fffff,4.912832033781253,1.0358756881554176,2.778881923136536,65.02246407935463,276.2533212988498,0.19532364627218174,0.05,0.07932225174584062
singapore,886526344bfffff,5.686278890219303,1.1183074758500178,3.414177937248813,51.94690958487677,117.23856446542513,8.539283651160577,0.2,20.867411838002237
singapore,886526346bfffff,4.0416027643930645,1.0282079378295546,2.1480142898262335,74.22797773275266,57.15886310974042,0.0,,0.0
singapore,886526366bfffff,4.905150266947809,1.1194676254714062,3.521285903096071,57.277018167111365,39.00111430785358,0.8380798004316239,0.05,0.6086701629734286
singapore,8865263443fffff,13.776333839277942,1.6015911101164115,2.6936545723483074,24.832823242313747,55.27436733579489,0.0,,0.09852909428235046
singapore,886526340bfffff,6.875559067934831,1.05220079743001,3.272487407391103,42.208900736992504,271.820283302148,5.344736447280143,0.3,8.051683382075112
singapore,8865263611fffff,4.477480302844061,1.2940863790724277,2.7184628306718546,63.54440649826166,111.62943704260967,5.213978372659621,0.1,3.6526247408773145
singapore,886520d9ebfffff,4.643872698034246,1.1230299600611529,3.4279348466007558,64.8660133005437,117.32077130979174,11.081637293983853,0.15,19.93929222393261
singapore,886520d9e1fffff,3.650791520525175,1.1152074182872842,3.2191881470841017,82.17396099266836,101.37578053769138,0.7083298706803328,0.15,0.9926759793192322
singapore,886520d9bdfffff,3.344558414299353,1.1722177602256274,3.2415791773654767,97.9460264458192,5.143077150776489,9.167487561495307,0.05,12.111258333357728
singapore,886520d9b5fffff,5.072428915366092,1.1755748744130488,2.6390573296152584,56.32691763284473,4.583751207284735,0.0,,0.0
singapore,886526363bfffff,5.713191618373879,1.1147756132316011,3.210212190440756,55.99731166352292,97.32142222823062,18.240413754991216,0.3,17.739024270027517
singapore,88652636e9fffff,7.288033792258995,1.115746773317595,3.2061333699223664,42.47013918247345,44.541124824824344,4.095815144074492,0.2,6.176708880275751
singapore,886520d9abfffff,2.4190425180806048,1.2894269748024605,3.0095889879201363,113.68134207835234,34.66990352914942,6.719240548470205,0.15,14.89115563886044
singapore,886520ca95fffff,6.957308848467201,1.0087609522076735,2.533895909129226,44.91679280111997,38.55626518962339,0.0,,0.06160354374775423
singapore,886526371bfffff,5.170321679461757,1.183184833535723,3.333606128177076,57.367836641530445,69.688327752118,1.7425699299090183,0.15,2.1252997454333356
singapore,886520cb41fffff,6.703370938348777,1.1366449819776128,3.355010464750215,46.06988517449347,33.90329486804036,1.8675231193807607,0.3,4.332766793680782
singapore,8865263437fffff,6.843539382612685,1.090056481616953,3.127739634579234,42.868956824759785,109.37885968675246,6.035617030549197,0.3,16.02245176354154
singapore,88652635ddfffff,7.661963015587312,1.085597994281648,3.1747563593146144,42.225394602731114,20.634289906331567,0.870106207975581,0.15,1.2017913057476206
singapore,886526acbdfffff,4.084330609206683,1.2953173670983416,3.4462733023582177,69.07933860859968,83.97567920358873,4.032523555688668,0.2,4.278162067942368
singapore,886520d9e7fffff,1.7746054326099021,1.2884709972272197,2.998804518858585,192.77821248116123,824.1716914965658,2.937597982817776,0.15,1.7999738964915526
singapore,886520d995fffff,5.216443014246139,1.0938381243858057,3.2741214603081255,54.771859854310335,309.7735810055715,8.860252748248548,0.2,13.929052955140227
singapore,886520d985fffff,4.299449911794036,1.0882002594441533,2.9734456052529015,71.85040035117592,128.69214329983367,3.6368284124099874,0.15,7.249823842639672
singapore,886520ca69fffff,3.517823215487317,1.2834367466297196,3.0278433004265564,73.56024279028873,1221.2469215405868,1.8556706937479,0.1,2.205701977822459
singapore,88652634a3fffff,4.152881512545339,1.1877722682820033,3.2476400315277725,71.6875554394648,0.0,0.24179025770115575,0.15,0.03983366360165874
singapore,88652634a5fffff,6.006443054873252,1.169085586172772,2.9396417847623773,45.61956168263558,0.0,0.2710120297266665,0.1,0.12006497101445568
singapore,88652635d3fffff,3.4689708476416867,1.2168613994080317,3.400817386056105,83.79939964506467,0.0,0.35407277241288027,0.05,1.6543723721053887
singapore,88652635d1fffff,3.4719831492169657,1.023487524047492,2.149985494891146,86.40594931103246,0.0,0.2931978590476859,0.05,0.04781626848905418
singapore,8865263499fffff,5.404113368901772,1.3419019375502201,2.8264823801487533,55.7583608525396,133.75815357261226,1.7869176364930492,0.2,3.5441046219653654
singapore,886520cb27fffff,1.7603371033954387,1.250778013977785,3.2993925555581134,183.24935862516233,2545.8370962250124,1.6718752903186136,0.1,2.5788151545483005
singapore,88652634d7fffff,7.70349337051528,1.122026412142204,3.518525615427546,38.94337095793895,330.883332490756,2.9435345712093146,0.2,4.88083601804867
singapore,8865263483fffff,6.25297065329098,1.1188903912075168,3.3576191780950655,46.173339797874036,138.40192681590224,14.774321476230831,0.15,21.8300098127146
singapore,88652634b9fffff,4.827349415151003,1.336874747209801,3.4088880738489356,57.688182211172425,27.06345765453203,1.0449502129222559,0.05,0.0
singapore,886520ca25fffff,6.332840461247718,1.2888657215641444,3.2210143968945166,46.6111099273467,46.15736426069555,3.682825780736949,0.2,5.226380572577695
singapore,88652636e7fffff,1.6916401727991837,1.175398422467513,3.1846409024393836,182.97260522705344,0.0,2.855366484507838,0.1,4.292859720278479
singapore,886526345bfffff,1.9086776784041073,1.8463258991220253,3.0442280039825502,170.27495196137068,0.0,0.2640325406006143,0.15,0.1995344922061495
singapore,88652636b1fffff,3.948350380962985,1.014640225127664,2.5393673998815784,69.07372609133938,27.75265841015761,0.11206753025598629,0.1,0.8658306114011151
singapore,886520cb33fffff,4.878154095412469,1.1472279865604793,2.7623969678988893,71.08717493662236,580.557094290361,4.455795884747122,0.15,6.729078391232244
singapore,886520ca97fffff,5.8527604871242636,1.3029340768472228,3.124563830527939,51.707494200922895,230.00299913911002,0.868447311808777,0.1,1.041062526745557
singapore,8865263453fffff,8.09091718425111,1.106951138681843,3.2512164118691316,35.233072692679265,988.6991131088341,3.7748390521541566,0.2,8.227789944709897
singapore,88652634c1fffff,6.106242329286518,1.1248413134584305,3.1698054345159736,52.04454606154229,0.0,2.6849046630540956,0.1,4.019157997918381
singapore,88652634c5fffff,2.470845261101953,1.1877060464802691,1.9718242961150763,117.49929678545817,0.0,2.6120922422934307,0.15,3.1304395916958767
singapore,88652634c3fffff,2.7469188189785565,1.0914100065008845,2.2114590731693484,110.51343289581159,0.0,0.22581217447447718,0.1,0.8195234083965666
singapore,88652634a7fffff,4.322763602678774,1.1224285724128287,2.5714616918334032,63.090952407914706,0.0,0.03235648458475593,0.2,0.011152943800581738
singapore,886520c96dfffff,3.95411559874199,1.0727529279053392,3.050767023668444,69.34383720959801,0.0,0.16422556480060752,0.15,0.0
singapore,886520d987fffff,4.503049377155786,1.185514341829001,3.463827244828094,65.2115420142849,59.93049456142307,10.053853810808668,0.15,15.945954612831041
singapore,8865263441fffff,3.10013387157563,1.320680608891574,3.263660658221288,101.63060893578536,15.985337271223026,6.282723757342079,0.2,8.976795807311014
singapore,8865263713fffff,4.493294850642006,1.629463828097541,2.8905172432412534,75.87062550777888,422.3892429317978,0.0,,0.0
singapore,8865263451fffff,2.7792842500676973,1.1066988222688303,2.761660677919482,126.98995306507113,330.66209251154487,0.4859267844788364,0.15,0.3498566873438733
singapore,8865263409fffff,4.473069526317185,1.1246118570392953,2.63475097505728,67.53378894650173,191.4178074971099,0.9260268987253484,0.3,0.0
singapore,8865263431fffff,2.111475445905569,1.0232055638205817,2.997766565380617,152.22936740839876,0.0,0.22701664407406663,0.15,0.0
singapore,8865263435fffff,3.1256605127017134,1.032519958769376,2.5132231559205667,119.97464167209348,0.0,0.009372949707298019,0.1,0.0
singapore,8865263403fffff,6.563891162936241,1.1104111830940622,3.2446199951774264,43.13486057161063,314.74980368616684,3.320468972533734,0.05,6.368516948137266
singapore,8865263439fffff,2.3520967700089166,1.0349854672087162,3.3488725672857003,134.6316489629235,0.0,2.4291353149988777,0.1,1.2441405447903335
singapore,8865263401fffff,1.772479167724418,1.0782391110210219,3.15135161334552,197.46353377419064,0.0,1.671970417823116,0.1,2.444466068531474
singapore,886526362dfffff,7.617655670915295,1.1398219489738977,3.177237415538744,37.21436761896168,197.37348687482404,7.291646599181185,0.15,17.07063592522294
singapore,8865263627fffff,5.6865549926837256,1.010957768798802,2.1701925853998327,51.7215866965558,35.310262003281224,0.0,,0.0
singapore,886520ca23fffff,4.520366214191269,1.055305323900596,3.197060294749224,70.56187532771503,275.4578849100367,1.0308759613925518,0.15,1.904414108847022
singapore,886520cb05fffff,3.7456177577290024,1.2711945251866223,3.181558219996615,90.30160470050792,48.778056684147835,0.0,,0.0
singapore,886520c849fffff,2.618775576455709,1.054176921916081,2.428273637522868,127.28594856702914,0.0,0.026738468841866696,0.05,0.0
singapore,8865263649fffff,3.607451444986727,1.2649861002442926,2.6581281907912864,92.40133607246919,36.00655774225994,4.116480671077646,0.15,7.47665336327454
singapore,8865263445fffff,5.732219043665845,1.0159260301486683,2.6613431795903733,51.44112474167068,0.0,3.9838519166462114,0.2,5.361606661842698
singapore,8865263625fffff,8.823363492286054,1.112959269912616,3.396508597828029,30.44047327638843,154.18602181095378,13.490686019500442,0.1,27.153454470104577
singapore,8865263719fffff,11.093728322208626,1.1386724813154245,2.932239050027558,25.754577488824197,86.36353671029576,0.16000256810073749,0.05,0.688854261787958
singapore,886520ca89fffff,4.338846931036604,1.1374384275707923,3.1286823066587357,71.08137711592138,1.9998423224500368,1.2367616289991936,0.05,1.3402509150366413
singapore,886520ca21fffff,9.632907670815388,1.1114014088394017,3.345318953399843,28.72099226123368,92.1910137387827,22.48402497240911,0.15,27.612154079549054
singapore,886526adc7fffff,9.065916856292272,1.118532382502322,3.283377290513037,29.805343490427344,186.26770228101145,10.914448034804131,0.1,17.380699767511917
singapore,886526ad89fffff,8.34596973109988,1.1403637714208825,3.3841888560654008,32.59943790083659,70.15055810326324,5.144999079163435,0.1,15.086966815740716
singapore,886526adb9fffff,6.649159620873461,1.1527641122849739,2.981919259199145,40.49094691389022,28.004548650120157,8.311676536745635,0.15,12.472284796139622
singapore,886526ad81fffff,5.154317616555447,1.226087216190428,3.4102704324094133,52.557458226327576,44.58429845478399,3.3511507513481438,0.15,4.114732599716791
singapore,886526ace9fffff,6.382990081325365,1.1542471597569808,3.0046465216527696,44.440686190483326,114.13250503458941,11.635756164954076,0.15,20.54100799755505
singapore,886526acedfffff,6.549008053929237,1.089280632411882,3.27072289293829,42.589703079681726,184.2435927120759,11.555462896197897,0.2,15.56073574816909
singapore,886526ac3bfffff,5.488275577933498,1.414225631345985,3.13539627646197,50.51271912928642,241.59029679298388,10.599370204422012,0.1,16.154927811428262
singapore,886526ace1fffff,7.970431347376777,1.0694742291523307,2.6578179284091994,34.06822663717318,111.43894690471262,6.8124580282132765,0.2,10.905681177557955
singapore,886526ac31fffff,6.961173408858698,1.0784489377303637,3.2362029452450503,43.287356998694726,461.61507502779926,9.606605639266755,0.15,11.189811366479653
singapore,886526adcdfffff,4.531074424693555,1.273370487676001,3.0798411316546774,64.91123726768524,1586729.6372315565,4.323707422793266,0.15,6.29010993550138
singapore,886526adc5fffff,5.791676862026035,1.130656904026896,3.458800916608718,51.17981288877663,276.66304686706377,14.066835684979726,0.1,18.062853711913487
singapore,886526ad13fffff,5.024876028978355,1.3545987297477007,2.792892089373751,66.97448048422517,33.76844677706875,3.1444364055451572,0.1,4.636037682299476
singapore,886526ac05fffff,4.126469015823071,1.0731493214899792,3.3814804804553233,72.70138194413698,15.986022086422462,1.2494401262401538,0.2,2.3486199377680155
singapore,886526ac39fffff,2.290659817983447,1.0777089116239842,2.837738847822855,124.7301251243018,746.0844956400106,0.7831295064521894,0.2,0.4033835083156827
singapore,886526ac07fffff,2.6970266359464286,1.3423633297664779,3.318218963195057,119.95781111415478,374.4814613322256,8.820463636763328,0.2,8.094615131468109
singapore,886526ac03fffff,3.258846577676171,1.1230645410858322,3.252158506430914,98.42584157792936,42.22107799649394,4.339392542184069,0.1,9.758710323408213
singapore,8865263661fffff,9.62902842727468,1.0830187390579462,3.4556915853201273,28.632269253510888,117.72699614400337,3.0330057298067126,0.1,5.368390280557713
singapore,8865263667fffff,7.331492540945962,1.1142658651342539,3.4522413237899228,39.00379154328292,434.61919362926113,7.597915053273503,0.15,14.967664409578273
singapore,886526ace3fffff,8.594713663305862,1.1253564037641977,3.326732950642153,31.48997535357916,115.88901790876842,12.988389201595592,0.15,25.425935423286933
singapore,886526ace7fffff,7.48301879805942,1.0991351551708097,3.110637781495633,36.54106816769066,46.57865311523776,10.691627755739582,0.1,16.774516942654156
singapore,886526aca9fffff,8.011414444014454,1.0841368684774855,3.4323258889009884,33.481639976577796,24.50310256076544,5.720425018533091,0.15,9.860568552439783
singapore,886526ac87fffff,5.856042462500507,1.1712142719608187,3.462009671963603,45.80942956840682,208.94333395786697,10.562785446044293,0.1,16.892250151436706
singapore,886526addbfffff,6.898476545483649,1.106925279686774,3.303319296135253,41.07187021152211,44.191157740839046,4.1060896894512755,0.1,3.9690467058716754
singapore,886526aca1fffff,4.202210718277877,1.1707045314094773,3.197014328274163,73.5989628435888,19.442400040430034,2.602106563160947,0.3,2.5706104643371313
singapore,886526add1fffff,7.099894415884345,1.1725608713484266,3.38811291964591,38.33492402852546,144.7612875819351,9.060402328856394,0.15,17.243373975920033
singapore,886526adddfffff,10.14025974680517,1.1099916796273954,3.340183925824022,26.63787213279619,173.76223370344422,15.321043509600358,0.15,24.9873008189842
singapore,886526adc3fffff,10.77039050703958,1.0664928949283552,2.9147155142600476,24.37930127823992,229.6111944080996,9.88397135874899,0.1,15.567235289008439
singapore,886526add5fffff,10.657806564068917,1.0821051462805962,2.9919442570146306,24.71866609855614,36.707566849610075,8.576745674008126,0.1,19.910165533725184
singapore,886526ad83fffff,6.170862233231898,1.1671485871538922,3.3478002685678945,42.89609334128746,129.23224117562378,6.388633775566656,0.1,12.157288602884835
singapore,886526add3fffff,7.704721703381147,1.103112334729512,2.9174065267010625,34.93563290616454,113.86427318711188,10.450987105555472,0.1,15.011316684433439
singapore,886526aca5fffff,6.050200642308993,1.0760802476384765,2.684493593970933,49.585132417279354,8.290110698989594,0.28960970543632597,0.05,0.0
singapore,886526acadfffff,5.5685193755477655,1.1689564772309007,3.3548096955256557,55.64480143325299,1.6180765731711477,2.880701402120466,0.05,4.163989067016919
singapore,886526acabfffff,4.789563383875013,1.1494199840866346,3.378166385873862,60.259748759260525,54.113521861125385,6.410267955344503,0.2,9.164453144376502
singapore,886526ac8dfffff,5.440447480682379,1.1610416297577137,3.407478375291124,52.833818274543276,476.61505851792816,10.336845818620418,0.15,11.240160637663987
singapore,886526ac33fffff,6.093395620163753,1.198872417839835,3.2010989585427825,47.2103324334917,370.5047280360099,11.458216751112218,0.15,13.394498592156356
singapore,886526ac35fffff,5.867887780101146,1.2033120826612747,3.4449847306800647,50.92101451088911,193.96156785136714,13.517640959548311,0.2,24.15854961050512
singapore,886526ac37fffff,7.739883277509814,1.1963134526474373,2.845232922083307,36.91454708942459,110.49177184995638,12.112709331929016,0.15,26.266389501147618
singapore,886526adcbfffff,7.172100682825022,1.1581114540716377,3.075515196319957,36.80100602577333,92.7350516321247,14.53063565970768,0.1,20.588018502730854
singapore,886526ac3dfffff,7.608747184965872,1.1984307513609966,3.0235945720714823,38.81179927058147,134.49896963960595,6.773574684935927,0.3,8.928667859960665
singapore,886526ac2bfffff,3.153144851312578,1.4615540404485083,3.033376138016547,97.58267450485903,0.0,0.933949395211694,0.05,1.9580252910437483
singapore,886526ac23fffff,7.157011919387335,1.215726699096672,3.443718750715839,43.354600014985884,24.94247386690018,5.0474684343820435,0.3,7.041221237643868
singapore,886526ad95fffff,5.459316587168723,1.1907735903829544,2.9718375064537135,52.37998191599491,337.12913631338506,10.217752049363218,0.1,16.93352123766023
singapore,886526ac15fffff,5.235479721534905,1.1618201085854405,2.9884925406968756,53.34952281043307,1243.6900658349025,11.347027545849919,0.1,20.080750608790368
singapore,886526ade9fffff,4.473761790563868,1.1943223889722399,2.831350769870735,60.80357831352389,15.05678104114086,11.581819297166945,0.15,16.14217274970002
singapore,886526adedfffff,6.068664652034612,1.31829047317252,2.7624617967440206,50.95198763571852,16.89611740220261,0.33067643110176637,0.1,0.7306417820317074
singapore,886526ade5fffff,5.586047408305533,1.244757681764146,3.08429874156609,53.186345829006314,59.097933859686165,3.7950682810674667,0.1,6.501516676301222
singapore,886526ade1fffff,4.5129478781140575,1.1370899247771638,2.8508184380062875,66.4753965927407,43.024867236078734,1.440406074658916,0.15,1.1934003136848137
singapore,8865263753fffff,6.490105140825839,1.134800335654416,3.228459010610826,42.29218267044063,30.497159880548576,10.304963088825769,0.15,24.499050744319483
singapore,8865263665fffff,7.486781922874168,1.1240004436623938,2.963934847321299,37.94989163582051,157.20201778530546,5.147221742583518,0.15,9.067373458186342
singapore,8865263759fffff,7.808551566161727,1.1182382209231205,3.211834668273018,35.10403597957445,52.87100944282682,4.321031620304114,0.2,11.69356479406531
singapore,886526ad91fffff,3.7775759522476053,1.2001460316333912,3.35115873070686,77.7993966199753,12.380878923458997,6.314367386293845,0.1,9.511120330596878
singapore,8865263645fffff,2.765823706012361,1.6278083553955234,2.808352105499622,106.52987625435462,48.267778429159726,1.5080237702681316,0.2,2.5738107441192897
singapore,886526adbbfffff,1.7896696844878743,1.1389444561262294,2.233453005786462,126.99143827636709,8.105615628594373,0.10575976893844796,0.1,0.0
singapore,886526adb3fffff,3.892326181837154,1.0905618453350967,3.359586532035254,80.46263302604076,10.248545994554913,7.935297869642096,0.15,11.48689638064968
singapore,886526adc9fffff,4.836317357428917,1.224037223753329,3.251885445964554,53.89859937683975,192.95754494789375,7.692561282682925,0.15,8.297585790107439
singapore,886526ac27fffff,4.27747427608898,1.1915909938322122,2.180937589713804,52.39959765214969,44.473534872732706,0.07376939052067516,0.15,0.0
singapore,886526add9fffff,5.092550886947764,1.1278462103132447,3.047378050153773,54.54590124758966,93.15866565379868,7.3545276775590285,0.1,7.914195488560736
singapore,886526ace5fffff,6.6948823359074146,1.1672848435781413,3.3449989943543708,41.60960784588178,179.00387118134083,2.644624462923563,0.05,2.9951837303982285
singapore,886526ade3fffff,5.716223840276203,1.085249241041736,3.3369830850352793,48.0136064311066,51.52261418952881,1.1186409594579139,0.2,1.8316912958445093
singapore,886526ad87fffff,4.567856737661339,1.1157825842293372,3.405812764601633,60.46811300845846,8.103442970870075,4.27675383884611,0.05,4.278253771411791
singapore,886526ac85fffff,7.272803855013597,1.1294021613154768,3.4587663350389963,39.079911679930746,152.42081876059672,9.196404029721464,0.15,21.404161559778807
singapore,886526adc1fffff,5.296744573742313,1.2086784623870328,3.4389622113549576,51.62369002188975,115.31147358608347,4.291017363447083,0.15,9.489296591775243
singapore,886526acebfffff,5.32494903647441,1.1480216831228356,3.0678327438962087,54.64780649968092,562.7241936252708,8.32685837203589,0.1,8.969441553889743
singapore,886526adb1fffff,3.031570734813679,1.1184171043730304,2.3496305671605584,99.72572235360687,9.878146007976557,1.1327124083675582,0.1,2.2933484021177195
singapore,886526ac0dfffff,1.8377154038757415,1.0449131355404395,2.4421179313312584,163.2461693292117,3158.6308666375076,1.583078975615842,0.2,0.6658473595341563
singapore,886526ac81fffff,5.064853527820254,1.1571751491660787,2.767321116300815,55.24867850002184,1144.3847081417698,11.961148524718016,0.1,26.96850843132932
singapore,886526ac17fffff,6.368018266024082,1.150768931576378,3.335926998749329,42.89374444880328,462.10795382927853,10.12441760520831,0.1,18.75854833999236
singapore,886526adb7fffff,2.8472406740592398,1.0669031470214065,3.2570285326927264,120.97482576117415,9.725459544590173,3.4882857347925587,0.2,6.628767163752046
singapore,886526ad85fffff,4.642814692697075,1.1752200836669833,3.5253161888100095,59.71113238879489,10.069919477530767,0.6558004552315345,0.15,0.9488211751274728
singapore,886526adbdfffff,3.226652263634067,1.0901224168408676,2.789499760024084,87.16464527951261,7.119846037704629,0.0,,0.0
singapore,8865263751fffff,13.305507545703241,1.1250062182219889,3.402922230340822,19.99585847873024,22.308950956563024,3.440112339805966,0.1,5.781500780320643
singapore,8865263669fffff,2.5771325200078734,1.0268983486353103,2.8707516771056376,129.34272131737913,26.783898854136478,0.7373482229100992,0.15,0.0
singapore,886526ad99fffff,5.139004227729027,1.0539821118401866,3.011021596255843,58.086634970230456,55.84408394842761,4.692967155535075,0.15,5.762394977908297
singapore,886526ad9dfffff,8.008814390162385,1.0715822546666556,3.390814798449293,33.40617557297358,126.99544385001754,7.006954877432395,0.15,11.143304112339472
singapore,886526ad8dfffff,7.326713152371985,1.1273413007222375,3.2214549444885074,35.739855602005946,41.569952990494244,6.522297294765224,0.1,10.472743315953409
singapore,886526adebfffff,6.405359168916096,1.1688087313377973,3.306100124584266,39.02981759605287,1066.809029382944,7.121021459271646,0.05,9.997776228692356
singapore,886526375bfffff,7.875377356060736,1.102442561699302,2.9152990292937244,35.53055315452614,148.9460078570847,11.777840532415706,0.1,22.774769985585063
singapore,886526ad8bfffff,6.677981166899448,1.0812408357940408,3.4813190447328277,40.05701623207765,48.27601958446162,3.425862129543641,0.1,4.848604017839429
singapore,886526add7fffff,7.509559826296069,1.0912119763699653,2.961774475147957,38.77410624902786,194.91515190843973,8.357065802777663,0.1,15.26136180380174
singapore,886526aca3fffff,8.745362901242878,1.047486833868541,2.8888014426153803,38.11543752929457,154.918455628181,1.5244017262558665,0.1,2.0835521601229576
singapore,886526ad97fffff,4.383101045077294,1.2921725367969779,2.815737403423612,67.73172622461517,33.339421488185145,3.2541648149673703,0.2,0.21822329736181345
singapore,886526aca7fffff,2.597695888224007,1.0394597655006312,2.2573055009956295,123.73602810309173,0.0,2.7630376011718556,0.15,2.0375840115296935
singapore,886526ad9bfffff,1.318371585604758,1.0528163894659943,2.5568271679009458,221.23251885231923,4.627826574400238,0.025368458437329232,0.1,0.0
singapore,886526ac8bfffff,5.9008461678985435,1.1067802296671523,2.643748915856013,46.7960620865843,424.9949310560646,15.305764778744706,0.1,28.199174271669342
singapore,886526ac01fffff,4.997000084264629,1.2155940649161565,3.360980266207317,62.28226626930685,15.990913503001064,0.14558519638323575,0.1,0.09062665654770896
singapore,886526ac89fffff,5.823530822349179,1.1601452211553966,3.0314660401136453,48.67407703016262,202.8773646737801,7.704752791510229,0.1,8.163585629604473
singapore,886526acd5fffff,6.923864046587778,1.1091477751641956,3.18173083738994,40.09165001765716,3495.426073888125,7.056793079341121,0.15,18.10750363205034
singapore,886526acc5fffff,5.343178434263892,1.2158401584724525,3.049751869281639,49.92606024269009,436.1834014169089,9.019068353101531,0.1,13.095732243883942
singapore,886526acc7fffff,6.309349708875082,1.1758290899422739,2.916983316278994,43.60783982703381,409.0608473387727,7.708408171317806,0.1,14.811472442941694
singapore,886526ac13fffff,6.645327190455247,1.1604285652850368,2.858208470841131,45.78146350262139,10.037621319661255,2.1145365845211024,0.05,2.9068841569501687
singapore,886526accdfffff,5.140094236147763,1.0675115958562031,3.225456131693492,62.0900943655458,11.306715396095298,2.2438278035955443,0.1,2.754754697648142
singapore,886526ac11fffff,5.2025641070047435,1.162622575856075,2.9194208931509893,60.75695513245122,17.27940529414994,1.5959563954029408,0.2,2.678431977138418
singapore,886526ac1dfffff,5.299931137157657,1.0602131363316651,2.6269347815583,62.893898940751036,14.707891683654868,0.0,,0.0
nairobi,887a6e42dbfffff,6.748533786074087,1.1050227601674665,3.1945310863813074,42.936350559116974,581.1452569496321,11.410260934316568,0.1,16.0198617640014
nairobi,887a6e55e5fffff,6.137525964868549,1.1105659367581968,3.361660418945476,47.449641096802516,710.8613051012167,12.261193435478226,0.15,20.202161502118276
nairobi,887a6e42d1fffff,4.899077529337295,1.104923106039638,3.3392399415995024,56.25355988566731,70.7429818506429,5.264477159432493,0.3,17.33459328070375
nairobi,887a6e42ddfffff,5.777706293874844,1.1399345134101713,3.5172375505326943,51.26388712393651,45.79349542714609,11.505689536486178,0.15,20.842321689720663
nairobi,887a6e42d5fffff,5.296092163101211,1.0834175811253652,3.499506489769741,54.977264305015794,240.69143669307942,12.862257564506166,0.15,24.471821369711066
nairobi,887a6e5537fffff,5.745569569645502,1.141829773009749,3.4380961199017808,51.823027356909215,148.70737496988062,11.463191066398416,0.15,22.690511732803312
nairobi,887a6e55e1fffff,5.839516305694173,1.1837569543113537,3.24071428614701,51.3741180425281,148.35721125768552,4.818372407317998,0.15,9.941788054457634
nairobi,887a6e55e7fffff,6.088452712702289,1.1245587456432633,2.9328202493185853,45.57808249394046,294.38548935084714,9.382358185185215,0.1,14.23961557495651
nairobi,887a6e5585fffff,5.830755214535246,1.0884835393768135,2.459660269712119,45.29847062124752,106.24827478003739,12.696084408337004,0.15,30.440490764744066
nairobi,887a6e5581fffff,4.562762191578888,1.2366868563138207,3.246678922521517,63.64654308305065,499.0384437593421,8.679799471794071,0.1,21.07083703819779
nairobi,887a6e5583fffff,6.826987639015302,1.083171135883711,3.1078487413419587,42.23584009942602,72.24716084505921,13.848296004529988,0.1,23.136302045805103
nairobi,887a6e42d9fffff,5.997225564463326,1.1089289291145312,3.17962548641863,49.9247570864576,2032.117151549055,10.605247143833246,0.15,14.987403603079803
nairobi,887a6e50bdfffff,4.100670161208234,1.089061902507379,3.4136187187304956,71.64324346630737,0.0,16.95469189181452,0.05,22.196078477578542
nairobi,887a6e50abfffff,3.208148726281344,1.224625437569443,2.7966535057682114,91.60832456531783,0.0,15.519052402148306,0.05,20.00655810101455
nairobi,887a6e553dfffff,5.28553454995384,1.0937451547510106,3.3210786307177753,59.02590705364036,435.8709448456216,6.953355918072552,0.05,10.663133347240095
nairobi,887a6e5507fffff,4.765867101308485,1.1144191064188502,2.537704836572157,61.84810005436026,64.94872141912754,7.2936156588950904,0.05,9.588474708378708
nairobi,887a6e5539fffff,4.700971420672589,1.1459388441935248,3.474417047687186,61.36211277376088,0.0,12.419101767113354,0.05,19.44107118334496
nairobi,887a6e5501fffff,4.940414058589622,1.1312760098141703,3.08495671861087,60.57590911279524,0.0,1.4715765435354717,0.05,1.7935816940815492
nairobi,887a6e5505fffff,4.687771581053456,1.2888214812665173,3.4025412335033036,61.024656768153854,0.0,4.355874466984837,0.05,5.2322811092896515
nairobi,887a6e5531fffff,6.124303608303804,1.1197204711909445,3.4332637232926575,47.07282765952445,280.8862645688336,5.259654852597838,0.1,10.4530505676291
nairobi,887a6e5511fffff,5.354975717396853,1.0572912690741716,2.908827080014479,56.689599466381914,11.022435566438862,1.2826733239090509,0.2,0.31947626104116367
nairobi,887a6e42cbfffff,6.618998893568651,1.1119809596670358,2.725236607742248,46.02936328699736,167.63485851638785,7.921346632080249,0.15,16.570893484887893
nairobi,887a6e55a9fffff,6.618174364553577,1.0793891958841828,2.7870961904622633,41.87082697897932,347.10942434919616,6.663543838487254,0.05,18.85367667853513
nairobi,887a6e42c3fffff,6.952103882854604,1.0450309670868274,3.11487376826151,43.17301230435615,262.78194781972036,13.159434714040529,0.15,22.86617524675634
nairobi,887a6e428bfffff,5.6259856114380025,1.1300687770527862,3.1491647347206104,51.03048497135535,269.50710894972997,15.0606618390197,0.2,19.7786858205785
nairobi,887a6e429dfffff,6.2026809871207504,1.1260570746485121,3.4172581815111633,45.50265335399715,331.08480160965723,9.573290320600803,0.1,34.446462721012736
nairobi,887a6e4295fffff,6.844610407607466,1.09187346822827,3.4225042583955534,42.48524923438933,70.5320325061218,13.409121692779621,0.15,20.033891668027117
nairobi,887a6e4291fffff,5.64127189323148,1.1462990323050621,2.627704528838746,46.608466930698555,304.22109946193444,7.8201351429632435,0.1,22.944181518535384
nairobi,887a6e4283fffff,6.532824504212774,1.0718115661786856,3.1292908613958814,44.17253645576114,5197.98726424326,12.534062487330313,0.1,17.905502503156917
nairobi,887a6e55adfffff,6.30139861718781,1.131428774141755,3.2009493556737953,43.19159986837844,123.40275895007576,5.731849491208214,0.1,17.9725520893328
nairobi,887a6e55e3fffff,5.53811362310124,1.0925067440866127,2.623468095906141,50.97014980609731,71.18538683678119,8.972397318506083,0.1,25.038898513375077
nairobi,887a6e42d7fffff,4.329029945953153,1.0841380956436664,3.4382630243451824,69.11770123117434,441.02394555806796,5.319844803042526,0.15,11.520089286488222
nairobi,887a6e42c9fffff,4.365966336191535,1.0858776785346769,2.662008333315318,65.68184081155785,63.002728675746134,9.061103969806416,0.05,15.67159208748429
nairobi,887a6e42cdfffff,5.3225216031691165,1.0882041352461347,3.2767349674399555,58.5808336829182,33.13219864333832,9.60104532177683,0.1,13.374743523709334
nairobi,887a6e42c1fffff,5.680500571803154,1.0760087052085454,3.1382014785505334,55.0862711304084,1039.2927522185844,6.63890007701006,0.15,9.415980009567079
nairobi,887a6e5527fffff,3.9328537312549003,1.0716604719785658,3.023250001598445,74.62221606088602,1210.9239579812313,0.5084192614261107,0.2,0.41452546840990223
nairobi,887a6e42bbfffff,5.108314306572746,1.065325225992046,3.1777456539792865,50.77179539174857,7.8650380249086735,9.780905891075955,0.05,15.515476394324025
nairobi,887a6e5535fffff,5.946679814845415,1.1195462081685654,3.2205991175836717,49.12570384761315,387.4715820632869,6.059368957591679,0.1,10.883800991103326
nairobi,887a6e552bfffff,4.7402303624548745,1.12751111888029,3.3315735236971595,63.01408916055429,92.89001903920372,14.699799719794898,0.1,21.935896797143396
nairobi,887a6e42c7fffff,5.242404680248997,1.0469288480811885,3.459561784456728,60.12839727767379,84.08182795248095,11.398829934533268,0.15,13.281377516203875
nairobi,887a6e4213fffff,3.9747666186073296,1.065725233804089,3.441153770605167,72.74807661722238,122.93797379780148,10.007621131177862,0.1,12.684586877488549
nairobi,887a6e42c5fffff,5.800007158712047,1.0656624432088395,3.2477607223236165,52.767145572285564,75.85016972927457,11.355649174885123,0.2,15.975897463822601
nairobi,887a6e42e1fffff,5.206311096391007,1.0513363628181747,3.348690661964711,57.022139957366804,370.5696136608423,10.266845827867524,0.2,18.08595419287949
nairobi,887a6e42e5fffff,3.853087788430729,1.0709298220987282,3.4665108012234302,78.3735576766579,104.92118752356616,5.415423247392652,0.15,13.82005606492566
nairobi,887a6e42e7fffff,5.0480746050282,1.0734920461178294,3.2427024699289158,61.55104867206098,109.19665225227953,6.874250075411812,0.2,22.51840308420049
nairobi,887a6e4059fffff,3.1210110953888233,1.1869724231440837,3.3446880607455296,89.34481337094206,26.70184483454354,12.379544343902781,0.15,21.19472212746162
nairobi,887a6e415bfffff,5.507213320417661,1.0730793413924233,3.171630113766718,54.041677760264534,0.0,5.800508649604717,0.15,4.075312480055491
nairobi,887a6e402dfffff,4.562986314658966,1.1192707037860248,2.84618937243271,65.31458481319615,0.0,8.421465665380758,0.05,12.65278647993103
nairobi,887a6e4025fffff,3.3874463831143427,1.0659772855994438,3.2830837636996106,95.50834911437329,0.0,1.1420909606204663,0.15,0.8809948109537551
nairobi,887a6e4067fffff,4.8990229473602485,1.1001017032962557,2.908670321902921,61.34246316950905,126.88509442968683,6.375695138150479,0.15,16.257847027372087
nairobi,887a6e4159fffff,4.992358998103777,1.0489648981836732,3.0145731880175366,58.60484378729612,0.0,7.723169759454414,0.1,10.461575470407627
nairobi,887a6e4337fffff,3.7775954800600724,1.064252092782175,3.4440810672275344,79.41559692760679,0.0,5.889135244083649,0.1,8.689298054834566
nairobi,887a6e4335fffff,3.8986128018214394,1.1255836729833282,2.72474339865273,72.1410445963239,0.0,7.533766932520253,0.05,8.641237325991856
nairobi,887a6e433dfffff,4.170884220797445,1.007804411359229,2.445273138135466,71.69776152256316,0.0,2.670889927673073,0.05,2.121498555567154
nairobi,887a6e4323fffff,4.077029029482555,1.0836594458812432,2.6642323117218583,76.34836729220632,0.0,5.852452828211719,0.1,6.6378644090868875
nairobi,887a6e4329fffff,3.4160134790740635,1.1537392156448802,3.1908397329058453,94.984427635904,0.0,11.952975643073003,0.05,14.340774992534172
nairobi,887a6e4045fffff,4.413024386251921,1.0606674138947911,2.32029127978284,66.84757984094213,29.12787365739526,9.117419668161125,0.1,11.110915238411142
nairobi,887a6e404dfffff,5.365613591232546,1.0963848886445247,3.3089588091274713,54.41279678341046,0.0,9.764997209957665,0.1,12.34456334129786
nairobi,887a6e4041fffff,3.914949638185379,1.0646173604927442,3.3267542979932454,76.16771571614719,205.76888192728163,10.15761155926911,0.15,11.946071199826399
nairobi,887a6e4047fffff,3.474726151058033,1.1719529361123417,3.3535149875703985,92.39652784757983,4.889713947540865,2.0443225297147736,0.05,3.3930885297265085
nairobi,887a6e4043fffff,3.324970224325317,1.2320063989987657,3.272325167710747,94.68199519852708,38.075372501828824,5.980638866470593,0.1,0.0
nairobi,887a6e4247fffff,3.3919187479068196,1.1569684493223347,3.2540516510788846,85.65669231311496,0.0,12.340418710856689,0.05,12.0779053531746
nairobi,887a6e421bfffff,5.070177577365968,1.0509390894963664,3.1047663354015804,60.178979055548886,219.32923958660058,7.117809561124028,0.2,9.790603975152823
nairobi,887a6e4219fffff,4.745243815567499,1.0765245774591423,3.0153504035266065,58.915811987562435,5324.81992831124,2.4402139473691724,0.1,2.514330555078093
nairobi,887a6e4255fffff,3.8355794236936624,1.1474790519672835,2.7029387356805983,74.25478529343196,0.0,1.1211520704025908,0.1,2.1560755185258955
nairobi,887a6e5523fffff,5.03368115043098,1.1402925849530958,2.7963661769262735,59.15705998825187,124.84427908444312,10.383430584738935,0.15,15.955844844408666
nairobi,887a6e4209fffff,6.0412615595765145,1.073838939595507,3.0355161459232893,48.613905802968915,0.0,3.3530188869085737,0.1,3.825661024761626
nairobi,887a6e420bfffff,4.7998829218058825,1.1041597598488406,3.244513140372981,61.0992466997284,0.0,15.249516909772435,0.1,21.482735451924853
nairobi,887a6e4257fffff,4.439723806278509,1.0371251524790097,2.849908679523306,67.01332653537604,0.0,2.8134957138719634,0.05,3.039598514344517
nairobi,887a6e420dfffff,4.575822093307278,1.1237571741161694,3.1692132651665226,63.08370122969472,0.0,9.68822381768911,0.05,14.08934169196398
nairobi,887a6e4223fffff,4.319577869787226,1.0473975898232724,3.1481003929841025,71.40548630895532,121.89224870671066,3.2498093504594894,0.15,0.7881297132381313
nairobi,887a6e55abfffff,6.180648155992224,1.0860472503477996,2.9501100324765654,43.79809853441141,42.05725849675159,8.825443060655413,0.1,25.73553401684517
nairobi,887a6e55a1fffff,6.03676788332927,1.0867453071849076,3.368239926052896,43.87527729802202,54.422026655769365,9.700915441454683,0.1,22.803359877647885
nairobi,887a6e55bdfffff,5.760384334620408,1.042821408632777,3.3554041488581863,46.486902821543865,69.38323700518762,5.735902385103094,0.1,25.788061793882363
nairobi,887a6e5587fffff,5.580824003048052,1.1143004333937108,3.0582997057135795,48.346143975756206,135.53023663787405,3.7212745710144954,0.1,23.311997762299907
nairobi,887a6e55a5fffff,6.285729659627498,1.0761872233920884,3.4477197232845684,41.6786665760697,321.82070110039194,5.645476203287896,0.15,25.65251396198591
nairobi,887a6e42d3fffff,3.9572325893214333,1.1349827723821808,3.499638417009829,70.71880157457312,49.30538729330272,9.125004341340283,0.15,19.74419853739744
nairobi,887a6e4299fffff,5.454776096721235,1.1035810996223088,3.37737669497941,49.24034214415541,233.51413772911985,6.733858293955306,0.15,34.890562999848186
nairobi,887a6e55a7fffff,5.207184507476642,1.0379897789942527,3.2444935412987146,52.22204517065945,39.913050458745566,2.79190897129352,0.2,9.549872847027135
nairobi,887a6e4293fffff,5.41859828229407,1.1483967654994147,2.987009032992593,53.1476685890169,63.03007448245113,11.73226037035304,0.1,18.585924250344323
nairobi,887a6e474dfffff,4.839679651691109,1.053588461147897,3.367897773793324,57.21929897287984,50.57904673322798,5.299070062945217,0.2,20.936017704256905
nairobi,887a6e429bfffff,4.136296257993597,1.0536614659388228,3.316137228306083,61.72651401425937,101.52207669654955,3.5765226872880564,0.1,18.94523934691828
nairobi,887a6e4289fffff,5.401563711218896,1.0758565991511,3.2230418083962253,53.44572268783471,28.643895072707544,13.663392517863723,0.15,16.729255794527504
nairobi,887a6e4281fffff,6.204125465821486,1.1262789121014214,2.9808791446781444,44.97206692806116,476.3441235700254,15.6950833143272,0.1,23.74171555130694
nairobi,887a6e4285fffff,6.527742959229356,1.076110283416118,3.004404765778546,43.434524541722844,20.693631813912706,9.669104338358112,0.1,16.034403426821154
nairobi,887a6e42abfffff,6.233419870602726,1.0505507891082555,2.7401794866997538,50.13299384400099,78.52442184890718,1.5786266325362315,0.05,1.4378372854616666
nairobi,887a6e4287fffff,6.693646491655387,1.116471689703619,2.941728849984319,41.29920933783005,110.83365338041587,16.96466175617075,0.05,25.601964476257525
nairobi,887a6e42b9fffff,5.587256307749584,1.0836811001783102,3.2105830426262143,52.14340753852215,25.066383604746964,8.191778575622303,0.05,12.170110583846927
nairobi,887a6e4769fffff,4.256270323407702,1.0460827984849836,3.1076940311135086,62.78768945680668,11.586808453910951,11.005646705031033,0.1,20.02219336638631
nairobi,887a6e476dfffff,4.1140162291026305,1.095754127062965,3.104100269614509,62.53780711365296,11.279996059484262,5.202454960868328,0.15,10.761028706229645
nairobi,887a6e4297fffff,5.293103700669683,1.1199158405920215,3.433506392241507,51.7209323747987,26.697747685678316,12.574853964036595,0.1,25.16638569125633
nairobi,887a6e476bfffff,3.519071260186284,1.0542272430942177,3.277010275072023,74.6537495216488,17.135376010281956,11.74435324748568,0.15,21.674513417852022
nairobi,887a6e4763fffff,3.8152746169192375,1.0689303883918795,3.194323118437083,70.79829623033751,29.260281299720422,4.603661049794001,0.15,10.931587431064067
nairobi,887a6e4761fffff,3.547851492396762,1.072647290928468,2.583922817651678,75.62117058783187,12.545426174049469,1.4630153438898748,0.2,1.6086183607292792
nairobi,887a6e4745fffff,4.870717333179515,1.0771156534516146,3.3357956626265217,62.12126194123065,44.56462169388821,13.455754887142376,0.15,31.76788522320955
nairobi,887a6e4741fffff,3.684061422443643,1.0785351514327186,3.234896380346388,74.23987880279643,33.36540568046345,5.2368427137269595,0.1,12.439974956636776
nairobi,887a6e55b5fffff,5.565835711281494,1.0864579955295743,3.380397024393349,52.86867749425372,61.281965323301165,7.105572027294175,0.15,30.048897397541147
nairobi,887a6e55a3fffff,5.211037041403023,1.0581245466070133,3.3783409905932174,55.85160378001115,36.87379166040146,12.473383313091244,0.15,34.40672729934577
nairobi,887a6e4749fffff,5.039278147282411,1.0372601057708652,3.3223019223598045,54.39502784237601,40.32838755316032,8.406845612307375,0.15,25.07064607366344
nairobi,887a6e42e3fffff,3.572865414729126,1.1042014310318617,3.0736077829543547,85.02908256830106,13.957286328156348,6.355376185161822,0.15,13.40699877397162
nairobi,887a6e428dfffff,5.689315724773289,1.174345832133763,3.2688225250424767,51.85494554353961,38.83956205041141,10.71303876155011,0.15,13.177294870775691
nairobi,887a6e42ebfffff,6.035163313434842,1.0807257484760022,3.2699730141684396,50.64217601809247,82.057815835582,12.70598472036879,0.15,13.949175555634298
nairobi,887a6e4747fffff,3.927274017816045,1.0796837001233914,3.0324684713061267,68.89975949388722,17.964617776520328,2.9939071986536265,0.05,5.84970921187878
nairobi,887a6e4211fffff,4.470691835151728,1.0527027746664124,2.82737947186439,66.12409194295802,2328.6317940399363,1.8758169390302797,0.1,0.40315495887151753
nairobi,887a6e421dfffff,4.786908495250499,1.0475044713022614,2.9661641094523437,60.71567784866555,0.0,13.310613385320211,0.1,20.43146497756915
nairobi,887a6e4203fffff,4.490580331378751,1.0862952361363765,3.273426862746303,62.825488958865165,0.0,4.240683917947431,0.1,3.191583060075512
nairobi,887a6e4201fffff,4.8087312946647645,1.1286144497501178,3.260093436741465,59.06704726890915,0.0,5.2762964876979535,0.05,4.134603869091421
nairobi,887a6e4205fffff,5.552664216109243,1.2276479908235527,3.1656171835903533,52.30266956069316,0.0,8.227535651079435,0.05,11.559220606632636
nairobi,887a6e4207fffff,5.311514114672669,1.056866182660656,3.4849832373049714,51.6435708601068,0.0,7.594660976619259,0.05,10.418726303042884
nairobi,887a6e422bfffff,4.9089043358204485,1.0716986086695472,2.9931129199374356,56.97015012259582,0.0,2.65545222787651,0.05,2.5519875536244374
nairobi,887a6e4241fffff,3.8586147200576053,1.201581323218,3.3467263486625827,81.77390163944992,0.0,8.731534063550512,0.05,11.700994203111787
nairobi,887a6e50a5fffff,3.1367351751923502,1.0572201659932574,2.5690598454277143,97.69763648741359,0.0,4.753375032280602,0.1,4.786834486269244
nairobi,887a6e50a7fffff,4.013661502705813,1.0798349683553405,2.425901166255218,74.98661099933514,714.273118412903,1.3394040299897874,0.1,0.0
nairobi,887a6e4243fffff,3.777863655046281,1.1173150135117647,2.1972438448883502,74.57813660630379,0.0,15.45586869521175,0.05,21.109241560961024
nairobi,887a6e4251fffff,3.830314069944834,1.1105749519629067,2.8975661590645756,74.08890722840147,0.0,2.403915321386184,0.1,2.847349116596824
nairobi,887a6e5521fffff,5.69355587272632,1.16714847795406,3.3392272672936065,52.44720835032805,2801.6556150433503,10.423658800434929,0.1,14.085423117373349
nairobi,887a6e425bfffff,3.913083539697459,1.0866457218959302,3.384451092093191,74.58722149609405,0.0,9.733369059423756,0.1,14.43687019654178
nairobi,887a6e4259fffff,4.214081791349675,1.0594653553266238,3.4901043346044003,68.81688926761899,0.0,4.38957382214334,0.1,5.716667069459437
nairobi,887a6e50b3fffff,3.83795240423279,1.1572211335446418,3.118761363888298,70.83064914884396,0.0,0.16087312501065654,0.05,0.0
nairobi,887a6e50b7fffff,3.206197260603367,1.126194453058999,2.811118194157713,87.85801931352778,0.0,12.677798808989543,0.05,17.106137593838483
nairobi,887a6e50b1fffff,3.726918503302438,1.1386929274325996,3.214661232615341,80.92135669724567,0.0,6.9200487717648,0.05,8.844232567945248
nairobi,887a6e42e9fffff,4.240898486194111,1.0527205056369076,3.2195714399112467,70.57931918567886,39.74694573840945,7.108940169343323,0.15,11.655966509243298
nairobi,887a6e42a9fffff,4.795659753026015,1.1057530167332499,3.39985704688595,62.769342210594544,93.6822350802306,2.7143374089692656,0.1,7.410082799935171
nairobi,887a6e462dfffff,4.632736708895582,1.0702088807379264,2.983186529526098,64.00355697694364,0.0,2.9770640930251338,0.1,4.664895616789345
nairobi,887a6e4621fffff,3.710574915641257,1.1209516578041319,3.2797903325009092,80.8500048699743,0.0,11.010171987382167,0.05,12.978747846278276
nairobi,887a6e4009fffff,4.867460526975122,1.1647124732713248,2.79467332342111,57.43649916085849,25.26565418663688,0.8326774419785785,0.1,2.086706649733314
nairobi,887a6e4001fffff,5.16212540122099,1.0876774553410307,3.365857926571957,55.48252797627653,1.2401385239052385,6.190785881614168,0.1,10.667917304540989
nairobi,887a6e4007fffff,3.6214971425597877,1.0251077408003422,2.531994277880394,78.89396966701283,1.2463251756222826,2.6823502446964302,0.1,4.181005182781662
nairobi,887a6e4233fffff,4.368390266576439,1.0639443503164248,3.259222518721568,71.98656475614808,129.99855548998872,6.026192404543681,0.15,11.726990553973547
nairobi,887a6e4235fffff,4.656728683568447,1.0656501451647642,3.1598300954337106,66.50106553288241,268.0931670257365,6.533449131828382,0.15,8.806214726367363
nairobi,887a6e4357fffff,4.544603276429875,1.063584244035798,3.314711876654426,62.92845185587051,1026.2533386483947,2.929055049545984,0.15,0.0
nairobi,887a6e430bfffff,4.748598234811616,1.0767497713603973,2.944670779582083,64.52240477989481,0.0,12.197481288631664,0.1,15.177942168817891
nairobi,887a6e431dfffff,4.966959608504969,1.0671864980026613,3.3442219572470844,62.64802561171181,0.0,7.405479505610498,0.1,9.18263241407745
nairobi,887a6e4319fffff,4.885087757361173,1.0522086915670619,3.189790891514069,62.16489788489174,0.0,3.9077020639332867,0.1,3.085897824579863
nairobi,887a6e4227fffff,4.539605421322758,1.0858731597658267,3.3041330734442163,66.08503871082826,0.0,5.959162912813618,0.05,6.5841920367821025
nairobi,887a6e430dfffff,5.043558728864667,1.0516820917811733,2.9872574881340572,62.875067191121204,0.0,10.960063183320894,0.1,11.498685088532213
nairobi,887a6e4365fffff,4.976036670892082,1.0238673811195187,3.2607742195295564,58.77973534399998,0.0,2.8507244872267075,0.05,5.84666355164371
nairobi,887a6e436dfffff,5.3122643905126825,1.0302201775822062,2.7808948822837354,62.97359271089178,0.0,1.9650961047252717,0.1,2.2719230923194296
nairobi,887a6e470dfffff,4.2795216082251955,1.161852532382503,3.3574439669132583,70.7162170569985,13.599249702403702,4.228292556346703,0.2,8.522715327089884
nairobi,887a6e558dfffff,5.286008474139599,1.0497002847047554,3.08748414265161,51.782479932891086,101.99199343376088,4.006389250869169,0.05,10.353860054424658
nairobi,887a6e558bfffff,4.072903695254752,1.0718910652639968,3.3174138596627056,75.70356590865755,78.41387126022967,2.7793293682581073,0.1,2.570814516535025
nairobi,887a6e55ebfffff,4.175852566208914,1.0868883441896464,3.4757692174978563,70.83859251122041,113.10749544874696,10.723986736197313,0.2,19.36055390874138
nairobi,887a6e55c1fffff,3.9984059866957917,1.047626392131959,3.3974266608589296,73.49419996383278,0.0,5.204125892328158,0.05,6.160578402747447
nairobi,887a6e55c3fffff,4.323623986229236,1.0800726641907883,3.0855370679639615,63.90837648087611,0.0,0.0,,0.0
nairobi,887a6e553bfffff,4.557885391600433,1.1712932456146676,3.281222561899824,65.60489835795126,0.0,5.658076684271125,0.05,7.791475944038847
nairobi,887a6e55c5fffff,4.082930894442122,1.1581583096265093,3.2702134274367642,73.28377730627258,18.702592761945507,7.618732604037763,0.1,10.632586429639616
nairobi,887a6e55cdfffff,4.3774319087466855,1.0841643829451153,3.3983374129376163,69.6755555216221,79.8361136795709,1.2273311075631812,0.05,1.7246957669814176
nairobi,887a6e5513fffff,4.538350541650513,1.09487552870982,3.2384954256114926,62.6728004181688,104.26842295271965,10.539832168835112,0.1,18.30433754609979
nairobi,887a6e5515fffff,4.831557681619939,1.1365881588346283,3.3151643487038176,59.87421311065078,30.264509759203236,8.120227337337743,0.15,9.598618994754313
nairobi,887a6e5503fffff,4.012141409124306,1.1072108371948552,3.03086504502864,71.21241665722992,27.532255701067417,0.009616353117481661,0.1,0.0
nairobi,887a6e550dfffff,5.975819195712077,1.1548015574765982,3.0516500237865647,48.807813140657046,0.0,2.364749080469926,0.05,3.3989651145524284
nairobi,887a6e5563fffff,4.996629190114622,1.073267526698624,3.441765414112679,56.52665774166124,153.17721010669248,9.801313899843331,0.1,12.406640529542175
nairobi,887a6e556dfffff,3.6963502789655593,1.148149362580223,3.1637986261591986,80.58552841179679,0.0,3.366124031802424,0.05,5.088925080377901
nairobi,887a6e50bbfffff,3.743248722761879,1.0782297105755532,3.031532946585544,79.39702093413445,0.0,6.243151984357676,0.05,4.971683368746447
nairobi,887a6e425dfffff,3.733437610960714,1.0813021420797233,2.974068239761631,75.57186875563025,0.0,4.008261309756606,0.05,4.315376186019975
nairobi,887a6e4253fffff,3.5863316049986795,1.2052892118044927,2.4478228579738137,78.9625366246825,0.0,3.0488008830698727,0.1,4.2811059906416045
nairobi,887a6e5525fffff,4.288790125455485,1.1410824098363577,3.085361937012584,71.08719239277497,420.3948480884903,2.4834543202533377,0.15,3.171587519952011
nairobi,887a6e5529fffff,4.170379331647908,1.0714636248199922,3.2327203140920857,69.21667571673153,0.0,5.73669051639193,0.1,6.563608106027775
nairobi,887a6e552dfffff,4.414802176310377,1.1048898039297186,3.47557992216132,65.77962699265099,684.5594104460895,3.292972603139217,0.05,3.3050636857427946
nairobi,887a6e4309fffff,5.919435232768173,1.0438984949498358,3.2053609884816607,54.395312413146634,0.0,7.9692147921040455,0.05,11.06570375162557
nairobi,887a6e4351fffff,5.656714397590362,1.1151597816017877,3.302700582294655,49.62275530571909,0.0,6.57622149984001,0.05,8.110933236476006
nairobi,887a6e4359fffff,4.780578625379664,1.0623805322175541,3.1068484003744103,66.32527055373468,0.0,12.40319806069726,0.1,12.29337363587835
nairobi,887a6e4355fffff,5.573980650703546,1.0564170445097907,3.413591214632787,54.437776791621474,0.0,6.618208349387319,0.05,5.998996330993284
nairobi,887a6e4367fffff,3.44895743756984,1.0712112261044198,3.0128280944124297,87.65709257588564,0.0,1.6462696171636844,0.05,2.094359121356973
nairobi,887a6e4229fffff,4.409361863866438,1.225690206127099,3.2114426734626886,66.11065285764016,0.0,20.97615227793276,0.1,27.01097812290543
nairobi,887a6e4221fffff,4.450225990910002,1.1087597631842445,3.235270329619994,65.20015860029963,0.0,4.354396553030847,0.1,5.937630961003773
nairobi,887a6e4231fffff,3.566894886392152,1.046239535197822,3.3122580589490096,96.372338111622,109.60284075684206,4.784749320627405,0.15,6.37696943998395
nairobi,887a6e423dfffff,4.054223644400642,1.0513298512905453,3.2606840610620353,67.7095858539276,0.0,4.500976521546928,0.05,6.97020753461565
nairobi,887a6e423bfffff,3.5328795256210026,1.0523932289713822,2.7688588895630786,81.24733236879408,113.39410249124657,5.290521121008625,0.15,5.822177724457319
nairobi,887a6e50a3fffff,4.732445752986857,1.0616700606395768,2.800711576244849,64.59651051939571,0.0,3.5003294170233117,0.15,1.5188097138189427
nairobi,887a6e50a1fffff,3.6132064610975156,1.088863245181094,2.3689544665893787,85.59664493169318,0.0,11.082750864693601,0.1,12.360585606889272
nairobi,887a6e50b9fffff,2.844077596689817,1.1619876252896926,2.7828607684153406,108.72084737620219,0.0,0.6885463373385605,0.05,0.0
nairobi,887a6e5087fffff,3.077021964309328,1.3457537552579648,1.9452358022319245,98.59233701796106,0.0,2.9641473567846,0.05,3.2337389399223113
nairobi,887a6e4339fffff,4.808043867427321,1.0520928992017888,3.3784413914005595,65.7500307764909,0.0,2.1986115905998442,0.15,0.19610064681479322
nairobi,887a6e4303fffff,4.874543203269454,1.0349501982359866,3.189626974847738,62.04633743828438,0.0,6.877943996895063,0.15,5.482018756922937
nairobi,887a6e4315fffff,4.806102782190676,1.0629810063364455,3.1061792104824657,61.6354723398812,0.0,5.263562173233179,0.15,5.509703394542548
nairobi,887a6e4311fffff,5.1876867227442425,1.0459441413924913,2.5950349551161307,54.8636415085654,0.0,6.886285749946696,0.05,12.178275492485271
nairobi,887a6e431bfffff,5.6316127430882545,1.0569745532370878,3.0138027719513536,51.32393828130955,0.0,10.064861938391912,0.05,11.811998359875574
nairobi,887a6e4313fffff,5.518278232293354,1.0619957009809857,3.4423713837096153,52.70423873962303,0.0,8.859763696720798,0.1,9.873847204675096
nairobi,887a6e4049fffff,5.391626815771498,1.057724896306942,2.9068129862439696,55.641833207455136,94.80130287749856,11.058878443414676,0.15,8.208240176656552
nairobi,887a6e406dfffff,4.37502611215396,1.0459088905436653,2.893546207667775,78.72968883261453,3.153537893551271,2.133137916720288,0.15,3.657919815762014
nairobi,887a6e4061fffff,3.7306101009991584,1.1256656749792318,3.03804847076015,79.63883687437355,125.49540052833089,1.3752843507138486,0.15,2.9628887164881057
nairobi,887a6e4065fffff,4.14734664046434,1.175990466568996,3.120409287377874,70.85485603149542,232.47779420240715,7.297017805007306,0.2,13.649356187978928
nairobi,887a6e405dfffff,4.669734888907839,1.1297400694536885,3.4076056301913757,66.6798550488606,204.19274792497166,4.658247541380634,0.15,1.73787513471086
nairobi,887a6e4051fffff,4.43465567934417,1.4955891006204627,2.787876228087594,60.710636563013885,152.50333222682687,0.0,,0.0
nairobi,887a6e404bfffff,6.187209496718833,1.0685657742325037,3.2686072133992425,49.37209649758328,2616.04715043617,5.40293028271542,0.2,4.619639779650878
nairobi,887a6e4237fffff,5.694174203944315,1.112991601324808,3.2881312764886057,53.41716915790394,61.806597755128266,6.8737784232804255,0.1,13.956168632682319
nairobi,887a6e4217fffff,4.776841705689133,1.0302013760023363,2.15404920143371,63.42175095813116,74.46259203654165,7.156280151141171,0.2,8.478481259467976
nairobi,887a6e4215fffff,3.5771044248657553,1.050174226388044,2.8625810116307955,77.32392232055997,3985.2150682181705,0.8903125073680852,0.1,0.7584306452536449
nairobi,887a6e42edfffff,4.821843371520113,1.022010915630318,2.076280970311139,60.77194224433415,167.44937486626245,9.746864130666966,0.15,19.414227350097615
nairobi,887a6e4225fffff,4.974254508655462,1.0450502843595342,2.9566094582253517,60.69715097965229,0.0,4.893820182282538,0.05,5.499010679757504
nairobi,887a6e414bfffff,2.76105102006174,1.0617519123141215,2.886426393997432,107.60447638114223,0.0,4.197397439327917,0.05,4.542695696560209
nairobi,887a6e432bfffff,3.783927143510767,1.0178015956732402,2.9494577107187125,85.63123286461685,0.0,6.726275947670935,0.05,7.174723682348812
nairobi,887a6e4321fffff,3.544095996540814,1.0239400983094054,2.33695662683021,87.33505238738388,0.0,8.1306225831024,0.05,11.334322080776673
nairobi,887a6e432dfffff,3.4047245405460935,1.0378712731726396,2.5757651055833803,103.46585254624605,0.0,1.4978081380228019,0.05,1.106151689433439
nairobi,887a6e4005fffff,3.5943646707335746,1.0699059596529181,3.0011164862828794,75.57762447393651,1.2402838528480378,17.252060546391363,0.05,25.664692887482236
nairobi,887a6e402bfffff,4.12333561183327,1.049628773962098,2.806043080316757,72.4197929109016,2.2072763475164194,7.702717317551033,0.1,9.704509480662827
nairobi,887a6e400dfffff,5.890549306506753,1.0719089302604121,3.2246674141594234,48.58010808881261,4.313681241400651,9.833736135136178,0.05,10.380653712189961
nairobi,887a6e4317fffff,4.065673671916056,1.034055124815227,3.0768210422391773,72.3416758925987,67.97567702144174,0.7448860551831182,0.2,0.0
nairobi,887a6e4069fffff,4.4464397800242965,1.1137501104938168,3.1780630850911025,63.15657732953365,5.974228061739899,2.8877564807811473,0.05,3.8725573133751183
nairobi,887a6e4029fffff,5.893185473359655,1.1448697775233372,3.4500041179684264,48.56009279432523,64.67904268756709,3.1819642692256287,0.05,7.935085657686182
nairobi,887a6e4151fffff,4.707135351503677,1.0533612503052343,3.012029459141306,66.45666407714049,0.0,12.816206910006397,0.05,17.50103132880741
nairobi,887a6e422dfffff,4.82542459447874,1.0308480625871395,2.606391117804802,63.82257321876599,0.0,8.360561456216029,0.1,11.518740765378134
nairobi,887a6e4361fffff,4.0148187604475405,1.0314201861654229,2.818268660734386,76.53936204891397,0.0,6.076729221210647,0.1,7.12292448878731
nairobi,887a6e4363fffff,4.8217604865654655,1.0621865193254991,3.0631675077014964,63.81327080629772,0.0,6.285554273278374,0.1,6.488522373981869
nairobi,887a6e4343fffff,6.16150498375169,1.0610397238476326,3.29768594005359,52.58455537314509,0.0,3.223841587349673,0.1,4.314593073294613
nairobi,887a6e4341fffff,1.43828471455891,1.1828880800056443,2.586935412951083,189.61980890613316,0.0,0.4244574057904772,0.05,0.0
nairobi,887a6e51b7fffff,4.281363667087266,1.0700894203286366,2.9586440872033557,69.11778357484415,0.0,5.962201540069274,0.05,8.294382862180104
nairobi,887a6e435dfffff,5.258392827023022,1.0393193012207367,2.9102669066947215,57.92600727433096,0.0,6.922872279736374,0.05,10.397102299959784
nairobi,887a6e4265fffff,4.956964556356028,1.0773506801685708,3.3640450323000093,61.7560294206803,0.0,3.6312801517558824,0.1,1.025931470950729
nairobi,887a6e4267fffff,4.63393968272475,1.0656444385685477,2.914398758100599,64.11422452971323,0.0,13.103609185436119,0.15,7.356550122667713
nairobi,887a6e4263fffff,4.41001282006947,1.1221812768352877,3.0199403443757618,69.36087612923487,0.0,8.244028974254293,0.15,4.952489547561559
nairobi,887a6e4261fffff,5.1407823473014425,1.094225640814568,2.7842999951867373,57.989852012244576,459.2379084328799,6.072411588677889,0.1,5.074899825316537
nairobi,887a6e51b9fffff,2.2422983576724174,1.1022969141608971,2.4201570123424228,116.80192379778934,103.49010993213058,0.2743198136608389,0.1,0.0
nairobi,887a6e5183fffff,3.1650941575966303,1.0526565727442843,2.897166204939637,99.46459698812406,29.06952641427585,0.040954808881012064,0.2,0.0
nairobi,887a6e518bfffff,4.099882958439634,1.147322795964519,3.045985277086554,75.04904671947303,0.0,0.07238899043591199,0.05,0.0
nairobi,887a6e519dfffff,4.278121513204527,1.087719637235682,2.8093691105143996,69.58893587880415,0.0,5.207244750163306,0.1,4.226456953701115
nairobi,887a6e5199fffff,3.338254444052804,1.0807533215161895,2.8715657277906366,90.46050955096858,0.0,12.603934542237248,0.1,15.941573720171847
nairobi,887a6e51d7fffff,8.737158884208853,1.0776586370808763,2.814598939012545,35.97115703752853,0.0,0.036437303962237585,0.1,0.0
nairobi,887a6e5191fffff,4.201456167139591,1.0986397215619084,3.4587880946583693,65.80351602799632,197.12877263859917,1.4447555111859454,0.1,0.9636363057917858
nairobi,887a6e5193fffff,4.357771342618097,1.0419829261482478,2.9863434713019705,73.01480347765522,0.0,0.9073060871017098,0.15,0.0
nairobi,887a6e519bfffff,3.5425409869343585,1.175991681638817,2.7158154515436506,82.65050252704894,0.0,14.490237000358295,0.1,20.53363389918323
nairobi,887a6e424dfffff,3.638663814050077,1.0526254749503443,2.3640043754427924,79.30697731875081,0.0,5.151674521148327,0.05,6.77010411794131
nairobi,887a6e55edfffff,4.639776308916687,1.0779741319682803,3.496832728646884,58.71746379503946,275.02786094555705,8.028004340854672,0.05,13.94832214944239
nairobi,887a6e5517fffff,3.772305167852,1.1785743886411113,3.2907281271314246,73.47600491221787,216.93396404330662,1.9564574461643298,0.15,3.482370646553977
nairobi,887a6e5533fffff,5.972882983387166,1.091758194063816,3.1306632932503886,48.495035516254525,188.66755313078963,5.193547819512431,0.15,13.289918679846092
nairobi,887a6e55c7fffff,4.3270232337579095,1.109781836696625,3.498018658478961,67.83701460588941,915.0305850198615,6.339883211525065,0.1,9.360022568494367
nairobi,887a6e50b5fffff,4.738670901254301,1.1946106910323795,3.252442110300927,63.74853616725597,0.0,6.859112654785996,0.05,8.379629765303399
nairobi,887a6e5095fffff,3.0582449728479837,1.1196479192578639,3.0662533901684523,110.59784193895564,0.0,4.22907272828464,0.05,5.855758590520011
nairobi,887a6e4021fffff,3.5392005002572122,1.126795095130465,3.152515467303783,91.21682867241601,12.602725399552082,6.32003470176135,0.05,8.334862396641114
nairobi,887a6e403dfffff,4.753233882058639,1.0206613672330966,2.5351956443679304,72.5458908109842,152.25205483392511,0.2809143165579967,0.05,0.0
nairobi,887a6e4023fffff,4.5730632974004735,1.052496727333697,2.337019785919956,69.67483943673248,1538.1291033804978,1.197612794362167,0.2,0.1888425999641754
nairobi,887a6e4153fffff,5.1459540199622635,1.086368631057142,3.2047344984400206,60.01288161801904,0.0,9.59881137548813,0.05,13.079796891545957
nairobi,887a6e5561fffff,5.5663706862033315,1.127635000314022,2.9846207687760575,56.62888964359446,248.08072344535356,1.0833067256959268,0.05,0.869287756819002
nairobi,887a6e5565fffff,3.5331607433565346,1.0622149594703867,3.125685879059596,79.18176530404003,0.0,2.7967697607424578,0.05,2.9022459735307145
nairobi,887a6e5567fffff,5.766990695173495,1.0734167290163499,3.4676048059381714,50.62571753451707,0.0,4.9544513770927505,0.05,6.05201918782262
nairobi,887a6e559bfffff,4.512914788280399,1.048213343835319,2.99289724636981,64.556632762875,67.74056555705218,5.28773809615399,0.05,6.357542670346348
nairobi,887a6e55cbfffff,5.243921602936252,1.1569127467163967,2.1590058127166873,63.56565917131345,0.0,0.6959768074448631,0.1,0.5456376038505493
nairobi,887a6e462bfffff,4.298825115880336,1.0405264700112453,3.2247669440133886,69.0361169734657,27.441279346817385,5.99093703895872,0.1,10.326210796235824
nairobi,887a6e4713fffff,3.9713981995435748,1.034562805322627,2.5823063443139667,83.93349560657072,19.775116345625843,0.43790326409629204,0.15,1.3726324015723002
nairobi,887a6e4703fffff,3.440518459590303,1.0168639353574354,1.6300354880989611,80.73718570045271,22.459569390978608,1.169901281421531,0.1,2.89487474355991
nairobi,887a6e4701fffff,2.6240993886362607,1.0395907564030578,3.2715990684342002,99.08161296250346,28.422852243199355,6.330407105932997,0.15,12.662632597097918
nairobi,887a6e4245fffff,3.5014612934828393,1.0763079527476032,3.000265272249149,82.9485612224752,0.0,8.102802990957455,0.05,11.30679550977207
nairobi,887a6e426bfffff,4.890357235458002,1.052422366105849,2.815500957394207,60.165496110881435,0.0,5.550448664585551,0.05,5.753316163851164
nairobi,887a6e4269fffff,4.1527044793411845,1.0423054322434375,2.7771153106590756,68.28853123620972,0.0,3.127893585753015,0.15,4.300689320153573
nairobi,887a6e426dfffff,4.493851381423632,1.0500001061159883,3.194994274485436,66.86750079889022,0.0,8.456064953140814,0.05,9.834303004288289
nairobi,887a6e51b3fffff,4.664905272546014,1.0202918727339458,2.9368726563905723,63.99003736331993,0.0,3.8258466470271437,0.1,4.373302453850439
nairobi,887a6e55bbfffff,4.309674764366916,1.0481947900119413,3.2574176962682486,65.68216827154602,46.50504729347472,9.099187841200758,0.15,14.70543148210016
nairobi,887a6e5591fffff,4.190599132355757,1.0585622565040944,2.9003574512179062,65.32312161432908,44.919325787033834,6.50270159318058,0.15,10.865907436713552
nairobi,887a6e559dfffff,5.588999667603516,1.0913446412661036,3.1874116624809723,53.88411505979445,20.52396077167232,6.946195555149892,0.1,11.823215469721791
nairobi,887a6e4631fffff,4.006980105684634,1.0378626408567637,2.7261618574806956,79.86064107131989,0.0,0.009745118849322127,0.15,0.2380313949042705
nairobi,887a6e4623fffff,5.632095588376963,1.0047461846663388,2.1666495656405944,59.18460155776442,0.0,0.6774554444137585,0.05,1.7876447965851607
nairobi,887a6e466dfffff,5.008564143987393,1.0448631666602912,3.043938558768472,60.082274535143384,0.0,10.097715202423105,0.1,14.125127810558753
nairobi,887a6e4665fffff,3.428250661996254,1.0528006864452126,3.2698569930956003,82.37653405511575,348.44148884631045,4.2762526324207,0.15,7.3130980968977095
nairobi,887a6e5595fffff,5.117810559666186,1.0751290272103025,3.408844697353956,51.626382755358634,9.86661484395349,14.951591310745131,0.05,22.04010286625735
nairobi,887a6e4669fffff,4.814060190263082,1.0487731030060967,3.412640783260339,63.33075132652769,0.0,9.475497370615743,0.1,12.73856650280607
nairobi,887a6e4661fffff,4.58378699398316,1.0340980932879391,3.351403189081023,60.84368072248905,240.84000718512564,5.2607073602803744,0.1,4.474791647652716
nairobi,887a6e4667fffff,3.9980286405047307,1.0520680942443872,3.4797259642463807,67.34088057877948,60.12802042842385,6.625015515277594,0.05,10.592569905031135
nairobi,887a6e4629fffff,3.6909700662127443,1.1958787493719631,3.146735562063048,73.79850142783364,12.941873934809818,6.095056494841706,0.15,8.142603408222792
nairobi,887a6e5589fffff,3.5479213408199435,1.1299271218338562,3.4129956508456916,85.14375159837127,405.02076798355955,0.6352751614298537,0.2,0.039358409215367374
nairobi,887a6e55e9fffff,3.7148674214574395,1.0833936144325076,3.469952893952067,87.77889478322396,561.7706378949592,9.732061117982507,0.15,11.990662617225812
nairobi,887a6e4615fffff,2.704166805469361,1.0481187125124354,3.387588218510799,113.20398148532787,30.367152665520077,0.7398345452275733,0.1,0.13010641585207594
nairobi,887a6e4611fffff,3.9576997716495903,1.1291855980502674,3.191314282658073,82.0075857784162,330.94807370274384,4.030842168280063,0.05,5.583884193942532
nairobi,887a6e461dfffff,3.95397260374885,1.038005783885785,3.3878629948921266,80.3639886236242,145.36122850556208,4.157304029859286,0.15,5.823934848399478
nairobi,887a6e4601fffff,4.189394907418607,1.0529289674437723,3.4094837176247137,72.31143951937734,118.76493617135867,4.617116014134444,0.1,5.1447290226887405
nairobi,887a6e4605fffff,2.6852327906305593,1.115594256858558,2.3995268763290025,104.05495034948892,37.384098567185575,2.141970851321336,0.1,3.2611986007916096
nairobi,887a6e460dfffff,3.9448873710015535,1.0186991565995107,2.863043503910386,79.9956350621193,0.0,2.4980009408572386,0.1,1.7503957108567043
nairobi,887a6e466bfffff,3.8586895638426943,1.0386586343340725,2.9497501427215247,75.99291880188188,0.0,5.0210052269201215,0.1,5.945965360888781
nairobi,887a6e0925fffff,4.6503895083817675,1.0450754409352756,3.319010638697088,69.43862790087759,8.411997078902044,1.0569158798817693,0.1,2.1029115777222307
nairobi,887a6e4619fffff,3.305802390223188,1.038922137086973,3.3728011442539967,94.01977920096633,0.0,8.386900791921397,0.1,9.755946523694316
nairobi,887a6e4625fffff,2.74620929174291,1.068045288400946,3.087023929925235,102.41389862223565,122.21302562263352,1.0672833785635865,0.1,1.5819076252921196
nairobi,887a6e4719fffff,1.866799588248164,1.0967916145515872,2.3701349548823627,208.31849939169354,58.82196846362489,0.5706865923908939,0.2,0.0
nairobi,887a6e471dfffff,2.8440830525908365,1.1380127297599887,2.1873223188492537,109.8772413538789,25.863250179188626,0.5719082024921629,0.3,1.773976368291486
nairobi,887a6e4757fffff,2.6474934547020674,1.0755582905009413,3.289515624102731,109.18346161974908,71.05771724042124,6.10712623925385,0.1,8.820271566932751
nairobi,887a6e470bfffff,4.0574779150100575,1.0370992162867758,2.8127436123485365,64.0792150804241,18.751362410735545,5.784688637198694,0.2,15.9156553169768
nairobi,887a6e4709fffff,3.434660216339473,1.082856748714623,3.075889362613913,74.06437577205102,12.15567855618178,4.2642643914245255,0.1,7.432346703739425
nairobi,887a6e4663fffff,2.864344798012457,1.0210854330405015,2.83035048493444,94.98117116284003,35.73641306620795,2.9319316662303687,0.1,3.682979011311054
nairobi,887a6e406bfffff,3.7851732001543166,1.160635687046138,3.3823808693763415,82.44186489958513,46.27077066973228,4.822613531110115,0.1,6.777952584672184
nairobi,887a6e4063fffff,4.485726748901205,1.0470839300659116,3.250084170111882,64.00228775947478,7.6283804500484775,4.7194385826207155,0.1,4.260846245749595
nairobi,887a6e424bfffff,2.9386244429196555,1.1489831296788358,3.412167137826292,102.38972743766801,0.0,4.184600887021111,0.05,4.875951302982834
nairobi,887a6e4249fffff,3.5721995874854113,1.0498955985915692,2.6059556552323317,78.30477353511601,0.0,10.639376687954648,0.05,13.66640287783721
nairobi,887a6e435bfffff,4.179369375793905,1.1785341892319192,2.8517604932525384,71.98393599033592,0.0,9.885852257846642,0.05,12.883991214185137
nairobi,887a6e4353fffff,4.645722875458376,1.038540230295652,2.9657533620375474,68.37408673288289,0.0,11.057391877659828,0.1,12.95409967962877
nairobi,887a6e55b9fffff,5.590393028845352,1.104721092181533,2.663925292034401,48.73630322851069,49.119604260331194,9.99694677124524,0.2,33.10770959170837
nairobi,887a6e4239fffff,2.72145510907923,1.3424481445354408,3.208730573906772,122.48349503222651,0.0,0.05197973392461617,0.3,0.32913328149413745
nairobi,887a6e433bfffff,3.8128540746812343,1.039696281392852,3.013316939236774,75.36515067472253,5.327391396338131,2.064992975946217,0.1,2.472250726221299
nairobi,887a6e4751fffff,3.80463600165825,1.0807502182330082,3.2303193594579747,78.6357296042131,15.321774717291499,8.368940233490827,0.1,15.220162007165747
nairobi,887a6e4755fffff,3.678484118581057,1.0527608802660577,3.269516785975427,77.88992549547983,29.145112510258688,2.4273695932322497,0.2,2.155416737302637
nairobi,887a6e475bfffff,4.307514826453399,1.0666299382370332,3.2334719563558347,69.51817034071647,844.748341096295,6.5162666875830055,0.1,9.048075211538848
nairobi,887a6e475dfffff,4.140402511230516,1.0426603627382098,3.349869872594287,70.85478915227198,14.736401697840586,10.564490649729818,0.1,16.994034980352417
nairobi,887a6e4759fffff,3.9932333524173202,1.0500333213528903,3.5178615084835925,78.14638165329043,0.0,9.63035989901326,0.1,13.594368135634513
nairobi,887a6e4743fffff,4.259994938757221,1.1230663482616836,3.3035726560254504,67.29272470692108,9.427633772647587,1.2275045576053971,0.1,2.8862948210547996
nairobi,887a6e474bfffff,4.384970598667606,1.0519730322489087,3.315217326118713,60.433700531657244,19.901170102623617,6.783242964416688,0.1,14.428837885755282
nairobi,887a6e55b7fffff,3.42254967749422,1.046074436803422,3.0172016500829564,78.55778582157802,102.1612346542587,10.767008148977471,0.1,17.390105328402583
nairobi,887a6e55b1fffff,4.056065715860349,1.0542281936170415,3.2611241844782164,68.48453581301428,58.414028165942085,7.181914081201387,0.15,16.804465689997645
nairobi,887a6e55b3fffff,3.3118958982180713,1.0072621546414273,2.697941175107993,91.66092108594405,521.839471006148,5.08482366208645,0.15,5.793227990461373
nairobi,887a6e51bbfffff,5.167798500906953,1.0542996565909444,3.1572628412308483,60.36725540112716,498.09681458246695,4.897835279285304,0.15,4.2889153482773015
nairobi,887a6e51b1fffff,2.335846831036928,1.0718528807245482,2.2864711636392436,128.4330787506406,0.0,0.09042781703035026,0.05,0.0
nairobi,887a6e4753fffff,5.245623285773278,1.0692094821493867,2.592425698583168,54.15770321543976,106.19876497419348,0.10651610816481658,0.1,0.0
nairobi,887a6e463dfffff,3.4272302435074917,1.0347828125896268,2.864732386254055,86.45357190623436,35.959328034031714,4.309762519363187,0.05,4.572100079864016
nairobi,887a6e4639fffff,3.931759407643038,1.0389245597839505,3.0964989374331684,68.94733610160134,27.25682402550308,3.4918417225322744,0.1,5.883518388490422
nairobi,887a6e5597fffff,4.779056157784556,1.0515263422903627,3.4331501749343714,59.05396649556284,969.9516203257048,10.580765817476978,0.1,17.236553502343565
nairobi,887a6e4607fffff,2.0360961652917795,1.0282104110030577,2.6028076021003765,129.24629947384173,57.096627331969415,2.903619405646029,0.2,6.729199956826751
nairobi,887a6e471bfffff,4.077043157673467,1.2716375854372197,3.3517602151356023,78.27950890574644,12.378467585567439,1.206882462909907,0.1,2.383207959852073
nairobi,887a6e4705fffff,2.6431145912974254,1.091302965615732,3.1276106703661566,87.82928213070974,20.72431689251557,2.245540330394319,0.1,4.070396801523574
nairobi,887a6e4603fffff,3.147141647105343,1.1117062473330914,2.725262883022609,86.19777123606553,98.40458153939753,7.346586000219128,0.15,12.88390543377206
nairobi,887a6e4157fffff,4.897104725570965,1.025369442748718,3.193745972083373,60.19063137212045,0.0,7.682758319889663,0.05,9.2772768035645
nairobi,887a6e410bfffff,3.9062473891574823,1.040439024992102,3.3010670478505904,79.01239848897819,0.0,8.982007481209624,0.05,9.87795680645591
nairobi,887a6e4163fffff,1.900977366472497,1.0694332361727232,2.843833436185606,166.79481635285148,9.258494185821624,1.120171223841712,0.1,0.22305701436063963
nairobi,887a6e4105fffff,2.4889998795048376,1.1563949571764824,2.910863942474485,128.3424909237018,254.17102234164005,2.8538335509393806,0.05,2.043911775000958
nairobi,887a6e412dfffff,3.875804544983583,1.0805141228596693,2.9062281422973935,75.72060393226258,100.12691170220096,0.25799337828380303,0.05,0.0
nairobi,887a6e4143fffff,3.952180871024019,1.0355895394941328,3.1077726469998423,76.7370468158787,0.0,3.107668852200765,0.15,1.3687781184073486
nairobi,887a6e4147fffff,3.17294928274483,1.032697602705266,3.08796157851044,78.79104824005636,0.0,2.9690078295995996,0.05,3.1310136870516097
nairobi,887a6e4155fffff,3.8662065235069396,1.0370965978206568,3.094899582308164,80.82858432418628,0.0,4.756519702859198,0.1,4.202070309215685
nairobi,887a6e4109fffff,4.250183904234908,1.0481106831657614,2.8826696513213728,76.05137342651285,0.0,4.794149775895246,0.05,3.493063360123564
nairobi,887a6e4119fffff,3.6847905108761756,1.0719480553765626,3.0541498405712058,85.43628569537253,0.0,0.7404986320544007,0.05,0.0
nairobi,887a6e4027fffff,2.6139532798796363,1.130727615591249,2.1767824970714114,108.39265395989783,0.0,0.0,,0.0
nairobi,887a6e5ab3fffff,5.21364501072459,1.0275069097058622,2.9409790725993186,62.33642669024599,0.0,0.4858832513942867,0.3,1.5456581700480008
nairobi,887a6e4345fffff,3.875064622314748,1.1414081968187797,2.6019951355420528,73.73148929413617,0.0,0.016549432768805376,0.05,0.581552299650042
nairobi,887a6e4121fffff,5.248142948284955,1.0265514813646124,2.8482003572778423,54.884838522738725,0.0,0.44578014448076553,0.05,0.3206230927612026
nairobi,887a6e4115fffff,3.7273223100571364,1.0907289111331804,3.0975624712031773,83.5239694396616,0.0,0.09220009548762079,0.1,0.0
nairobi,887a6e4103fffff,5.081138055512761,1.0623254657850025,2.7532360429626963,59.1927005798611,0.0,2.65090154981643,0.1,5.576245892457706
nairobi,887a6e4107fffff,5.258074429866189,1.0251290301404916,3.029676067789628,58.06088628270532,0.0,2.230717507892137,0.05,3.6347430043453386
nairobi,887a6e413dfffff,4.955100003433224,1.021111479453461,2.5702266469811406,64.73223885671158,0.0,2.136363189950966,0.05,2.3697159267314305
nairobi,887a6e4127fffff,5.952597375922966,1.070677443553916,2.3348818927474664,53.45260196310242,0.0,0.01105923670765172,0.2,0.0
nairobi,887a6e4123fffff,4.818297094259136,1.0630772092271286,3.144997584869031,66.4433675693283,0.0,3.325004898548634,0.1,2.5445887442106354
nairobi,887a6e410dfffff,2.5528165272606604,1.0457363850016186,3.130229632555514,116.93259562483537,129.39024403382393,2.1396453167917597,0.1,2.6907597778322847
nairobi,887a6e4101fffff,3.955661368225994,1.041746640722755,3.3684968130331017,80.78266626846279,0.0,1.6205886487101995,0.05,0.054238034143779146
nairobi,887a6e4139fffff,3.7030848793612923,1.0625263555440576,3.2177952586231955,78.88958556927848,0.0,1.9320106214635149,0.05,2.442096607212889
nairobi,887a6e4347fffff,5.143798529297487,1.0149131762921961,2.980693457467794,60.23936457944763,0.0,10.516077308776632,0.1,13.201034938591985
nairobi,887a6e413bfffff,3.4835974794689557,1.0551492602261117,3.168158114981232,96.72659477021334,0.0,0.0,,0.0
nairobi,887a6e411dfffff,5.377501890994388,1.07104142746058,3.086447632953435,57.71170961481878,0.0,0.0,,0.0
nairobi,887a6e412bfffff,4.8109139056742105,1.0502519746062537,2.701528484928147,66.3385257827612,0.0,0.30581427834136243,0.1,0.0
nairobi,887a6e464dfffff,2.96848393866292,1.0697946594080365,2.695569029017646,94.32424287467063,40.79565844396685,0.6111702014465624,0.15,0.0
nairobi,887a6e4641fffff,2.5095232022731633,1.2726434824946822,2.667212501997605,106.57078612497529,49.306451863560795,2.2441832287545482,0.1,1.2053111130269307
nairobi,887a6e4645fffff,2.3309310967629773,1.05900526075174,2.958441730060451,108.80767293293654,29.690316759950864,10.036068023811513,0.05,15.371053421604776
nairobi,887a6e4657fffff,4.852800543834713,1.0263798929370287,3.376345435552442,65.75150667871523,0.0,7.034096278792227,0.15,10.14183415715987
nairobi,887a6e4653fffff,5.490207515381877,1.0280223013405976,2.3959227878693827,58.75563797133686,8.33572714301125,2.0230117133544896,0.15,2.566264243854646
nairobi,887a6e4609fffff,3.933740144024558,1.032716060952482,3.407422259674786,78.12906757660137,0.0,11.213891255657852,0.05,16.45261978393717
nairobi,887a6e460bfffff,3.3538058780820235,1.0389915708976145,3.3272815278382977,87.10546825916487,0.0,4.118950873330476,0.05,3.5518661223900008
nairobi,887a6e4647fffff,3.143756663069758,1.0364537023340925,3.1664274963410475,99.60418273135451,0.0,2.898154222216554,0.1,5.119120231096224
nairobi,887a6e4643fffff,3.8617271598178595,1.0647056698010264,3.1854771727693887,74.76768358223816,0.0,1.202377278265186,0.1,0.0
nairobi,887a6e4655fffff,3.5423432723295747,1.0536257573048173,3.2164495366312456,77.40456734639865,0.0,0.011027049720083823,0.15,0.0
nairobi,887a6e5593fffff,3.6608474701995406,1.0443793938385615,3.436523597481306,77.66336287010047,53.73015689319962,3.68763326679454,0.15,4.174171196923415
nairobi,887a6e4149fffff,5.025394906567535,1.0467524282140035,3.104128360641478,60.91510312543385,0.0,1.4541253672228496,0.15,0.13625422707374923
nairobi,887a6e4333fffff,3.0762597175797626,1.0778384741253395,3.1509886065375596,81.26752060995898,0.0,0.0078077464634026235,0.05,0.9690332988875383
nairobi,887a6e4a5bfffff,4.519588197345338,1.0975414158129768,2.858898476851658,67.16793993526595,0.0,0.17790942609956523,0.05,0.0
nairobi,887a6e5197fffff,4.855801241030819,1.0213325610517514,3.1465958221714017,68.49318355618723,0.0,10.105988050381507,0.1,12.189988946283172
nairobi,887a6e5195fffff,4.372060118761432,1.0401639524866009,3.140824495217719,70.5641345081208,143.52765895793723,8.243994668796631,0.1,11.84805674748302
nairobi,887a6e4327fffff,3.386870279444835,1.0410920802211068,2.420916711402574,84.77700330416921,0.0,1.2151529660889986,0.1,0.0
nairobi,887a6e415dfffff,4.522659179040481,1.081976871531188,3.363517294819441,71.53521832112614,254.6451533451349,3.9470308814282395,0.1,2.8858824185893175
nairobi,887a6e4767fffff,6.005259320164092,1.1197145607448415,2.397507269668068,51.542122166899496,51.41034262309058,1.107210567727851,0.2,3.803735246752652
nairobi,887a6e4307fffff,4.628928050043889,1.0163725827274641,3.366404578776684,66.59261579612215,0.0,11.984787710336542,0.05,15.758201279802574
nairobi,887a6e436bfffff,3.9758546034389743,1.0306227972213968,3.021787302777417,79.2699704120578,0.0,6.944229656725027,0.05,7.167773347727959
nairobi,887a6e5a97fffff,6.749933997390189,1.0164031004633336,2.1058918174237933,51.28255273128358,0.0,0.0,,0.0
nairobi,887a6e4369fffff,2.2778328422697642,1.0110100716715407,2.8518100956566736,134.53648012110477,0.0,0.6168138146175809,0.1,0.7105083346099619
nairobi,887a6e4325fffff,3.1720088567268663,1.0441204415827463,2.605451423836052,102.45873031242454,0.0,0.10728226759792449,0.15,0.0
nairobi,887a6e58d9fffff,2.1493159468340903,1.1594424149772822,2.8314802400679735,135.70209028425407,0.0,0.0,,0.31174188764262567
nairobi,887a6e4305fffff,5.463010356321886,1.0330852972861748,3.133652448197214,53.63022162337774,0.0,8.61322939850317,0.05,13.489485608316983
nairobi,887a6e4301fffff,5.397668180637094,1.0210793227563315,3.105795952564759,56.734325283122224,0.0,7.1526381773887575,0.1,9.584655934032398
nairobi,887a6e5085fffff,2.3252977195563314,1.0340027319511993,2.451390040276498,126.48601707438189,0.0,0.0,,0.0
nairobi,887a6e5083fffff,6.09821782333001,1.024032882054423,2.649334648220397,53.05310848802027,0.0,0.0,,0.340743356113677
nairobi,887a6e58d3fffff,3.645161626283366,1.0167688670987127,1.479167402971231,90.33023126018459,0.0,0.0,,0.0
vienna,881e15b715fffff,9.119327185655363,1.0395270296983246,3.3992743292660794,31.990350690662385,3118.0412064177626,8.929081316709523,0.3,16.088686413837703
vienna,881e15b711fffff,9.10400319105502,1.0548291326885222,3.3140940002509707,31.737940071923838,1441.0469599398998,9.223842030048969,0.3,21.438716759304913
vienna,881e15b71dfffff,8.765468011386112,1.0464208378222106,3.163707359330535,32.92358190708977,1209.8913741776742,12.399756914125302,0.3,26.58691760248015
vienna,881e15b0d9fffff,8.76843570315469,1.0394526442044336,3.4117430354863982,35.14543819792369,442.0336857041244,8.832378881401315,0.3,18.321286482360343
vienna,881e15b0dbfffff,6.649670863721833,1.061198530089475,3.176429679343516,45.27671744774029,582.2117305037809,8.681286468999076,0.3,18.129405768157927
vienna,881e15b767fffff,6.131034424103993,1.0777766412618708,2.8621448158017064,49.037988367710035,2231.700405691347,6.530789191226722,0.1,16.975933929236025
vienna,881e15b72dfffff,8.563606744343478,1.0827977001792903,3.165944521896218,35.500101506503114,1383.3166178645129,5.5063864440124926,0.2,15.479170317167823
vienna,881e15b729fffff,7.236460043886351,1.0459214261507914,3.3733490765307765,40.59641278809243,1240.5111227206646,8.467883483881698,0.3,14.99039697786657
vienna,881e15b72bfffff,7.0590143046180405,1.015918658149034,2.957879471298551,40.05532210326868,2379.502082204351,8.939869179544631,0.3,13.055699841557718
vienna,881e15b707fffff,7.155565829289706,1.029266769887049,3.0241475924870507,40.945249101069194,1555.0280340970785,7.814975532978541,0.3,14.309299469567797
vienna,881e15b727fffff,9.121415908989206,1.0478345631765904,2.8593456673635513,33.33159654342454,280.88140982175025,7.467252893284167,0.4,17.715956980868093
vienna,881e15b725fffff,9.231820938934522,1.0460591888260191,3.2209983378059253,31.805441628451,346.56009901167346,8.547481060860825,0.3,17.447260719063934
vienna,881e15b0d3fffff,6.901297996453187,1.0489604951278666,3.1101748954323094,42.07390892011352,1754.9046465389042,7.276982761999328,0.15,12.6592955530944
vienna,881e15b0d7fffff,5.468890864690307,1.0904564313062286,3.42672229533846,54.20055829319134,232.61386216646906,10.126088122240914,0.3,14.73977544241161
vienna,881e15b0d1fffff,7.992275378363517,1.0906911798116525,2.978224103696015,36.90947941567973,2507.254278178353,10.749813820421899,0.15,22.444197929465805
vienna,881e15b739fffff,7.978975458193139,1.030010897970842,2.87656818877953,36.881668667515044,5250.150981895615,2.5029607840266577,0.4,8.098649967888356
vienna,881e15b73bfffff,8.902934732872234,1.0433481596989147,3.3912239541629026,32.712054231796735,2834.567350426679,11.960022993116212,0.3,24.378276930696927
vienna,881e15b73dfffff,9.654418824888646,1.0385571103995446,3.3610011739347896,29.04645062902512,1466.9390169216506,8.217269070172868,0.3,17.9737901311652
vienna,881e15b703fffff,7.527951814152729,1.04608603244785,3.072430873926154,38.43830423883058,2728.350516420264,5.21113724829171,0.3,17.03716962879237
vienna,881e15b763fffff,8.895268580120169,1.0595462960476223,2.951433951603747,34.27151931233991,2425.170957648124,6.622281052498076,0.3,16.652075616632253
vienna,881e15b76dfffff,6.675013379198375,1.0498977691132498,3.434905722635936,45.26323533123538,18.969047425527243,9.927195286891006,0.2,19.267987684588203
vienna,881e15b765fffff,5.982675234800182,1.0246197204808098,3.339025541682035,49.3165738512462,303.44494721638233,10.581734706626582,0.3,18.789445075915054
vienna,881e15b70dfffff,6.340949825462568,1.019973971645717,2.7343807429989178,44.60345699197369,1050.2718337168633,8.651305698024428,0.3,17.793741778546334
vienna,881e15b761fffff,5.800115361607872,1.0734950156566003,3.17314575603019,50.75393847739712,798.891674161059,10.453839073543943,0.15,15.013896128016922
vienna,881e15b76bfffff,7.638663158194863,1.0391720794058659,2.9263932879611336,37.6988009355615,1900.5006254055068,10.127569256660383,0.2,18.292864114648285
vienna,881e15b705fffff,8.969342772021069,1.0671531983129525,2.593263974837998,34.349172363179036,1954.0871099428948,8.604162329344806,0.3,18.516647631830047
vienna,881e15b701fffff,7.108431243450775,1.0182777994945955,3.0749857883727114,40.301534457300065,2139.0295254920543,6.644766565058914,0.4,17.18751613508488
vienna,881e15b70bfffff,6.124253378686901,1.0379467700370266,3.01982278087075,46.44874687209124,2461.560250200238,9.291666781872113,0.4,16.521104719038043
vienna,881e15b757fffff,8.792013806743428,1.0560384556570006,3.219143698843583,30.88560154156301,2743.8406618311797,7.433738999893043,0.3,27.77225672464137
vienna,881e15b62dfffff,8.72153426685951,1.029257346207793,3.103839513570542,32.84406779524914,1006.6041381600623,8.293320395246266,0.3,23.71389520497647
vienna,881e15b629fffff,8.245655222550036,1.0614770516130274,3.159771225538158,34.30322472482536,1094.2366238785205,8.872079713797987,0.15,25.009602049595014
vienna,881e15b621fffff,6.42464530636827,1.0388795180003403,3.1388578940094867,45.497872391172976,706.7315046947398,5.184096462004341,0.3,13.928080243704237
vienna,881e15b62bfffff,6.121124982328925,1.102956717220841,2.438361441235879,46.501941322598995,1540.9454018878537,2.247665486791489,0.2,10.520254519506889
vienna,881e15b63dfffff,7.586879434676413,1.1538082722617964,2.8856419631453565,40.01268653142582,233.36665081621018,0.7520404121634969,0.3,1.5348128425513803
vienna,881e15b2b7fffff,9.121165720533805,1.0572992282374813,2.9858293715693587,31.893849955405248,683.5220515083355,13.573606637500431,0.2,27.184596030782988
vienna,881e15b2b5fffff,7.2302851135699875,1.0850363665336418,3.444525416358489,39.9337494761163,444.6262664088021,6.0346528102632835,0.15,17.567812009027513
vienna,881e15b2a3fffff,6.054312995091566,1.0507190771522958,3.432241576495287,47.92012851422385,1198.480401548618,5.7336890529522275,0.3,18.286030554201197
vienna,881e15b2a1fffff,5.278683963831817,1.0846627291263269,3.4933773023388692,54.697798986360425,546.9552926113918,6.543925485814365,0.15,17.731794380674213
vienna,881e15b053fffff,4.994475229588537,1.0505851763593288,3.157057840316049,60.066370581382415,23.90482302593832,1.999818008455246,0.1,4.132105858645857
vienna,881e15b2adfffff,6.538838901031774,1.0633581555595997,3.379078410693636,45.10130683815812,639.2219811541795,6.719906499794036,0.2,16.216732311983407
vienna,881e15b2a5fffff,5.962343586229507,1.1746757533421563,3.0414660812896095,49.15910061822116,688.5869749419724,1.2749559167252977,0.2,2.970995322455228
vienna,881e15a24dfffff,6.959726018929546,1.0417315148385338,3.348671627531359,44.646233372598246,477.1854796729512,8.378675006195543,0.2,20.7314073116452
vienna,881e15b19bfffff,8.576063026372818,1.0808736899014249,3.3383200892157707,40.99346039305997,877.1254892712229,1.2174350191715426,0.15,2.8021183688367652
vienna,881e15a241fffff,7.965152790086588,1.0461144029868745,3.1824210601524863,38.090068272193925,261.16696300484324,10.193119258992978,0.2,24.64466302331809
vienna,881e15b0a3fffff,6.713712801835271,1.1595608548224154,3.313061966871477,42.620914352343476,298.29222673721233,5.8690885573860045,0.3,7.059994404130852
vienna,881e15b0b5fffff,8.422548581437333,1.0812737110872108,3.193838736342309,33.348159563357726,387.34941113757435,9.596728384735352,0.2,13.60585569653776
vienna,881e15b0bdfffff,6.787685010857758,1.018104933141686,3.071652908273203,42.369305344406364,165.81679185062228,11.879715034284578,0.3,12.050549941040423
vienna,881e15b0b9fffff,7.541772121235111,1.059464512630437,3.4158883669667515,40.337584135339476,535.927148288451,8.980822242218734,0.2,16.851560103994256
vienna,881e15b0b1fffff,6.767321460023951,1.0620179661064195,3.3225117743073946,46.88822515408766,66.63949139462828,11.728173138547186,0.15,17.138237415152005
vienna,881e15b0b7fffff,7.499284208451996,1.0699661784094159,3.207976286725505,38.4409718506197,273.3912596185657,11.60837570089208,0.2,19.16550953643351
vienna,881e15a25dfffff,8.615547258582673,1.0770961404942445,3.3337318419350033,33.603151151696835,839.5685132321385,11.09705603995056,0.2,17.67186222840511
vienna,881e15a255fffff,9.006912640582845,1.1058692503694871,2.9869510559954913,33.142040408115996,628.923771766053,3.9350244323609957,0.2,17.314460215713154
vienna,881e15a257fffff,7.416885343317888,1.0606379125748382,2.9708861204138435,38.226228389529766,679.5421798892373,10.207780410867091,0.2,15.417386353108514
vienna,881e15a251fffff,6.086363322804336,1.1636824240964518,2.736967606147333,46.316510343059456,543.1748649300114,6.3395086440126684,0.15,14.99839158847308
vienna,881e15a259fffff,7.2183027635769434,1.113017296072197,3.3775745212303177,40.31491896871981,660.5145664248325,6.801665477092294,0.15,15.737448744817371
vienna,881e15b0b3fffff,8.142467090205873,1.0647554064965459,3.121321799239795,36.73322787621319,787.965599784009,5.399861146727335,0.2,13.417214090773578
vienna,881e15b565fffff,8.34205486432269,1.0653674032092542,3.3281876291703494,36.08741778521599,250.16834530847638,9.12597733243169,0.15,25.852547311635274
vienna,881e15b0bbfffff,6.788920671579627,1.0728762294867893,3.5256225162104666,44.52252451129626,1190.6992495973798,4.902588721829872,0.15,11.026085268661747
vienna,881e15b095fffff,6.707752933157177,1.0433900266564071,3.480231622929547,43.46007337091409,1269.1432772791413,4.583671527870964,0.15,13.527334668121854
vienna,881e15b09dfffff,6.562542026176082,1.0734241615342928,3.498664909367652,43.981392646030926,391.6979085913718,6.157229513389895,0.3,9.089451534114591
vienna,881e15b097fffff,6.386738019053586,1.0278021773348316,3.327384322705847,46.69764332673884,1273.1337919780856,8.01061636716808,0.3,21.845429577293732
vienna,881e15b093fffff,6.36729721302539,1.075605991798798,2.9590298333330223,45.4736485887012,1327.2239938139842,4.599766397339663,0.3,12.318476501463188
vienna,881e15b569fffff,6.942592193028664,1.0600337940990985,3.2096714432895865,41.53255012900599,618.7719139824617,3.8521491538118635,0.2,14.42152549004985
vienna,881e15b091fffff,8.8246349637867,1.0513702411177703,3.226534989962926,33.55566616290987,2758.55368508023,6.944053800078039,0.2,15.7124976076983
vienna,881e15b099fffff,5.587546626374207,1.0222371851583132,3.3741995009922943,57.98244086366879,109.42656495580488,6.896216296611216,0.2,15.560228301817467
vienna,881e15b56dfffff,9.924263214582815,1.0669326201199363,3.1211785828104266,30.325214830105626,208.66704257605562,6.4861806380978315,0.05,8.909957194357654
vienna,881e15b561fffff,7.140641781803665,1.040558800562843,3.460063283727035,40.426903067003344,191.25278190682735,12.015917878988674,0.2,21.91328311169985
vienna,881e15b0ddfffff,7.300033976247658,1.1212596823581196,3.2787973821388867,39.63451872617928,810.1413720697167,7.069643459466173,0.1,14.893543232628716
vienna,881e15b54dfffff,10.522654318887886,1.0431023233914074,3.252511988639572,26.731801542536335,954.5878767380178,7.533935261210212,0.2,25.44904277827148
vienna,881e15b545fffff,8.005181148029463,1.0445090496372313,3.3814696986794313,36.92863815192656,1366.9911706854755,7.576156175931612,0.1,20.757896419978223
vienna,881e15b56bfffff,8.621293465969243,1.0668486189075148,2.9862186707810445,34.79756270728841,984.4413636735804,9.554982350729327,0.2,23.782504489324435
vienna,881e15b563fffff,5.530548257450532,1.0722326534043622,3.2447954690994454,56.19891488915206,297.4791143532443,9.446507782620454,0.2,24.24150489909591
vienna,881e15b521fffff,6.722422164826878,1.116672612149908,3.0544699951327283,41.92211897858986,1898.7982732864555,4.748532020735027,0.15,11.563173848181114
vienna,881e064dadfffff,4.194939168187368,1.037706661585878,2.972363890261268,85.57319774662469,17.79962973372782,2.488658895222973,0.1,2.6552764069887305
vienna,881e064da9fffff,5.486884012594943,1.0574524638678091,3.3511815201000763,56.79796308817022,299.1033797775034,3.214301229234985,0.15,3.349089383694178
vienna,881e064dabfffff,5.191737576041887,1.0085948532586384,3.0358246780208358,60.6865213304731,0.0,9.194451836231819,0.15,13.760414917489907
vienna,881e064de3fffff,8.531436502586672,1.0873132282338462,3.0263438948461916,43.183941241299316,0.0,0.08626054690059487,0.2,0.2523205913601263
vienna,881e064de7fffff,3.1458068156329437,1.0490618267416565,3.217846680808825,103.92344351803409,0.0,4.160231494915527,0.1,5.828509614306453
vienna,881e064db5fffff,8.033062938443843,1.079312449050223,3.2594286358681326,35.984095010214965,692.4317252275881,11.848058847850561,0.2,14.961952383058685
vienna,881e064db7fffff,8.654744517531782,1.0516619134807474,3.212939975029983,34.50586613820473,211.80863522991308,11.123498817956063,0.3,21.523512105563945
vienna,881e15b755fffff,7.259610207427718,1.0306870657156177,2.963443146027295,40.80421063279988,2701.6446115252024,3.0565374872377284,0.4,9.3203718709969
vienna,881e15b751fffff,5.010170033170436,1.0148065936173085,2.9191372076973283,58.63074467636682,644.2523506507702,5.53605622007113,0.4,15.505833677287852
vienna,881e15b723fffff,6.543813975073533,1.0158190564235507,3.0510573904202265,45.295784195242454,1434.4558388439411,3.833213485690759,0.3,10.204168743568902
vienna,881e15b083fffff,7.090446836519345,1.0840555833533414,3.3984746657250646,41.630764562148286,411.52899607205165,4.298215901917431,0.2,9.529612346181375
vienna,881e15b719fffff,8.906409674223173,1.040407032730431,3.334400238612437,31.973401441963976,1234.115314886848,9.763914624207858,0.2,24.49643808042353
vienna,881e15b717fffff,9.561760785243287,1.0532376093527154,3.243497213374938,30.425166473692855,1351.634551656637,11.585611528521074,0.3,28.951734842014687
vienna,881e15b743fffff,9.666858862524021,1.048229868892733,2.8385397837097823,30.193365202788478,2088.7922155571187,7.325597511457883,0.3,16.554625246759546
vienna,881e15b52dfffff,7.983788307975958,1.0615320004828304,3.1608146392631484,38.9352056807609,2626.257684589431,4.240584560711606,0.3,14.940303317279543
vienna,881e15a253fffff,7.510442653625535,1.203406904557356,2.9847099744308334,37.26271508676257,2103.6901323528914,2.539209213726351,0.15,10.90860297951373
vienna,881e15b735fffff,7.601446557990884,1.0566168724971714,3.4401864043560524,38.59290230224885,2386.5224611485314,6.293009950209841,0.3,16.03032182802093
vienna,881e15b71bfffff,7.960922379045183,1.0479290460304111,3.38707130470407,36.64649404442967,1779.653187619522,7.303290037275772,0.2,27.726582255660876
vienna,881e15b713fffff,9.246838923074439,1.0404157699139447,3.348039126476203,30.68193333112055,1909.895821708887,10.302588704260254,0.3,29.188946713881514
vienna,881e15b721fffff,6.864979386541988,1.0529047924181079,3.248311717366586,43.2100475361124,694.9860485799834,7.754581407934034,0.15,21.755974840758032
vienna,881e15b747fffff,7.894416746583954,1.0358974268459757,2.83556498489097,36.8355241956703,877.7043376591424,6.237190853934596,0.3,22.31129567979939
vienna,881e15b08bfffff,5.519277031934022,1.0906934190872766,3.4381949820570847,53.04912058204743,127.15986507434532,9.350944286753098,0.2,14.287803293673282
vienna,881e15b2b3fffff,6.8900483235342955,1.0440846117429752,3.204055081673638,45.514411003028926,51.96553601865284,6.792791994773069,0.2,10.894425371672268
vienna,881e15b0d5fffff,6.120671619354805,1.1021071802729652,3.4796888715917507,50.27100403807355,102.53492003218959,8.506674285647275,0.2,14.048848878741836
vienna,881e15b087fffff,5.1229084280673085,1.0052592431657714,2.964797591556938,64.2372662470588,195.00800914134484,9.22296327304765,0.3,17.86975127422043
vienna,881e15b759fffff,6.940906040020635,1.061212431535848,2.9770964880535393,42.68174764099226,1714.86779355674,7.0525401363075275,0.2,16.863418283694994
vienna,881e15b75dfffff,8.365608911299946,1.0675152237327896,3.4117218193158476,35.11621797156374,535.6850742448399,8.760379363210058,0.3,18.997182324437873
vienna,881e15b469fffff,7.465321342080466,1.0391327073652834,3.4012561723635106,38.711103306309404,1194.8213947782542,6.683631239337164,0.2,22.711430367747113
vienna,881e15b667fffff,8.931959977508173,1.0668523219760728,3.2446921394347306,33.69387925049127,666.8395000881235,6.435606079987922,0.1,20.16571074088976
vienna,881e15b0cbfffff,8.129101602311152,1.0555030509532444,3.303396813774027,36.38183509760095,357.56444986665525,6.445848855699088,0.3,11.198171571878941
vienna,881e15b549fffff,7.328464698226599,1.0261079335000758,3.262894120113654,40.46448545535725,1943.3469012649782,6.93957290840486,0.3,15.537714358679661
vienna,881e15b2bbfffff,4.915456912416748,1.105381447831274,3.5163673557901918,64.3626191934985,35.65468672708356,13.286557741972668,0.2,21.038006777556827
vienna,881e15b505fffff,6.633272786175491,1.0642528968108107,3.1233623435397115,43.76186078078377,201.55649465475105,8.6248593520337,0.2,19.991925330605543
vienna,881e15b52bfffff,8.161524253742748,1.0849788627004988,2.9235611919909688,36.60075488729465,804.8964608192903,6.426043193612868,0.3,10.045395719147328
vienna,881e15b507fffff,12.740292841144528,1.05339843908366,2.5806485973671043,23.51229874883015,482.4526070305764,8.18908717920705,0.3,15.000021424629017
vienna,881e15a24bfffff,6.886122067054648,1.1143009779707738,3.3392445083065163,42.58844497867998,287.03450812989934,11.364546356212143,0.2,17.971660900485205
vienna,881e15a249fffff,5.26506729793852,1.052300417358829,3.0212610067062022,58.655191270334015,1053.3926011853468,4.227863336776089,0.3,4.7535148563266185
vienna,881e15a243fffff,8.470345319526041,1.0235887313649767,3.047648328302957,34.7574843328012,553.941780689459,3.2754023658514773,0.2,13.186150625664213
vienna,881e15a219fffff,7.836972790287629,1.0622320910640568,2.8961052507048453,36.100905065054405,543.2260790190313,8.538170263059786,0.1,17.446808409548456
vienna,881e15b2b1fffff,4.986938705698717,1.0970248001929923,3.4605069819970513,64.90384516149605,193.62476699924014,9.415028931103853,0.2,13.160555764204446
vienna,881e15b2bdfffff,4.232358957737475,1.0451767623364734,3.49239419284301,71.33902633607538,1047.827973192358,9.04905056170066,0.1,22.200437669995942
vienna,881e15b75bfffff,8.039256646764134,1.0669882809191296,3.3693117898772926,35.3885262200509,2963.715402954606,8.62747473478324,0.2,12.918028222000647
vienna,881e15b605fffff,9.158989139352562,1.0754510266561177,2.9423058148684946,31.251471063345363,326.1976540213852,4.018335677735956,0.15,14.444968983228604
vienna,881e15b2a7fffff,8.323557874370913,1.0595749444793297,2.4548951229794946,41.427907562060184,1393.8932956280084,0.15846088520729623,0.3,1.3158995058459504
vienna,881e15b2a9fffff,5.566768028138523,1.0478709469604108,3.534471166956889,52.92889081303839,144.00132820284944,7.913947163015257,0.3,12.801278172604576
vienna,881e15b2abfffff,4.079504423238247,1.0123500943070103,3.484913187489311,74.67469819473533,2264.639526847255,4.037231256296764,0.3,8.292049711974014
vienna,881e15b287fffff,7.028605977756733,1.0394377307057834,3.417921079023925,41.63657199587837,4486.934768949183,7.0304576455045975,0.15,14.891450442089123
vienna,881e15b631fffff,8.024073528696922,1.1061098511502232,3.208856171201704,34.999045510567825,1171.0979134606494,7.346042305223249,0.2,27.218802864068717
vienna,881e15b633fffff,11.824250690318792,1.047905711145115,3.2492284898226615,23.89513895831538,1347.362155913231,2.0825468722308034,0.3,8.394355625252752
vienna,881e15b459fffff,6.046435312916672,1.0629831437751722,2.7964194277739227,44.03152476716744,1493.4628181323608,3.3179516269992693,0.15,9.955484931356668
vienna,881e15b63bfffff,8.460404618522324,1.0401548379381702,3.0428118330838863,33.271576864589576,800.9302837017283,4.116789571809442,0.2,11.580775070587569
vienna,881e15b6edfffff,7.7500143332458755,1.031956722740878,3.456821867317346,36.290255463593,558.0768553416882,6.129282495733832,0.3,12.243578492684078
vienna,881e15b617fffff,9.915877198827395,1.0414115435858644,3.244707144868002,28.6703868652033,447.28289600116284,9.500118078949402,0.2,27.510054167213553
vienna,881e15b61bfffff,8.392049321953042,1.059305852549854,2.9975766227255076,35.48034545148144,590.7714105822414,8.856661778039149,0.2,16.324938432274596
vienna,881e15b603fffff,6.6467112747762425,1.0369939808351694,2.982194339604094,43.01939533391662,485.44084180061617,7.736793254072678,0.2,19.41783209821587
vienna,881e15b601fffff,8.559023270746637,1.0578214430301025,3.398789325886931,33.381646091652904,343.9112011990522,6.641092462452555,0.2,20.610772811291486
vienna,881e15b441fffff,6.413719363688312,1.0397485009205365,3.485046555914021,43.79307514047235,191.11221214167875,12.51034414172204,0.2,24.68869579730391
vienna,881e15b445fffff,9.165823146215818,1.0390010434051877,3.291866295948335,29.839047664966262,3010.1283953539228,7.990146579321447,0.2,20.72363218999768
vienna,881e15b733fffff,7.668982001504413,1.05187966216593,3.27635696256764,37.428310169554365,6376.034754800159,3.1507113450529367,0.3,10.213863075599876
vienna,881e15b46dfffff,19.5878464130025,1.0739064296628251,3.28968620630504,13.474478508070726,2089.069547979361,5.623504578767845,0.3,22.692372927765827
vienna,881e15b709fffff,5.791972706607964,1.0259536905717381,3.0501586112969146,50.461310197045606,3536.5074435032893,6.301818471369661,0.4,12.550973741413301
vienna,881e15b769fffff,5.559565889168988,1.0305353500051186,3.33283314215373,54.589415042803616,700.0067146178217,13.167945018263206,0.15,26.098840658768086
vienna,881e15b297fffff,6.279455277621234,1.0571986217922633,3.455213154700877,49.236554811243884,63.93519902749461,6.74760179269351,0.15,13.179346202947947
vienna,881e15b54bfffff,7.845912042610656,1.0290676245131587,3.1960885683381353,37.78435204125242,2720.855142328205,6.264458498092615,0.4,15.090725013513685
vienna,881e15b737fffff,7.483870908622676,1.0358135352544116,2.7968068087301323,39.37491836532517,2811.1383483103386,2.735341927577897,0.4,11.078210024080438
vienna,881e15b731fffff,7.416692462118718,1.034671828846255,3.3330261985393643,41.33102607428539,1325.0237569728308,9.982558731879676,0.2,19.965142442089483
vienna,881e15b609fffff,8.302607707183611,1.039280983634866,3.3875939940157163,34.764543118980384,184.47553704484284,9.784286725479303,0.3,22.929417045182422
vienna,881e15b0c3fffff,4.263586797547685,1.05973202624324,3.490442061323656,78.53045908764184,185.0789102565902,9.835305846079835,0.1,12.426863703125658
vienna,881e15b60dfffff,8.479353627317874,1.053129682462197,3.1213044486338757,35.06131603469123,128.37664908730602,0.6404272482526884,0.3,1.8106741189278006
vienna,881e15b639fffff,8.70169043344321,1.071531926091295,3.3380002005535343,34.10015263496369,210.60800699526982,5.485357827506897,0.15,25.296406091448297
vienna,881e064cadfffff,6.850533366691304,1.0633864056118871,3.228345582804402,44.66369739054494,15.118519424953446,0.07472574723722365,0.3,0.0
vienna,881e064ca5fffff,4.818403182517917,1.136258720653531,3.1595674988660347,65.76896877382173,230.74988680429803,6.096096879569279,0.1,8.729276753539569
vienna,881e15b645fffff,5.546217121772377,1.0835221693808068,3.368035809822178,51.32715265134524,79.31090614532087,6.749554054911169,0.15,16.455794782737733
vienna,881e15b66bfffff,6.046949815415207,1.1341673524093427,3.302862049464727,49.331496680410275,438.1644028370509,4.261879581793483,0.3,17.779099708278206
vienna,881e064ca3fffff,3.7241095822091985,1.3503101477688217,3.175221744722286,78.4906259751602,985.3374958814335,3.0746782516219424,0.15,4.4076097791032005
vienna,881e064cbdfffff,8.421340351104618,1.0463389223241535,3.3273869594548877,35.25531871453952,1208.229446452619,10.090526687821866,0.2,17.576925068891143
vienna,881e067969fffff,4.866306494976683,1.071955309655309,3.1714028658149114,63.79367200977093,1340.1976194425774,4.682533010833305,0.15,10.290594461430988
vienna,881e15b567fffff,8.149037597010814,1.051140769332325,3.164653207747934,37.474734794001485,1384.4980631120002,8.213724701115494,0.2,20.904579431365427
vienna,881e15b457fffff,7.075188409982934,1.0741111746925678,3.0254901339695506,39.799427426712064,486.161739187409,5.612496055268123,0.15,13.870359763193086
vienna,881e15b455fffff,5.9046720125774925,1.0313552194767346,3.081263949715133,49.09710133141598,719.4027769558553,4.180300986594329,0.3,8.73871136779694
vienna,881e15b401fffff,7.718715744918113,1.0664185859136082,3.2915991391505863,35.500899549718255,784.0125716090465,4.040859430402602,0.15,11.43465548403272
vienna,881e15b403fffff,5.465403395071172,1.0248206852722852,3.460758121279981,58.042722160707314,7.747653965374558,6.0408599088602255,0.3,9.46619149523726
vienna,881e15b40bfffff,5.159287020904433,1.0283300501002013,3.050069886250289,60.57038477095972,49.15015217632769,7.831384342374076,0.15,15.448720483560816
vienna,881e15b4b1fffff,3.4065993019313865,1.013856898938601,2.8870692798672155,86.86620911921351,99.43636565553676,2.324233352975505,0.15,4.812057688087939
vienna,881e15b44dfffff,7.81151144024376,1.0458099044231564,3.485730603780173,37.60004261808608,1579.3293458546889,9.592128875847909,0.2,22.8832536459083
vienna,881e15b45dfffff,7.625010148798776,1.0732559637824095,2.9130447045628505,36.06552576763758,221.04228824540974,7.362341489803517,0.2,18.085624345631416
vienna,881e15b44bfffff,9.547617260542033,1.029364519960035,3.1929591284921894,29.726574098492115,2151.871621029949,6.759999388060585,0.3,17.3341517659048
vienna,881e15b449fffff,8.022335473195175,1.0464528044319534,3.391405399171078,33.84261555675026,1976.1952002106814,5.507689728465724,0.2,28.607331420866682
vienna,881e15b55dfffff,9.941698923504536,1.083113949176904,3.4446425890558663,29.438525534652012,2575.3490545503555,7.661462104779855,0.2,23.28625120661403
vienna,881e15b559fffff,8.363116438736913,1.0541840196842935,3.0702026485891345,34.58643147272438,4097.343235202,5.52382280962686,0.3,10.775487021178733
vienna,881e15b42dfffff,10.574643038395692,1.041528844727593,3.4932369142211357,26.992697842706782,1825.844103738344,12.527681485274215,0.2,32.63525213244442
vienna,881e15b55bfffff,8.477839973961878,1.0404540676358482,3.188609616784177,32.98583246870533,1846.427254516555,6.9702935017456085,0.3,21.176448886546208
vienna,881e15b553fffff,7.982722031900093,1.0171108258848722,3.1015141706340983,35.555016866554666,914.9497232578929,7.8059547357997285,0.3,22.564983295404403
vienna,881e15b41dfffff,5.712203586602853,1.044915908379581,3.214318212550135,53.19959647582872,46.39416269861713,8.547753929167879,0.3,8.80553872912294
vienna,881e15b663fffff,7.462186327389369,1.060461097136326,3.2411389020465444,38.44930631085494,493.4676606775894,6.531440785200594,0.15,19.88806013862906
vienna,881e15b465fffff,9.510804873065398,1.041223637092231,3.300200675088128,31.19946525074188,1237.366957897866,10.278321113523699,0.2,22.947065254527523
vienna,881e15b753fffff,8.64478510586099,1.0475987434286356,3.3506020360556272,32.806383550398536,1909.4908871253058,13.265312559856483,0.2,26.349495024909398
vienna,881e15b65dfffff,8.026497262102486,1.065682886794166,2.9981089975646964,36.750660950283574,174.07637513055042,13.002310656633501,0.2,26.37255079696152
vienna,881e15b651fffff,7.514586502843896,1.0967916095175205,2.8733352453109284,39.87431498144,10740.753592776886,8.189870681004827,0.1,10.904050951046747
vienna,881e15b659fffff,9.19931910601452,1.0493378516291676,3.234603344673745,32.82554745712408,1201.4586275371732,7.806360157583651,0.3,18.02064307517468
vienna,881e15b635fffff,7.6415489100275344,1.0544043028494785,2.5317931219678784,37.342368505825235,556.7590891962135,6.699093859064309,0.2,17.274495509893786
vienna,881e15b295fffff,5.061886207186001,1.0199901465781018,3.342061341532424,67.90946811724106,1579.4207715350929,5.759167631229161,0.2,8.079562465750943
vienna,881e15b2b9fffff,4.296160758021772,1.039643706252128,3.520639495582845,77.3173656380548,1570.7219518662791,4.285632464540779,0.3,7.285266288259457
vienna,881e15b283fffff,6.808659148168265,1.0984180264620447,2.8903717578961645,57.11680970158591,0.0,0.0,,0.2882366900424689
vienna,881e15b541fffff,9.463259389470878,1.0718450463609348,3.2630373836977915,29.195397400742113,1598.859057078637,10.286942634898947,0.15,28.040002138331765
vienna,881e064d87fffff,4.344856062785663,1.0820540445670341,3.3062454776102497,75.52033836297572,111.58417643869117,2.8458254856144083,0.2,2.5583098768886536
vienna,881e064d83fffff,5.146043571756405,1.1887851589918,3.4408250194530434,58.67576668127465,3851.7857972233087,5.962882065971061,0.15,10.507670897018455
vienna,881e15b74dfffff,6.673063376693528,1.1145335718095197,3.360212612159225,45.03450930267216,1209.126458345496,7.762413542172734,0.2,9.364190367982294
vienna,881e15b655fffff,10.060263221658433,1.0443273805360664,3.09700156946585,28.780640222532792,1346.8446025677958,8.013365514535428,0.2,16.012587179681642
vienna,881e15b643fffff,10.466565101696574,1.0460711353923777,3.0268821103784846,27.80796935199395,418.3187406438796,9.02331329224276,0.2,23.540139377700118
vienna,881e15b647fffff,11.969218829694178,1.0232570412507331,2.09496430421003,25.064292354296022,86.69751466918126,3.820732184818712,0.2,6.70401727688674
vienna,881e15b641fffff,7.188820106255488,1.031343581535035,3.1776821963609048,38.99152102291708,66.57659436745772,8.394281106204055,0.15,19.34923485905307
vienna,881e15b60bfffff,8.520270721134388,1.0412429208791996,2.962262287563068,32.301337285664076,2264.6870990822677,7.7674388473254865,0.3,18.05440693655858
vienna,881e15b657fffff,5.98118372120746,1.1251950805214495,3.3234779872476516,49.73782001908927,493.4896566909076,5.5460277847779835,0.15,12.108462220038803
vienna,881e15b463fffff,8.270215924316851,1.0294484428190254,3.4155620899275854,35.35708341374033,975.6400079242778,10.033459662047363,0.2,25.317011382052442
vienna,881e15b429fffff,7.542770401854396,1.0681446363991962,3.149464558521084,39.87013330699089,845.4902502177957,8.434698905043991,0.15,27.424623861257665
vienna,881e15b447fffff,5.779887848933169,1.0654539696697218,3.355258326808841,49.13107881287954,151.19708639041826,7.016947250634358,0.15,17.8241328761398
vienna,881e15b409fffff,4.26536458496646,1.0095056716500475,3.4683941842671064,70.1976580633887,20.646801667387972,7.009242599523007,0.2,8.406716884800161
vienna,881e15b415fffff,5.925666943752516,1.03216745492268,3.501696800875994,53.93276940799439,16.528299662208646,4.087763858595061,0.3,4.9270825649054855
vienna,881e15b411fffff,5.92254366930026,1.0273043350929987,3.074049939763967,51.899498989535324,39.125679774079856,4.085894639332775,0.2,4.713380625095443
vienna,881e15b425fffff,9.159362777628715,1.0479447781467226,3.40015872154084,32.67859083212788,1027.8405381496182,10.08056051339915,0.3,24.081403380633255
vienna,881e15b51bfffff,8.580998146631488,1.0458664509789817,3.4305641062007926,33.4185721733227,340.2210033746473,6.244802126553809,0.15,18.17829880134171
vienna,881e15b5e9fffff,11.347209978688316,1.0464049157888282,3.2341334916525133,25.98131754704948,318.7964678026405,11.940393747998073,0.2,27.274721112163128
vienna,881e15b5e1fffff,10.13870856503776,1.0803224436276522,3.159243862433737,27.811899550837566,1858.4728244624014,7.75471179571371,0.15,34.54020680526094
vienna,881e15b443fffff,6.128583169012416,1.0292537881590285,3.2038918007725377,46.93693400787189,202.83690217601304,4.185054070537233,0.3,10.31150267120982
vienna,881e15b625fffff,7.214623993706977,1.0294010340969644,3.4787376109057986,39.93982335750329,210.57705370244008,11.2955604420857,0.2,21.14865442974476
vienna,881e15b40dfffff,11.519463655538763,1.0552383580230993,3.2912437675362862,25.7622014811661,3031.0961356627895,7.74029793277526,0.2,29.135752233391237
vienna,881e15b555fffff,9.164921533146261,1.106518479082051,3.4191708055820405,31.10367205720905,834.9900285303088,9.27222443029853,0.3,28.79913496344631
vienna,881e067965fffff,6.635538854844257,1.038484940045471,3.299664287656811,46.068180818247114,2004.8676480672157,7.394887832576707,0.3,13.882202139318247
vienna,881e15b42bfffff,8.36140181897128,1.0526804165624635,3.171264596778934,35.94333571528705,976.7142097028609,7.614097977843226,0.2,17.386855551079112
vienna,881e15b423fffff,8.203310708528,1.0602956174997415,3.306229162365668,35.404581507166924,468.14468666931464,6.265629019993403,0.3,15.627007342548898
vienna,881e15b461fffff,10.247139358026052,1.052609800221173,3.336808845915286,30.306171108111158,270.1450165720845,10.187409143575453,0.2,26.8654645516814
vienna,881e15b6e1fffff,10.646554817919048,1.0287120609837996,3.040741687919561,26.874578480752827,431.65706726218406,9.83145821097532,0.2,21.174256872649906
vienna,881e15b6e3fffff,8.307189654504198,1.0455617416644085,3.302860347066599,35.89037454880914,1097.169828697129,4.937927154956026,0.15,12.457396649845695
vienna,881e15b6abfffff,10.03750851428112,1.0354118652887714,2.9415914089448068,29.39114322999318,7442.9544347431465,4.90466282313643,0.3,11.125667844032579
vienna,881e15b6bdfffff,9.62103002193821,1.0339027650762194,2.971915239301871,31.283843860427655,3249.5958304835444,9.27161306153309,0.3,18.999894470044637
vienna,881e15b6b1fffff,7.991543378079911,1.0310527498440965,3.125624968355054,37.03627666041226,740.7288182384312,4.232689633437146,0.3,15.34575223779549
vienna,881e066b65fffff,7.978519160933094,1.029498315211422,3.1016687887385888,38.54375952364573,1349.84969867485,8.967299595566223,0.2,18.119340459140894
vienna,881e066b67fffff,7.146920868243923,1.014462984832017,2.780894941080733,42.6469700962054,5845.078364915783,5.241875696485508,0.2,10.076196365732173
vienna,881e15b433fffff,5.243193326296675,1.0391423979547771,3.000313177707009,59.70473693785684,0.0,3.2148431542363762,0.2,5.523209056950373
vienna,881e15b5c9fffff,8.293333950921122,1.0764523518863007,3.0067265710744753,36.417576233468615,274.2489879866228,8.7985480134124,0.15,27.71093569874502
vienna,881e15b5c1fffff,4.556810805044329,1.020237140179479,2.813400349282587,71.74383377101755,1688.08733217688,1.7265026608162644,0.15,0.5452539034659709
vienna,881e15b513fffff,7.956163155376034,1.037457778499147,3.4547316467317217,36.68846850426182,434.6308497837578,6.606097753597127,0.3,16.43830865853238
vienna,881e15b5dbfffff,5.308066515301143,1.0541879849070106,3.382432725526607,59.49237312190962,60286.896407117674,0.6673017815058488,0.1,0.0
vienna,881e15b4e7fffff,10.770915996415097,1.063705203829273,2.4467845944241913,29.11881995373017,417.5637486925167,2.4236218157002547,0.2,6.578341202361445
vienna,881e15b4e5fffff,5.730818157457302,1.0595794619015826,3.268443067528471,52.348546360631026,155.83833811373458,7.551768991313251,0.15,15.989596136207476
vienna,881e15b511fffff,9.283064128648538,1.0658908491991987,3.3393891370416022,32.131983326716586,167.92118413927835,7.129301989333442,0.2,19.486367824324837
vienna,881e15b523fffff,6.1841207843346915,1.0224881008481979,3.050232343231971,46.91943293693661,2946.2492007462884,7.532626436127494,0.15,9.186819971409411
vienna,881e15b46bfffff,8.96503596314602,1.028494499372397,3.3391776206952364,33.47954766395402,1453.864039429232,9.66928979302308,0.3,22.778832336539395
vienna,881e15b435fffff,13.339226716233231,1.0689189414517775,3.2191627655295356,22.762767280036925,1039.7434927129068,8.788898463536345,0.2,22.513596225301512
vienna,881e15b5cbfffff,8.439102788282028,1.0738904449486348,3.3799624662544816,35.46927517887687,909.465050764653,13.2036712662179,0.3,22.894220371698868
vienna,881e15b5d1fffff,8.126122232107148,1.0344949900426705,3.0463564572007664,37.82473512866784,740.7549273403636,3.873532348295645,0.2,7.114774586650235
vienna,881e15b5d3fffff,7.503407292909469,1.0336231371962652,3.1135023447864105,40.98218865972405,469.98493211355014,9.178950752936073,0.2,17.857470460702846
vienna,881e15b5ddfffff,6.985734314714185,1.0922636397460734,3.201385185612887,44.191077144219186,111.04681539079633,8.56900668851866,0.3,14.532445293034277
vienna,881e15b5d7fffff,7.263628051003026,1.046436089324692,2.9519277995940776,41.223893369270115,100.60320125995904,10.61856241931996,0.2,16.45719447323145
vienna,881e15b407fffff,9.90995920009095,1.121679859524178,3.273652134731117,27.217348634135448,2841.4606875734976,4.483649239324534,0.3,15.757650709476714
vienna,881e15b439fffff,4.648169742594649,1.0430110437722726,3.3254512860900367,61.2031776752389,351.8124829433809,5.478280344011065,0.1,10.982939726244975
vienna,881e15b43dfffff,8.328680709519634,1.0531373561035824,3.4859797968641564,35.53004103143319,910.4692960023688,7.99839138387309,0.3,24.385469142564357
vienna,881e15b6e7fffff,8.744951454248971,1.0618509810070333,3.3538779649713786,34.54374045570687,496.3895425474728,6.741202062756861,0.15,14.721143958635942
vienna,881e06793bfffff,3.9525883621380036,1.0462826403488599,3.292512040191651,79.23587899687242,130.66841715463846,4.988951883018236,0.3,6.116078605456623
vienna,881e0679edfffff,11.506257868263841,1.031387614891511,3.1093497569541997,26.803780906381405,274.33023752013656,0.7360063632601039,0.3,1.0921539826574587
vienna,881e06793dfffff,2.416482079315856,1.3877911397419365,3.2444065837088996,126.96894566048122,247.84673912019463,5.755289462594006,0.2,7.443718022326901
vienna,881e067931fffff,4.053483329579006,1.1878099084234255,3.1921245902022264,75.77257192636752,710.095080879871,1.7896552785118967,0.15,4.296372797139394
vienna,881e15b6a3fffff,13.013680791144537,1.0270457199547358,2.8346286805369623,23.505594908339997,1014.1099301688105,9.749972752014411,0.2,30.453379883838913
vienna,881e15b6a1fffff,7.781170712049802,1.033327418625543,3.154809089978989,37.07655775940838,1960.921818216499,8.6345926578437,0.3,21.380878185805773
vienna,881e15b6a9fffff,11.707102800837268,1.023324877194736,3.0344862565889086,24.622733264510373,408.26129903953375,9.54571528418336,0.3,18.749063237929878
vienna,881e15b6a7fffff,5.025589354377072,1.0145323967512199,3.218679570701758,62.500642602045176,99.50365676495636,7.91241092918107,0.15,11.542762620183801
vienna,881e067927fffff,7.148831916187436,1.0526192625952007,3.312479853706682,40.94136360466566,2922.726102803642,8.02515022096172,0.3,12.218763537644794
vienna,881e067923fffff,8.17454633858605,1.0674226682086643,3.1943392288565255,37.89137240806725,4178.526921027512,8.684412268131842,0.2,11.570657032590468
vienna,881e15b4c9fffff,7.2990154310836015,1.0172321144955057,2.8390631576425545,42.89712757464632,379.7723909307932,4.023266859870223,0.2,8.885933240393
vienna,881e15b4cdfffff,5.701179937420023,1.0151240874299898,2.6893707262944595,53.41796924291985,272.90192292841203,2.6353722946015115,0.3,3.4969628373651798
vienna,881e15b413fffff,3.8329620464000866,1.0089518644725433,3.0351414327923694,93.17672672451458,14.988411051609033,0.1981089487248256,0.3,0.0
vienna,881e15b4c5fffff,4.1486440796153605,1.1069927461777354,3.421362510298826,69.59681014452478,62.69601165547595,3.057955069611685,0.1,5.694464044375427
vienna,881e15b6adfffff,8.163259815112964,1.0397286554123482,3.4481545763269663,34.332527239665474,279.6647671543337,9.59766025782494,0.2,22.91359701840114
vienna,881e15b6a5fffff,5.55698159397426,1.0298604545064762,3.3979383070570046,55.84773358305361,299.05307483126495,5.397324191662037,0.2,10.55661168639317
vienna,881e15b419fffff,6.541938890513533,1.155256926612154,3.123106441978225,43.46016223148762,32.375071299393646,0.7573838409531695,0.15,1.9287424613515198
vienna,881e15b453fffff,6.62418958333359,1.0809811562106453,3.4891174322512235,42.139661128780986,1024.2037099401487,1.9157102887395276,0.15,7.079660164135782
vienna,881e15b6dbfffff,3.2044172332903695,1.0097306118909788,2.80131694961345,93.62076725943488,136.49653488824325,0.1810607221559401,0.15,0.0
vienna,881e15b6ddfffff,4.824489380383387,1.061767269127722,2.1284582527985,62.78065749634758,5999.240353974478,8.110997563500876,0.15,11.517410587812277
vienna,881e15b6d1fffff,8.120526473326036,1.0206260026756928,2.831135819472059,36.11102772994633,423.33236569236107,10.352106316725072,0.3,21.320464088598737
vienna,881e15b6d7fffff,4.75368622618118,1.0079039991494725,2.895509392856281,66.61497027772006,15283.007412526042,2.3144462508032597,0.3,3.1961211252054844
vienna,881e15b6d3fffff,4.8190413196634765,1.0213983987472859,2.787876228087594,77.81630725386414,49.64933314505025,0.5534339812741131,0.15,0.0
vienna,881e15b6d5fffff,5.260786469271737,1.0257373404961716,2.902380877261872,53.4873032822855,467.95712941827156,7.888686386511596,0.2,11.253092530945251
vienna,881e0679a5fffff,11.586305354104418,1.0180957931022447,2.5558575887270885,31.797975400421052,89.20222837783888,0.0,,0.0
vienna,881e0679a7fffff,5.956536744225554,1.006909947146346,2.7292912769735214,51.76385986911621,248.0555101374165,0.6568068647284238,0.4,1.9037099695279724
vienna,881e15b531fffff,5.772894829410488,1.0829166766964422,2.6017391790232702,51.433254247821424,358.11225814776617,8.9869875015059,0.2,19.483446521290354
vienna,881e15b089fffff,6.118110552983112,1.0683632819974718,3.461173173562204,49.03474649599525,344.39896612140785,11.16638222518649,0.15,12.015136192492733
vienna,881e15b081fffff,6.1076465380152785,1.0206214115640353,3.505066583632903,51.16537082736112,986.6423456217756,7.1865655919376925,0.2,9.01006044048297
vienna,881e15b509fffff,8.460967821162585,1.065379907395776,3.307142395444195,34.8608039393712,194.2985415273824,4.876588311865359,0.2,14.41841702769718
vienna,881e15b417fffff,4.90359134123704,1.0620707295219862,3.427825176992427,63.59175047213087,30.992581200595442,3.358456632674408,0.2,5.618118110273537
vienna,881e15b623fffff,9.266185256833698,1.0408781290850944,3.0767702485328092,31.52480629772333,1856.8848561177879,3.8562668485542737,0.3,15.142174420089875
vienna,881e15b627fffff,7.194317279714366,1.030009829304814,3.391642655131297,40.2564239355171,182.22762489955556,6.7503007088476314,0.3,17.298558965896675
vienna,881e15b405fffff,8.402836276555885,1.0538215024514392,3.135775487304187,34.79811068923643,1540.2480258912638,6.880218169679647,0.15,20.719879161526904
vienna,881e15b431fffff,6.504345691521286,1.0949200068055762,3.0886033766132717,45.48828947063961,1673.0906100993304,6.652999567412989,0.15,17.54267051775518
vienna,881e15b4adfffff,6.817707218401151,1.0272923077262777,3.450721648422179,43.445053107366384,619.5697396981624,6.529797974435667,0.3,9.39748148481634
vienna,881e15b599fffff,8.701916831827981,1.0381632400943612,3.151473547012554,34.3684757987178,240.07031854541285,8.955263203831178,0.3,14.265593502091031
vienna,881e15b4a5fffff,8.715782970520884,1.0466817683236842,3.3129593148676504,34.38033839963124,502.14054286331395,6.9169915096524335,0.15,14.14828485253203
vienna,881e15b591fffff,6.124479145433009,1.2460314617317552,2.567582548521616,47.0046155832627,3494.469547416128,0.7167337883443545,0.15,0.3223035436300813
vienna,881e15b595fffff,11.533493648105361,1.007933188582659,2.880180087330957,26.49288800759431,6416.651293851797,0.0,,0.027710116370090777
vienna,881e15b59dfffff,4.420269479138887,1.0541766241628192,2.6151126483211358,70.779733804142,0.0,6.713300713305849,0.15,9.59368554876674
vienna,881e15b4a9fffff,6.189941470619751,1.05692667021252,3.1704713246292333,47.38269186834647,187.7065028886616,4.332355081449114,0.1,11.810099996020824
vienna,881e15b535fffff,6.226259394268388,1.2124473862955722,2.855653408600223,47.689681531481014,526.1911783603815,5.729899032749395,0.2,10.854443496609216
vienna,881e15b539fffff,7.37979872422861,1.0369132203238434,2.944905374731188,38.58551891040423,359.27407533921513,8.770305802248588,0.3,18.20302148551003
vienna,881e067963fffff,6.810840971854402,1.0217911024629711,2.6208068490971494,43.785236940144046,974.3394959344593,5.70243440366391,0.2,13.183979669583804
vienna,881e067929fffff,5.618689462591401,1.0077916938228701,2.6398515568811503,55.48708608262604,174.28073865860836,8.309229785200436,0.2,14.462150929707054
vienna,881e067967fffff,4.563063929958126,1.0209282236578023,2.746196931656755,69.11685223474602,931.0938063173476,2.6907684652004735,0.2,4.827280563265841
vienna,881e06792dfffff,6.628616567091582,1.0636499975848008,2.968171052114272,46.05493845705308,557.5312995401423,10.98982704477401,0.2,21.517103633278243
vienna,881e15b45bfffff,4.804866378797049,1.038309542015049,2.851069861018333,56.14462933889212,1265.7042890269533,5.434894525089984,0.2,11.648941863850869
vienna,881e15b74bfffff,9.030912463159607,1.0466609160542089,2.9875687082126077,30.706855536580726,924.5229335779883,6.546104313269128,0.3,16.26549285427446
vienna,881e15b741fffff,10.58638023824918,1.0359447587152493,3.0330441082363406,27.848421563557512,4024.6176280010304,5.365844632168015,0.2,13.487026775029785
vienna,881e064da7fffff,5.462623547434799,1.0685788803161425,3.431227596934688,58.39767688854917,29.62613467344534,9.601568853445334,0.15,12.741572480531092
vienna,881e15b29bfffff,5.095589936104555,1.1203041309789867,3.4567820381922845,57.78417183026697,113.63880694653766,1.4394332891986648,0.2,1.2630568471556827
vienna,881e15b4e3fffff,6.747402344932541,1.0373316060315365,3.1353842655931596,44.1896188150997,63.26803664083165,1.1035544732364249,0.15,1.1082466517639142
vienna,881e15b529fffff,5.781540582575372,1.0136180194717959,3.048555802069854,51.20653005034716,534.0404049910604,7.065064571793355,0.3,15.049558425871012
vienna,881e15b543fffff,8.993860072370666,1.0534453180506325,3.3136115816480483,32.34116744805379,855.7741087378895,5.921334509219354,0.2,20.641967403515228
vienna,881e15b0c7fffff,8.03892723435377,1.02843676595052,3.0878475864182793,43.904014326976345,473.3010291202931,0.166048738262991,0.2,0.0
vienna,881e15b467fffff,9.457925374997243,1.0567442617547624,3.346784862623517,30.381777759619112,334.4399697688953,7.116620988603997,0.2,22.510854272335084
vienna,881e15b551fffff,8.523835628900539,1.03026669762703,2.8408049206669905,33.80205575275619,755.8068393893426,11.33521613474865,0.2,26.451624138379156
vienna,881e15b557fffff,8.696606251645825,1.0500953339961425,2.5000255109987886,32.9957139663018,1700.9399590891035,10.10873928797139,0.2,27.72609066675828
vienna,881e15b519fffff,9.73515651828887,1.056855278144442,3.394859317213898,30.804365655296884,1519.1603189435864,10.196360781957985,0.3,26.09088305834303
vienna,881e06796bfffff,17.769135082236858,1.0164857185750973,2.423938030087764,16.871562199445385,41.070750991946326,1.9715808022287693,0.3,2.99220264295657
vienna,881e064c97fffff,6.3939158182682805,1.0271664374186136,3.117238015054592,44.85396132535618,1540.8228220167857,6.813836299659474,0.15,14.137178400448708
vienna,881e067915fffff,6.57227777477105,1.044691192790818,3.1680085738601713,45.54276890732655,32.9846567886391,2.2629157204882464,0.3,7.000782382618118
vienna,881e064cb5fffff,6.156095553820721,1.034245031343768,3.365508576457417,50.126066983201746,560.9224305131257,6.857421264294342,0.1,10.549811252883309
vienna,881e15b5edfffff,7.66421220765339,1.085752184228441,2.816416013276134,35.77213087017416,1164.2150550488045,7.829163323659245,0.2,21.44906049653508
vienna,881e064cb7fffff,7.878575336400715,1.11478652936817,3.0100271484214347,39.30211451049225,197.12090126268805,9.140309170869653,0.2,14.592753179284534
vienna,881e064cb3fffff,3.546496928805537,1.0634690457872737,3.1105058134240404,85.5975444686686,1709.4934426902894,1.5706319640302542,0.15,5.576550215261315
vienna,881e06796dfffff,6.8048894947897205,1.0593860032016815,2.877177443849641,43.75834477032084,482.1375430296773,7.2746982832064635,0.15,12.491957190462294
vienna,881e064c91fffff,5.792863789774529,1.0306971549587498,3.153221290414666,52.96485347364326,2199.0978803731673,2.9309195622911903,0.2,5.281858809461313
vienna,881e067905fffff,5.40329872358294,1.028077937154427,2.410589743546171,57.77113428324507,234.5970329062786,4.3207678057927925,0.3,11.844541453771658
vienna,881e067961fffff,6.932366949067039,1.0631379467575504,3.2958483478997187,43.425003969856284,751.0280899976111,6.780402507610538,0.2,19.926560890086094
vienna,881e15a25bfffff,7.813031209748665,1.0492497542563244,3.0441574179242505,38.87586131462286,440.5040674284843,6.266881921613642,0.3,18.435135927299537
vienna,881e15b611fffff,8.564450765824947,1.0472345621136052,3.1822003520768813,33.37582246090014,929.0667081550607,7.424486655718823,0.2,17.492573939064798
vienna,881e064c93fffff,4.5347325922052075,1.044342135590167,3.2689629092763095,70.47551809677184,320.44632569653356,5.115888644228253,0.15,10.750843234003888
vienna,881e067925fffff,5.87736172104719,1.057843102047697,3.119057444208337,52.497075804021435,3829.109512842742,7.15689885410317,0.3,16.07085052379489
vienna,881e067933fffff,2.2908683029387458,1.1836321593240624,2.756151843586093,151.83155073136572,0.0,3.3082085188573247,0.3,4.719273731549283
vienna,881e15b61dfffff,7.10889430458427,1.0239801783053357,3.3600755925407433,38.85285974561933,1248.705511750798,6.955737085672883,0.2,11.191729823142893
vienna,881e06792bfffff,7.8269737268087205,1.0691632116461594,2.9581397832749663,38.36324318890643,309.3084784315265,8.657542768801136,0.2,16.581666013564117
vienna,881e064c95fffff,4.0485286818811925,1.0322832105946522,3.1926704889052244,76.57102724438528,523.9552848694761,2.3400825323847934,0.1,3.704484718255187
vienna,881e067907fffff,4.348119446127925,1.0437730804291212,2.993189483099763,87.02115548259162,282.38029197237415,1.4460841844834842,0.2,2.2173226700298834
vienna,881e15b6cdfffff,8.750176690282085,1.057193082347087,2.8385246754141216,33.45083651305916,2245.431910817868,10.531876974385668,0.3,15.167644253957002
vienna,881e15b613fffff,10.608839913158803,1.0284675663664222,2.9201526068294186,26.510909986599824,667.578834907756,11.055767066310269,0.3,20.423741199299954
vienna,881e15b6e9fffff,9.889970916753954,1.0368518217529736,2.5588454506739784,29.314137405139082,771.97841265881,11.58878312514706,0.15,29.774947333279695
vienna,881e15b619fffff,8.768487469055112,1.0377146561931307,3.453527634563522,33.68050691136615,3176.048532564405,5.10370473569094,0.2,13.923252145375141
vienna,881e15b607fffff,6.691470617858495,1.0208114626910534,3.3102931631027808,42.86682579127242,194.20960843566974,4.186886780067036,0.2,8.846703610328758
vienna,881e064ca7fffff,4.626026234231813,1.073063814840835,3.1155161247976535,61.247671108459045,100.19502557043513,0.8795209961289566,0.15,3.148680532079215
vienna,881e15b65bfffff,9.701092445614938,1.0441950523469101,3.092888820402562,30.801960354755813,925.7951666704914,6.2653645450433135,0.15,13.504020932808544
vienna,881e15b653fffff,7.376054124524662,1.0669883455071842,2.982211120685929,39.366938732457626,708.1105472563993,4.4827921994988245,0.2,6.979720154927779
vienna,881e15b0abfffff,7.3397208609311235,1.0209313399696445,2.730881375345096,40.07204805626784,1116.411932827824,0.0,,0.0
vienna,881e067921fffff,9.185424337026559,1.0521614877071261,2.8813397163859777,33.2580454570582,620.9440005585927,8.854046725476488,0.2,15.139671701689487
vienna,881e064cb9fffff,6.4718914828712615,1.034668412276132,3.1256794119475413,47.28448672224429,456.056122939597,7.1897640959490055,0.3,11.63041606575313
vienna,881e15b525fffff,5.509495946034288,1.0235176579891228,2.124268045214306,54.87354639274424,1625.9190731313277,2.6902262404045922,0.15,6.319080688285613
vienna,881e15a21dfffff,7.556940139158317,1.0220422404133789,2.9929761311526395,45.94746230990992,23.130570530170335,0.7580597477875022,0.15,0.0
vienna,881e15b649fffff,4.351365379011272,1.0298851450777913,3.338939982838635,71.54553286162329,747.4397510039535,7.041523630407679,0.2,13.623020389372034
vienna,881e15b661fffff,7.8253373496489305,1.08086888165029,3.159869167162887,36.6757351378437,388.8511026210563,8.518989348334241,0.15,22.16559230793108
vienna,881e15b749fffff,4.8508688743306365,1.0792127974515304,3.426987547752266,61.26115115032057,105.03014299431744,13.201161715490874,0.2,16.439707545944692
vienna,881e064db3fffff,7.358510844349855,1.027827845733369,3.2813233388608825,39.73124110035217,676.7012982663192,9.695151236494585,0.3,15.148368445480187
vienna,881e15b09bfffff,8.290412796175314,1.1234985069850538,3.4481472338500314,36.234528844618126,42.43410684872325,5.476575978354244,0.3,20.914216550085147
vienna,881e15b665fffff,7.260507389257688,1.053307024620621,3.210102541913968,42.75631899140499,518.3466537106277,14.53320069747949,0.3,25.55741906669002
vienna,881e15b66dfffff,7.340756588497105,1.043711639594056,3.2448111057643283,40.92265179820576,496.3066064503004,10.825994700249364,0.15,24.084878140946355
vienna,881e15b669fffff,7.041486609569169,1.0374453872169997,3.215050607700899,43.96699737170357,333.5244048354877,8.7374998132534,0.2,18.670720926893285
vienna,881e064db1fffff,7.53467664241012,1.0546024894970962,3.228199620093388,39.92166180774392,1308.4384603882104,4.205641753167182,0.2,10.856211946974383
vienna,881e15b503fffff,9.37147613399918,1.0488576054098586,2.8636819615307187,30.323148435446743,193.91882994158942,10.086817405925778,0.2,21.315645217889312
vienna,881e15b50bfffff,8.369282799672012,1.0553733786260189,3.2493345201815673,34.58763327030494,83.82189785286147,11.689387968327743,0.2,23.115669650434718
vienna,881e15b501fffff,10.352454124076589,1.041511017094176,3.0437716845381506,26.47314220641543,110.75987501688826,7.222251533472364,0.1,21.318698404637132
vienna,881e15b6ebfffff,11.159159060166198,1.0498116556518797,2.865833494935306,25.51878778545603,734.3141744199086,9.767989558858922,0.15,19.094296546336526
vienna,881e15b6c5fffff,9.279949046379734,1.037344033494988,3.200643373666505,31.13216437844052,1975.0331800040394,6.263838765706871,0.2,18.989952073397358
vienna,881e15b6e5fffff,8.752744879492484,1.0677688026440801,2.4970874205135214,33.47554618419142,54.35084151057116,7.698335073807353,0.2,11.157910167562543
vienna,881e064d97fffff,8.510796085750712,1.0352395761695754,2.971077820984179,35.28688571456962,195.25623224937502,9.11678789839642,0.3,10.769244855084843
vienna,881e064d93fffff,3.8356978717164822,1.0850636992877893,3.2570638022490095,89.26440918940403,535.6172653127193,5.678967071479603,0.2,9.099210571724441
vienna,881e064d91fffff,4.344912159342134,1.13043675011467,3.3978573040468527,72.29204011114517,256.4507926875622,2.3646998479237564,0.1,3.3134219047872264
vienna,881e064d95fffff,3.1012367037595525,1.0354790595615702,3.3327504557118224,98.30853878741075,402.38798693817614,2.1212092087546166,0.15,4.617027597818059
vienna,881e064dbbfffff,9.042913149168998,1.0371061029976987,3.006947685256662,32.974088467190434,2231.263222097978,5.045940683451714,0.3,8.89934655038948
vienna,881e064d9dfffff,6.5173634891250405,1.0685834851369023,3.274584925098144,47.410086081668915,387.3628028562133,6.860072274799114,0.05,6.771271159906831
vienna,881e15b64bfffff,11.47479887411934,1.0440650104326799,2.8621231845188397,26.626012151183524,855.4886990804857,7.663027664964618,0.2,16.1995658099106
vienna,881e064cb1fffff,5.752097802046388,1.0252546533851867,2.921067195130643,52.04051036070057,347.8125437527748,2.989390574789861,0.3,4.8549655955888005
vienna,881e15b547fffff,6.66635446703883,1.0613903316948028,3.375048243651777,43.41288573619386,494.49853441462716,9.508026720965791,0.15,18.097713248110434
vienna,881e15b5ebfffff,6.629363609264056,1.1097959970782858,3.497608379139389,49.155645394195645,55.02698015326172,4.083767643083963,0.15,5.149305926523387
vienna,881e15b421fffff,7.035197753809706,1.1081007561435743,3.196766231063276,41.42931369289695,2366.824286072938,8.142778811800783,0.15,16.62017568100843
vienna,881e15b427fffff,6.439500680257643,1.0191926001594982,3.3871521891532463,48.58536594851419,92.4112509689063,4.55910740886816,0.3,8.175197209571065
vienna,881e15b50dfffff,6.7186539323794285,1.084777400390698,3.2702751777192565,42.34222531535269,1859.1283980827377,6.016142489232395,0.15,14.681085827633963
vienna,881e064da3fffff,8.812577670461229,1.0732266752600008,3.2218691183464387,33.387188071902415,28.011835357472204,8.863548097963307,0.3,12.826048037483353
vienna,881e15b5d5fffff,8.46486756911732,1.0258400523088034,2.9445352819119903,34.698944867816664,244.59356899726532,5.996484262170986,0.3,12.986317889692847
vienna,881e15b581fffff,4.616234389977423,1.0594246032797754,3.094920133424124,65.6703236207846,75.23866987068423,11.80327136390441,0.05,8.440891647096919
vienna,881e15b58bfffff,6.41078564534043,1.0067769508370072,2.5947905228322297,45.242358510428446,1422.9148948993243,5.391278527420427,0.3,7.810241970683494
vienna,881e15b589fffff,6.220102401005044,1.022615341959809,3.095038940000784,47.716843523360474,664.7442115968224,2.712900962458151,0.3,4.015356906243003
vienna,881e15b5c3fffff,6.766755395494304,1.0386150986313523,2.912842914173874,43.33193872977546,372.87830185477185,10.818836573829525,0.3,14.767177835025713
vienna,881e15b685fffff,7.926584953512001,1.0188223179834026,3.40410215979487,38.417714360182515,2249.4646551098635,7.2283463117669005,0.2,10.699526138247046
vienna,881e15b51dfffff,8.035669953835537,1.0347339859122289,2.989650137934777,37.17798288335652,94.76453248360825,6.001554005124107,0.15,12.374406214203308
vienna,881e15b689fffff,9.968026815042935,1.043074682097975,3.1200976590104057,29.460500631382168,272.42941838008903,8.062759915584676,0.1,16.072730841522755
vienna,881e15b68bfffff,11.247667838947551,1.0245149687735573,3.2464777915501726,24.66407368294955,2815.055060223859,8.126509809174628,0.2,18.651770679231205
vienna,881e15b6c3fffff,7.749240197265672,1.0425807023004654,3.1668025561126645,37.924102394851744,2581.274060620358,5.546983292042301,0.2,9.214153858538934
vienna,881e15b437fffff,8.620554467143744,1.033997655895106,3.2092163988169293,35.768874379001765,406.98277675457024,8.787629303574864,0.3,13.25188449800573
vienna,881e15b08dfffff,9.559886083076476,1.0477601696925745,3.2777362364813367,36.011129430862404,299.32077124897256,1.7192323857575151,0.15,2.0141712397943192
vienna,881e15b745fffff,9.26600631084484,1.0520188321796318,3.5311985823499965,31.163338361265623,1649.9249160590489,8.19104813596222,0.15,13.386206320735582
vienna,881e064dbdfffff,8.244918429202428,1.027523736978735,2.554175778437055,37.78104054259543,531.8618834800064,5.518641006553917,0.2,10.641656570875597
vienna,881e064da1fffff,7.257709390359563,1.0379275414295974,3.361645894573545,41.07038557824587,12.975945386736537,7.533387577611361,0.15,10.216466535624665
vienna,881e064db9fffff,3.3404488943189614,1.1031809093184763,3.0629904937117436,88.04734224763133,431.9756411069203,4.172134157230926,0.15,8.318584462141384
vienna,881e15b637fffff,8.465101451055878,1.0365830979575374,2.7853093109172056,32.679979780725375,930.704036827776,0.7694474357098383,0.3,5.09174648978339
vienna,881e15a245fffff,6.739490999338781,1.0534443566565406,3.468605043609172,44.51374740754659,259.60548198071587,5.045528814971852,0.15,6.431120716181036
vienna,881e064d9bfffff,5.2389988723137995,1.1216690218187526,3.4013620017902992,58.36141658652747,2692.773807361141,5.047412835728637,0.15,6.290188252866507
vienna,881e15b193fffff,4.896532597813383,1.0307153988404005,3.1388251232693483,63.31010644929335,313.34766471895784,1.6908798700479934,0.15,3.32131754657781
vienna,881e15b41bfffff,3.3934469666988933,1.0805126078364902,3.3092529823656007,95.33946307091743,98.47402289973361,5.837303187243567,0.15,11.316953712650008
vienna,881e15b4c1fffff,2.638319639425105,1.031588362479328,3.2051249865265725,116.62434797299781,32.81691384945458,6.967171102867015,0.1,9.206609748635389
vienna,881e15b4cbfffff,3.980367134638793,1.1655241771630525,2.5786383957441545,82.72309602234898,84.17524743762624,0.6407215981666348,0.05,0.0
vienna,881e15b6b5fffff,7.7989021115318335,1.0507992538477995,2.4237092230415107,38.533389753753276,164.60415088258821,5.3889406765158885,0.3,6.736497992656322
vienna,881e15b687fffff,7.933570896186311,1.0266913264201687,2.4743968607067908,37.953271775819466,1240.4814028062488,3.9531799179609175,0.2,10.047199290768075
vienna,881e067917fffff,5.267812358834159,1.03688158745829,2.8608873591779167,58.32191709475485,2208.5481894213603,2.0311544599201055,0.15,3.684205771775874
vienna,881e15b0a7fffff,6.959533708502041,1.037175404339067,3.5372731840100413,44.99696500561183,1000.2658754759059,7.392548021658229,0.3,10.3146282238007
vienna,881e15b451fffff,5.586344788899509,1.0186413509714565,2.9892684453078013,46.0306097922598,127.90428902216266,1.6082780890628978,0.15,4.418740543167091
vienna,881e15b4c3fffff,1.5785544355135128,1.056802013875209,2.8979325974734658,194.92030225249317,788.3737114584592,0.07179248633677028,0.3,0.0
vienna,881e067935fffff,5.506044412827742,1.150152965048356,3.08403156560093,51.44560801492556,5679.292165045836,2.4625276384745516,0.3,6.13744443882491
vienna,881e15b6c9fffff,6.269728634948628,1.0549681900471466,2.6577145441195844,47.03520301339005,6576.359388794834,2.790068384671552,0.3,7.498230743870677
vienna,881e15b6d9fffff,6.331645426485199,1.0649132646332737,2.7560688864696887,47.57133398802976,3825.0133937173646,3.0679472233091296,0.3,6.140950829769052
vienna,881e15b68dfffff,9.481710354429664,1.0413341245317103,3.2567232691146764,30.197588369805178,244.5198581537763,7.295353856135204,0.2,18.277638403974144
vienna,881e15b681fffff,10.158186794757928,1.035966093822959,3.2688310041983892,28.669522659539478,593.3670009498866,8.524017666177789,0.3,14.552524958454187
vienna,881e15b683fffff,8.329770194693687,1.051344163205363,3.288190350711361,35.150164524263936,280.0206655342359,5.123335071658653,0.2,9.007884424031337
vienna,881e064c83fffff,5.240546822235924,1.0251280915457068,2.546930940761625,55.65576962867867,0.0,4.95998063003943,0.15,9.804855497405352
vienna,881e064c87fffff,5.091995241982177,1.1387924627726316,3.125182805626107,56.43295175728024,2483.148837615215,1.5328808596209351,0.2,2.616976131473413
vienna,881e15b285fffff,4.977279136135976,1.0107261625135435,3.4559269923313383,64.8616717767448,11307.450842144097,4.814385601178589,0.2,6.1154457139815515
vienna,881e15b517fffff,11.450685912735437,1.0357738162130274,3.1147829139164545,24.827643948899233,642.5548183023091,16.735421660187892,0.3,33.055323043739534
vienna,881e15b515fffff,6.9926311106390795,1.0602254469739911,3.059884445664542,43.88595680550066,174.89036473584613,9.82410383379861,0.15,21.506739027527214
vienna,881e15b53dfffff,9.56860272066735,1.0444952461833354,2.1847190107551664,31.449951401572083,1881.9759061254204,9.1583331123918,0.2,16.882932697686027
vienna,881e15b5c5fffff,7.340403308819453,1.0670696235597872,3.3952652585359666,40.71531807591453,79.82461808421469,7.681771313342049,0.15,13.324445779365927
vienna,881e15b5cdfffff,5.385342303775996,1.0708893743956749,3.4756463799635746,59.65581205497964,18.022524755727034,7.516378122989298,0.3,12.860927552966773
vienna,881e15b4d1fffff,4.612914530493438,1.0318569432721862,3.0654115430027558,67.58519019189455,274.01797917418526,1.0443407459547003,0.4,0.9363559418158793
vienna,881e066b6dfffff,6.990758416770786,1.0348667234463296,3.1250453812503625,46.04905348279513,58.510878295719046,5.129720220849636,0.15,8.09184769366665
vienna,881e15b4d9fffff,6.493150078831071,1.0043717216804469,2.4743934323709715,46.14591520347502,4258.815497565046,4.199607699165351,0.3,7.7172090051353255
vienna,881e15b4dbfffff,6.60124935245902,1.017840501746122,2.343712345166493,45.79153924986802,1192.4997725680548,8.0202819173093,0.2,13.801694300124243
vienna,881e15b6b3fffff,6.229508337301205,1.0661959462269377,2.9923720738769233,47.37336656053636,2876.279563947939,5.971786180165,0.15,10.827955149631789
vienna,881e066b63fffff,4.9092798017272425,1.0138898398889158,2.3027868027961733,57.21793985049804,4294.018633035323,1.8466849215289987,0.2,0.34544714854170877
vienna,881e066b61fffff,7.921098348569415,1.0283080063864858,2.9358635958581187,36.78595092658586,722.6753554945518,7.5237593953754445,0.3,11.259503658079625
vienna,881e066b45fffff,4.663662115281141,1.0422916837697802,2.2707469850243402,64.47201110270612,74.82442441835762,1.7272803467956184,0.4,3.0712159660067795
vienna,881e066b69fffff,8.423826076164739,1.0410410216861599,2.481919479081463,41.23641892791597,121.97978119509204,3.2903117985422314,0.15,2.921642461371695
vienna,881e066b6bfffff,7.736342838561536,1.0253832162066803,2.458709859337491,43.0866806563748,144.68478144426092,2.2365557523717015,0.15,1.7468410822112697
vienna,881e15b697fffff,6.764687863829498,1.0421651709213682,3.210781968181425,43.98143227684687,1038.3778336009098,7.038742819844623,0.3,12.383244484484443
vienna,881e15b615fffff,6.4497245503514815,1.0223297607864101,3.2645068170366227,46.62596601350542,102.02578045676712,3.952574171392011,0.15,9.985546882803215
vienna,881e064cbbfffff,1.8611035389621227,1.0445053631607155,2.4229673109398666,172.70859181097566,0.0,0.04870412684909414,0.1,0.0
vienna,881e15b6b7fffff,6.419692710597333,1.0116501955235295,2.3632572592047256,49.66601893324542,2121.0572321882605,2.035686577985567,0.3,6.140324968048079
vienna,881e15b6c7fffff,7.904581082583734,1.0901745318516374,2.8686350891797896,36.32982047518465,2422.9399549789537,3.8894261709953364,0.2,10.904891687530068
vienna,881e15b6c1fffff,8.438489217053156,1.1106171553586628,3.1735283580704485,34.38894430396171,3359.974833984594,3.469912236659198,0.1,9.630455969460666
vienna,881e15b6cbfffff,6.985404715038615,1.1654052710601288,2.565230144837057,41.465768159460424,700.4015218895205,3.075219137175428,0.2,9.40558737675846
vienna,881e15b293fffff,6.018843888758357,1.075865428931789,3.5320307714145334,50.32272326423445,473.03597804976795,8.142729947330151,0.2,10.386282681249266
vienna,881e15b291fffff,5.5052952519361105,1.034084293370863,3.4683789699970324,59.434756426164235,593.9806316796996,2.5907482813262726,0.3,3.3867542518324374
vienna,881e15b4a3fffff,3.37673904623574,1.0612396737023808,3.037080161867965,87.1010886632459,31.17827713230572,3.5466844305517617,0.15,6.109021497837157
vienna,881e15b4a1fffff,4.905075800813634,1.0650061506903747,3.1852264234264513,56.89407845553978,145.26765626738222,4.505965553356545,0.2,7.408242854319259
vienna,881e15b4a7fffff,4.709998466896357,1.001296775343991,2.125904233557033,75.82653362904293,0.0,0.33665226922854957,0.2,0.0
vienna,881e15b69dfffff,6.356867354687709,1.0803272589450388,2.8370108401354592,44.651363466080966,262.3299914053152,5.244863781040577,0.15,8.029838413928182
vienna,881e15b5e3fffff,15.660346378141556,1.0263165329997719,2.333402810075106,19.543135395030777,418.07928630612844,4.649861250218599,0.3,7.391816613504551
vienna,881e15b693fffff,3.26529113966999,1.006137016098986,2.3882090761619246,99.08133698528448,89.78616426519898,2.613714133454665,0.3,1.5962309357816666
vienna,881e15b691fffff,3.13716444727516,1.0155213041645952,2.828427906373629,104.9572944666381,711.0933162626512,1.8523617106475194,0.15,0.6416963953071552
vienna,881e15b69bfffff,1.063039111613336,1.0042658264408793,2.003930858659659,261.30532239421046,33.60100720190197,0.4076216412728054,0.3,3.646622417456079
vienna,881e066b4dfffff,4.031956963792221,1.396767937242053,2.3464501225104915,76.0965914501247,114.11932164026952,0.4715083318532024,0.2,2.4246951352234927
vienna,881e15b59bfffff,20.929433362831375,1.0128712849668857,2.6444066847039016,12.863739049376115,377.38392971039025,0.0,,0.0
vienna,881e15b2e3fffff,8.007125930079187,1.0023012271358933,2.83154442690767,48.03413708913418,0.0,1.3700076527096559,0.2,2.4852547158308744
vienna,881e15b5e7fffff,7.430209338804063,1.0045516651565753,2.6506869718746864,43.88664459543004,1049.1628075467806,1.747993076243572,0.15,4.799445247055233
vienna,881e15b0a1fffff,4.372699304136284,1.027440953022337,3.3395878432512074,79.46067244778807,0.0,2.660748426877222,0.15,1.2987108504146985
vienna,881e15b6b9fffff,9.013764644265008,1.051025914472995,3.0632171429120576,30.730257122983215,1003.9674635097299,4.457862620058539,0.3,13.63719950526938
vienna,881e15b533fffff,6.1344026187724845,1.043184862005265,2.812773194000065,49.56538932146198,286.3003474293457,3.0149122083911344,0.15,6.315598808808537
vienna,881e15b5e5fffff,5.385449120990783,1.012063497623194,2.2575172834527137,43.69071406318864,904.0352533144329,0.0,,0.0
vienna,881e15b53bfffff,4.6253787836836,1.2193726379147884,2.9211822856667355,62.78253667025536,134.64552891992477,5.283898047898033,0.2,9.604362165866688
vienna,881e15b537fffff,3.610673262989932,1.538736694853321,2.7574939714188123,85.8916217807177,489.8713601630596,0.8743881070155323,0.15,0.46479630332172484
vienna,881e064c9dfffff,4.539044039874596,1.0049019636908163,1.6488470716724795,78.68239523684467,1039.3301466428404,0.49375489251122184,0.2,1.1886596500494513
vienna,881e15b48dfffff,3.7774248869773213,1.0324035972961838,2.6103626991250057,92.65571400416873,20.406736579715936,0.0,,1.1868814392484381
vienna,881e15b4c7fffff,2.531326502025062,1.119032785293077,3.208528414288969,117.28040604896282,2051333.1916885318,2.738189902489367,0.15,0.0
vienna,881e15b4e1fffff,4.910664195584421,1.107926438980203,3.429056488333899,61.280086346876004,155.22591495550344,4.812720564833295,0.1,6.727490212094447
vienna,881e15b4e9fffff,8.525147950780868,1.013108232583897,3.244043403887762,39.10000568410093,26.727988938696267,1.370703066374535,0.15,2.647019951448822
vienna,881e15b6bbfffff,8.121073394154104,1.0649417501053338,3.36692054467097,35.65641280033059,2299.7396493600477,3.532795603883347,0.5,13.515560583349469
vienna,881e15b695fffff,7.777325516023305,1.0907809558485515,3.4255746220386296,37.502180674546494,1378.0987548395208,6.870893414713764,0.2,19.07465125015861
vienna,881e15b481fffff,3.267740593198925,1.0656363656169816,2.8283874380866623,93.50667436439159,0.0,2.806809853768303,0.1,4.8995768803896205
vienna,881e15b487fffff,2.1404961187597435,0.9996694236093722,1.9730014063936125,116.79535310012905,31.546642466777346,0.17149101919301138,0.5,0.657898789433025
vienna,881e15b4bdfffff,7.109539633570734,1.0110769794479815,2.5285667148380337,41.13526968859388,78.35135706157676,0.9329492485460751,0.3,2.4016233584399616
vienna,881e15b4b9fffff,2.474366846291186,1.149493766630648,2.8389889331547,146.96137890039066,343.543325959242,0.11470789187124131,0.4,0.3800491796604308
vienna,881e15b43bfffff,6.805151496529229,1.3344523691758068,2.976244780870374,40.645053210339356,52.39382300989179,0.9093352282053594,0.15,0.9312262122975856
vienna,881e15b4edfffff,6.138736931004014,1.0604849286249818,3.2637018764462877,60.33331848768362,74.64592678981542,1.3530692369484318,0.15,2.5047482736828806
vienna,881e15b4abfffff,3.788329467203156,1.0521405422253123,2.9976927390965376,81.92128754190112,60.01895181043682,3.060938052882319,0.15,3.6225672342395145
vienna,881e15b4ebfffff,3.891373909354425,1.0104172403693348,2.2789180157680424,79.07035274935927,6.856292945943607,0.7627698909175966,0.15,0.0
vienna,881e15b485fffff,5.172676544543314,1.0584540762615837,2.4659318563012045,61.5120267895873,38.10219860847293,0.40056690696513797,0.05,1.5291422871154212
vienna,881e064da5fffff,8.188798231858343,1.1528303611566888,3.1782917483848006,45.40286147830725,102.41727409698206,0.3820111611204615,0.05,0.0
vienna,881e064d99fffff,4.423522403075739,1.0758464739412408,3.515311700295615,73.57749513982394,1501.619053655983,3.695687660693738,0.15,7.864635414256562
vienna,881e064dd3fffff,3.853384052004283,1.0893225107193008,2.864262710492649,90.26509744742548,3137.227492100908,0.7772949395770934,0.05,0.0
vienna,881e064d8bfffff,4.461361036963391,1.0925550138810316,2.83154442690767,86.21032492747364,0.0,0.0,,0.0149049317676484
vienna,881e15b64dfffff,4.538455928930942,1.0045026000856445,2.392465183388377,61.970415578377114,45.17401432566272,1.3351449935240285,0.15,1.3372862430286612
vienna,881e064d85fffff,2.69317075710034,1.034172600697806,2.5593632041458982,132.61055066830687,0.0,0.0,,0.0
vienna,881e15b583fffff,5.652209098622726,1.0751759218877184,2.7015283844778475,56.20958598484075,0.0,1.1108309900690583,0.2,0.18738752059797203
vienna,881e15b4b5fffff,4.588414503556659,1.0636044783310754,3.100600529189873,64.49250980214647,1210.0273400840952,0.0,,0.0
vienna,881e067913fffff,11.699176885880732,1.0258280542364282,2.4429677094196927,22.68810031291787,130.03683810446776,1.0296162857198468,0.1,1.7504944549382484
