hex,auc_all,auc_strict,city
881ec910bdfffff,8.91600316383276,8.760640790461173,istanbul
881ec910a3fffff,13.961084118057675,16.822000468172305,istanbul
881ec90249fffff,15.48289033137744,9.184670620738817,istanbul
881ec9024dfffff,8.137875226232051,13.713046006407748,istanbul
881ec90245fffff,5.920914844951699,6.652875491264862,istanbul
881ec91093fffff,13.135637662111575,9.593470334962323,istanbul
881ec90269fffff,9.709436443684934,11.278114849055658,istanbul
881ec90247fffff,7.244983963762907,12.544635729290398,istanbul
881ec90243fffff,10.555192812341856,6.951161789328586,istanbul
881ec90241fffff,6.768192183745747,5.636373570253825,istanbul
881ec90209fffff,2.2645167705887608,4.704613328578617,istanbul
881ec910b1fffff,13.02323863586333,8.172446410770423,istanbul
881ec910bbfffff,6.1129272432563875,8.437155268763204,istanbul
881ec910b5fffff,11.887277451678523,10.523801176565565,istanbul
881ec9024bfffff,2.278560677116613,2.4033297657450485,istanbul
881ec91545fffff,2.9496717291226418,2.9496717291226418,istanbul
881ec9026bfffff,18.512728784161606,20.361076559420344,istanbul
881ec9020dfffff,4.9029771073493755,3.6385319558151483,istanbul
881ec910b9fffff,11.851161040667039,12.21178140230823,istanbul
881ec910a7fffff,2.639680377836334,2.639680377836334,istanbul
881ec91085fffff,8.840831703790029,15.73870740595509,istanbul
881ec910abfffff,8.468816518017874,8.205101663478462,istanbul
881ec91097fffff,9.530599385407973,10.277277735682281,istanbul
881ec910b7fffff,2.2608289880282197,1.3848023407800372,istanbul
881ec91095fffff,7.259046583437431,8.775879591975295,istanbul
881ec91091fffff,11.727197893996534,8.671634369935864,istanbul
881ec91087fffff,8.971580076681672,8.388403183363005,istanbul
881ec91083fffff,14.73855369188705,13.407104533060403,istanbul
881ec910a1fffff,10.328589137217655,10.564812017793125,istanbul
881ec91193fffff,8.311029346534765,8.841507384280769,istanbul
881ec91081fffff,19.066249560547252,14.313844117856789,istanbul
881ec91569fffff,0.0,0.0,istanbul
881ec910a9fffff,12.068280604776813,12.553370302973343,istanbul
881ec910e3fffff,13.676401480136642,12.27535523133409,istanbul
881ec90261fffff,2.964908030981359,9.100585993058049,istanbul
881ec9026dfffff,8.48091576550863,12.415334247401697,istanbul
881ec91089fffff,9.878577445227021,13.682286538384977,istanbul
881ec910d5fffff,13.755523034117084,10.716236164122673,istanbul
881ec9108dfffff,12.264461631894847,11.889651981579023,istanbul
881ec910d7fffff,11.676531800582275,9.34451999287469,istanbul
881ec91099fffff,4.439423848399642,5.959770890798944,istanbul
881ec91725fffff,5.329830141677325,15.616872146284683,istanbul
881ec98ce7fffff,4.7480450126798255,4.243806200635147,istanbul
881ec91665fffff,2.8880646518747097,2.8880646518747097,istanbul
881ec9154dfffff,3.781070902751438,3.0410072028096495,istanbul
881ec91549fffff,3.2257617492276744,2.940287218349064,istanbul
881ec91723fffff,8.876206278228207,8.151733288226572,istanbul
881ec91735fffff,0.4488714256489779,0.4488714256489779,istanbul
881ec9173dfffff,3.0691828774286334,3.1857477451418346,istanbul
881ec9172bfffff,7.8625460088283345,9.161682009179874,istanbul
881ec91707fffff,8.491444958878006,9.163385066071793,istanbul
881ec91739fffff,0.30089178032041386,0.4031881517357383,istanbul
881ec91703fffff,3.109967226092903,5.132024074796084,istanbul
881ec910d3fffff,9.347007541086585,10.016631283262866,istanbul
881ec9172dfffff,11.170652857418752,12.072440386762118,istanbul
881ec9108bfffff,5.637551722137861,8.152292174493411,istanbul
881ec91765fffff,8.588501124052774,10.346587104343671,istanbul
881ec910dbfffff,7.903376269855698,9.633616344892864,istanbul
881ec9176dfffff,3.2430584600932524,5.834444066031612,istanbul
881ec91769fffff,5.565628450900782,10.77763034919288,istanbul
881ec910c7fffff,9.563369730014237,20.509648662391438,istanbul
881ec910c1fffff,7.1896420456952566,6.522113740052735,istanbul
881ec9109bfffff,7.617295340215231,9.70040697017673,istanbul
881ec91729fffff,16.161670444498757,16.457347315026126,istanbul
881ec91721fffff,10.742871918134881,10.688234840210704,istanbul
881ec91705fffff,10.275013902952141,9.316489929363236,istanbul
881ec98c0bfffff,8.644434439143605,11.65359305399348,istanbul
881ec98c09fffff,5.36758905472688,5.714609254295346,istanbul
881ec98c33fffff,6.788292093812556,3.725398776201867,istanbul
881ec98c37fffff,1.7364263600020824,0.868123257238775,istanbul
881ec98c31fffff,4.253208868960643,0.3958280759184869,istanbul
881ec98c3dfffff,6.537915133924358,3.594597894389968,istanbul
881ec98c39fffff,0.2287250026174568,0.09455840741846612,istanbul
881ec98c03fffff,6.928572483837529,4.3936393076082325,istanbul
881ec9170bfffff,3.204136636534561,6.796777378212306,istanbul
881ec91755fffff,10.34422264018261,11.797192228836115,istanbul
881ec9175dfffff,12.746909477390098,14.072389652050425,istanbul
881ec91751fffff,4.239875269920915,1.360750719220218,istanbul
881ec91759fffff,6.493842019779839,5.940035799894352,istanbul
881ec98db3fffff,3.6457375004782913,3.0446939353542937,istanbul
881ec98dbbfffff,0.8970158331641438,2.187656193316301,istanbul
881ec98db9fffff,2.8374478841079807,7.207172803526612,istanbul
881ec98d83fffff,4.5763604132746245,6.908154671165009,istanbul
881ec98dd1fffff,4.844361983026423,3.4004532055223367,istanbul
881ec98d81fffff,6.237834002701368,6.015911107909627,istanbul
881ec98d8bfffff,1.4642280291064218,1.4642280291064218,istanbul
881ec98dd5fffff,7.700703298670302,4.422437462925433,istanbul
881ec98ddbfffff,4.000201630519404,3.772472132011233,istanbul
881ec91701fffff,7.835894348067038,10.818205183212774,istanbul
881ec9109dfffff,19.275188074892757,18.180995231821473,istanbul
881ec91727fffff,8.12449906732206,7.110101724780127,istanbul
881ec9170dfffff,11.136382425385362,2.0744426233206816,istanbul
881ec91763fffff,9.954424462440164,15.32380833090242,istanbul
881ec910cbfffff,10.126869305806805,12.020497724725029,istanbul
881ec912b5fffff,10.167803301640179,11.746648167582471,istanbul
881ec912b7fffff,8.555876657301797,13.819231896117236,istanbul
881ec910c3fffff,13.117927954156968,18.027839252865725,istanbul
881ec91745fffff,16.36354980178854,7.9585174813318655,istanbul
881ec91741fffff,11.51365238136877,13.253034980195242,istanbul
881ec9174bfffff,5.400529745180782,4.444173820490688,istanbul
881ec910d9fffff,6.193365158708321,7.315403276837724,istanbul
881ec910d1fffff,7.095998334343607,9.229752753933495,istanbul
881ec91743fffff,7.439949564363597,6.455063746509173,istanbul
881ec98db7fffff,8.352096516022668,5.829753129777494,istanbul
881ec98db1fffff,4.933190221338891,9.668537768138444,istanbul
881ec91747fffff,7.3582325292416835,10.77895526761525,istanbul
881ec9176bfffff,3.579175806427021,7.798986070462936,istanbul
881ec98d85fffff,0.842635950636288,1.159810097478548,istanbul
881ec98dabfffff,2.931980017437244,4.719954315036843,istanbul
881ec98dbdfffff,7.929232681179175,11.880417945798492,istanbul
881ec98db5fffff,3.786525648176119,4.840162485975658,istanbul
881ec91709fffff,14.670372906516617,16.311203857876663,istanbul
881ec91749fffff,6.412221158189628,5.832464979292835,istanbul
881ec98da3fffff,9.564538289005148,13.327408775127054,istanbul
881ec98da7fffff,2.640157496322691,1.6079260599472789,istanbul
881ec9174dfffff,4.082546631053094,8.563276584048008,istanbul
881ec9129bfffff,6.735321496688292,2.122990684687947,istanbul
881ec98d87fffff,5.118388932619893,12.914429133112435,istanbul
881ec98d95fffff,1.1802488499292203,0.670056810027513,istanbul
881ec98dd9fffff,8.236764532686598,8.179368441377953,istanbul
881ec98dddfffff,7.139788168290956,6.947971045408325,istanbul
881ec98c3bfffff,1.826844502866746,2.890107292602913,istanbul
881ec98cedfffff,2.06974273690247,0.0,istanbul
881ec98c05fffff,3.2525436354862767,10.099867412316367,istanbul
881ec98c57fffff,0.0,0.0,istanbul
881ec98c15fffff,1.738191548021154,1.2772083122157858,istanbul
881ec912c3fffff,0.0,0.0,istanbul
881ec91281fffff,0.49007519089494256,0.49007519089494345,istanbul
881ec91287fffff,0.0,0.0,istanbul
881ec91283fffff,2.043606133239426,1.98898639047628,istanbul
881ec912b9fffff,3.8012499904947017,0.728456630780149,istanbul
881ec912bbfffff,12.495600191088986,10.029587913331092,istanbul
881ec91295fffff,7.639099487422098,13.965550364708713,istanbul
881ec912b1fffff,4.869966807549708,10.930792862125491,istanbul
881ec912bdfffff,4.454810862633407,2.780329000514841,istanbul
881ec912b3fffff,11.598933623399835,11.562156492286714,istanbul
881ec98c55fffff,4.549415800923049,4.3929426204674735,istanbul
881ec98c01fffff,5.767239648457504,6.036490002683232,istanbul
881ec91761fffff,7.806747374389338,10.097214311601958,istanbul
881ec91767fffff,11.450076939068815,9.19519383666836,istanbul
881ec98c2bfffff,0.27548412222347357,0.0,istanbul
881ec98c29fffff,1.0935699489006934,0.5549495200460324,istanbul
881ec910ddfffff,12.939811264201149,16.14357364299271,istanbul
881ec910c9fffff,10.129022726636325,16.723577832730186,istanbul
881ec912a3fffff,7.5982517703070735,3.7338863145205314,istanbul
881ec91297fffff,6.106389272306141,7.66033634709737,istanbul
881ec91291fffff,4.609728886632204,1.8245128515089164,istanbul
881ec9129dfffff,4.887251373145247,1.4714280824287151,istanbul
881ec912d7fffff,1.249029999352152,0.0,istanbul
881ec91299fffff,4.325015678913046,3.930459120007464,istanbul
881ec91293fffff,11.51519692803217,15.116735071996125,istanbul
881ec98c07fffff,9.118049739627688,11.306896780204085,istanbul
881ec98c63fffff,0.0,0.17131445079396942,istanbul
881ec98c0dfffff,8.128596280610749,5.600598580469245,istanbul
881ec98dc3fffff,3.490484240178718,10.086220650812878,istanbul
881ec98dc1fffff,1.0272890423153336,0.5839070398812782,istanbul
881ec98da1fffff,0.20482002305998503,0.20482002305998523,istanbul
881ec98debfffff,1.2835266842315574,0.0,istanbul
881ec98d8dfffff,3.950679530404664,3.7169946035838697,istanbul
881ec98ce5fffff,0.48244650387448434,0.0,istanbul
881ec98ce1fffff,5.7445048232630045,5.3075558023506035,istanbul
881ec98d89fffff,13.097089523165577,11.625958798627614,istanbul
881ec98dc7fffff,8.469690236735401,10.82503579259087,istanbul
881ec910ebfffff,6.239880324910432,11.3757641123079,istanbul
881ec912abfffff,0.4473561888468526,0.2507757486459496,istanbul
881ec98da5fffff,0.2943365822378168,0.1962243881585446,istanbul
881ec910e7fffff,10.864407294563806,18.70702154135687,istanbul
881ec910c5fffff,8.582006296681541,8.223919300875295,istanbul
881ec98dcbfffff,0.0,0.0,istanbul
881ec9128dfffff,1.229176644405826,0.0,istanbul
881ec91289fffff,0.0,0.0,istanbul
881ec9c589fffff,1.474140373709755,0.15084077310179822,istanbul
881ec9c58dfffff,12.075404520217075,8.56148615687551,istanbul
881ec9c5c7fffff,7.271917679355486,6.499011958137101,istanbul
881ec9c5a7fffff,15.905952922352446,9.084396055021337,istanbul
881ec91b4dfffff,3.5982479663702893,12.447889922651758,istanbul
881ec9c5a1fffff,8.592420642169,6.265864463200151,istanbul
881ec9c5abfffff,11.870977209956934,13.564339543634336,istanbul
881ec9c585fffff,6.0871336988535685,8.205100185645097,istanbul
881ec9ce15fffff,5.789399793490438,3.5147293173864402,istanbul
881ec9ce39fffff,1.541806565423225,1.3923690312883508,istanbul
881ec9ce21fffff,10.83502184803491,10.733915982712547,istanbul
881ec9ce2bfffff,9.29566027706595,9.292739875107555,istanbul
881ec9ce25fffff,6.127721448901583,5.987093342572498,istanbul
881ec9cf53fffff,2.456786886120205,2.456786886120205,istanbul
881ec911d3fffff,14.534198776433461,17.449445971004998,istanbul
881ec911d7fffff,6.692356176785799,7.910092852286394,istanbul
881ec910adfffff,6.471529979898545,7.052544632558129,istanbul
881ec9ccd1fffff,1.980957562488419,3.4029474276718967,istanbul
881ec91819fffff,6.401383403768217,5.697693623680965,istanbul
881ec9cecdfffff,1.2950764119629714,2.288844665036541,istanbul
881ec9cec3fffff,6.2261465809298455,33.61918526991598,istanbul
881ec9cec1fffff,5.29231423986775,4.4600518354790575,istanbul
881ec9ce11fffff,3.0028791240909958,4.320750518953579,istanbul
881ec9ce13fffff,5.9934204890181535,17.53845101448495,istanbul
881ec9ce17fffff,9.851283577683018,7.810596810175562,istanbul
881ec9cee9fffff,11.239051617428975,11.013528011344588,istanbul
881ec9118bfffff,6.806238789270345,25.001527330706605,istanbul
881ec911d5fffff,11.854504382986057,17.24082657692682,istanbul
881ec91183fffff,15.210212158540017,13.863527284275948,istanbul
881ec9119dfffff,12.4047849849539,17.401780336265464,istanbul
881ec911cdfffff,9.712949416669888,13.646772556861348,istanbul
881ec91027fffff,18.682263483257312,22.640191291451092,istanbul
881ec91113fffff,8.08142337268363,7.157100731612638,istanbul
881ec911c5fffff,13.587358098299983,8.883661898146228,istanbul
881ec91ab9fffff,16.07688326815413,17.5915761407732,istanbul
881ec91a87fffff,8.98501484208257,15.008909510943518,istanbul
881ec91ac3fffff,9.636649482251016,8.7799969986225,istanbul
881ec91ac1fffff,22.674602115324287,23.1176385814462,istanbul
881ec911c1fffff,12.446707350646028,30.929014884715976,istanbul
881ec911c3fffff,11.076246830035942,11.867062686580171,istanbul
881ec9111bfffff,9.876746253779524,11.723400822010461,istanbul
881ec91181fffff,14.493291071903231,16.00507800573593,istanbul
881ec91197fffff,13.547416549798363,12.899602406552345,istanbul
881ec91195fffff,8.183663421163647,12.396167577994882,istanbul
881ec911b9fffff,8.352726021556848,8.81639729437628,istanbul
881ec911dbfffff,6.2484715509707485,3.837673716438375,istanbul
881ec910e5fffff,11.517565337929346,13.254664152423171,istanbul
881ec91a8bfffff,5.346760357777851,6.409452229208943,istanbul
881ec91ad7fffff,9.419333413140304,10.818051405446608,istanbul
881ec91a81fffff,13.643883514019658,18.233687839703634,istanbul
881ec9ce9dfffff,15.193570869373763,15.193570869373763,istanbul
881ec9ce83fffff,11.58074250880641,15.79442395503664,istanbul
881ec9ce8bfffff,5.172893178496092,7.281218401597496,istanbul
881ec9ced7fffff,11.645603335931808,11.744655850825922,istanbul
881ec9ced5fffff,9.716801234357362,14.280224887937653,istanbul
881ec9ce99fffff,11.282650246658676,12.911176225277773,istanbul
881ec911bbfffff,8.09263282871967,10.181085176010582,istanbul
881ec91ad1fffff,7.121631981223779,5.693325489400802,istanbul
881ec91a99fffff,9.737930940679723,9.271695516913889,istanbul
881ec910a5fffff,4.745236928073458,7.2611123227706615,istanbul
881ec9119bfffff,8.479083091242536,6.943139153667898,istanbul
881ec911e5fffff,8.910985573170459,7.638606479619351,istanbul
881ec911e7fffff,11.149869197616503,12.657460067312103,istanbul
881ec91adbfffff,15.864552354684323,15.22242513988629,istanbul
881ec91ad9fffff,11.94636271422767,11.056744635488203,istanbul
881ec91133fffff,14.426431177083344,14.321787676780783,istanbul
881ec911d9fffff,8.128417820712118,7.5186837722037145,istanbul
881ec9c4a1fffff,5.1427280180340835,2.1175149234639137,istanbul
881ec9c4a3fffff,2.7814876851267556,3.3104725834580915,istanbul
881ec9c4a7fffff,2.6603643817219735,2.6603643817219735,istanbul
881ec91a49fffff,4.4499665078166695,3.783782489033346,istanbul
881ec91a4bfffff,8.85567006065286,6.8811185540414685,istanbul
881ec91a41fffff,4.822532746520582,0.0,istanbul
881ec91a43fffff,10.524297326942763,18.04608520217397,istanbul
881ec9c4abfffff,9.21513156035686,21.963447226194422,istanbul
881ec91a09fffff,7.939251070972979,2.79039535340503,istanbul
881ec91167fffff,9.892000056671467,19.989006533876296,istanbul
881ec91163fffff,12.139065809737918,13.758441322618467,istanbul
881ec9cc1bfffff,24.764325936898892,11.10443397011543,istanbul
881ec9cc11fffff,0.4936372645770695,0.0,istanbul
881ec9cea5fffff,4.80240687856446,5.7841201013622845,istanbul
881ec9ceadfffff,3.620115490125425,3.4042376382867303,istanbul
881ec9cee7fffff,19.636589552225157,15.79081306224253,istanbul
881ec9cea9fffff,6.374965163493671,6.15788386077857,istanbul
881ec9cee1fffff,5.850337719826988,5.850337719826988,istanbul
881ec9ceebfffff,9.912083020781962,7.303284046850993,istanbul
881ec9cec5fffff,10.826530003596059,8.53019628211353,istanbul
881ec9cec9fffff,0.0,0.0,istanbul
881ec9c507fffff,9.334375412299881,2.9519391471608345,istanbul
881ec91851fffff,10.481913861149163,8.771760488369239,istanbul
881ec91859fffff,5.510962228642202,6.272712209324971,istanbul
881ec91857fffff,1.7790739915807074,4.6624915374072575,istanbul
881ec91853fffff,2.452504253480384,9.616307382495874,istanbul
881ec911a3fffff,10.932148674193845,9.108148984751288,istanbul
881ec9ce85fffff,18.208095678998568,17.68401072314715,istanbul
881ec9ce8dfffff,5.448128481499548,7.364088606399971,istanbul
881ec9cee3fffff,5.185080786997722,4.2575513467603985,istanbul
881ec9c539fffff,10.820808167104495,9.552966740074876,istanbul
881ec9c53dfffff,1.5943385897418183,3.6135260099134667,istanbul
881ec9c535fffff,2.7270097861683738,2.8935196649817088,istanbul
881ec9cecbfffff,10.84676481115163,1.3212273909184218,istanbul
881ec91abbfffff,1.3814358754435574,3.133248981849333,istanbul
881ec91acbfffff,12.831412552990567,13.997004102591042,istanbul
881ec91135fffff,5.240971117720113,6.861716454205649,istanbul
881ec91acdfffff,11.24156934132655,12.677347476798015,istanbul
881ec91a53fffff,8.011716419540186,5.783658043999503,istanbul
881ec91a5bfffff,9.381662140611647,9.25829402809272,istanbul
881ec91105fffff,7.3116945991347615,8.617770278059572,istanbul
881ec91129fffff,6.896810102129025,9.856594551568893,istanbul
881ec91101fffff,9.311607431892849,9.130023521221101,istanbul
881ec9110dfffff,16.598661406965718,19.11050743697882,istanbul
881ec9112bfffff,15.66645250812461,14.252680665820186,istanbul
881ec91121fffff,5.912872141240372,9.250422795603988,istanbul
881ec91a0dfffff,5.044558629530625,1.0734360774253284,istanbul
881ec91a47fffff,3.0667279700200436,0.0,istanbul
881ec91a01fffff,7.281535620740662,9.066202971124737,istanbul
881ec91b69fffff,7.595420149128145,2.459054052010251,istanbul
881ec91b6bfffff,1.6116985266651778,4.147600550091817,istanbul
881ec91b61fffff,7.4934143642064885,6.0831028228507495,istanbul
881ec9cebbfffff,6.848028085560127,10.912642677360823,istanbul
881ec9ceb3fffff,4.542791721230565,6.008054907370057,istanbul
881ec9ce97fffff,7.055088378285657,6.8824463759280325,istanbul
881ec91b6dfffff,9.427263156731986,9.703628462841516,istanbul
881ec91ae7fffff,9.652918633801228,8.952935925141354,istanbul
881ec9cec7fffff,8.433431783119477,15.254503253719061,istanbul
881ec9116dfffff,9.20250052946295,9.273997529922207,istanbul
881ec91161fffff,4.556620874526914,6.094852885563596,istanbul
881ec91a97fffff,11.915211023348569,13.599875845214795,istanbul
881ec91123fffff,7.433696282393212,7.642588460861557,istanbul
881ec91a13fffff,10.116324290447356,12.114260278679874,istanbul
881ec91a85fffff,5.972960040843837,4.750204024005967,istanbul
881ec91ae3fffff,4.5194648970544025,1.4083870952145123,istanbul
881ec91125fffff,5.586826321412636,15.252396690115395,istanbul
881ec91127fffff,10.76470513721046,7.870010563141083,istanbul
881ec9ccd3fffff,0.0,0.0,istanbul
881ec9ccdbfffff,0.0,0.0,istanbul
881ec91b65fffff,4.341624589848533,7.618535614183887,istanbul
881ec91b67fffff,7.2550103310284495,5.416540842882027,istanbul
881ec9ccd9fffff,6.977128066583829,4.362305038361606,istanbul
881ec9ce01fffff,1.4782343058565477,1.8603821135028977,istanbul
881ec91165fffff,8.463228187804182,9.487518921607402,istanbul
881ec9112dfffff,8.146285943528284,12.208870692773178,istanbul
881ec9113dfffff,11.747402580906982,10.6349332641815,istanbul
881ec91107fffff,12.592958198843402,16.912613721409304,istanbul
881ec91103fffff,10.555070503459083,16.539441996403934,istanbul
881ec91109fffff,10.13033791300544,10.96359738829074,istanbul
881ec91139fffff,7.219664682526196,9.380097223728297,istanbul
881ec9116bfffff,6.6687940406715205,3.6867383226308186,istanbul
881ec9110bfffff,11.268799360602202,13.17474638876444,istanbul
881ec9111dfffff,6.937492883174655,6.525103367026133,istanbul
881ec91ac9fffff,8.008091550485847,8.604988522896141,istanbul
881ec91119fffff,11.881699318183703,8.848794904022142,istanbul
881ec91157fffff,12.751139811669454,6.214551345105336,istanbul
881ec91111fffff,14.079814890590331,15.411739189359759,istanbul
881ec91115fffff,12.902565076427592,13.22987040239536,istanbul
881ec91117fffff,8.767494196929793,12.739762390745053,istanbul
881ec911edfffff,11.836373917141655,13.853153521881183,istanbul
881ec9113bfffff,12.899386969364503,13.174681843838481,istanbul
881ec91131fffff,16.958878074588473,14.767200994351283,istanbul
881ec91137fffff,8.107517913080565,8.107517913080565,istanbul
881ec91a1bfffff,3.7786896552389924,7.780951716047189,istanbul
881ec91a11fffff,4.333573277017578,3.762438937857555,istanbul
881ec91ae1fffff,6.091836796522282,0.6194819869084636,istanbul
881ec91a89fffff,9.887041602509058,8.766829260702579,istanbul
881ec91a8dfffff,8.128907035141477,2.490345343518708,istanbul
881ec91ac7fffff,19.55456896706913,21.06946162828007,istanbul
881ec91aebfffff,6.093242209051522,6.607170550988496,istanbul
881ec91ae9fffff,1.1892148302993188,1.011820582148771,istanbul
881ec91ac5fffff,10.135252761537993,9.65391960696414,istanbul
881ec91ad3fffff,10.74294405501098,11.414491488445067,istanbul
881ec91ad5fffff,13.489807097374955,15.530083497493417,istanbul
881ec91addfffff,9.849706661895201,12.694257595825189,istanbul
881ec911a5fffff,6.112450667000348,18.744529564965656,istanbul
881ec91191fffff,12.669993437485873,10.302928284814165,istanbul
881ec911e9fffff,15.221988797224357,13.73494723505846,istanbul
881ec911ebfffff,10.324491200523092,14.844355631912501,istanbul
881ec911c7fffff,10.794085653628054,9.856045945399957,istanbul
881ec911a1fffff,4.016627164963262,6.399400554383564,istanbul
881ec911adfffff,10.740734211584734,13.99407282479101,istanbul
881ec91187fffff,8.053296611707284,19.18880282690466,istanbul
881ec91185fffff,11.296635306166406,6.597574690426848,istanbul
881ec911abfffff,12.804639101257065,21.009205930399588,istanbul
881ec911a9fffff,9.485841319140254,12.634116275774007,istanbul
881ec911e1fffff,10.403990618643162,11.769802720833901,istanbul
881ec9118dfffff,5.5861170993251985,11.876180876572505,istanbul
881ec911e3fffff,6.295087177927635,12.835807158878731,istanbul
881ec91189fffff,10.432421113743056,8.328011146236292,istanbul
881ec91a9dfffff,6.498721958342433,3.7782240915553227,istanbul
881ec91a95fffff,9.496341023607023,11.39635942985643,istanbul
881ec91a91fffff,7.003379572843018,8.154251969258173,istanbul
881ec91a9bfffff,5.271762980535228,7.908584347952636,istanbul
881ec91a93fffff,7.75437409667279,9.688725520161016,istanbul
881ec911a7fffff,10.538319352089921,11.260330706017866,istanbul
881ec9034dfffff,5.594983692756124,5.1770372106561755,istanbul
881ec90345fffff,6.7934641841301175,5.838425372351864,istanbul
881ec90341fffff,6.610426220085787,8.09830940637569,istanbul
881ec90349fffff,5.94835355876919,5.2809921437341885,istanbul
881ec9034bfffff,8.614801659045602,10.746400485192861,istanbul
881ec911b7fffff,11.83599397222209,12.739800868552459,istanbul
881ec911bdfffff,8.418775081281261,10.960247059049863,istanbul
881ec911b1fffff,9.76604612943127,9.336005713014076,istanbul
881ec911b5fffff,12.161051764112642,16.29591261793019,istanbul
881ec91a83fffff,8.415298052648662,6.941553612699215,istanbul
881ec9c4b3fffff,8.46884149394671,4.998443277388887,istanbul
881ec9c4bbfffff,3.9252632999283334,5.205762380149774,istanbul
881ec91a59fffff,11.604242962912743,10.506591378616145,istanbul
881ec91a51fffff,8.526492831924088,11.344476248288109,istanbul
881ec91a33fffff,7.029845414452489,18.327448906946515,istanbul
881ec91a39fffff,8.966641869304274,8.966641869304274,istanbul
881ec91a3bfffff,9.197352703256346,7.608882210832553,istanbul
881ec91a17fffff,16.197903275138387,13.210656885892869,istanbul
881ec91a37fffff,7.640880151543416,10.157558442994532,istanbul
881ec91a15fffff,12.362227209331742,12.855788414596198,istanbul
881ec91a31fffff,7.251612799013492,7.213945559364216,istanbul
881ec91a3dfffff,3.9812798237038893,3.9812798237038893,istanbul
881ec9185dfffff,7.198845575119681,4.940908535634542,istanbul
881ec9184bfffff,5.885849689940428,4.417519317595396,istanbul
881ec91a35fffff,13.29514784831372,12.055063295850864,istanbul
881ec91a23fffff,1.3041071152035417,1.3041071152035417,istanbul
881ec91849fffff,4.920973928345782,8.423952082873708,istanbul
881ec91aa3fffff,7.005513390081381,5.623216730012168,istanbul
881ec91aa1fffff,2.6091719874631902,0.0,istanbul
881ec91aabfffff,2.9069126349276186,2.4988964451459452,istanbul
881ec91aa9fffff,2.255315551773712,5.906819331066682,istanbul
881ec91aa7fffff,10.836445887237689,12.736358729133888,istanbul
881ec91ae5fffff,4.581510985351203,0.6542042253906206,istanbul
881ec91aa5fffff,5.1330921483790455,10.158829974512997,istanbul
881ec9185bfffff,10.307493182181844,9.299244382521287,istanbul
881ec918cdfffff,0.5303605461579339,0.39549766643488204,istanbul
881ec918c9fffff,1.051191263609353,1.5636944910246589,istanbul
881ec9181bfffff,3.346092808094748,4.477033646146149,istanbul
881ec91855fffff,1.6468183258028004,0.8006388350153701,istanbul
881ec91a19fffff,5.817247022392025,3.010282750134724,istanbul
881ec911b3fffff,5.762550349863084,5.811682347799173,istanbul
881ec91b11fffff,13.911961840607567,10.342736999849324,istanbul
881ec91b1bfffff,5.798950524706696,10.874007047171395,istanbul
881ec91199fffff,12.451225546989264,11.439746238484258,istanbul
881ec911d1fffff,9.479714959658185,8.088228964173712,istanbul
881ec91a2bfffff,5.556820433340895,5.556820433340895,istanbul
881ec91a07fffff,13.240799825145013,13.529332328214878,istanbul
881ec91b57fffff,11.60704092666601,19.321254922751134,istanbul
881ec91b55fffff,11.296475579554471,9.648774008702294,istanbul
881ec91b0bfffff,11.58185165323479,11.01096526538386,istanbul
881ec91b1dfffff,10.480794743480827,6.430695693876604,istanbul
881ec9184dfffff,1.9373729717181032,2.108229426249728,istanbul
881ec91a03fffff,6.055150437065657,5.680882351662713,istanbul
881ec91b5dfffff,5.640575976310785,5.386136342924915,istanbul
881ec91b4bfffff,12.265579898546806,8.2290211727589,istanbul
881ec91b41fffff,3.7971234439845323,3.097876909262488,istanbul
881ec91b43fffff,5.540550552028287,7.548630317233928,istanbul
881ec91b47fffff,10.527285663574688,10.101081760848002,istanbul
881ec91a1dfffff,8.264069293663233,8.531686415103117,istanbul
881ec91a0bfffff,21.460880550347262,15.777814148909243,istanbul
881ec91a57fffff,14.381562683875346,15.209707763907957,istanbul
881ec911c9fffff,8.354126257737336,9.614764827651063,istanbul
881ec91b19fffff,3.4864394020635707,2.21539206644518,istanbul
881ec91b13fffff,3.788344126047222,5.088863380379711,istanbul
881ec91a55fffff,13.676005269872839,8.313262053370039,istanbul
881ec91a5dfffff,9.30560538199986,16.947108258211625,istanbul
881ec91b45fffff,11.98370984614779,13.244260825955543,istanbul
881ec9ce93fffff,11.607254991789068,7.747147415158353,istanbul
881ec91b63fffff,3.5454264909242603,4.512724067688277,istanbul
881ec9ce9bfffff,8.737583216136091,14.405743542629565,istanbul
881ec9c4b7fffff,13.017432996689156,13.116249453990784,istanbul
881ec91b51fffff,0.7344167538949176,4.029059680278275,istanbul
881ec9c5b7fffff,2.76259247714813,2.76259247714813,istanbul
881ec9c5b5fffff,6.809919643772194,5.55075669462306,istanbul
881ec91b49fffff,3.840424901563606,3.778809123793938,istanbul
881ec91b59fffff,1.6764645210099085,0.0,istanbul
881ec9c5a3fffff,10.874407415060663,11.259433409045236,istanbul
881ec9c5a9fffff,10.95632211794702,8.612063953750857,istanbul
881ec9c5e3fffff,9.88181211986186,9.509556840171355,istanbul
881ec9c587fffff,10.530898054414637,8.504274279800269,istanbul
881ec9c583fffff,4.307533300979583,4.307533300979583,istanbul
881ec9c5b1fffff,5.476833743881728,5.476833743881728,istanbul
881ec9c5d3fffff,5.148092069705001,1.0883066513736475,istanbul
881ec9c581fffff,16.536430756563593,15.131345597293945,istanbul
881ec9c58bfffff,1.5236689236786523,1.5236689236786523,istanbul
881ec9c5b9fffff,9.080780896414488,9.080780896414488,istanbul
881ec9c5bdfffff,14.126133514817298,10.992405593172062,istanbul
881ec9c5bbfffff,0.1848097999507612,0.1848097999507612,istanbul
881ec91b39fffff,0.14399077310376696,0.0,istanbul
881ec91b03fffff,8.708841952034666,9.743638042513835,istanbul
881ec91b15fffff,7.74150916746311,5.294369116646949,istanbul
881ec91b17fffff,0.770654133476541,0.770654133476541,istanbul
881ec91b05fffff,0.0,0.0,istanbul
881ec91b0dfffff,4.023802713688653,2.722840117203361,istanbul
881ec91b09fffff,11.743184033664091,11.161994820211575,istanbul
881ec91b29fffff,1.780136901008979,2.6365148275470762,istanbul
881ec91b01fffff,4.939816749583999,5.734530634588949,istanbul
881ec9c5c5fffff,6.412955109389757,14.284392469519045,istanbul
881ec9c5ebfffff,14.481740557762542,10.904893601635562,istanbul
881ec911cbfffff,11.650557576816658,9.52480821496723,istanbul
881ec911ddfffff,8.506007196793039,8.631001461399453,istanbul
881ec91037fffff,9.308057300336351,11.112939616955321,istanbul
881ec9ce81fffff,7.559252288555502,9.077396005809048,istanbul
881ec9ced3fffff,20.062302209643555,19.331708934009136,istanbul
881ec9c5e7fffff,6.469218261536378,9.381045913961398,istanbul
881ec9c5e1fffff,17.48732189222337,15.567912381316864,istanbul
881ec91aadfffff,0.7775984787718512,2.4278144628887808,istanbul
881ec9ce95fffff,10.792324649576951,12.02171767731413,istanbul
881ec9ce91fffff,7.546498458296609,12.713887982569888,istanbul
881ec9ce3dfffff,4.801000916162806,4.710990341585209,istanbul
881ec9ce07fffff,5.740279249533771,6.332442832558698,istanbul
881ec9ce09fffff,1.2247847621171595,0.7212083528470372,istanbul
881ec9ce0dfffff,3.1257777286381114,2.9783010391189557,istanbul
881ec9ceb9fffff,3.8863060858972043,3.380093051708811,istanbul
881ec9c5adfffff,13.536298795605184,16.50835007236234,istanbul
881ec9c5a5fffff,8.46787742759464,8.798770905463037,istanbul
881ec9cf1dfffff,0.0,0.0,istanbul
881ec9cf19fffff,5.151656805117266,5.252682454417627,istanbul
881ec9cc4dfffff,9.361848354310668,9.361848354310668,istanbul
881ec9ce27fffff,11.161885227281148,10.23918416310882,istanbul
881ec9ce2dfffff,1.0990021462500124,0.5841107357866596,istanbul
881ec9ce29fffff,2.619053120259004,3.7004567903829515,istanbul
881ec9ce05fffff,2.6614916658363743,2.640157514019324,istanbul
881ec9ce89fffff,7.1460059551838,12.37095081939975,istanbul
881ec9c531fffff,9.452042025245548,10.35427520501187,istanbul
881ec9cea1fffff,7.151218261833364,7.446525029236892,istanbul
881ec9ceabfffff,6.9675605579370545,6.985538987034025,istanbul
881ec9cea3fffff,12.15499664491148,10.759799975002776,istanbul
881ec9ce87fffff,4.40539906303969,4.959858837919964,istanbul
881ec9c4b5fffff,8.280158159881738,4.405198763726615,istanbul
881ec9ced1fffff,8.707646743473921,6.535758607384719,istanbul
881ec9cedbfffff,12.281456164387823,11.007887002689758,istanbul
881ec9cf13fffff,0.7209258627901122,0.7209258627901122,istanbul
881ec9cc45fffff,1.7259180140369186,1.8299512576502834,istanbul
881ec9cf1bfffff,9.06457374012961,9.234794976169812,istanbul
881ec9cc49fffff,0.839726079316373,0.839726079316373,istanbul
881ec9ce23fffff,6.2689359211155145,6.2689359211155145,istanbul
881ec9c5e5fffff,6.1149824045476,4.031334073499871,istanbul
881ec9c533fffff,8.557333563836773,8.50308629294477,istanbul
881ec9c53bfffff,11.360769523109266,10.026643458987149,istanbul
881ec9ced9fffff,13.512268855566596,12.81568417762899,istanbul
881ec9c537fffff,7.613233178121845,9.552922905828897,istanbul
881ec9ceddfffff,9.287808750929344,7.138268441929334,istanbul
881ec9c5edfffff,1.8363345521982077,2.353930545821386,istanbul
881ec9ccc3fffff,2.9486466299308587,2.7730519994070133,istanbul
881ec9ccddfffff,2.821307523235591,5.294604080842726,istanbul
881ec9cccbfffff,13.079545879201055,11.48415479651796,istanbul
881ec9ceb7fffff,8.670313593469135,8.722365766072876,istanbul
881ec9ceb5fffff,5.150459831928093,4.757228729744736,istanbul
881ec9ceb1fffff,15.330372589547256,15.266938476759773,istanbul
881ec9ccc5fffff,2.2079866171956564,2.929756956772034,istanbul
881ec9ccc1fffff,11.937048219353864,10.48773156961059,istanbul
881ec9cc13fffff,3.970325343439428,6.955016171536137,istanbul
881ec9cccdfffff,6.48274878258428,4.39497009614187,istanbul
881ec9ccc9fffff,7.145947822578577,11.639772829844981,istanbul
881ec9cc19fffff,0.0,1.80940322839713,istanbul
881ec9cea7fffff,8.957303593730662,8.345697903845455,istanbul
881ec9cebdfffff,8.093631945233112,6.654619545621232,istanbul
881ec9c5e9fffff,10.687465525463717,8.482949011377649,istanbul
881ec9c513fffff,4.212046304771843,6.863421365534805,istanbul
881ec9c4b1fffff,10.673326186221054,10.36937053935796,istanbul
881ec9c517fffff,5.906842528814857,5.855954742997105,istanbul
881ec9c515fffff,8.596035509272186,7.377178791478527,istanbul
881ec9c511fffff,9.842014333166818,7.743859032732286,istanbul
881ec9c5c3fffff,4.9070369194766155,7.205667091257332,istanbul
881ec91b2dfffff,0.0,0.0,istanbul
881ec9cf11fffff,1.694024628273556,1.694024628273556,istanbul
881ec9c4bdfffff,7.005844425538391,12.121636530355785,istanbul
881ec91aedfffff,3.8341430385891804,0.8448926291342512,istanbul
881ec90265fffff,0.17673072896764025,0.7204104508545587,istanbul
881ec91169fffff,5.7736561026000155,3.1016624061925513,istanbul
881ec9c5ddfffff,9.211211924648726,18.178491868590882,istanbul
881ec91067fffff,5.832558419891214,11.477279120644381,istanbul
881ec9102dfffff,6.021562667829256,13.390364239531838,istanbul
881ec91145fffff,0.7953326464707191,6.796688048247469,istanbul
881ec9c493fffff,9.848493527470138,3.0070231406059666,istanbul
881ec9c4a9fffff,9.302196185598596,7.562373207965658,istanbul
881ec9100bfffff,9.69742185160058,8.319617186498212,istanbul
881ec91001fffff,9.23103361545166,13.245150622656977,istanbul
881ec91055fffff,9.869537085543172,6.7387118385061235,istanbul
881ec91009fffff,4.678013673940951,6.368457514636514,istanbul
881ec910e9fffff,11.623866767468062,17.251687045418816,istanbul
881ec910e1fffff,9.703353089459794,12.161784311537604,istanbul
881ec91007fffff,9.925040806922322,9.410119185668373,istanbul
881ec9102bfffff,11.789229671866805,11.789229671866805,istanbul
881ec9103dfffff,15.946323010290104,15.744165390244683,istanbul
881ec91039fffff,10.991485713351258,11.874367201677583,istanbul
881ec91005fffff,8.11743192177824,7.915533840020289,istanbul
881ec91003fffff,8.305419277262054,6.181703278025581,istanbul
881ec910edfffff,10.591139271357276,13.816717983346022,istanbul
881ec91013fffff,11.779069601923574,16.731550640668846,istanbul
881ec91017fffff,13.691378632100552,12.739384619959043,istanbul
881ec9c553fffff,1.4590566815150057,1.375449237530977,istanbul
881ec9c55bfffff,4.4508547025967,5.800639877184658,istanbul
881ec9c551fffff,5.604891778869085,3.9169876679700013,istanbul
881ec9c55dfffff,4.019183372870986,2.0218375736342975,istanbul
881ec9c555fffff,14.41482930908609,8.79319698606444,istanbul
881ec91063fffff,9.016182202016903,9.131851648716086,istanbul
881ec9106bfffff,7.441605804103035,9.284637183810437,istanbul
881ec9135dfffff,6.200476713404754,6.460779903006366,istanbul
881ec9134bfffff,4.371259068799513,3.002537011858389,istanbul
881ec989b3fffff,2.4030840292706355,3.5956760366271823,istanbul
881ec989b1fffff,0.0,0.0,istanbul
881ec989bbfffff,0.0,0.0,istanbul
881ec9126dfffff,4.19741623912093,1.8403010321255515,istanbul
881ec91261fffff,6.176648335607447,5.974225517133565,istanbul
881ec91265fffff,0.39582677771225955,0.0,istanbul
881ec91029fffff,7.388457014932346,9.55179933282278,istanbul
881ec9100dfffff,7.156440911662212,16.023906486054024,istanbul
881ec91043fffff,10.089979603328022,7.147745256907798,istanbul
881ec9105dfffff,4.649211206111605,3.4380655907360835,istanbul
881ec91041fffff,9.083609054118753,11.766668245724276,istanbul
881ec91057fffff,9.371851047989889,3.9506871989199075,istanbul
881ec91019fffff,11.13522169393641,10.702378842759574,istanbul
881ec9101bfffff,8.267957758921227,12.291090875742894,istanbul
881ec910cdfffff,8.857564141654919,12.080567033590885,istanbul
881ec9103bfffff,11.017533709553318,14.9719973491597,istanbul
881ec9c6a7fffff,5.965816079846212,0.125522766715336,istanbul
881ec9c6a3fffff,2.9053102810529587,0.502968153608937,istanbul
881ec9c485fffff,11.199317686696372,9.226884542239496,istanbul
881ec9c48dfffff,5.338463779682878,5.88525153253058,istanbul
881ec9c4c7fffff,11.251485777904664,8.8371879018956,istanbul
881ec9c4c1fffff,2.6257043739125474,1.3603116859039566,istanbul
881ec9c4c3fffff,4.8631721175252975,4.495163917578037,istanbul
881ec9c4c5fffff,3.3389268815679394,3.302897456719627,istanbul
881ec9c4e3fffff,4.316232322052622,2.7614385382549154,istanbul
881ec9c481fffff,8.588658306859168,12.723559736088093,istanbul
881ec9c4ebfffff,4.766663146878833,0.3023880639693135,istanbul
881ec9c489fffff,6.0395361562005805,1.150172094453427,istanbul
881ec9c495fffff,10.730380222765241,17.481819177029077,istanbul
881ec9c491fffff,9.637861576488548,6.067526889114028,istanbul
881ec9c4e1fffff,9.127747322721325,4.784810623832151,istanbul
881ec9c4e9fffff,2.2291539218020957,2.7354231777019793,istanbul
881ec9c4cdfffff,3.776530101974914,0.0,istanbul
881ec9c50dfffff,0.0,0.0,istanbul
881ec9c501fffff,3.312941374614393,6.496828662843256,istanbul
881ec9c509fffff,4.060202999084382,3.4741943052991164,istanbul
881ec9c543fffff,4.128123669255326,1.5229083988231484,istanbul
881ec9c5c1fffff,4.029035752550299,3.4278371388500193,istanbul
881ec91023fffff,8.349861799059234,8.404686136313785,istanbul
881ec91047fffff,8.07762599013865,7.920700570540058,istanbul
881ec91051fffff,1.285952150259202,0.24647789693407257,istanbul
881ec9104bfffff,14.928537407806747,3.3665491896363386,istanbul
881ec912a1fffff,1.5704156738925867,2.7408471796349163,istanbul
881ec912a7fffff,8.13696544682608,12.032350861324392,istanbul
881ec9c687fffff,2.132393524210926,2.0083697381493955,istanbul
881ec9c6abfffff,0.7103518450646493,0.0,istanbul
881ec9c6bdfffff,0.9849009452842842,1.1490511028316681,istanbul
881ec989b7fffff,15.41225994669996,12.96507125991175,istanbul
881ec91267fffff,0.8071640621191001,0.8466410431394552,istanbul
881ec9122dfffff,0.0,0.0,istanbul
881ec9135bfffff,3.868489553382977,2.124193113537889,istanbul
881ec91229fffff,0.0,0.0,istanbul
881ec91351fffff,9.213101965423819,8.847983901036988,istanbul
881ec91359fffff,7.914286004157876,4.10595989014516,istanbul
881ec91237fffff,7.318147857291086,7.577244582057454,istanbul
881ec91147fffff,6.165608537723008,5.7189918737800625,istanbul
881ec91141fffff,8.195507419252161,9.350043215747943,istanbul
881ec91143fffff,9.258114921598896,12.227247429999037,istanbul
881ec9c503fffff,5.357830855649348,12.961505020594455,istanbul
881ec9c50bfffff,26.850703641363353,22.128725726540782,istanbul
881ec9c557fffff,3.517017407652961,2.7821737121985537,istanbul
881ec9101dfffff,11.654504832887522,14.2762824017236,istanbul
881ec9c497fffff,8.928880663913779,6.485529266068393,istanbul
881ec9c4d5fffff,3.7533618340975017,3.6160858612446667,istanbul
881ec9c487fffff,2.750064018966809,3.692470252060683,istanbul
881ec91033fffff,13.49127275467763,15.363160009074702,istanbul
881ec91031fffff,11.612871626277576,12.114735271958526,istanbul
881ec91015fffff,11.114949066001166,13.103708839413125,istanbul
881ec91011fffff,8.663482054637754,11.515391928007226,istanbul
881ec989b5fffff,0.9257907215494088,2.54475171592265,istanbul
881ec91155fffff,13.837972177269723,20.894191977408997,istanbul
881ec9c4b9fffff,9.84910337090926,11.523545848921865,istanbul
881ec9114dfffff,9.071027043018757,4.214588286889858,istanbul
881ec91321fffff,11.085814330229246,15.895428238830151,istanbul
881ec91327fffff,9.876963103852871,11.640022525048602,istanbul
881ec9c49bfffff,14.373623209332289,11.718185607766024,istanbul
881ec91325fffff,11.071873903764802,7.0526405848681035,istanbul
881ec9c499fffff,12.700620370004422,10.628763300829142,istanbul
881ec9c4d3fffff,6.999044865426527,9.364145698000506,istanbul
881ec9136bfffff,7.790877139635519,11.689583743591378,istanbul
881ec91363fffff,5.446653369026115,8.345117591801229,istanbul
881ec91345fffff,3.921721938972942,10.386474186263785,istanbul
881ec91361fffff,5.121358951885005,11.098409279758298,istanbul
881ec91329fffff,7.614029616338482,6.908432524240136,istanbul
881ec9c49dfffff,9.406602975791351,7.929406385660405,istanbul
881ec9c4d7fffff,12.44870543639671,9.416611828506689,istanbul
881ec9c4dbfffff,6.402102045048741,12.386947494658788,istanbul
881ec9132dfffff,9.947153764946469,9.898833516681671,istanbul
881ec91367fffff,6.901291235294229,19.291323479009552,istanbul
881ec91365fffff,14.132896698448643,20.44630213168879,istanbul
881ec9c6b3fffff,3.5989677733063266,9.561456536157948,istanbul
881ec9c4d1fffff,9.168375787934215,8.542471131821946,istanbul
881ec91021fffff,6.249132664991067,7.422635632527861,istanbul
881ec91025fffff,9.175384196487393,10.96614249214876,istanbul
881ec91151fffff,5.996780376086854,5.574553503440904,istanbul
881ec91153fffff,14.48147457391324,14.99937260305697,istanbul
881ec9115bfffff,3.5622773543147344,3.9878493955921672,istanbul
881ec91159fffff,1.6175239166291793,0.8871810455617154,istanbul
881ec9131dfffff,6.809384133255829,7.001745844367558,istanbul
881ec91315fffff,2.964630791233261,2.6173071280361895,istanbul
881ec91357fffff,7.907404615593588,2.7820335547588146,istanbul
881ec9c4adfffff,2.601953702368004,2.601953702368004,istanbul
881ec9c5c9fffff,8.845691140090212,8.110633685536676,istanbul
881ec9c5cbfffff,6.964033295206535,12.291291706842383,istanbul
881ec9c435fffff,11.55172245468646,14.522831950305285,istanbul
881ec9c5dbfffff,9.309206326468784,10.649428641183613,istanbul
881ec9c5d1fffff,2.5732354581128583,12.70434560443896,istanbul
881ec9c5cdfffff,7.937312410065311,24.137406253294838,istanbul
881ec9c437fffff,2.229694935679381,1.7827484018814448,istanbul
881ec9c427fffff,6.644603224832471,6.236704341697243,istanbul
881ec9c423fffff,11.393316216179871,10.793393026814488,istanbul
881ec9c4e7fffff,5.352795727957444,3.606656911323672,istanbul
881ec9c4e5fffff,3.0459775226670325,5.890129361643688,istanbul
881ec9c5d9fffff,4.912253490189887,2.7889193346734618,istanbul
881ec91369fffff,8.3744845763329,6.472507267362825,istanbul
881ec9c48bfffff,6.50106329274495,1.5098475380795617,istanbul
881ec9c483fffff,4.431470625869294,3.495687310682201,istanbul
881ec9c4edfffff,6.059038826733345,4.64059887851581,istanbul
881ec9c417fffff,8.093952458321612,8.47611981220845,istanbul
881ec9c43bfffff,1.937421818233852,5.457343837273097,istanbul
881ec9c433fffff,8.117114682674886,10.816950147335493,istanbul
881ec9c51bfffff,9.386780829522934,18.752775272844715,istanbul
881ec91035fffff,11.177292532438997,15.520943159921394,istanbul
881ec91061fffff,5.024993746181334,8.578845252769499,istanbul
881ec91045fffff,10.234059237110452,14.04680497134159,istanbul
881ec91069fffff,8.818508013824164,8.518984218415904,istanbul
881ec9106dfffff,5.592844638534982,3.4786488178281383,istanbul
881ec91317fffff,9.04620971176656,7.86475784956614,istanbul
881ec91311fffff,12.74877612931784,11.345851904876021,istanbul
881ec91319fffff,14.855699478964173,13.620219221177198,istanbul
881ec9104dfffff,5.526476903943671,10.459383708383152,istanbul
881ec9131bfffff,8.01593539235863,7.168410752258678,istanbul
881ec91313fffff,10.771032904469639,12.804054191061402,istanbul
881ec91227fffff,0.0,0.19178145411188055,istanbul
881ec9c559fffff,0.20064827482800432,0.20064827482800496,istanbul
881ec9c519fffff,2.3017775130588483,2.539296566279677,istanbul
881ec9c51dfffff,1.1350188687594842,1.1350188687594842,istanbul
881ec9c425fffff,4.617399589362665,6.916380048913282,istanbul
881ec9c431fffff,1.5027229681097147,1.5027229681097147,istanbul
881ec9c43dfffff,0.9950084756399639,0.7533759050600691,istanbul
881ec9c42bfffff,2.615116833014983,1.7575057069986637,istanbul
881ec9c429fffff,1.1038721070938609,1.1038721070938609,istanbul
881ec9c421fffff,5.721566740399806,3.622428489189653,istanbul
881ec9c42dfffff,11.278914224790523,7.238611219434756,istanbul
881ec912a5fffff,2.181318155955672,1.9328231422364588,istanbul
881ec91049fffff,0.0,0.0,istanbul
881ec91235fffff,1.1393130935068188,5.392365115811166,istanbul
881ec9136dfffff,4.8665016311926905,2.352143390492598,istanbul
881ec9c4d9fffff,5.799103217837966,11.812735300520082,istanbul
881ec9c4c9fffff,2.251660798924596,0.696359434677807,istanbul
881ec9c6b5fffff,11.182323602044663,8.057635758839977,istanbul
881ec9c4ddfffff,4.901914675202095,5.640584231115799,istanbul
881ec9c6b7fffff,9.406595377124273,15.697984852682263,istanbul
881ec9c4cbfffff,4.2875223215555165,5.698378133702137,istanbul
881ec91353fffff,1.3621206447038574,0.9264988540422329,istanbul
881ec9c6b1fffff,5.081771093025094,3.093710066394342,istanbul
881ec91221fffff,0.24678374458272354,0.0,istanbul
881ec9114bfffff,2.307600582693287,6.6448516742384705,istanbul
881ec9c405fffff,0.0,0.0,istanbul
881ec9c6bbfffff,3.3264267218881565,3.6931913469841446,istanbul
881ec91223fffff,0.0,0.19704499216199342,istanbul
881ec9c6b9fffff,0.6407526087916195,0.0,istanbul
881ec9c54bfffff,0.0948774994799254,0.0948774994799254,istanbul
881ec9c467fffff,0.0,0.0,istanbul
88394461cbfffff,10.926717989036371,12.303860974107051,barcelona
88394460a5fffff,0.18181276313216588,0.0,barcelona
88394460adfffff,7.380889074234838,6.031925811146133,barcelona
88394460e7fffff,8.404806269723002,8.779952783208982,barcelona
88394460a9fffff,6.461479856380616,4.0686551565431355,barcelona
88394461dbfffff,10.836348256488918,12.540521937403684,barcelona
8839446ad1fffff,7.7404520650862825,8.20269559661285,barcelona
8839446ad9fffff,4.0538075547034005,4.365261537498078,barcelona
88394460e5fffff,8.259933202211954,7.27416703425753,barcelona
8839446033fffff,7.907524221502867,9.474505206524965,barcelona
88394460edfffff,5.538751411367754,12.017225802068685,barcelona
883944603bfffff,10.676346357205166,9.379008995052365,barcelona
8839446037fffff,6.247177871486602,9.853249116968184,barcelona
88394461d9fffff,12.534452056355626,12.06878337053401,barcelona
88394461ddfffff,12.444442178110648,8.944518569970379,barcelona
88394461d1fffff,11.922469092730067,10.38557566090156,barcelona
8839446027fffff,4.140960021718019,6.115841855782895,barcelona
8839446023fffff,7.153603442553627,9.70470679811732,barcelona
883944603dfffff,5.905851778414759,7.977725325632325,barcelona
883944602bfffff,8.172494323012343,7.988447734581376,barcelona
8839446031fffff,6.122594154052132,5.934732790230337,barcelona
8839446039fffff,5.2919614965771045,11.935319233342252,barcelona
8839446001fffff,6.9842109379563855,7.0305614592347005,barcelona
8839446003fffff,11.733369763013686,14.578575736755658,barcelona
8839446035fffff,4.87934685241709,10.428791267407123,barcelona
8839446017fffff,5.576087658813256,9.559093514366586,barcelona
88394460e1fffff,4.379625022218257,7.053190221044742,barcelona
88394460ebfffff,6.811050437402184,11.082208104772432,barcelona
88394460e9fffff,7.5597432708322305,7.27222379285471,barcelona
8839446019fffff,13.126962648328293,13.132881081740209,barcelona
8839446011fffff,6.252638660879504,10.371461031928026,barcelona
8839446013fffff,7.398311167595102,14.662704663124035,barcelona
88394460e3fffff,4.353473324639024,11.475731580763462,barcelona
88394460c5fffff,6.578387095413036,8.438989667531192,barcelona
8839446015fffff,8.074806692054992,8.288558841348172,barcelona
88394460c1fffff,4.629574050514569,7.179534066411978,barcelona
88394460cbfffff,8.125034397368497,8.742807045349998,barcelona
88394460cdfffff,6.996620414588239,6.205617202204274,barcelona
8839446137fffff,0.1401251787585085,1.7992645229571769,barcelona
8839446addfffff,0.06366504653738654,0.19677772942095473,barcelona
88394461e3fffff,2.6973135523914404,0.0,barcelona
88394461d5fffff,6.454509537756124,11.445569391471556,barcelona
88394461d7fffff,0.19806351479826753,0.38603617127663564,barcelona
883944608dfffff,8.777848915919808,9.217500512764722,barcelona
8839446085fffff,2.050227054082537,2.100003670393301,barcelona
8839446081fffff,3.3731659386248234,5.706026997047293,barcelona
883944608bfffff,2.435942862856082,6.04444025111461,barcelona
8839446089fffff,8.778556899479241,11.937401626314427,barcelona
88394460c3fffff,9.566747872482862,13.426473138110216,barcelona
88394460ddfffff,7.4227012727206265,12.155142065197118,barcelona
88394460d5fffff,7.127750536959653,12.121112670990163,barcelona
88394460c9fffff,7.507290225910666,6.950604821579278,barcelona
883944601bfffff,6.0239597596121275,7.6522154184211715,barcelona
883944601dfffff,10.565762269553904,8.283970890030025,barcelona
8839446057fffff,11.69471781492317,12.496889019037702,barcelona
883944600bfffff,14.616439507798358,11.705100195424123,barcelona
8839446055fffff,9.473461681436955,10.341038319094883,barcelona
8839446051fffff,9.108460131435322,10.05542426889341,barcelona
8839446053fffff,11.056660693478477,10.23116704986899,barcelona
883944605bfffff,8.8011380860083,9.89079252309945,barcelona
88394462adfffff,8.698132033450664,9.573918658063148,barcelona
88394462e7fffff,8.032420741711112,8.302076056424134,barcelona
88394462a7fffff,13.163791616371538,12.520562803681536,barcelona
88394460d1fffff,4.9064763287262325,4.299664254800019,barcelona
88394461c1fffff,9.08051886207206,13.262772278486556,barcelona
88394461c9fffff,10.841143068744552,11.392935437868223,barcelona
8839446021fffff,11.737301802831123,12.716178486858869,barcelona
8839446025fffff,1.9783788363930936,1.5117003946082774,barcelona
8839446063fffff,8.568534811292102,8.016772173366741,barcelona
8839446005fffff,6.419846952562805,5.867067800457176,barcelona
883944606bfffff,13.564818766905583,13.650764207886391,barcelona
883944600dfffff,6.799445813614479,7.689406481285476,barcelona
8839446009fffff,6.532923580823661,9.349565254870281,barcelona
88394462a5fffff,9.815359049394356,10.030334722346224,barcelona
88394462a1fffff,7.2347024963393975,8.72010919473137,barcelona
88394462a3fffff,8.382640515668479,7.500057916977154,barcelona
88394462b5fffff,5.779160780731112,3.919143410970176,barcelona
88394462bdfffff,6.881036138928893,6.416444795440645,barcelona
88394462abfffff,11.52092714653226,10.74413578823489,barcelona
8839446287fffff,8.713012209654613,5.474466936416419,barcelona
8839446285fffff,10.627193289115668,8.29101997893387,barcelona
8839446281fffff,7.001526150835089,6.491499168300094,barcelona
883944628dfffff,7.34285080847873,7.251563701669708,barcelona
8839446283fffff,5.460743132040342,5.770401308630724,barcelona
88394462b9fffff,5.012428078110076,6.570969140497203,barcelona
88394462bbfffff,3.3262895927801073,3.0952338129174684,barcelona
8839446295fffff,2.4869219635720663,0.46437348345314805,barcelona
88394462b1fffff,4.312270114865737,5.441762026899308,barcelona
88394462b7fffff,4.7316185561516555,5.68291423339335,barcelona
88394460c7fffff,7.455790737409257,8.652550890351828,barcelona
88394461cdfffff,4.833104887697746,10.176003963300554,barcelona
8839446007fffff,10.793431542571987,12.970946032813515,barcelona
8839446029fffff,6.509834942659746,8.059742510465465,barcelona
88394461ebfffff,0.44215134724081523,4.03642262127446,barcelona
883944618dfffff,7.703770470118458,6.2257734690926165,barcelona
8839446181fffff,0.0,0.09796255578757317,barcelona
8839446199fffff,0.39803509519711955,0.0,barcelona
883944619dfffff,0.0,0.11119171791779525,barcelona
88394461e7fffff,2.639387636388255,2.58801359365717,barcelona
88394462a9fffff,12.257654830586645,13.92870533876195,barcelona
88394462e5fffff,8.331673222044477,8.846736596208071,barcelona
883944615bfffff,3.1287127706876703,7.891586436084563,barcelona
88394461c5fffff,7.054399223738114,6.302496028372031,barcelona
88394461c3fffff,9.296494049268738,11.450015933328155,barcelona
8839446189fffff,9.480391821979568,7.0487351746927605,barcelona
88394461c7fffff,7.7182436262932805,7.367306555114772,barcelona
883944602dfffff,7.300289479277937,8.105196457970099,barcelona
883944628bfffff,2.4189383777100937,1.3193852895072768,barcelona
8839446069fffff,7.3864035842062155,7.3864035842062155,barcelona
8839446313fffff,3.6150919837673556,3.154989554690155,barcelona
8839446045fffff,13.761251470499353,14.772648147310203,barcelona
883944604dfffff,4.008058782087199,4.148021279568549,barcelona
883944631bfffff,0.0,0.0,barcelona
8839446225fffff,2.808704098006161,2.808704098006161,barcelona
8839446067fffff,5.520943608545896,8.959649296137838,barcelona
8839446041fffff,9.812071697518476,10.519830097297264,barcelona
88394460d7fffff,2.1587586469627578,2.1653938470679566,barcelona
8839446065fffff,3.84081041104331,4.69228090171659,barcelona
8839446061fffff,5.542041594615322,3.6256936991830124,barcelona
88394462e3fffff,8.526706727062553,5.496877153587959,barcelona
8839446043fffff,10.815888167247103,12.147819033644423,barcelona
8839446047fffff,5.465544004880562,7.476527938414562,barcelona
88394461d3fffff,0.1304313891517182,1.0977381913707278,barcelona
8839446059fffff,3.358219014520553,3.3451268489662134,barcelona
88394462ebfffff,0.0,0.7797554542270198,barcelona
88394462e1fffff,12.620287365775146,12.589482463510441,barcelona
8839446153fffff,2.010361554617812,3.154556369171083,barcelona
8839446311fffff,1.232230646751078,1.232230646751078,barcelona
8839446237fffff,1.0495283655151586,2.1706953497511687,barcelona
8839446289fffff,7.895044627135583,7.873030439844546,barcelona
88394462c7fffff,3.543435054193912,6.342305500348361,barcelona
88394462c3fffff,3.975488875688048,4.362163127127013,barcelona
883944605dfffff,9.550462539872246,14.680268295315932,barcelona
883944604bfffff,1.6439166617166945,0.0,barcelona
88394461a5fffff,0.06686947480697769,0.0,barcelona
8839446ad3fffff,1.7767566717665784,6.42836061076564,barcelona
8839446233fffff,0.5336917135029197,0.0,barcelona
8839446adbfffff,0.6370885341417193,8.809993021149417,barcelona
88394461adfffff,1.0521306430445414,1.854916924353487,barcelona
8839446133fffff,2.3023046226164268,1.4683159559009185,barcelona
88394461a9fffff,0.15227124985539062,0.24841619884366617,barcelona
88394461e5fffff,4.3550028033517725,6.338611175308269,barcelona
88394461e1fffff,0.3424390930068506,0.0,barcelona
8839446319fffff,0.0,0.0,barcelona
88394462d5fffff,0.9236528464663358,0.9236528464663358,barcelona
8839446227fffff,0.11791529825026802,0.11791529825026802,barcelona
88394462b3fffff,0.0,0.0,barcelona
881969c9b7fffff,9.32843295530875,8.331764566015028,amsterdam
881969526bfffff,3.1167642060750587,6.909017242890014,amsterdam
881969526dfffff,5.113762523081477,7.193807591453107,amsterdam
8819695265fffff,7.429590180580002,7.284138117182608,amsterdam
8819695269fffff,6.75188502592156,7.546893039790212,amsterdam
881969c9b3fffff,12.628425379994148,14.403196700972806,amsterdam
8819695343fffff,7.028889383909715,8.931224074736917,amsterdam
881969535dfffff,6.143991405148248,5.9888274027238095,amsterdam
8819695355fffff,4.95554471666607,7.544250755001195,amsterdam
8819695309fffff,4.7777674440395455,7.364789365855597,amsterdam
881969c9bbfffff,15.59478447878167,4.605917486120468,amsterdam
881969c9b5fffff,6.9664221331278915,4.651370247758329,amsterdam
8819695351fffff,5.78494254546521,4.622287962492715,amsterdam
881969530bfffff,6.491556650829599,10.970856474292164,amsterdam
881969c983fffff,4.5651148883683845,5.788020509149536,amsterdam
8819695357fffff,4.41598283385883,8.05225399847815,amsterdam
8819695251fffff,0.93762556951152,1.4069271764930085,amsterdam
8819695259fffff,3.683391758519544,4.203774142592597,amsterdam
881969534bfffff,3.46965422337427,9.46336689817595,amsterdam
8819695245fffff,3.0964590213129606,17.151214154182348,amsterdam
881969524bfffff,3.002620071424819,1.4834134357784134,amsterdam
8819695243fffff,3.662938689563958,4.39622533541388,amsterdam
8819695249fffff,1.4294698930513174,3.4447845993176154,amsterdam
881969520bfffff,10.092989158827603,2.896204855331129,amsterdam
881969525dfffff,1.8168375783718043,0.2172515608905412,amsterdam
881968269bfffff,9.115742133594617,5.522248539636575,amsterdam
881969c9a7fffff,2.289066274472981,2.0900093062034677,amsterdam
8819695349fffff,3.0256213461977626,5.43634960850477,amsterdam
8819695241fffff,3.042141321814152,4.211667340190679,amsterdam
8819695247fffff,3.2255673232246216,4.857882403151899,amsterdam
8819682699fffff,4.960924549361835,5.766136560570484,amsterdam
881969c9a5fffff,3.0815569381345274,5.646197601038778,amsterdam
881969c9bdfffff,7.3564401072255166,7.034083682405148,amsterdam
881969c993fffff,3.8515930807273624,2.3787947619486234,amsterdam
881969522dfffff,6.171256029238745,8.597907119021167,amsterdam
8819695267fffff,5.485310518540182,8.809703143491165,amsterdam
8819695315fffff,2.707758508468699,6.750961482245697,amsterdam
8819695311fffff,4.1624386354967475,4.4330052401941344,amsterdam
8819695207fffff,1.1574382170745932,3.862299354647037,amsterdam
8819695049fffff,2.265584465943461,3.8712204612127725,amsterdam
881969531bfffff,3.095394780289096,4.4383356332552255,amsterdam
881969c9a1fffff,1.6006338232979929,1.8059375066998777,amsterdam
8819695301fffff,6.343572227920866,3.5165282409931007,amsterdam
8819695347fffff,5.875654156349849,5.4754335952812045,amsterdam
881969530dfffff,6.1247229663748275,7.470070775350219,amsterdam
8819695345fffff,4.975336721201346,6.777990797970515,amsterdam
8819695209fffff,2.5073576516727614,4.230847818060155,amsterdam
881969505dfffff,0.22591808129220686,0.7427714495360623,amsterdam
8819695237fffff,0.0,0.0,amsterdam
881969504bfffff,2.078039961325044,4.5113685298412864,amsterdam
8819695061fffff,0.945226269992507,0.0,amsterdam
8819695043fffff,0.0,0.0,amsterdam
881969506bfffff,0.4322125361024577,0.0,amsterdam
8819695045fffff,7.033427873820651,5.731488194561465,amsterdam
8819695069fffff,7.382008574383012,1.7242232163129205,amsterdam
8819695041fffff,4.233813208813157,8.249087007957643,amsterdam
8819695235fffff,0.0,0.0,amsterdam
881969504dfffff,3.5140746840107915,7.663246122057352,amsterdam
8819695313fffff,5.522856045387397,5.78662850097179,amsterdam
881969514bfffff,1.741673243964752,0.0,amsterdam
8819695317fffff,2.5571081264850437,8.404160408173635,amsterdam
8819695231fffff,0.09917527082462443,0.0,amsterdam
881969533bfffff,2.3768626717987464,0.0,amsterdam
8819695149fffff,1.5597136741165725,1.8421786536133402,amsterdam
881969523dfffff,2.429438085846192,1.3014723425752477,amsterdam
8819695227fffff,4.766741269464307,7.138905331066126,amsterdam
8819695223fffff,3.167656370754314,6.367386674842345,amsterdam
881969514dfffff,1.750140972858462,7.346545234446193,amsterdam
8819695331fffff,7.190926541717579,0.0,amsterdam
8819695239fffff,2.864216952080452,2.4949399325495762,amsterdam
8819695335fffff,4.563278113571155,1.17299329056569,amsterdam
8819695339fffff,7.0174722469047595,7.548101684254513,amsterdam
8819695215fffff,0.0,0.4547517392379026,amsterdam
881969521dfffff,1.8637366599093623,4.654674580106129,amsterdam
8819695203fffff,7.035801718304165,5.425852486225214,amsterdam
8819695323fffff,5.30971309710819,5.018340040244298,amsterdam
8819695221fffff,1.8177659850487697,11.90227188664046,amsterdam
8819695327fffff,2.9502455243872547,9.008006446034655,amsterdam
881969522bfffff,3.7890141717482515,9.529988809787172,amsterdam
881968249bfffff,2.0144619724290025,6.421987787165809,amsterdam
881969533dfffff,2.3015764644384284,0.7410268439252191,amsterdam
8819695319fffff,4.1741841928873065,6.858378936012169,amsterdam
881969531dfffff,4.657675299642295,8.653476351842166,amsterdam
8819695303fffff,4.6852951157182074,3.04398675883763,amsterdam
881969cd67fffff,5.679314929668163,4.647169825986033,amsterdam
8819695225fffff,3.6460241739526937,13.465875555343905,amsterdam
8819695307fffff,2.3007840678974723,10.318105795587892,amsterdam
8819695201fffff,7.768986155340813,6.759372012211291,amsterdam
8819682491fffff,1.3301918224866267,0.27656223659123663,amsterdam
8819695321fffff,4.567536323073128,8.510955065656345,amsterdam
8819695205fffff,6.4831080740102776,9.35935211896639,amsterdam
881969532bfffff,3.528105573068983,12.33200042698113,amsterdam
8819695229fffff,3.8746633044778704,7.515084947101342,amsterdam
8819695325fffff,4.383911451868591,9.673539806620417,amsterdam
8819682499fffff,3.279562794172554,3.722333996235825,amsterdam
8819695353fffff,6.330421588369665,6.140644274639305,amsterdam
881968249dfffff,8.691582261583191,7.466124491792145,amsterdam
8819695305fffff,10.090169375655279,14.056812410293409,amsterdam
881969cd63fffff,4.648000953530311,2.6628483647022048,amsterdam
8819695263fffff,5.159673175265496,8.916673927963288,amsterdam
881969520dfffff,5.759717258513685,14.039974051242824,amsterdam
881969532dfffff,3.765203286251658,9.251513789809016,amsterdam
8819695329fffff,6.435394758315944,9.410407106769018,amsterdam
8819682483fffff,4.480488882098002,8.037099136989777,amsterdam
88196824d3fffff,5.577353552093147,8.925597905586486,amsterdam
881969535bfffff,5.019176655981552,5.284695812177508,amsterdam
88196824d7fffff,4.5738329447046775,10.897690534669614,amsterdam
881969cd61fffff,3.7596654188849854,1.2188274060965245,amsterdam
8819695255fffff,2.09108906969749,0.7880659444327285,amsterdam
881968248bfffff,3.645757162172297,6.6702951896326566,amsterdam
881969cd65fffff,5.248726068102556,5.5290840879441925,amsterdam
8819682481fffff,1.9378970066646755,3.1335103398362527,amsterdam
8819695363fffff,7.490660044232606,4.889021001202371,amsterdam
8819695367fffff,1.0029040500607664,4.144966795113354,amsterdam
8819695261fffff,9.364063246902461,6.244075925443189,amsterdam
88196824d5fffff,3.1841787838114057,0.7064182854199166,amsterdam
88196824dbfffff,8.35019745882542,7.031841780168595,amsterdam
88196824d1fffff,9.714725945573598,4.668513516159914,amsterdam
8819695359fffff,9.759375222061552,8.323986597615255,amsterdam
881969c8b3fffff,4.4737250286987225,2.4201071867744828,amsterdam
881969536bfffff,6.602879177655267,5.0958141139164335,amsterdam
881969c8b7fffff,0.2827928682608104,0.0,amsterdam
8819695361fffff,1.5936613514778215,0.6157209307386403,amsterdam
881969c8b5fffff,2.896289988092254,3.006983943111428,amsterdam
88196824d9fffff,6.862252891005364,4.9122126969075195,amsterdam
8819695341fffff,5.656134526913612,4.85614227617911,amsterdam
881969c8b1fffff,0.0900546184162603,3.3134584896697166,amsterdam
88196824c3fffff,2.6217227089409523,5.78729156022274,amsterdam
881969524dfffff,6.787036310950669,6.259773466600859,amsterdam
881969536dfffff,6.99879686711828,11.656827622418389,amsterdam
88196824ddfffff,0.0,0.0,amsterdam
8819695369fffff,4.383719117151097,5.199376900683328,amsterdam
8819695365fffff,5.164237210383821,11.081010260605094,amsterdam
881969c997fffff,3.823287775305278,2.6945533863632396,amsterdam
88196826b3fffff,11.033578167949377,12.432125262237594,amsterdam
88196826b7fffff,5.506996160400248,5.985307913490745,amsterdam
881969c9b1fffff,7.4240905795963235,11.908829762865821,amsterdam
88196824c1fffff,5.006287483059817,2.02002617582713,amsterdam
881969c8a3fffff,2.8141603206733103,5.8270491324017515,amsterdam
881969c8bdfffff,1.5145578266844395,0.1944118826748806,amsterdam
8819682693fffff,4.906136458102179,3.195673106037884,amsterdam
881969534dfffff,4.211669026713475,5.40285395802405,amsterdam
88196824cbfffff,5.074075471941981,7.5367766683669535,amsterdam
88196824c5fffff,2.8121791732060535,2.9738962509840388,amsterdam
8819682697fffff,5.569343456013016,2.9083330053216625,amsterdam
88196826bbfffff,4.620848561731276,4.579202596749493,amsterdam
881969c991fffff,4.453809451182342,4.116214720405937,amsterdam
88196826b1fffff,6.9552044083700855,2.006219986401586,amsterdam
881969c8a7fffff,0.0,0.0,amsterdam
88196826b5fffff,2.396986973827949,4.954689264489646,amsterdam
881969c8abfffff,4.341479485720255,0.6506002924885362,amsterdam
881969c9b9fffff,2.7237331195503898,4.875410649517162,amsterdam
881969c995fffff,3.495109896693272,4.444335665359402,amsterdam
881969c9a3fffff,2.629920709712278,7.637933376326146,amsterdam
88196824cdfffff,1.9119609557537964,0.5394861737394809,amsterdam
88196824c9fffff,1.516550627492499,0.13456682905345993,amsterdam
8819682691fffff,5.103787538103181,8.947582635509916,amsterdam
8819682695fffff,3.4519475288695523,8.471740606804005,amsterdam
881969c8a1fffff,3.392805245242255,1.2847088635932393,amsterdam
881969c99dfffff,4.0426248881627,6.057693503222038,amsterdam
881969c8a5fffff,7.473684694089462,6.217216455544203,amsterdam
881969c999fffff,4.406695285799894,8.225218258004338,amsterdam
88196826b9fffff,1.0346617944236465,1.6212939963546604,amsterdam
88196826bdfffff,1.7056375089553037,3.897388810480289,amsterdam
881969c9abfffff,4.715231319585121,4.812528756326865,amsterdam
881969c987fffff,2.312087323300655,0.8424535651662464,amsterdam
881969c8adfffff,2.891219116511643,6.611626399592381,amsterdam
88196826a3fffff,0.37745652878264035,0.6355601692461332,amsterdam
88196826a7fffff,5.018617865999231,1.6917822487549463,amsterdam
881969c9d3fffff,3.499456156113039,14.06460852693396,amsterdam
881969c8a9fffff,2.4725893928694926,2.3170276289314007,amsterdam
8819682683fffff,1.1295196676531094,0.0,amsterdam
881968269dfffff,0.6972695386604228,0.0,amsterdam
881969c9d7fffff,8.150866093828048,6.772071926552741,amsterdam
881969c98bfffff,4.889351243169145,3.050928621548904,amsterdam
881968241bfffff,7.038423307015764,0.9338641696780103,amsterdam
881969c981fffff,4.856664659808898,6.060139979776761,amsterdam
88196826abfffff,1.1622144531921883,0.0,amsterdam
881969c9dbfffff,5.237466781161075,9.861113016010474,amsterdam
88196826a1fffff,0.0,0.0,amsterdam
88196826a5fffff,1.6635734090182064,0.5347127561826024,amsterdam
8819682687fffff,0.0,0.10903522358558737,amsterdam
881969c9adfffff,3.3729288133942124,1.716910881243181,amsterdam
881969c9a9fffff,2.4447778420980675,5.112064909401035,amsterdam
881969c985fffff,1.3148392555158266,1.2373110397403269,amsterdam
8819682419fffff,2.1069489622060833,0.0,amsterdam
88196826d3fffff,0.40812878372078565,0.0,amsterdam
881969c9d5fffff,3.241492780505517,4.135009028091934,amsterdam
881969c9d1fffff,5.797261381606267,7.696284830607927,amsterdam
8819682685fffff,0.5815582655130286,0.0,amsterdam
881969c989fffff,2.867461203611009,7.760578027271238,amsterdam
881969c98dfffff,7.473187651822852,13.143168337844267,amsterdam
88196826d7fffff,0.11825717038227208,0.21778908659018523,amsterdam
881969c9e3fffff,3.296966590783095,3.4618977168197507,amsterdam
881969c9d9fffff,0.1409791901547291,0.0,amsterdam
8819682457fffff,0.2956521214364045,4.657396671931604,amsterdam
881968241dfffff,1.5508719771793689,1.532119441173353,amsterdam
881968240bfffff,0.8336749061416157,0.0,amsterdam
881969c9c3fffff,10.010488227639206,1.7134111277604762,amsterdam
881969c9ddfffff,2.9348420669587028,1.4859721872019949,amsterdam
881969c9c7fffff,5.827874278023035,7.216677900851011,amsterdam
881969c9ebfffff,6.427373318357565,9.93077886173952,amsterdam
881969c9e1fffff,2.8728166863799145,1.8111579546748728,amsterdam
8819682455fffff,2.651207532941242,0.0,amsterdam
8819682451fffff,1.24477591437907,5.209475554183311,amsterdam
88196826e1fffff,0.5068226278154547,0.0,amsterdam
881969c9c1fffff,3.424405810149406,0.9444970107134426,amsterdam
881969c9e5fffff,0.7470445835899799,1.8599692316568786,amsterdam
881969c9c5fffff,2.001561427646734,2.589964929156066,amsterdam
881969c9e9fffff,7.013877424802299,10.895483375190796,amsterdam
881969c9edfffff,12.391126884950316,4.970678716942709,amsterdam
881968245dfffff,1.1795989362925805,0.0,amsterdam
881969c933fffff,4.173754343129075,1.1124077019676089,amsterdam
88196826d9fffff,1.17373124731547,0.0,amsterdam
881969c937fffff,1.3086615640787291,0.9818126646730155,amsterdam
881969c913fffff,0.559971218462165,0.0,amsterdam
881969c93bfffff,2.9669709067900585,0.3634006623369299,amsterdam
881969c917fffff,5.164476590652439,1.6083676976781762,amsterdam
881969c931fffff,1.7717837912907064,0.0,amsterdam
881969525bfffff,1.5506822364835284,0.0,amsterdam
881969cd29fffff,0.0,0.0,amsterdam
881969c8b9fffff,0.0,0.0,amsterdam
8819695257fffff,0.0,0.0,amsterdam
88196824c7fffff,0.0,0.0,amsterdam
8819682489fffff,0.0,0.0,amsterdam
881969c8e7fffff,0.0,0.0,amsterdam
881968248dfffff,2.3630747222692583,0.41145938461470694,amsterdam
8866e42d61fffff,9.12402046678189,8.654219429619964,bogota
8866e42d63fffff,5.664753292248874,7.376372174619774,bogota
8866e42d67fffff,9.998312012064343,9.423922817167437,bogota
8866e42d05fffff,6.723350673546351,5.658941829832257,bogota
8866e092c7fffff,9.149701425025494,7.600363738480832,bogota
8866e0928dfffff,12.395533671109268,12.285567723744704,bogota
8866e092ebfffff,13.886032310322461,12.787684783926805,bogota
8866e092e9fffff,9.965031637429329,16.692009816572327,bogota
8866e092cdfffff,5.055391378645388,7.123745980949181,bogota
8866e42d27fffff,7.407288021778582,10.769260711254073,bogota
8866e09253fffff,5.416812631225705,5.080971403412969,bogota
8866e42d2dfffff,6.773580260767807,10.099275802830396,bogota
8866e092c1fffff,10.89677462151242,12.597151808799103,bogota
8866e42d21fffff,9.560854114104727,11.424347193740697,bogota
8866e09259fffff,6.936359911451504,5.221245824606326,bogota
8866e0925bfffff,3.044489427226487,5.9224689635113315,bogota
8866e42d6bfffff,8.11862919985535,7.2359564438579005,bogota
8866e42f23fffff,5.685526898275892,4.170081257819769,bogota
8866e42d49fffff,4.170681241332279,7.44833479790294,bogota
8866e42d25fffff,4.433244674513721,5.692313360052528,bogota
8866e42d29fffff,6.960648496823745,8.495724542178792,bogota
8866e09215fffff,8.047974668728372,14.286153943241496,bogota
8866e09239fffff,7.17563441410247,6.918792132351587,bogota
8866e09223fffff,7.176923172518654,11.295733691000969,bogota
8866e09235fffff,10.873331871638856,2.392763492470199,bogota
8866e42d69fffff,10.647655783753978,9.091850164642546,bogota
8866e09219fffff,10.36387748081169,11.296550581525603,bogota
8866e42f21fffff,6.01027434560654,6.364061570468348,bogota
8866e42f29fffff,10.36320191110784,7.1768495860391806,bogota
8866e42f2bfffff,4.374347268194733,10.110290883117038,bogota
8866e09251fffff,6.798329012944144,8.819078812169904,bogota
8866e0923bfffff,6.6118884283217065,4.826618056881702,bogota
8866e09049fffff,5.945889067739647,2.508380188642486,bogota
8866e09207fffff,6.55164758073693,7.010298130986768,bogota
8866e0922bfffff,10.883621324547207,11.788696311443715,bogota
8866e09255fffff,3.6116824563235403,5.311825850322385,bogota
8866e0920bfffff,7.59745612532249,5.74299553658544,bogota
8866e09257fffff,8.789935606868312,7.4592806296571235,bogota
8866e42a83fffff,12.782550021442235,17.970155607199867,bogota
8866e42ab9fffff,5.375103649452134,12.518156422979322,bogota
8866e42a8bfffff,6.933188245938158,11.41112205657286,bogota
8866e42a89fffff,7.485236312831667,6.259058515696437,bogota
8866e42a95fffff,7.26325818632482,11.41372174275405,bogota
8866e42abbfffff,5.341006949405398,7.162941032507726,bogota
8866e428a1fffff,10.317243913028719,6.923619427864926,bogota
8866e42d65fffff,8.139735111502334,10.170583205996012,bogota
8866e429d3fffff,11.704163250386177,11.320699045120449,bogota
8866e429cbfffff,4.300111646557305,5.370878570028996,bogota
8866e09157fffff,10.461796108250534,9.94995654068556,bogota
8866e09119fffff,8.517922764673692,9.212096392256868,bogota
8866e09021fffff,7.092108596181716,12.087899690292762,bogota
8866e0902bfffff,5.640609699840212,7.043111262467967,bogota
8866e09025fffff,6.230528119030733,4.26626504729719,bogota
8866e09007fffff,9.686659547264679,13.282735408239281,bogota
8866e09003fffff,8.463957397781874,10.501906546785976,bogota
8866e0901dfffff,8.643109010002979,7.2033594076165715,bogota
8866e0905bfffff,12.242656169667123,8.002479201967251,bogota
8866e092e5fffff,11.443285571133599,15.180869540851116,bogota
8866e092e1fffff,7.359257500166235,8.131322829221787,bogota
8866e09213fffff,7.668279421818683,6.718717373494429,bogota
8866e429ddfffff,10.998954970430251,13.903548485144013,bogota
8866e429d1fffff,13.128270215973918,16.350182476454673,bogota
8866e428a3fffff,13.178587805052619,9.710628934430964,bogota
8866e42d47fffff,4.527043374901364,3.8111061446934236,bogota
8866e42d0dfffff,3.891403634224,10.36722897338134,bogota
8866e42ac3fffff,5.132492845635861,3.8258403448625775,bogota
8866e4212bfffff,2.607958539396056,3.168688707913098,bogota
8866e091d1fffff,4.961108097579438,4.961108097579438,bogota
8866e091dbfffff,10.612345547864042,10.342990182852231,bogota
8866e091d9fffff,12.581476393858267,13.002196537150738,bogota
8866e09033fffff,8.600983785132224,8.319852752012462,bogota
8866e09017fffff,9.613170140561113,8.939682841574554,bogota
8866e09013fffff,6.074046256810086,4.858924017882294,bogota
8866e092a9fffff,3.9093396476865583,6.259423427567898,bogota
8866e42885fffff,1.796527718484924,0.4626495048967336,bogota
8866e428abfffff,6.100341290719624,6.181682004168679,bogota
8866e0926bfffff,10.638062510280642,6.3860668131375835,bogota
8866e0931bfffff,1.464669513552047,3.350144969376919,bogota
8866e09319fffff,11.086423632583626,10.632042357624417,bogota
8866e09313fffff,5.168561337065879,4.269665176978694,bogota
8866e09061fffff,13.719580677214255,9.796660935174343,bogota
8866e09029fffff,10.499790218526917,10.175098375399036,bogota
8866e09027fffff,5.823962664994635,4.433480038124224,bogota
8866e091c9fffff,10.140198299390434,8.60559700298877,bogota
8866e091cbfffff,12.994283457138406,5.530696902486318,bogota
8866e0918bfffff,7.954563774958097,7.51912565392893,bogota
8866e0919dfffff,9.966297462579762,4.900204500168365,bogota
8866e09225fffff,5.768341285917709,8.91608753310401,bogota
8866e09263fffff,10.12541302458593,11.551159177751217,bogota
8866e09245fffff,9.613105493796349,8.006436781732177,bogota
8866e42887fffff,8.592406099999767,8.156867714896766,bogota
8866e0920dfffff,3.8425034938391165,5.377572381139166,bogota
8866e09261fffff,10.010042162419834,8.763829335949513,bogota
8866e09265fffff,6.485289246115515,5.746011134665357,bogota
8866e0922dfffff,10.673302136870495,8.509092914166725,bogota
8866e09317fffff,8.874700933029228,8.727437001649486,bogota
8866e0904dfffff,10.566834443305627,5.5686143992033195,bogota
8866e09069fffff,10.9298001229793,9.382692802242488,bogota
8866e0906bfffff,10.588633082514258,12.132784613810518,bogota
8866e091c3fffff,9.76108443182938,7.74799451927213,bogota
8866e091ddfffff,9.556545891832785,10.79289790758823,bogota
8866e0919bfffff,0.41641039678918496,0.5180448732241484,bogota
8866e09193fffff,0.5825334364524389,0.23482127172949652,bogota
8866e08245fffff,8.702998124639704,8.496187796630489,bogota
8866e0820dfffff,14.606191611191221,12.823854463942688,bogota
8866e08209fffff,8.854789427103812,7.436077486789332,bogota
8866e09047fffff,10.425996793815106,11.593802330411478,bogota
8866e428b1fffff,8.003149865614853,6.0470264480734235,bogota
8866e42897fffff,10.166155455094385,10.375451865538498,bogota
8866e428b9fffff,9.398711898432639,9.287498577741372,bogota
8866e090e1fffff,5.543376644702318,8.66193526335358,bogota
8866e090ebfffff,7.92089186269427,7.522261924845924,bogota
8866e090c5fffff,7.143392981779157,10.31512521713949,bogota
8866e090cdfffff,5.764524297346337,7.856964579599614,bogota
8866e092a7fffff,7.198356101410834,8.69211565347743,bogota
8866e092a3fffff,8.887054257021472,7.036537565107239,bogota
8866e09285fffff,3.984696439022389,7.004888418162638,bogota
8866e42d41fffff,2.73446605278398,3.9079409710035704,bogota
8866e42893fffff,13.132206959406405,10.90869916455936,bogota
8866e42d4dfffff,5.7555892656059315,5.468808067913891,bogota
8866e428d7fffff,6.00844795670813,7.984599758151528,bogota
8866e42d6dfffff,14.186136352409996,10.223654882069528,bogota
8866e428d3fffff,10.049213912477262,6.180455756443394,bogota
8866e42891fffff,6.428343795993192,6.813445380878858,bogota
8866e0924bfffff,7.802886903114561,9.356716444324977,bogota
8866e428b7fffff,8.972027806277962,6.63602854577631,bogota
8866e09201fffff,3.543605078310456,1.6807593210657459,bogota
8866e09205fffff,7.191777995546702,3.7738330889694476,bogota
8866e09159fffff,12.146731596002637,9.09356886682255,bogota
8866e0915dfffff,14.25882927515746,12.834406150211901,bogota
8866e09065fffff,11.16489305138295,14.476654230995445,bogota
8866e090c3fffff,6.180709224203917,4.614881229140974,bogota
8866e09011fffff,4.917058324146031,5.6551663258836715,bogota
8866e090c7fffff,8.984577598385082,8.244061766340929,bogota
8866e09001fffff,10.857493086423741,14.198007614462158,bogota
8866e0900dfffff,7.4625802630331,10.683054065717503,bogota
8866e09009fffff,7.549365591721384,10.843399884997746,bogota
8866e0933dfffff,11.93172809700915,9.077294954713482,bogota
8866e09339fffff,11.187670574449516,9.68055738203447,bogota
8866e09303fffff,7.231455310620324,7.934506014557654,bogota
8866e09357fffff,4.681246085050521,7.32248687442197,bogota
8866e09351fffff,3.0753862060956876,5.7446039375957865,bogota
8866e0933bfffff,7.857259125975635,5.905455049519279,bogota
8866e09315fffff,5.892606379122259,6.149923289838379,bogota
8866e09331fffff,11.810635288132186,9.130701238107413,bogota
8866e09337fffff,11.05463138392108,10.832285752274911,bogota
8866e09227fffff,8.64639375342684,6.360208036450424,bogota
8866e09221fffff,6.276982177226085,5.827326707583286,bogota
8866e09359fffff,9.209753048475068,8.947943969268058,bogota
8866e0935bfffff,10.334395055565965,14.593588760400312,bogota
8866e0926dfffff,5.480568693635189,6.163829189214394,bogota
8866e42997fffff,8.176737862383222,8.357606969359571,bogota
8866e429bbfffff,8.75805812864001,9.58338960885499,bogota
8866e42993fffff,8.575116747720157,9.354911002005831,bogota
8866e4299bfffff,7.6946172210337735,9.871369391143611,bogota
8866e428a5fffff,8.871955884598242,6.927349202496531,bogota
8866e428adfffff,12.818154459724767,11.165988680586922,bogota
8866e09041fffff,9.7511695143318,13.16586367464961,bogota
8866e09233fffff,6.556625807571361,9.23701647140378,bogota
8866e09237fffff,5.725791314289063,3.637339769576806,bogota
8866e092edfffff,4.112537248673744,6.073826886421318,bogota
8866e092c5fffff,11.083778854824475,8.870717560567922,bogota
8866e09281fffff,6.658468370446005,3.6340768578250726,bogota
8866e09287fffff,8.681959416469903,7.121673079637103,bogota
8866e092c3fffff,1.2431989540534292,4.107151702427325,bogota
8866e09289fffff,2.0178120342722528,1.7214687305301086,bogota
8866e092c9fffff,7.3761147900262065,6.71863615790929,bogota
8866e42d23fffff,5.454115708004382,5.157374735292049,bogota
8866e42d2bfffff,10.888183566702189,8.465533806231296,bogota
8866e092e7fffff,6.4901399211181365,9.404833675427676,bogota
8866e092abfffff,4.256040185230836,5.426903904942632,bogota
8866e428a7fffff,13.478310482634633,14.634299873379787,bogota
8866e0925dfffff,5.415806879747025,7.656067651736245,bogota
8866e09023fffff,3.2781498823293953,6.41329121306555,bogota
8866e092a5fffff,5.411730486972635,7.111356656487421,bogota
8866e09019fffff,8.051385301583124,9.110487355333419,bogota
8866e09057fffff,10.630674820327512,12.824735510420227,bogota
8866e09015fffff,3.2064195160651274,8.360802284210422,bogota
8866e09039fffff,12.3448653056823,10.08487682937436,bogota
8866e0903dfffff,6.115342087830329,6.817477882241741,bogota
8866e09031fffff,5.3373121639024435,4.693349029106355,bogota
8866e091cdfffff,8.213659248569773,8.530501196772752,bogota
8866e0911bfffff,7.582285600282632,8.478508880874042,bogota
8866e42987fffff,5.16317499763735,8.777706751506015,bogota
8866e09247fffff,7.555356849177996,4.336311984453954,bogota
8866e09249fffff,6.136846348388989,7.6692224668881614,bogota
8866e09043fffff,7.3146042767642045,9.387693611493043,bogota
8866e092a1fffff,10.184096950502541,13.80887180151492,bogota
8866e092adfffff,5.325566538864083,5.0746016621597665,bogota
8866e09053fffff,12.752155440311684,8.626991322450644,bogota
8866e09051fffff,7.589768994239829,7.452917792990965,bogota
8866e0905dfffff,8.205334733685334,7.672401617403737,bogota
8866e0904bfffff,13.525138867968737,8.479046487017003,bogota
8866e09333fffff,12.069195457179204,12.009566244278655,bogota
8866e0906dfffff,9.806446208801164,10.934455767958626,bogota
8866e429a7fffff,7.652996135473502,7.7185791135294775,bogota
8866e09349fffff,6.3561999792988955,8.643102839282117,bogota
8866e429a5fffff,1.6565531708834658,1.6565531708834658,bogota
8866e4669bfffff,0.30139018508303345,0.30139018508303345,bogota
8866e0935dfffff,5.278095476083768,5.278095476083768,bogota
8866e0934bfffff,9.023593004275767,8.494028916673342,bogota
8866e09143fffff,10.446503649475023,10.391168426554097,bogota
8866e09109fffff,8.362141817770606,7.608390819121153,bogota
8866e09147fffff,9.407124797906938,12.40075119663774,bogota
8866e4288dfffff,3.4797390681680382,6.900108719765781,bogota
8866e428c7fffff,8.389925915908034,8.342353338031097,bogota
8866e428c1fffff,5.707951302788217,8.273567026122503,bogota
8866e428c3fffff,7.896679741577165,8.15652081928582,bogota
8866e428cbfffff,5.084652589750711,7.504599790066053,bogota
8866e42aabfffff,11.879087845095672,13.270206420369403,bogota
8866e42881fffff,13.407067709817694,15.54193847497713,bogota
8866e42895fffff,9.571812847289136,11.736908577840666,bogota
8866e42811fffff,9.205033798326031,11.727141645877674,bogota
8866e4281dfffff,12.307390213799245,14.190180027096813,bogota
8866e42813fffff,12.050011355811048,11.005551988981143,bogota
8866e4289bfffff,8.21582656561275,11.87022573677925,bogota
8866e42f27fffff,10.438513628989567,7.954892444824373,bogota
8866e4289dfffff,15.482893033118694,10.329762072042557,bogota
8866e428a9fffff,3.918830916861483,2.2525095824526344,bogota
8866e428edfffff,6.223950691344326,7.450086007469032,bogota
8866e42815fffff,7.871008732456191,7.590738449346413,bogota
8866e4283bfffff,13.399090599133606,13.208584398846623,bogota
8866e428e7fffff,11.249024300373426,8.77500028987999,bogota
8866e09311fffff,7.429926954532361,7.106416035896988,bogota
8866e09067fffff,9.84077437996891,6.695963976011334,bogota
8866e09203fffff,4.784449236976533,2.8586362286067057,bogota
8866e0921dfffff,8.263682021317615,13.360695072121164,bogota
8866e09209fffff,10.311357206011271,8.888872935925034,bogota
8866e092e3fffff,3.4297984128757175,2.4199907397783904,bogota
8866e428d1fffff,11.760936636059697,15.633460236222122,bogota
8866e428d9fffff,10.229927934422571,7.288142911209361,bogota
8866e09211fffff,15.104388763742271,9.32242706468312,bogota
8866e0921bfffff,2.7725171124379644,4.027373791771949,bogota
8866e09217fffff,11.106670887999028,8.405497260515304,bogota
8866e0903bfffff,9.412629821552015,9.184758151672986,bogota
8866e09037fffff,9.953023643475388,8.654104337092898,bogota
8866e09035fffff,7.102590585568316,6.019746748726327,bogota
8866e428ddfffff,6.907201154784788,6.017965532320931,bogota
8866e0901bfffff,6.357432047452482,7.7471914224214045,bogota
8866e092bdfffff,6.61264625046633,10.560266814840071,bogota
8866e090cbfffff,9.56223769026199,9.83528282823848,bogota
8866e090c1fffff,10.858571924828967,10.869620530863461,bogota
8866e090c9fffff,7.568057160850202,5.820811752035735,bogota
8866e090e9fffff,5.947537228488887,6.289462152878698,bogota
8866e09229fffff,9.190485980979465,7.73187709188235,bogota
8866e09243fffff,5.38250936697077,4.558156673795654,bogota
8866e42d45fffff,6.27812306901224,5.666606342049936,bogota
8866e09241fffff,10.302590177330634,11.686973657034837,bogota
8866e42acbfffff,4.058821986435721,7.364197548455655,bogota
8866e42105fffff,2.261635809206518,2.1623683163503924,bogota
8866e42135fffff,0.0,0.0,bogota
8866e42123fffff,1.9985212483778563,0.0,bogota
8866e42f25fffff,5.789839492304298,7.218398569647378,bogota
8866e4288bfffff,5.5948124424444705,4.73875600496443,bogota
8866e42889fffff,7.38172640387627,7.0824470211498065,bogota
8866e42f35fffff,1.2574024426753396,3.332085423340627,bogota
8866e09231fffff,7.309206449358521,6.371758946250448,bogota
8866e0923dfffff,10.630263338861722,8.307258558208913,bogota
8866e09101fffff,5.461341519115944,5.1452598884959855,bogota
8866e42899fffff,12.102191679330456,7.238195427944911,bogota
8866e42ab3fffff,10.86390443121403,11.947220415045853,bogota
8866e428dbfffff,9.769480728606796,9.817065917948385,bogota
8866e42883fffff,12.582026329435196,11.201225203505732,bogota
8866e09269fffff,10.658113891907766,9.615357417976975,bogota
8866e42a87fffff,7.494987381402432,7.824846500430593,bogota
8866e42a85fffff,6.936686611905616,7.262431480315204,bogota
8866e42aa9fffff,5.186663197062497,5.7930126584691255,bogota
8866e42aadfffff,6.337137462858149,7.158632956787366,bogota
8866e46699fffff,0.76680915296998,1.3902265590952263,bogota
8866e09267fffff,5.19687350604245,4.671158663529309,bogota
8866e429b7fffff,4.059702381327794,6.964633146895515,bogota
8866e429b9fffff,4.887178973422463,4.652454815175669,bogota
8866e429b1fffff,3.1544347610672174,3.1604276906351023,bogota
8866e429b3fffff,6.7359674675952785,7.540977477713256,bogota
8866e0924dfffff,7.867240832628189,7.867240832628189,bogota
8866e09055fffff,12.920733827988908,12.506896896604053,bogota
8866e0914bfffff,8.710516944223523,8.417932444930875,bogota
8866e09149fffff,13.336025013117364,13.897624834173644,bogota
8866e09141fffff,19.691036564908366,21.42845182731213,bogota
8866e0910bfffff,4.079903957995238,7.624734425351078,bogota
8866e09341fffff,9.057583194295429,9.835389829591378,bogota
8866e09345fffff,3.249847593668169,3.249847593668169,bogota
8866e09343fffff,7.162281228087988,6.7929331202969,bogota
8866e0931dfffff,7.041884941924043,5.841113758542542,bogota
8866e09045fffff,10.969653448878889,11.714977722160356,bogota
8866e0820bfffff,13.058370626323889,13.985510528323468,bogota
8866e08203fffff,5.6575999062724565,5.85996428252878,bogota
8866e08215fffff,6.593371014155808,6.182685655993441,bogota
8866e42ab7fffff,5.437753733187953,5.153006395812622,bogota
8866e42ab1fffff,5.519270605027704,5.482495536160399,bogota
8866e09063fffff,8.821697569187133,7.4532082840738205,bogota
8866e428d5fffff,12.298854678241096,13.553290102380279,bogota
8866e42abdfffff,8.162429940620767,9.27354595912106,bogota
8866e42a81fffff,9.129898072979838,7.685457847888797,bogota
8866e0915bfffff,8.79673912340316,7.819620043907422,bogota
8866e0902dfffff,8.464223960719544,7.419196989114569,bogota
8866e09005fffff,8.369111247736715,10.275066298533263,bogota
8866e0932bfffff,9.028955486921134,8.897335108777064,bogota
8866e091c1fffff,6.555286058711569,7.610199163061178,bogota
8866e091c5fffff,7.949936902811718,8.999786953856445,bogota
8866e42f6dfffff,3.636706458289206,5.414263587579318,bogota
8866e42a97fffff,9.142419864050916,9.197764708962197,bogota
8866e42ad5fffff,8.157706368706348,12.479045283871843,bogota
8866e42ad1fffff,4.451916599837006,8.230762383744576,bogota
8866e42163fffff,2.8050342572881797,4.388229081853643,bogota
8866e42129fffff,2.425547141926164,2.076459420813936,bogota
8866e4212dfffff,2.1621171115397355,0.0,bogota
8866e42ac9fffff,5.192967350898115,7.254764515972942,bogota
8866e42acdfffff,0.0,0.0,bogota
8866e42aa5fffff,10.299179150771778,10.847023507199562,bogota
8866e42aa3fffff,5.236317157559336,5.794007059046494,bogota
8866e42aa1fffff,0.5036468702604209,0.5036468702604209,bogota
8866e428e3fffff,2.9019214656934467,2.989674304489181,bogota
8866e428e1fffff,4.568084129910285,5.12802518553289,bogota
8866e428e9fffff,4.997841271371646,13.976105465862924,bogota
8866e429dbfffff,7.698303927639192,9.75397312396923,bogota
8866e42999fffff,6.222943940865948,5.886823949750046,bogota
8866e42991fffff,12.369595978331684,14.302564048363566,bogota
8866e4299dfffff,9.025526185799277,8.587261718211096,bogota
8866e428e5fffff,3.151426778621623,2.2137164163062977,bogota
8866e429abfffff,1.909881717329857,0.7084172552800069,bogota
8866e429a1fffff,2.321996021793946,2.1653640062960022,bogota
8866e42f69fffff,10.20556359124338,12.90634795169313,bogota
8866e428bbfffff,7.124452065310596,7.488559656721556,bogota
8866e428bdfffff,7.041967235504467,9.494726669029768,bogota
8866e42835fffff,0.9012756214074558,0.9012756214074558,bogota
8866e42837fffff,7.752102001557121,8.35418039996435,bogota
8866e429d9fffff,11.849295282733912,12.395611425588612,bogota
8866e0910dfffff,10.667827367746922,10.003884783445598,bogota
8866e0916bfffff,9.115171865640793,11.046729463451692,bogota
8866e09161fffff,7.1074028924060695,10.67688199713538,bogota
8866e09145fffff,10.655817515111538,10.044468905975945,bogota
8866e46497fffff,7.0258989643996435,10.485201428505562,bogota
8866e09329fffff,7.029547079869125,5.372782997612083,bogota
8866e090e3fffff,4.878639064902937,3.3990817118967973,bogota
8866e090d5fffff,2.9077495340651116,2.407200165731959,bogota
8866e42f65fffff,4.676813677965073,5.679538301219567,bogota
8866e42a93fffff,10.234722340153732,11.08708184760855,bogota
8866e42f45fffff,4.8306021148909855,8.92504645459519,bogota
8866e42f4dfffff,1.4206133003346413,0.6155361925535426,bogota
8866e42a9bfffff,5.901737494086189,9.29985062932793,bogota
8866e42a99fffff,6.882501571674788,11.585060456868224,bogota
8866e42ad3fffff,11.598002047626922,9.209259871566946,bogota
8866e421adfffff,0.29960793911382,0.29960793911381955,bogota
8866e42f6bfffff,5.188931176759263,9.019481099776439,bogota
8866e428b5fffff,8.415807142152744,7.68479272809139,bogota
8866e42ae3fffff,3.2850496424665474,11.884929699552353,bogota
8866e42f67fffff,6.625896233158174,7.319383548138001,bogota
8866e42f63fffff,6.766100669194022,8.020958559209642,bogota
8866e42a8dfffff,10.846117796796614,6.866689680282995,bogota
8866e429a3fffff,9.326646745826983,11.325063682384622,bogota
8866e429bdfffff,5.006731242569715,4.95616322196169,bogota
8866e429b5fffff,5.841922433752134,6.302529635739371,bogota
8866e42f61fffff,9.776328191052148,9.821401498508294,bogota
8866e42f2dfffff,5.5056261901611085,4.044281774996044,bogota
8866e42839fffff,14.703108811029736,14.691040594806356,bogota
8866e4281bfffff,10.389080162303316,7.9468684660446005,bogota
8866e42817fffff,11.006421547675123,11.494199100479475,bogota
8866e42ac7fffff,0.0,0.0,bogota
8866e42ae7fffff,1.3148183257564534,1.0474805671061131,bogota
8866e42a9dfffff,4.251605103937681,4.9739185825567755,bogota
8866e42ad7fffff,9.373285473983179,14.013412260238823,bogota
8866e0900bfffff,10.247791704414158,10.385773246840596,bogota
8866e428b3fffff,4.407298557517676,9.00588675728689,bogota
8866e091d5fffff,14.399114257390565,7.23471684500988,bogota
8866e42ab5fffff,7.461046853495921,7.757304419055382,bogota
8866e428ebfffff,7.153829597684938,6.426848930854676,bogota
8866e428c5fffff,0.0,0.0,bogota
8866e428cdfffff,12.60007624825576,9.291675333796924,bogota
8866e428c9fffff,2.54822392395468,2.059854737682001,bogota
8866e42aa7fffff,1.8108697819284452,1.803728689398313,bogota
8866e42819fffff,8.665864759299042,8.830635067660436,bogota
8866e090a9fffff,5.068432580227951,5.3914673792073184,bogota
8866e090e7fffff,12.463418540651215,12.674755308298998,bogota
8866e090adfffff,7.4930835963356435,6.574790540361195,bogota
8866e08207fffff,9.21113644322877,6.511711440689596,bogota
8866e08205fffff,2.028494608338679,2.3556964160010705,bogota
8866e08201fffff,9.0315687659264,8.86075617100489,bogota
8866e08247fffff,10.718679281116724,11.210049305739313,bogota
8866e090a7fffff,8.85207056897683,5.878914204477903,bogota
8866e090a5fffff,6.737682506375308,7.800929507765546,bogota
8866e090a1fffff,10.9999031227653,10.943773648888081,bogota
8866e091d3fffff,2.3368210175270154,2.131643530281451,bogota
8866e09085fffff,11.01313991882205,11.70705464122641,bogota
8866e090abfffff,10.514271894540025,9.065798686343422,bogota
8866e09113fffff,9.345279614587575,12.139439125986256,bogota
8866e09117fffff,7.775540907198992,8.713800505795536,bogota
8866e09111fffff,10.425739182916617,14.738703128303165,bogota
8866e0911dfffff,12.780437360456665,10.747598566873867,bogota
8866e09115fffff,5.530234656260733,5.3529282204385975,bogota
8866e09151fffff,6.423652411779095,6.697366833014316,bogota
8866e42983fffff,4.652583271271312,4.652583271271312,bogota
8866e42981fffff,2.561619494271905,2.4188205916178998,bogota
8866e429ebfffff,2.4846430639554185,2.4846430639554185,bogota
8866e429d5fffff,11.326163390650663,12.197167100279906,bogota
8866e42989fffff,5.453934523758776,4.8405065613338145,bogota
8866e429d7fffff,10.290749701684058,12.787349712903232,bogota
8866e42833fffff,4.598511864737612,3.9235676874305048,bogota
8866e090edfffff,5.298401040106182,6.133891557751343,bogota
8866e08243fffff,3.4194681525153583,3.674725999597186,bogota
8866e090e5fffff,12.197589594927827,9.898164569590469,bogota
8866e09087fffff,7.369056031904028,8.252580090136831,bogota
8866e0908dfffff,9.635169678456853,8.609776083771212,bogota
8866e42831fffff,1.3082086390178227,1.3082086390178227,bogota
8866e42823fffff,6.077745978591977,3.9594290282864497,bogota
8866e42827fffff,0.2766883022804053,0.33126968594114115,bogota
8866e429c9fffff,0.0,0.0,bogota
8866e42821fffff,0.46441178709131425,0.46441178709131425,bogota
8866e42829fffff,0.0,0.0,bogota
8866e42807fffff,7.725236982879036,7.971056289573372,bogota
8866e42805fffff,5.074542207469475,3.467115098236587,bogota
8866e4282bfffff,8.61864995174672,7.474675160073276,bogota
8866e4283dfffff,9.670026078044224,8.721982278985918,bogota
8866e42803fffff,8.010051962693128,10.219269642677268,bogota
8866e4280bfffff,11.512479840610396,12.47893505612931,bogota
8866e42857fffff,7.358690552782021,7.068353126395475,bogota
8866e09301fffff,5.318281372835887,6.442950582481943,bogota
8866e42aebfffff,0.34459258602679654,0.3445925860267969,bogota
8866e42853fffff,6.148009396408736,6.148009396408736,bogota
8866e09335fffff,10.172916097739607,13.558280231210741,bogota
8866e0821dfffff,8.213459718532999,9.574580361600763,bogota
8866e08211fffff,1.1657272786122164,0.6101511457890059,bogota
8866e091c7fffff,8.07009749023843,8.266626222381639,bogota
8866e09189fffff,10.588997448053762,12.56844003887006,bogota
8866e0913bfffff,7.032248869368076,6.437250257108922,bogota
8866e09059fffff,12.58169804565636,13.214009995944064,bogota
8866e09103fffff,8.364318817535214,6.763101095855091,bogota
8866e09139fffff,4.38814802849749,4.388148028497489,bogota
8866e42a91fffff,9.269504705691098,9.520735567928158,bogota
8866e42adbfffff,1.0921975454026884,1.1005940373388796,bogota
8866e4298bfffff,9.785189451782399,10.724199049058535,bogota
8866e09307fffff,8.794185701193896,6.6953639443119055,bogota
8866e09163fffff,9.157501355371243,9.549656791804159,bogota
8866e09167fffff,6.299585536431724,12.275144155182176,bogota
8866e09165fffff,7.528921242559587,8.889373812290243,bogota
8866e0916dfffff,7.3651295667687355,7.238236557725086,bogota
8866e464b3fffff,8.419939317203887,2.2917104315285455,bogota
8866e46495fffff,4.9208941067909695,2.401887457635229,bogota
8866e4649dfffff,0.8865328924539778,1.202205439785548,bogota
8866e46491fffff,8.177165741149361,7.282018363546681,bogota
8866e4649bfffff,7.27860517465216,8.273608591358432,bogota
8866e46493fffff,11.100606792181695,9.249941331336982,bogota
8866e429c1fffff,4.791514529988179,4.6655424895145465,bogota
8866e09169fffff,7.91585628001983,6.897101670242023,bogota
8866e0914dfffff,20.787744389924576,17.876821811769716,bogota
8866e46499fffff,9.687012523370644,5.806865874788835,bogota
8866e09327fffff,9.609096317265958,11.951594022550076,bogota
8866e429c3fffff,6.811622299357767,8.223151122281154,bogota
8866e09105fffff,5.81195308883123,4.325207366767281,bogota
8866e09155fffff,8.161164042378545,8.161164042378545,bogota
8866e09153fffff,6.551412729718493,4.717081332517304,bogota
8866e092cbfffff,0.0,0.0,bogota
8866e09353fffff,9.313486616410621,7.89626175866444,bogota
8866e4298dfffff,9.382010781944844,9.569158873712587,bogota
8866e429e3fffff,1.6606484510059105,1.0784785511053967,bogota
8866e429c7fffff,2.750396119968993,2.8324249189330795,bogota
8866e09323fffff,11.992995597030992,10.559648386072785,bogota
8866e09321fffff,3.1910382539516347,2.3988703931147244,bogota
8866e0826bfffff,4.287039350621222,4.366532917373732,bogota
8866e0930bfffff,5.377371368854063,5.388918092832366,bogota
8866e09355fffff,1.2804741031213236,1.9205418474134275,bogota
8866e09309fffff,2.9103919639042317,2.339323171049319,bogota
8866e42167fffff,2.3567524530592125,5.023487827195412,bogota
8866e4210dfffff,3.5373547428593697,2.618044807845479,bogota
8866e42995fffff,0.8961609081306445,2.068382211872289,bogota
8866e090a3fffff,0.9394007580902791,1.5474897776919627,bogota
8866e42a5bfffff,0.8965735627169131,0.09175373437568334,bogota
8866e42ac1fffff,5.393023633071348,6.0004511455911045,bogota
8866e42ac5fffff,1.3777875384490075,0.0,bogota
8866e42107fffff,3.401340558923077,0.6843585247007655,bogota
8866e42801fffff,6.241134079981023,8.658891073208666,bogota
8866e42809fffff,0.10858138530135415,0.10858138530135415,bogota
8866e42f41fffff,2.5432873445732307,1.5762297187492735,bogota
8866e42127fffff,0.0,1.6293482940980644,bogota
8866e466d3fffff,0.22376025847293285,0.22376025847293285,bogota
8866e0934dfffff,1.60855233197079,1.6140754364803023,bogota
8866e09347fffff,1.4678242795422831,1.2534977075954645,bogota
8866e42f07fffff,0.0,0.0,bogota
8866e09305fffff,3.5973917450574615,6.074067477266252,bogota
8866e09325fffff,9.34288006043248,5.554290616532294,bogota
8866e0930dfffff,0.0,0.0,bogota
8866e09083fffff,6.35098038724032,7.119627846282004,bogota
8866e08239fffff,2.118307557077138,1.608465642570082,bogota
8866e429adfffff,0.9904484695762751,0.29194364778494286,bogota
8866e46693fffff,1.1259555647087482,1.1259555647087482,bogota
8866e42121fffff,0.0,2.5657716692095764,bogota
8866e090ddfffff,3.5459556431968142,4.643051713014022,bogota
8866e091e1fffff,5.844699635718489,3.1151479606329806,bogota
8866e09129fffff,0.6728007158545901,0.6728007158545901,bogota
8866e08249fffff,0.09270953952555706,0.09270953952555706,bogota
8866e0824dfffff,10.275519821755804,7.098602907554061,bogota
8866e42d35fffff,0.7136779050397409,0.7023514399613741,bogota
8866e091abfffff,7.560571466337416,7.0596913339632605,bogota
8866e09185fffff,6.069576342546618,7.7435158189160065,bogota
8866e09089fffff,8.097660419269946,8.021600534591625,bogota
8866e4213dfffff,0.0,0.0,bogota
8866e42addfffff,0.12604773870579672,0.0,bogota
8866e421a5fffff,1.7266273645563346,0.5924530432715175,bogota
8866e429a9fffff,5.075747471104129,0.0,bogota
8866e092b5fffff,8.266838384577964,7.135670118957177,bogota
8866e092b7fffff,1.0215216308707082,0.9234136458877057,bogota
8866e092b9fffff,2.390739876952502,0.7967125163478574,bogota
8866e090b7fffff,7.551552164980055,7.084965088517974,bogota
8866e09095fffff,2.886491724799732,0.7738509559566876,bogota
8866e090b9fffff,10.554369270383098,11.15278165966265,bogota
8866e08253fffff,6.0628023591772955,2.8047416397915894,bogota
8866e08251fffff,1.3400970127599026,1.056009316137111,bogota
8866e08259fffff,3.187425120350366,3.0799490955578688,bogota
8866e090bbfffff,2.5394276307011974,3.9886150951110855,bogota
8866e090b1fffff,8.284398999837896,8.0502502258341,bogota
8866e0825dfffff,2.754040340378381,3.396490448979345,bogota
8866e09081fffff,8.286866137942605,9.159766813417548,bogota
8866e090b3fffff,4.247980632321489,5.479005845500375,bogota
8866e0908bfffff,1.2064331726707624,1.2064331726707624,bogota
8866e090bdfffff,4.176000851685263,3.2134614884606094,bogota
8866e0952dfffff,0.10743722635038223,0.054382876528363044,bogota
8866e0825bfffff,0.8319974756401685,0.727997791185146,bogota
8866e08257fffff,1.9975465009360653,2.716497526398808,bogota
8866e09181fffff,9.635589759353186,8.8940471638469,bogota
8866e091a9fffff,2.1078679424658113,2.156646050946994,bogota
8866e0918dfffff,5.996673395054143,6.896287728602554,bogota
8866e09187fffff,8.98903794236762,7.458422128592712,bogota
8866e09183fffff,8.205757080264005,8.43651135160863,bogota
8866e09195fffff,6.815212271017843,6.918165930187295,bogota
8866e091bdfffff,2.587759615440928,0.2908895995672191,bogota
8866e091b9fffff,6.016867285382677,6.503596240593697,bogota
8866e091e9fffff,10.16881032740842,9.973160194608312,bogota
8866e091e3fffff,3.36772450342142,5.967544580556399,bogota
8866e091ebfffff,4.8410819370060905,6.099840025872325,bogota
8866e08241fffff,0.8115274795624869,0.8115274795624869,bogota
8866e09191fffff,0.7519837661895103,0.190246106537029,bogota
8866e091edfffff,7.6593103060520304,5.27110777201842,bogota
8866e0823dfffff,0.7180471070187546,0.5934330560443207,bogota
8866e08255fffff,8.102042202483664,10.128763538408894,bogota
8866e08269fffff,0.2753698093211189,0.27536980932111893,bogota
8866e091a1fffff,2.0069715122947462,2.0069715122947462,bogota
8866e429e7fffff,2.7871746306155236,2.0444707063287355,bogota
8866e464bbfffff,6.446878662296489,4.364222509146829,bogota
8829b6d313fffff,5.259946198065403,4.933627241819177,phoenix
8829b6d209fffff,7.292843002789438,10.835165796150115,phoenix
8829b6d201fffff,9.902301073646242,14.871633405515887,phoenix
8829b6d35bfffff,6.373878209565436,5.658980631131055,phoenix
8829b6d267fffff,7.9119177011254544,7.797847172182508,phoenix
8829b6d263fffff,12.942273424675674,11.66879721171691,phoenix
8829b6d359fffff,6.512323345046804,6.655276455554482,phoenix
8829b6d20dfffff,2.7153614606762444,2.09857531425213,phoenix
8829b6d20bfffff,1.4945929984770978,1.8040906870633489,phoenix
8829b6d257fffff,0.6440327483982763,0.6440327483982763,phoenix
8829b6d66bfffff,0.7391012573413702,0.0,phoenix
8848e96d97fffff,3.073303899187154,1.0514276148682788,phoenix
8848eba4ebfffff,11.249145965577371,7.907559388325378,phoenix
8829b6c33bfffff,8.428970532974729,7.40016029646992,phoenix
8829b6c331fffff,5.733393388264704,5.733393388264704,phoenix
8829b6d001fffff,10.44992917955438,6.389877595106353,phoenix
8829b6d8a9fffff,4.753823735425448,2.554333586194019,phoenix
8829b6c13bfffff,4.275651608529391,1.9449332421801957,phoenix
8829b6d0e7fffff,7.761259854662838,7.761259854662838,phoenix
8848e9698bfffff,7.656092211931716,10.61292643548183,phoenix
8829b6d03bfffff,9.315267480493409,6.781290359866168,phoenix
8829b6c2b9fffff,0.0,0.0,phoenix
8848eba48bfffff,4.3653188066714455,2.403950616495544,phoenix
8848eba489fffff,8.239458349030073,4.938666225813199,phoenix
8829b6d9dbfffff,10.523697730446685,1.6538190659007062,phoenix
8829b6d229fffff,11.934979499054132,9.806746367870417,phoenix
8829b6da45fffff,3.4566432340689524,3.2149540419301204,phoenix
8829b6d9d9fffff,6.0423017577061415,3.895533417481659,phoenix
8829b6c327fffff,9.794149314696982,10.117077943043542,phoenix
8829b6c065fffff,7.111589249544197,6.548783830649501,phoenix
8829b6d335fffff,6.1398884203388775,4.836529980553502,phoenix
8848ebb481fffff,16.789550017764576,16.789550017764576,phoenix
8848eba6c7fffff,0.3028728767191442,0.3028728767191444,phoenix
8848eba6c3fffff,2.892856259037302,5.5401185090605205,phoenix
8848eba481fffff,5.470801693785012,1.4202217933003973,phoenix
8829b6c247fffff,5.492134269253148,6.087426361472321,phoenix
8829b6c323fffff,6.650219410276216,6.52246825322455,phoenix
8829b6d305fffff,7.504299755376098,7.760672152479073,phoenix
8829b6c365fffff,14.195564651427652,10.35438954079475,phoenix
8829b6d1e1fffff,7.038546643837882,7.680016820317609,phoenix
8829b6d109fffff,5.206740080975881,3.2325758505958646,phoenix
8829b6d10bfffff,10.12936684075966,10.702407532061322,phoenix
8829b6d053fffff,7.016484457937176,15.228268562919785,phoenix
8829b6d055fffff,6.7795742321061,13.007720437173457,phoenix
8829b6c201fffff,6.957439481208647,6.957439481208647,phoenix
8829b6c111fffff,0.0,0.0,phoenix
8829b6d881fffff,15.160147985523956,17.355543590500478,phoenix
8848eba5dbfffff,0.0,0.0,phoenix
8848eba4e7fffff,9.650451823266446,7.11069488733363,phoenix
8829b6d1a3fffff,5.728875292328102,6.696980771568561,phoenix
8829b6d191fffff,8.659931658315214,9.346948013842512,phoenix
8829b6d199fffff,7.733120101131373,7.408860087442561,phoenix
8829b6d1c7fffff,8.341504147174502,3.362292465216553,phoenix
8829b6d28bfffff,9.260859544168564,9.193527278466139,phoenix
8848eba681fffff,19.508802933291456,15.289796758502682,phoenix
8829b6c35dfffff,3.1832678980012306,3.4758858196082287,phoenix
8829b6c34bfffff,6.278715503282468,7.615121533189708,phoenix
8829b6c0e1fffff,0.0,0.0,phoenix
8829b6d003fffff,7.5499563205423925,4.529195189633769,phoenix
8848ebb4b1fffff,10.099308558099874,13.194951759359736,phoenix
8829b6c0e9fffff,4.403825909004199,0.9682749548890799,phoenix
8829b6d1b7fffff,3.33017593968619,5.455239287962909,phoenix
8829b6d1b5fffff,8.41344755920641,4.099152091962647,phoenix
8829b6d8dbfffff,8.666785552621317,8.416619073586673,phoenix
8829b6d8d3fffff,11.824490387062214,12.419290929615826,phoenix
8829b6d8a1fffff,6.40005408373969,3.367488242392022,phoenix
8829b6d119fffff,8.519826388425901,8.481592076658359,phoenix
8848ebb483fffff,6.783941890569115,8.713254413939513,phoenix
8829b6c055fffff,28.32902072090081,27.367110913743378,phoenix
8829b6d139fffff,6.518649127272271,10.278350243059352,phoenix
8829b6d131fffff,8.703092273487098,3.5810915140644872,phoenix
8829b6d13dfffff,9.151363288482854,5.85701055978094,phoenix
8829b6d107fffff,9.674262672889416,6.57998039175175,phoenix
8829b6da49fffff,5.037174154785475,3.129484448662764,phoenix
8829b6d1bdfffff,3.7469719798317684,4.312911006625523,phoenix
8829b6c017fffff,6.270620672865102,9.57589459809034,phoenix
8829b6c145fffff,0.6076384205737947,0.4114252031949199,phoenix
8829b6d0a5fffff,8.433588771192774,13.285395275772943,phoenix
8829b6d0adfffff,1.1214155440559987,4.488126675702185,phoenix
8829b6c03bfffff,5.472241965883031,3.9796348196438585,phoenix
8829b6d1d3fffff,13.301350608104558,10.584431425140544,phoenix
8848eba4d5fffff,7.2852068882792675,4.071411265507813,phoenix
8829b6c05dfffff,11.994542056859613,12.742110170216469,phoenix
8829b6d8c1fffff,4.669388934914913,3.6532230068039784,phoenix
8829b6d8cbfffff,6.267766603334961,7.813197996777063,phoenix
8829b6d9d1fffff,2.3929721395125707,4.518612882952313,phoenix
8829b6da53fffff,0.9196211454488759,1.059415721530637,phoenix
8829b6d81bfffff,12.187748484816959,6.8513207597982895,phoenix
8829b6dab3fffff,4.190247071597628,2.3303521155771505,phoenix
8829b6dab7fffff,8.452552205576568,18.173951376138955,phoenix
8848e96d85fffff,18.702166829824023,8.289044183356445,phoenix
8848e96d87fffff,5.951573402821402,5.107377357268998,phoenix
8829b6d1cbfffff,8.022856514252837,5.404711386459378,phoenix
8829b6da4bfffff,12.983807782767517,8.09278779586789,phoenix
8829b6c04dfffff,3.3872408740238256,6.849618611018699,phoenix
8829b6d999fffff,0.29934726490505453,0.29934726490505437,phoenix
8829b6d9d3fffff,6.337883195050972,3.7245194524844365,phoenix
8829b6c109fffff,0.7142101480856446,0.7142101480856446,phoenix
8829b6c069fffff,6.534153476443298,6.2323129310485,phoenix
8829b6c301fffff,10.554278720920513,4.091240001984642,phoenix
8829b6c30dfffff,7.356426677234823,6.095421361081585,phoenix
8829b6d333fffff,5.328308797239366,3.7973631864097293,phoenix
8829b6d331fffff,5.249536602090475,7.319597577130117,phoenix
8829b6d1ddfffff,6.525624537909908,6.2960588891587586,phoenix
8829b6d343fffff,4.914931142886969,6.0968433538029085,phoenix
8829b6d525fffff,3.8172519252489976,8.644129915428028,phoenix
8829b6d325fffff,12.998148912630691,11.336136502027829,phoenix
8829b6d2d3fffff,7.430430121536486,5.640867166527608,phoenix
8829b6d129fffff,1.8627972924652572,4.82639275244869,phoenix
8829b6d2d5fffff,22.918667101017594,22.918667101017594,phoenix
8829b6d2d1fffff,15.941775695400333,15.480638467930074,phoenix
8829b6d1d7fffff,4.927223609055154,7.4909961639400695,phoenix
8829b6c263fffff,4.876951760432811,1.712058632436874,phoenix
8829b6c267fffff,7.311957918370615,3.8417025947329297,phoenix
8848e96931fffff,12.134108037115292,5.193747051344127,phoenix
8848e96933fffff,10.71585206914134,8.253832533925957,phoenix
8829b6d023fffff,7.254426388585446,5.1159248204077485,phoenix
8829b6c141fffff,10.839890002349586,10.839890002349586,phoenix
8848e969a3fffff,10.614737778185926,10.614737778185926,phoenix
8829b6c231fffff,9.909600092361767,7.353840147686081,phoenix
8829b6d1d9fffff,10.961012590913883,13.990788874847224,phoenix
8829b6d143fffff,11.54735543240323,13.486534119146837,phoenix
8829b6d0b9fffff,8.171500918152473,9.182189200014484,phoenix
8829b6d087fffff,10.312467822555226,10.226316755718532,phoenix
8848e96b27fffff,5.953890188622786,2.739684540344196,phoenix
8829b6d345fffff,7.402821661744061,5.9746135265466505,phoenix
8829b6d34dfffff,0.0,0.0,phoenix
8829b6c23dfffff,16.232785754712907,14.35155476780941,phoenix
8829b6c235fffff,12.94948819396349,22.73570606871119,phoenix
8829b6d0edfffff,2.526940466590948,9.83094112374688,phoenix
8829b6d017fffff,13.743548576704162,9.187415665560858,phoenix
8848eba65dfffff,7.5326783959159105,7.592464514678416,phoenix
8829b6d0e5fffff,10.06630805880718,8.797023822738215,phoenix
8829b6d027fffff,3.9089052476368855,5.008126471672127,phoenix
8829b6d057fffff,8.000283418166774,8.293133787934654,phoenix
8829b6da5bfffff,9.102273262331822,11.410082969069412,phoenix
8848eba689fffff,7.478204682771132,6.717668206545144,phoenix
8829b6c245fffff,7.281040560317578,12.742057549871415,phoenix
8829b6c20dfffff,20.01781855781447,17.13558104403927,phoenix
8829b6d039fffff,10.178614336361136,10.39274914598517,phoenix
8829b6d015fffff,2.1561149256670697,7.183941557406475,phoenix
8829b6c227fffff,5.953094967925925,5.953094967925925,phoenix
8848e96db1fffff,6.495680379553592,6.495680379553592,phoenix
8829b6c013fffff,6.345701638756891,5.619474498586784,phoenix
8829b6d1e5fffff,3.093923748862025,2.918466289456737,phoenix
8829b6d02bfffff,8.268043147254378,6.6438128793002855,phoenix
8829b6d0e1fffff,9.260505061796495,6.587064882706875,phoenix
8829b6d31dfffff,9.182525501026976,7.075777865748842,phoenix
8829b6d893fffff,2.3911217790685244,2.3911217790685244,phoenix
8829b6d05bfffff,15.925387740996568,30.56306461117411,phoenix
8829b6d813fffff,6.870478809037284,6.687549242331485,phoenix
8848e969adfffff,4.341712081362972,5.718095492605177,phoenix
8848e969a5fffff,5.369120200445372,7.438658822391814,phoenix
8829b6da47fffff,11.597141910388144,4.281098551445851,phoenix
8829b6da41fffff,7.026149657570089,5.091990462204243,phoenix
8848ebb495fffff,0.3741700155694605,0.3741700155694605,phoenix
8848eba4e5fffff,4.076501500246252,2.5634017776488203,phoenix
8848eba4e1fffff,8.17063142834277,8.80876432439269,phoenix
8829b6c315fffff,2.6502760182641336,2.5456179015020717,phoenix
8829b6c339fffff,10.654734114415565,10.68775742574307,phoenix
8829b6c10bfffff,4.887605730535782,3.063428418356556,phoenix
8829b6c329fffff,2.195620885316826,10.96021883835851,phoenix
8829b6c32dfffff,9.354300313696124,6.515412964239582,phoenix
8829b6d8abfffff,12.156743619073369,9.020682178437909,phoenix
8829b6d2a9fffff,10.34797979674208,7.396985068893704,phoenix
8829b6d8ddfffff,8.886252180125421,10.7508051980199,phoenix
8829b6d0a9fffff,1.4180502715316894,0.4982810597476468,phoenix
8829b6c335fffff,2.7756522875731857,2.7756522875731853,phoenix
8829b6d0e3fffff,7.873451252907566,7.92576627408178,phoenix
8829b6dab9fffff,3.3808938544513456,4.0345905190423474,phoenix
8829b6c205fffff,8.928059701239537,5.966214681896473,phoenix
8829b6c207fffff,26.062178505716766,15.764787232033328,phoenix
8829b6d021fffff,12.53802141892975,8.883905354177749,phoenix
8829b6d645fffff,9.20955451763644,7.478454648380353,phoenix
8829b6c147fffff,17.338004598617538,16.854015820826156,phoenix
8829b6d29dfffff,2.476957302538484,0.7773861096671009,phoenix
8829b6c313fffff,5.2815654623523445,5.2815654623523445,phoenix
8829b6c317fffff,2.621475252352151,2.621475252352151,phoenix
8829b6d2d7fffff,7.421119886699765,5.272862793208761,phoenix
8829b6d061fffff,8.206915980066924,6.477543487768227,phoenix
8848e96937fffff,7.431189460223797,6.796205881685749,phoenix
8829b6d04bfffff,3.949326159855718,5.804187442966553,phoenix
8848e96db5fffff,0.9051991939945245,0.9051991939945245,phoenix
8829b6c2c5fffff,3.956037981269478,3.956037981269478,phoenix
8829b6d05dfffff,11.38148302888894,5.757038986121748,phoenix
8829b6d153fffff,6.999363159648356,6.7640755272272,phoenix
8829b6d025fffff,15.524496397109132,17.20923475942355,phoenix
8829b6c143fffff,10.908200162337911,10.908200162337907,phoenix
8829b6d01dfffff,11.052428282570276,14.277186229105743,phoenix
8829b6d8d5fffff,14.310742571611174,10.410382197523814,phoenix
8848e9693bfffff,8.122829144551234,3.4685758123596155,phoenix
8829b6d891fffff,4.643693626347274,4.452320737266802,phoenix
8829b6d8a3fffff,0.9244158866189052,0.9482289585930017,phoenix
8829b6c149fffff,4.854829905733935,4.854829905733935,phoenix
8829b6c14dfffff,8.785369828624551,8.785369828624551,phoenix
8829b6d897fffff,3.9937403634438904,3.4905095294939845,phoenix
8829b6d895fffff,10.983131062861888,11.33953703084341,phoenix
8829b6d8bdfffff,7.908920960891357,10.830281162676329,phoenix
8829b6c337fffff,7.195619012718937,7.195619012718937,phoenix
8829b6d8b9fffff,10.950923614933977,6.017520527544889,phoenix
8829b6da85fffff,1.2781832711811196,1.2781832711811192,phoenix
8829b6daa9fffff,1.0918717721690445,0.8455135912392211,phoenix
8848ebb4b5fffff,6.431366011253998,5.7398797419412455,phoenix
8848ebb4b7fffff,6.273278101777764,5.774558876497463,phoenix
8848eba64bfffff,2.1350771164101414,1.86842310560077,phoenix
8848ebb4b3fffff,8.8388554523874,12.792189296449843,phoenix
8848e9696dfffff,6.413506768370318,6.413506768370318,phoenix
8829b6d88bfffff,9.164607774477657,12.260426161576916,phoenix
8829b6d889fffff,12.801505747855561,23.085194760572232,phoenix
8848eba61dfffff,3.4183368750294667,10.136673116414862,phoenix
8848eba603fffff,1.0886213578413235,0.0,phoenix
8829b6d289fffff,8.00357896300859,8.00357896300859,phoenix
8829b6d2b9fffff,5.1591877422268695,5.95285893435512,phoenix
8829b6d2bdfffff,4.987037839690946,4.309297204587326,phoenix
8829b6d2c7fffff,10.183147588490455,9.205369684333835,phoenix
8829b6d281fffff,6.1374997373806846,4.461803551625182,phoenix
8829b6d28dfffff,7.873134884682155,7.041701886378433,phoenix
8829b6d2c1fffff,15.259926195006189,15.861076788879025,phoenix
8829b6d2cdfffff,4.655208694369763,4.6926644931535515,phoenix
8848e9698dfffff,5.6923063990976575,4.883328221342856,phoenix
8848e969e3fffff,2.265022156818665,3.5111076146117264,phoenix
8848e969ebfffff,14.511685156063322,8.987607894264162,phoenix
8848e96985fffff,7.6496224317786785,9.160590732644026,phoenix
8848e969abfffff,9.75216720609069,9.412357783917145,phoenix
8829b6d35dfffff,11.167056150371865,11.486547337777537,phoenix
8829b6c029fffff,2.111278150491885,2.111278150491885,phoenix
8829b6c00bfffff,8.939094971718587,8.939094971718587,phoenix
8829b6c2abfffff,4.260024515523542,4.260024515523542,phoenix
8829b6c005fffff,4.748169204390467,4.42884526610958,phoenix
8829b6c001fffff,4.895072885260948,4.895072885260949,phoenix
8829b6c2a5fffff,6.943156653433484,6.662948212978972,phoenix
8829b6c053fffff,1.8465654268089042,1.8465654268089042,phoenix
8829b6c2a1fffff,4.273947686077116,4.273947686077116,phoenix
8829b6c019fffff,15.421391248240738,15.421391248240738,phoenix
8829b6c287fffff,6.977991450297673,6.977991450297673,phoenix
8848eba6a9fffff,1.0729505794765737,6.334795487105456,phoenix
8829b6d0ebfffff,9.407814685587425,7.344651079586453,phoenix
8829b6dae3fffff,3.6022345891951812,3.524909937218198,phoenix
8829b6c241fffff,7.3148087816149205,7.511300327067878,phoenix
8848e96d35fffff,2.285468513514034,2.250177525520302,phoenix
8829b6d2ddfffff,5.693584481850835,5.693584481850835,phoenix
8848e96917fffff,4.278444392166394,2.1504360269533893,phoenix
8848e969cdfffff,2.9179826094699446,1.8129541009774008,phoenix
8848e96913fffff,8.403472189492872,3.6224915915423685,phoenix
8848e969e7fffff,12.508851126943735,9.202267176963085,phoenix
8848e96b07fffff,9.139867586515686,4.385058999300659,phoenix
8848eba657fffff,11.799699492665257,2.3637149436792715,phoenix
8848eba655fffff,2.753983787467628,3.1124773996769695,phoenix
8848e96d89fffff,3.7440449039415555,3.744044903941557,phoenix
8848e96dc3fffff,0.2640018857944561,0.2640018857944561,phoenix
8848e96dd5fffff,8.215045885895893,8.215045885895893,phoenix
8829b6d2e9fffff,23.796583247560832,19.381323038252365,phoenix
8829b6d213fffff,4.379586558857847,2.5886557806779176,phoenix
8829b6d22bfffff,10.725827250437495,9.97615529259134,phoenix
8829b6d205fffff,7.76522993061721,6.7436000150267335,phoenix
8829b6d26bfffff,8.992648246133436,11.059143343512877,phoenix
8829b6d261fffff,9.579503316322796,8.718840569462262,phoenix
8848e9699bfffff,7.150584267618907,7.899481348021606,phoenix
8848e96991fffff,0.0,0.0,phoenix
8848eba617fffff,7.748233806017051,13.744014502078437,phoenix
8848eba6e9fffff,3.4326551170988915,0.6622551576267734,phoenix
8848eba6e1fffff,3.26148622928379,8.590323436947244,phoenix
8848e969e1fffff,2.6509105894962515,1.457001939877603,phoenix
8848e969e9fffff,6.234960898738053,5.984214910251818,phoenix
8829b6d341fffff,12.304507616580375,10.321945196628178,phoenix
8829b6d34bfffff,4.399082077869407,4.514359568037875,phoenix
8848e96b39fffff,2.9781809671736696,3.2695995667953808,phoenix
8848e96b3dfffff,7.884155141781677,5.066214171390808,phoenix
8829b6d349fffff,4.880159593029638,4.919824588870876,phoenix
8848e969a1fffff,9.798392272245506,10.654476031212127,phoenix
8848e969a9fffff,11.613642366810598,16.711515443800142,phoenix
8848e96b31fffff,2.842010947114415,1.788385350819073,phoenix
8829b6d309fffff,7.366993542845505,8.102314582167768,phoenix
8829b6c369fffff,5.038516436508156,7.110689937354556,phoenix
8829b6c36dfffff,13.124889429339055,13.088418986714684,phoenix
8848e96dabfffff,7.1112949072316995,12.06846052264915,phoenix
8848eba659fffff,7.5056934824092085,4.687114971763021,phoenix
8848eba65bfffff,3.9285812178434303,6.12536919543699,phoenix
8848eba651fffff,6.8388729132458534,9.377763500600237,phoenix
8848eba619fffff,3.4195117002189233,6.291811028815341,phoenix
8829b6d207fffff,12.257999978960976,11.796140153879904,phoenix
8829b6d239fffff,14.356434358168677,2.808321641371013,phoenix
8829b6d203fffff,2.838629087970715,4.682590800055923,phoenix
8829b6d215fffff,6.994150689814977,4.115199874228923,phoenix
8829b6d211fffff,4.792542927873769,2.9200702051106378,phoenix
8829b6d21bfffff,10.580101317680052,7.968328338803425,phoenix
8829b6d221fffff,5.695926842409076,10.445859546827748,phoenix
8829b6d319fffff,4.837965674870271,3.976900819573435,phoenix
8829b6d353fffff,16.47223284024467,8.042214587702722,phoenix
8829b6d225fffff,7.98247059624674,9.235713916698144,phoenix
8829b6d147fffff,8.18924746336142,8.453978038535448,phoenix
8829b6d161fffff,13.491942507749938,16.346931608774486,phoenix
8829b6d165fffff,5.057366043455849,5.057366043455849,phoenix
8848eba4b3fffff,2.9398588053606343,2.9398588053606343,phoenix
8829b6da59fffff,15.478008253319958,11.925460872154085,phoenix
8848eba4b7fffff,4.312032797184065,6.612952792244046,phoenix
8848e96939fffff,0.7714041490739768,2.4886825022335737,phoenix
8848e96b23fffff,4.190232311586861,7.354942196954212,phoenix
8848e96b21fffff,3.352657386149803,1.9708722222275954,phoenix
8848eba699fffff,6.891875048668368,8.539661056744578,phoenix
8848eba6d1fffff,8.642895535390114,8.04718289054244,phoenix
8848eba6d9fffff,6.662233595725187,5.80337592837121,phoenix
8848eba6d7fffff,8.855325143038023,7.3560083526214655,phoenix
8848eba6d3fffff,7.769976900082889,7.485309720058099,phoenix
8829b6c007fffff,3.9969807202957424,3.9969807202957424,phoenix
8829b6c2edfffff,13.437582232470694,13.437582232470694,phoenix
8829b6c233fffff,7.083010185745679,6.556779055203663,phoenix
8829b6c2ebfffff,5.7068624741947325,6.755308402226476,phoenix
8829b6c2e9fffff,7.59666784064356,7.59666784064356,phoenix
8829b6c011fffff,5.440116865691663,5.330403292027796,phoenix
8829b6c01bfffff,1.473772133223154,1.473772133223154,phoenix
8829b6c253fffff,7.27415935365795,3.5218907968737803,phoenix
8829b6c257fffff,5.146554729183409,7.245452018941508,phoenix
8829b6c20bfffff,13.266286482343043,12.431690786623498,phoenix
8829b6c35bfffff,7.029292585744756,6.845245637180318,phoenix
8829b6c22dfffff,6.491222146355724,4.3548428494604075,phoenix
8829b6c229fffff,4.187662667736247,0.5960265899124281,phoenix
8829b6c219fffff,10.514002897060344,8.583122756711607,phoenix
8829b6c351fffff,6.032278813670354,2.634375757484672,phoenix
8829b6d521fffff,2.5366523824116203,0.30722135944661577,phoenix
8829b6d52dfffff,6.105340673812362,6.797032097883751,phoenix
8829b6d189fffff,8.30697579047777,6.579281132677309,phoenix
8829b6d1c3fffff,10.230456683660982,9.164332425813221,phoenix
8829b6d081fffff,8.092516220873648,8.092516220873648,phoenix
8829b6d08dfffff,14.212878705891265,14.212878705891265,phoenix
8829b6d085fffff,12.715699769929733,12.715699769929733,phoenix
8829b6d1dbfffff,15.74434246636922,14.296111588558883,phoenix
8829b6d1d1fffff,14.311271762831783,12.418153800139983,phoenix
8829b6d1d5fffff,2.842837075712077,2.842837075712077,phoenix
8829b6da4dfffff,5.277131631956665,5.788704253627417,phoenix
8829b6d81dfffff,1.6528315410682872,2.49486181157796,phoenix
8829b6d819fffff,2.937578466857676,5.655986395658175,phoenix
8829b6d811fffff,0.0,0.0,phoenix
8829b6d8e7fffff,9.092863788832705,4.9071328978531135,phoenix
8829b6d8adfffff,5.527552050570474,2.39072533826739,phoenix
8829b6d817fffff,4.78694189043845,4.868350612943525,phoenix
8829b6d8edfffff,4.161190860213953,4.145213531945187,phoenix
8829b6d8e9fffff,4.2415531377661315,4.42503553329844,phoenix
8829b6d8e1fffff,6.74817922846297,13.29632093877247,phoenix
8829b6d857fffff,4.172379753829396,6.225616729104356,phoenix
8829b6d8cdfffff,6.716399515718203,2.132491042395724,phoenix
8848eba4a3fffff,4.390419182221133,4.035447239055687,phoenix
8829b6daa7fffff,4.990304075221908,8.956020300993371,phoenix
8829b6daa5fffff,5.627091550133203,3.49123395668413,phoenix
8848eba4abfffff,5.767971206914611,8.398710671993026,phoenix
8829b6d8c7fffff,10.641434740668824,11.977899410078203,phoenix
8829b6d8ebfffff,2.8950080398530655,3.1604530705540443,phoenix
8829b6d88dfffff,6.175504634517656,7.980779124870456,phoenix
8848eba4b5fffff,11.43536180711028,11.43536180711028,phoenix
8829b6d885fffff,7.0913622977149835,6.666691788348582,phoenix
8829b6d887fffff,8.240973280448053,5.861675685875852,phoenix
8829b6d899fffff,6.3009624829542465,5.5590031963929185,phoenix
8829b6d2c9fffff,3.249976115432893,3.249976115432894,phoenix
8829b6d23dfffff,6.935696114404086,4.233550222653949,phoenix
8829b6da5dfffff,1.0935621909476623,8.519401757142122,phoenix
8829b6d2c5fffff,21.208166435511185,18.91388774368447,phoenix
8829b6d235fffff,10.305339424069619,9.02089237513061,phoenix
8829b6d049fffff,10.71585165804056,12.22984648062227,phoenix
8848e96d8dfffff,2.948824499689241,1.0418060340094286,phoenix
8829b6d237fffff,10.80248282317633,8.420311169621392,phoenix
8829b6d2d9fffff,2.8116245295547393,2.8116245295547393,phoenix
8829b6d2ebfffff,11.32571829316291,12.941183624623642,phoenix
8848e96de5fffff,14.220938295398028,14.29190842414011,phoenix
8829b6d2c3fffff,13.006757715033283,12.291220856218867,phoenix
8829b6d233fffff,8.664502748781263,8.8012020009304,phoenix
8829b6d2edfffff,15.919444777771886,12.638138489865495,phoenix
8829b6d1a7fffff,13.403832875730961,13.517156961911185,phoenix
8829b6c36bfffff,10.37138224213035,25.698480034644568,phoenix
8829b6c345fffff,11.714203882062696,13.793428439380019,phoenix
8829b6d00bfffff,17.821267673410084,16.102927270965214,phoenix
8829b6c059fffff,12.921488685061808,12.921488685061808,phoenix
8829b6c237fffff,6.03127391905014,5.594962106482947,phoenix
8829b6c041fffff,12.875055881098833,14.190533654785087,phoenix
8829b6c043fffff,4.483791034306571,5.1796175475310955,phoenix
8829b6d037fffff,12.396311161363144,11.947230690645458,phoenix
8829b6c009fffff,13.265867059385007,11.085252399965386,phoenix
8829b6d193fffff,2.1069224847231407,7.318744643504709,phoenix
8829b6d041fffff,5.60809116540191,5.8720443805766385,phoenix
8829b6d031fffff,8.156930512184251,7.688509598025657,phoenix
8829b6d03dfffff,5.368616999002159,1.8041099543977013,phoenix
8829b6d007fffff,7.658889898337386,6.296432285403468,phoenix
8829b6c26dfffff,10.225874396245667,8.581132463291445,phoenix
8829b6c261fffff,5.530117626313369,5.298472092786977,phoenix
8829b6c25dfffff,15.139233773238997,15.0730132420151,phoenix
8829b6c243fffff,10.186213761996719,6.141285572262169,phoenix
8829b6c26bfffff,10.932270099364366,5.470511643369688,phoenix
8829b6c269fffff,13.144275626666179,8.17508068967471,phoenix
8829b6c251fffff,10.060905020957161,10.060905020957161,phoenix
8829b6d641fffff,9.077747507022513,9.012240452903693,phoenix
8829b6d649fffff,2.2664961538218473,1.9239949224036652,phoenix
8848eba4d3fffff,8.760500002637507,7.282943019061938,phoenix
8848eba499fffff,7.052405550428482,4.927865290636669,phoenix
8829b6d181fffff,12.864621378601148,12.864621378601148,phoenix
8829b6d18bfffff,6.031068484450093,6.031068484450093,phoenix
8829b6d0a1fffff,6.117188638245224,8.209795896458148,phoenix
8829b6d0abfffff,6.6682182037327316,4.1697193708867415,phoenix
8848eba613fffff,4.544653157515959,3.483132395103794,phoenix
8829b6da51fffff,5.3606484048303304,3.7529844051500816,phoenix
8829b6da55fffff,0.13372676359843036,1.738035056642682,phoenix
8829b6c25bfffff,9.539047704532159,9.539047704532157,phoenix
8829b6c259fffff,2.818410017116759,2.818410017116759,phoenix
8829b6d567fffff,0.0,0.0,phoenix
8829b6c223fffff,4.509521772908508,6.547458956944246,phoenix
8829b6c049fffff,4.188346287822224,2.1054023283294097,phoenix
8829b6c31bfffff,11.020239606897341,11.037654641753003,phoenix
8829b6c23bfffff,12.705380342399035,8.048200680432549,phoenix
8829b6c217fffff,1.289546986198591,0.7611434913600901,phoenix
8829b6d133fffff,10.488234626386651,9.84252991817803,phoenix
8829b6d1ebfffff,15.434920071353401,7.963952781338382,phoenix
8829b6d1edfffff,5.03082532086458,4.0411685701361195,phoenix
8829b6d1e9fffff,11.405043683342942,9.141070070323329,phoenix
8829b6c357fffff,3.385966536978703,3.2854292121660764,phoenix
8829b6c353fffff,2.7818724841690745,2.1378851540323707,phoenix
8848eba653fffff,4.70853559649042,1.6687764977599076,phoenix
8829b6d255fffff,0.20402605508817015,0.20402605508817015,phoenix
8829b6d15dfffff,7.294738414463116,7.756704670727935,phoenix
8829b6d1e7fffff,1.9172197343561217,1.7869743663011828,phoenix
8829b6d337fffff,11.375227916963526,9.993118685102115,phoenix
8829b6d117fffff,11.15482994258735,4.204374610057122,phoenix
8829b6d111fffff,9.532061296680475,7.426700552891649,phoenix
8829b6d11dfffff,1.9675207854404568,0.9796959312080252,phoenix
8829b6c151fffff,17.80897188038579,20.076218136734283,phoenix
8829b6c159fffff,10.737783800980383,7.9262674358333225,phoenix
8829b6d1a1fffff,5.7503427476874664,9.202047814608354,phoenix
8829b6c153fffff,0.17690051037637383,3.8032557168743217,phoenix
8829b6d33dfffff,3.4496864376998824,7.164103120200891,phoenix
8829b6c30bfffff,12.653390970508015,21.16840604586117,phoenix
8829b6c31dfffff,12.468804225013104,9.214773692217086,phoenix
8829b6d8e5fffff,4.498661214619076,0.7488262876841867,phoenix
8829b6d8e3fffff,7.074932222900597,8.242092679054277,phoenix
8829b6c367fffff,10.235061975842296,12.075161528134858,phoenix
8829b6d8d1fffff,7.168470300082384,6.403539408362155,phoenix
8829b6c347fffff,1.8970937811813338,2.408510127219255,phoenix
8848eba485fffff,5.452058144161323,6.297888053983433,phoenix
8829b6d8b1fffff,5.687062395874778,4.084193242771659,phoenix
8829b6c249fffff,8.256709037356558,14.219150884476623,phoenix
8829b6c209fffff,9.28825660208167,9.348172284927724,phoenix
8829b6c203fffff,10.498488147245896,9.961319351260283,phoenix
8829b6c239fffff,12.823274485200217,7.32702150602246,phoenix
8829b6c057fffff,5.3811993187873135,5.3811993187873135,phoenix
8829b6c051fffff,4.567707835977571,4.567707835977571,phoenix
8829b6c05bfffff,12.329008788198763,12.329008788198763,phoenix
8829b6d011fffff,12.651031049875229,17.216759998262695,phoenix
8829b6d019fffff,11.0374930435552,7.339953612218639,phoenix
8829b6d051fffff,6.1698279664277695,13.39061411129932,phoenix
8829b6d0e9fffff,18.29049921379186,15.261861785970074,phoenix
8829b6d0a7fffff,9.70597285910261,8.935511061363188,phoenix
8829b6d231fffff,6.1960488379110235,3.3900673265777224,phoenix
8848eba4bdfffff,4.999148595558558,4.710991449601651,phoenix
8848eba487fffff,2.559573968083239,3.3321043404353077,phoenix
8829b6d8c9fffff,4.2161259434187555,4.862015221076744,phoenix
8848eba48dfffff,10.136890161164127,8.826116460542396,phoenix
8829b6d8c5fffff,5.665485538362129,5.443473782070082,phoenix
8829b6d0bdfffff,8.170289349971782,6.60573094965727,phoenix
8848e9693dfffff,0.0,0.0,phoenix
8848e9699dfffff,5.5819389186765855,6.195284855244208,phoenix
8848e969d7fffff,7.220228961522035,16.36080381743677,phoenix
8848e96debfffff,12.100815320887952,12.630816986656438,phoenix
8848e96dc7fffff,3.4764507728838288,3.2110646107969067,phoenix
8848e96dbdfffff,7.768641588712466,7.768641588712466,phoenix
8848e96da3fffff,14.435571642306986,14.747559628946913,phoenix
8848e96d81fffff,13.051787265871218,13.531957787389773,phoenix
8829b6c311fffff,0.876647867928025,4.185501229047315,phoenix
8829b6d1b9fffff,5.964637865835305,13.423622671584214,phoenix
8829b6d187fffff,18.74484347416688,17.551149618978055,phoenix
8829b6d183fffff,8.210433629845037,7.900920584790467,phoenix
8829b6c063fffff,3.8710131730167405,3.8915136254559033,phoenix
8829b6c061fffff,12.14590858167032,11.939408386811504,phoenix
8829b6c319fffff,13.453523997449611,10.650799762296367,phoenix
8829b6dabbfffff,15.560984512489775,14.881420252492976,phoenix
8829b6dab1fffff,12.83535565680975,16.178629345685927,phoenix
8829b6dab5fffff,3.8435522724440907,5.62692955673278,phoenix
8848e96db9fffff,6.677881267625338,6.677881267625338,phoenix
8829b6d2cbfffff,2.5249887230349097,2.1408462480607398,phoenix
8829b6da99fffff,1.9426390153807238,1.9426390153807238,phoenix
8829b6d1abfffff,9.77560458137714,8.730273371621907,phoenix
8829b6da8bfffff,2.6881526103835145,2.6881526103835145,phoenix
8829b6da83fffff,2.829245675461439,2.829245675461439,phoenix
8829b6d1a5fffff,3.598502554677908,5.003404786947179,phoenix
8848e969edfffff,5.258891818586624,4.973712460630633,phoenix
8829b6c24bfffff,4.509839716989597,13.209806398023618,phoenix
8829b6d1b3fffff,7.873564211261872,3.1577704257163295,phoenix
8829b6c115fffff,15.695686559900807,8.068400497814233,phoenix
8848e96db3fffff,0.12297843502869577,0.12297843502869577,phoenix
8829b6c04bfffff,8.578208072499228,8.619317903845106,phoenix
8829b6c2e1fffff,10.48971210269178,10.48971210269178,phoenix
8829b6c2c7fffff,1.9860575228131672,1.9860575228131672,phoenix
8848eba6dbfffff,8.9745488805214,5.439702429661716,phoenix
8829b6c10dfffff,4.018085532678266,2.772824605441887,phoenix
8848eba6b9fffff,3.9731145070327165,4.88605773985267,phoenix
8848eba687fffff,9.074953281419852,11.933362732208455,phoenix
8848eba6abfffff,6.796107277138743,2.45900731839801,phoenix
8848eba6a1fffff,0.0,0.0,phoenix
8848e969a7fffff,0.5687634583822212,0.5687634583822212,phoenix
8848eba6d5fffff,9.047544076976003,8.6012133314735,phoenix
8829b6c215fffff,13.29896977884148,14.94117543885952,phoenix
8829b6c211fffff,3.239294507328394,4.937033784862792,phoenix
8829b6d145fffff,12.173804979062025,12.387134718838324,phoenix
8848eba493fffff,3.5618402719714815,3.5618402719714815,phoenix
8829b6d14dfffff,8.604634725057577,8.716348475795321,phoenix
8829b6d32dfffff,12.072988409172245,6.938627630859582,phoenix
8829b6d10dfffff,5.010229868647309,4.550265757808145,phoenix
8829b6d105fffff,14.102303693990557,5.718108677818677,phoenix
8829b6c361fffff,4.516171382691381,14.88178239305768,phoenix
8829b6da9dfffff,6.9058779177562775,6.9058779177562775,phoenix
8829b6dad7fffff,5.898417510843796,5.898417510843796,phoenix
8848eba49bfffff,1.7160398588315044,1.7160398588315044,phoenix
8829b6d327fffff,13.42622979296696,6.521066797934801,phoenix
8848eba4dbfffff,9.909915349941555,3.6211497310739005,phoenix
8829b6c101fffff,6.593698846082138,6.593698846082138,phoenix
8829b6d30dfffff,3.021203563424176,1.3256952168076435,phoenix
8829b6d347fffff,5.794340885560729,5.380551624731795,phoenix
8848e96b2bfffff,0.5248590560756039,0.0,phoenix
8848e969e5fffff,12.952752566607971,5.310469357358141,phoenix
8829b6c06bfffff,24.64622777951182,21.37036141068667,phoenix
8829b6d063fffff,7.4064242622200105,10.193622952973522,phoenix
8829b6c02bfffff,3.6503444894386,3.6503444894386,phoenix
8829b6d83bfffff,8.84797212883566,8.675068939543822,phoenix
8829b6da6bfffff,1.4847705276923087,0.0,phoenix
8829b6da0dfffff,0.0,0.0,phoenix
8848eba4a5fffff,0.0,0.0,phoenix
8829b6d64dfffff,3.6236237727316976,2.959699138383919,phoenix
8829b6c00dfffff,12.536767210867627,16.266540177908304,phoenix
8829b6c225fffff,3.4806964806138145,3.281505525054064,phoenix
8829b6d069fffff,7.191396596970511,9.358958277364366,phoenix
8829b6d1bbfffff,9.841241057739586,12.557229379420118,phoenix
8829b6c045fffff,23.641608806090012,23.081993376228738,phoenix
8829b6d1c9fffff,10.442219574609863,11.077767783748284,phoenix
8848e96d93fffff,7.818075012803427,9.119431925306392,phoenix
8848ebb491fffff,2.854927784982426,2.854927784982426,phoenix
8848ebb499fffff,1.2556218563236206,1.787327580803502,phoenix
8848ebb4d3fffff,0.7458658410490756,0.2932455668176328,phoenix
8829b6d883fffff,14.02036132477595,15.707920016318505,phoenix
8829b6c325fffff,6.8825347855213055,9.294723337338668,phoenix
8829b6d89bfffff,1.3683891452770751,1.3683891452770753,phoenix
8829b6c02dfffff,1.4199321179773916,1.4199321179773916,phoenix
8829b6c025fffff,17.388836031346614,1.6491709578387521,phoenix
8829b6c309fffff,13.813143255178588,12.482078464008774,phoenix
8829b6c355fffff,9.038893912328229,6.64936422901333,phoenix
8829b6d8c3fffff,8.801719992300926,10.100090381760012,phoenix
8829b6d833fffff,1.1602624017033962,0.4886466338213051,phoenix
8829b6c305fffff,3.073770579398135,1.0702229593286505,phoenix
8829b6c0c5fffff,1.5891658909379816,1.123669362492466,phoenix
8829b6c341fffff,2.5804651941806216,6.576515229297469,phoenix
8848e96967fffff,5.220756995598508,1.7388893699171932,phoenix
8848e96961fffff,0.1434083966092804,0.1434083966092804,phoenix
8848e96965fffff,10.408188424473778,9.54751090508731,phoenix
8829b6d0c1fffff,5.658420213016947,5.856024064376033,phoenix
8829b6d0c5fffff,10.376374224774686,9.987750019887773,phoenix
8848eba4a7fffff,2.5247228082973914,2.3193666574483394,phoenix
8829b6d2e3fffff,12.161836769366484,6.841065935841143,phoenix
8829b6d285fffff,8.066279975965092,9.257336545124675,phoenix
8829b6d043fffff,4.482465316630748,3.698671646620877,phoenix
8829b6d047fffff,10.06995561343268,5.016132724996553,phoenix
8829b6d2e7fffff,10.15417145350962,9.692420876906713,phoenix
8848e96dadfffff,9.137682208527927,8.665912785588644,phoenix
8848e96da9fffff,19.552566907737965,15.126461258843806,phoenix
8848e96d83fffff,5.999118163862797,5.999118163862797,phoenix
8829b6d06bfffff,5.447972401407644,5.085240165807262,phoenix
8829b6d059fffff,5.435814814141938,4.009619688594553,phoenix
8829b6d13bfffff,11.012976113968183,11.012976113968183,phoenix
8829b6d1c5fffff,12.848794646350639,14.950076252352881,phoenix
8829b6d113fffff,15.832403194673105,15.771566026739029,phoenix
8829b6d0c7fffff,7.0263480019398035,9.121829149287969,phoenix
8829b6d21dfffff,3.09930912886079,4.312293851458577,phoenix
8829b6d2a7fffff,4.178303382969257,4.212522566107099,phoenix
8829b6d2e5fffff,8.21278235642167,8.21278235642167,phoenix
8829b6d0b1fffff,11.775448879604502,12.255276019325533,phoenix
8829b6d0b7fffff,7.06625232768103,6.048352762522866,phoenix
8829b6c2e3fffff,9.84737258515501,10.652260696432426,phoenix
8829b6c2e7fffff,8.409407667163977,8.409407667163977,phoenix
8829b6d0cdfffff,6.790751316920749,9.294023238800552,phoenix
8829b6d089fffff,5.2553547481707925,5.2553547481707925,phoenix
8829b6d2e1fffff,9.114463064879383,8.4613603653276,phoenix
8829b6da87fffff,3.4415998090486646,3.0227053669775783,phoenix
8829b6daabfffff,7.959991839556506,4.160157286433752,phoenix
8848e96d29fffff,1.2716716893389735,1.2716716893389735,phoenix
8848e96d21fffff,0.09764475999158861,0.09764475999158861,phoenix
8829b6d0b5fffff,6.770291320067945,4.811239219046399,phoenix
8829b6d0b3fffff,0.30557968307732786,0.30557968307732786,phoenix
8829b6d195fffff,3.7135030335473016,4.512733494321528,phoenix
8829b6d197fffff,7.91285407887494,3.316626491161021,phoenix
8829b6c003fffff,7.452404558083328,7.452404558083328,phoenix
8829b6c01dfffff,7.770549353483744,7.770549353483744,phoenix
8848e96da7fffff,5.256018065498666,4.436677702982963,phoenix
8829b6d155fffff,9.90519420243558,7.793426324251411,phoenix
8829b6d15bfffff,8.244566814839557,19.306785133554456,phoenix
8829b6d151fffff,5.5530187800253445,5.708100705180219,phoenix
8829b6d16bfffff,3.447959613970175,3.092839319848115,phoenix
8829b6d16dfffff,9.24320689433809,9.24320689433809,phoenix
8829b6d035fffff,3.1973220947078156,2.8141914521075164,phoenix
8829b6c285fffff,3.408190661981394,3.408190661981394,phoenix
8829b6c281fffff,3.755675404647885,3.755675404647885,phoenix
8829b6d167fffff,7.9305391751307175,4.203544561814028,phoenix
8829b6d163fffff,8.994898903004117,7.139661806896244,phoenix
8848e96da1fffff,5.363666885040394,5.363666885040394,phoenix
8829b6d749fffff,3.087568117246287,3.087568117246287,phoenix
8829b6c2a7fffff,5.212760578528404,5.36923012744156,phoenix
8829b6c2a3fffff,0.24822159703086655,0.24822159703086655,phoenix
8829b6c021fffff,3.9722870664555066,3.9722870664555066,phoenix
8829b6c015fffff,7.637354722427046,4.940158347487744,phoenix
8829b6d18dfffff,6.576042848514155,6.576042848514155,phoenix
8829b6d355fffff,10.673802844945316,7.953536150920941,phoenix
8829b6c32bfffff,9.617494722711651,12.01573617545502,phoenix
8829b6c307fffff,2.8208764324688107,0.753979446185559,phoenix
8829b6d8d7fffff,6.8477345545314,7.438572016783041,phoenix
8829b6d351fffff,10.25559072727754,8.66739237069404,phoenix
8829b6c28dfffff,8.899209404026678,8.899209404026678,phoenix
8829b6c047fffff,7.791770190737586,11.780576802874993,phoenix
8848eba491fffff,9.575429972512884,5.530598414670043,phoenix
8848eba4d1fffff,12.952101295350001,7.769849070755652,phoenix
8829b6c16bfffff,11.341238734460623,15.298648512063565,phoenix
8829b6d169fffff,8.654475211175983,8.464365088610029,phoenix
8848e969c7fffff,14.243600355302634,8.954523894392727,phoenix
8848e969c5fffff,8.546473435785357,15.057308263164648,phoenix
8829b6d293fffff,5.935427649788047,5.935427649788047,phoenix
8829b6d299fffff,6.029282762388144,9.869524288554278,phoenix
8829b6d29bfffff,2.342663751411831,3.7838457589902057,phoenix
8829b6d2dbfffff,19.90597615131776,19.557760249790988,phoenix
8829b6c33dfffff,8.99433293310075,9.017486427425792,phoenix
8829b6c15dfffff,2.9916440579523034,2.795880651434084,phoenix
8829b6d32bfffff,10.409106496992912,11.523811456203541,phoenix
8829b6d103fffff,5.976002085110764,7.799508433740742,phoenix
8829b6c155fffff,1.2051958569274417,1.2051958569274417,phoenix
8829b6c169fffff,4.900463858598773,4.517623612465452,phoenix
8829b6c067fffff,5.933497947742095,6.743427345856619,phoenix
8829b6d8b3fffff,2.78461148857171,1.7576476084039199,phoenix
8829b6c16dfffff,9.317891717523406,4.073607034581562,phoenix
8848e96981fffff,11.916755079755541,15.24023952254629,phoenix
8829b6c0edfffff,1.4880422543955845,4.266710581114712,phoenix
8829b6c22bfffff,10.908579526773558,8.910133278468633,phoenix
8829b6d223fffff,4.815873262333341,3.2971974455639295,phoenix
8829b6d8bbfffff,6.3140584324993165,6.496194469499954,phoenix
8829b6da43fffff,6.492428606694022,0.0,phoenix
8829b6d8b5fffff,2.749217312555153,2.6840251732689278,phoenix
8829b6d247fffff,9.526125707735616,10.079379267250932,phoenix
8829b6d19dfffff,14.70298752543456,15.084157679410163,phoenix
8829b6d19bfffff,2.322868599261446,5.663874182293258,phoenix
8848e96d23fffff,1.478771059173522,1.3861621098690953,phoenix
8829b6d295fffff,6.339003832563496,14.30194028111312,phoenix
8829b6d283fffff,4.020856189266018,12.357084197906003,phoenix
8848e96b03fffff,0.17928189579888595,0.2779955316378192,phoenix
8848eba68bfffff,8.405712361290128,6.9173205841014145,phoenix
8848eba68dfffff,5.880172392808112,2.614611299870957,phoenix
8848eba6e3fffff,8.3676529820649,7.408346065217125,phoenix
8848eba6e7fffff,12.025429061535075,13.383401896995014,phoenix
8829b6c333fffff,6.129537405439094,6.341729628224397,phoenix
8829b6c06dfffff,11.64954183805338,11.33833354691706,phoenix
8829b6c14bfffff,4.559745188140081,4.55974518814008,phoenix
8848eba69dfffff,7.603474555321581,7.339445011936064,phoenix
8829b6d217fffff,4.822827772810444,4.933480247675754,phoenix
8848e96da5fffff,7.616397318322125,9.633977247325891,phoenix
8829b6d0c9fffff,3.2263501207074805,1.0278703568720386,phoenix
8829b6c21dfffff,6.093260502968132,6.573124429833676,phoenix
8829b6d2a1fffff,1.159994750387762,0.3770356060203252,phoenix
8829b6d2adfffff,5.954042504721846,5.7779645507482424,phoenix
8848ebb4d7fffff,0.4651975718775836,0.6776656428903464,phoenix
8848ebb48bfffff,6.903730270424511,6.903730270424511,phoenix
8848ebb489fffff,1.1525472514286554,1.1525472514286554,phoenix
8848ebb48dfffff,0.10147911594287772,0.10147911594287772,phoenix
8848e96dbbfffff,6.7920002665762,6.7920002665762,phoenix
8829b6d2a5fffff,4.638201844737171,7.018974552771655,phoenix
8829b6d291fffff,7.861169265926507,5.852078039482526,phoenix
8829b6d297fffff,4.067724841786893,2.9800161955376296,phoenix
8829b6d2abfffff,6.657449249104945,3.2922855820336285,phoenix
8829b6d2a3fffff,2.37770584469544,4.172962552901906,phoenix
8829b6d74dfffff,1.417632854023279,1.417632854023279,phoenix
8829b6d669fffff,7.8565543391326775,5.886940698769007,phoenix
8829b6d029fffff,8.331713809974612,6.181037855890438,phoenix
8829b6d005fffff,6.5751107569713,5.331120771569369,phoenix
8848e969b7fffff,15.419889830288167,16.880453838044833,phoenix
8848e969bdfffff,9.635488209651477,9.297056016553498,phoenix
8848e969b5fffff,5.416180807644572,4.805639420722107,phoenix
8848e96987fffff,11.077387193701284,11.745260632149705,phoenix
8829b6d8d9fffff,6.527679030914145,5.372986228127746,phoenix
8829b6c2a9fffff,2.178426255797972,2.178426255797972,phoenix
8829b6c2adfffff,0.9924173675665722,0.9924173675665722,phoenix
8829b6da19fffff,0.8462366720899208,0.8462366720899178,phoenix
8829b6da57fffff,0.0,0.0,phoenix
8829b6daa1fffff,5.359572506871163,1.8645226865240951,phoenix
8848eba4b9fffff,12.447674203615703,12.586254444569013,phoenix
8848eba4b1fffff,20.052732195481315,20.052732195481315,phoenix
8829b6daa3fffff,3.186173263747692,2.0274110246175656,phoenix
8829b6c161fffff,0.5760371884644435,0.4783856166234641,phoenix
8848ebb497fffff,5.417845424215819,5.417845424215819,phoenix
8848e96b37fffff,0.0,0.0,phoenix
8848ebb493fffff,0.0,0.0,phoenix
8848eba6c5fffff,5.043820530325622,2.8317418203876352,phoenix
8848eba6edfffff,3.7892206540240005,3.1529609568238275,phoenix
8829b6d12bfffff,1.3809158243430468,1.0336021563381501,phoenix
8829b6da95fffff,8.120283231225574,8.037768467678697,phoenix
8829b6da97fffff,4.563558615463631,5.640764646365568,phoenix
8829b6dabdfffff,2.322556112333171,1.8782122271724595,phoenix
8829b6c349fffff,2.3014989157239962,2.3014989157239962,phoenix
8829b6d185fffff,8.12415461421038,8.856285515944826,phoenix
8829b6d065fffff,6.239732923522753,10.596461284394007,phoenix
8829b6d067fffff,7.901986767028005,7.229368635590873,phoenix
8848ebb4bbfffff,11.607412262977682,11.607412262977682,phoenix
8848ebb49dfffff,5.507667677570476,5.507667677570476,phoenix
8848eba685fffff,1.1082010998197451,5.518526810115136,phoenix
8848e96b25fffff,3.819270300898383,4.946072900121946,phoenix
8848e96989fffff,12.865385396987152,22.37080767317181,phoenix
8848e969b9fffff,1.2852437048851768,0.5508644984596929,phoenix
8848e969c1fffff,3.6090295172157143,2.292781063206036,phoenix
8829b6c24dfffff,6.811768393864357,9.440074732912718,phoenix
8829b6d045fffff,4.987509934914563,11.439988774349045,phoenix
8848eba6ddfffff,10.226294166917688,8.758678161194014,phoenix
8848e96983fffff,4.312140794854797,3.7545263216434,phoenix
8829b6d1cdfffff,8.70474723600688,9.9248546975089,phoenix
8829b6d219fffff,4.97771346260265,5.250505164339554,phoenix
8829b6d253fffff,3.882775825268262,3.882775825268262,phoenix
8829b6d251fffff,13.08092419445659,13.08092419445659,phoenix
8829b6d00dfffff,6.66644380603518,10.048852116487536,phoenix
8848e96d9bfffff,0.0,0.0,phoenix
8829b6c0cdfffff,4.364432871049562,3.4137521296382634,phoenix
8829b6c039fffff,9.052746394366942,4.9540173609123945,phoenix
8848e96d33fffff,3.0626616190024323,3.160019629460805,phoenix
8829b6c21bfffff,7.152558024003241,7.4511763010500305,phoenix
8829b6d12dfffff,0.8464311205473766,0.0,phoenix
8829b6da81fffff,1.1856100570655275,1.1856100570655277,phoenix
8848eba497fffff,13.835372326174609,13.835372326174609,phoenix
8848eba49dfffff,10.29140121495168,11.632314280208474,phoenix
8848e96935fffff,2.3881019257604654,1.0640747429915243,phoenix
8829b6c157fffff,3.2406324835218148,7.21200045505243,phoenix
8848e96969fffff,1.4890865587081241,1.4890865587081241,phoenix
8829b6d89dfffff,5.8891093342853305,3.7844089362512343,phoenix
8829b6d125fffff,1.0157860968590577,1.039797539752203,phoenix
8848eba4c3fffff,6.572453464391148,3.3322407820715054,phoenix
8848eba4bbfffff,4.736230071614009,4.735116946607634,phoenix
8848eba483fffff,2.8066947082831506,0.36518918708982095,phoenix
8829b6d339fffff,6.317740682351408,7.03512392423292,phoenix
8829b6d307fffff,14.211614977837694,11.689407766986548,phoenix
8829b6d321fffff,2.9511358911875054,5.763623066313677,phoenix
8829b6d11bfffff,6.027554550384512,4.871163697314367,phoenix
8829b6d013fffff,10.263985453860327,9.018858692566717,phoenix
8829b6c2e5fffff,10.486567435529457,10.486567435529457,phoenix
8829b6d01bfffff,12.200533691881622,10.327699806360535,phoenix
8829b6d23bfffff,6.034163746712382,7.2954068868468065,phoenix
8829b6d0a3fffff,13.759746165782726,16.540141629386962,phoenix
8829b6d1e3fffff,9.275847054827997,9.275847054827997,phoenix
8848eba4a1fffff,0.0,0.0,phoenix
8848eba495fffff,14.39972112479948,13.274819701940928,phoenix
8829b6da91fffff,5.51976100442459,5.398139125553862,phoenix
8829b6d853fffff,0.0,0.0,phoenix
8829b6d31bfffff,11.104091622803045,10.23993297596593,phoenix
8829b6d04dfffff,10.936853388348764,11.66840993359051,phoenix
8829b6c037fffff,4.067913795590969,1.2405745434138424,phoenix
8829b6d527fffff,0.9148884532516852,2.6136395823749234,phoenix
8848ebb4b9fffff,5.239618023102747,5.403592740207703,phoenix
8848eba4c7fffff,5.666430572982672,5.429095862426587,phoenix
8848e96999fffff,7.014731678692354,17.34585907934508,phoenix
8829b6c15bfffff,9.742880982219058,9.413392654601903,phoenix
8829b6c303fffff,6.752279890704893,6.330521897849592,phoenix
8829b6d1a9fffff,10.699869191541405,10.750653118785133,phoenix
8829b6d159fffff,6.742580933276316,4.573114903779782,phoenix
8829b6d301fffff,10.239217063453436,11.996655464537866,phoenix
8829b6d303fffff,7.864500077352412,11.223646613036895,phoenix
8848eba6cbfffff,1.9017263890637817,2.684862117500307,phoenix
8829b6d329fffff,3.8480430895257234,14.477066813054943,phoenix
8848eba4d7fffff,1.1559210191005675,0.3941688645974235,phoenix
8848e96d25fffff,0.5386604220804907,0.5386604220804907,phoenix
8848e96d27fffff,7.558805864506658,7.691378366114219,phoenix
8829b6d287fffff,16.946322375323707,9.655036942292025,phoenix
8829b6c2cdfffff,6.160303150329112,4.069788631606692,phoenix
8829b6c2c1fffff,3.485340156162263,3.485340156162263,phoenix
8829b6d033fffff,6.752176100393568,6.014966179414247,phoenix
8829b6d009fffff,8.514887213479252,7.868622890144039,phoenix
8829b6d265fffff,6.237291337190817,5.389197826459609,phoenix
8848eba6bdfffff,3.8923849350905027,3.570779253502588,phoenix
8848eba6ebfffff,17.09113441535973,13.383498702962902,phoenix
8848eba6cdfffff,1.4084697811403415,5.305467741332095,phoenix
8848eba4ddfffff,1.7783188354446093,3.458059012505497,phoenix
8829b6daadfffff,0.0,0.0,phoenix
8848eba6a3fffff,3.413737358025332,5.372008209939588,phoenix
8848eba693fffff,2.853145811292178,2.8561467843135744,phoenix
8848eba695fffff,0.0,0.0,phoenix
8848eba697fffff,5.5575582742624885,5.379755597720002,phoenix
8829b6c117fffff,0.0,0.0,phoenix
8829b6d311fffff,13.214323031101088,10.914945880143666,phoenix
8829b6d661fffff,0.0,1.7541421689333496,phoenix
8829b6dadbfffff,4.90147329902842,4.994123243640299,phoenix
8829b6d357fffff,10.836594086094141,11.711855723317992,phoenix
8829b6d1c1fffff,0.9093988014877694,10.004479763459006,phoenix
8829b6c023fffff,4.293971116494784,4.293971116494784,phoenix
8829b6d259fffff,0.0,0.0,phoenix
8829b6d25bfffff,16.593015284477435,16.593015284477435,phoenix
8848e969b3fffff,6.838077203951087,6.277671635465732,phoenix
8848e969b1fffff,0.19252987834809587,0.19252987834809587,phoenix
8829b6d269fffff,0.5956685848808336,0.5956685848808334,phoenix
8848e96de1fffff,12.608302006851998,9.205758851508898,phoenix
8848ebb4bdfffff,8.578808792545965,5.784657948002594,phoenix
8848ebb487fffff,17.709051491266166,17.709051491266166,phoenix
8848eba6a7fffff,0.0,1.2565912630155314,phoenix
8848ebb485fffff,6.525452170891672,6.525452170891672,phoenix
8848eba6adfffff,0.22220474806079493,0.3033461025034998,phoenix
8848e96d37fffff,7.651785372718443,7.651785372718443,phoenix
8829b6d317fffff,14.912833828564995,12.437883684833286,phoenix
8829b6d33bfffff,14.239353534013794,15.065077035606862,phoenix
8829b6d66dfffff,2.093628294310266,2.128399441842127,phoenix
8829b6d101fffff,4.055535505251664,4.132929778969386,phoenix
8829b6d315fffff,14.691784602347326,12.367312929547575,phoenix
8829b6d02dfffff,7.126113615790726,11.3750042691588,phoenix
8829b6d115fffff,7.723590419814293,8.0555965177056,phoenix
8829b6c119fffff,7.1000558001573575,2.2758813078147635,phoenix
8829b6d157fffff,8.363684025644329,8.768337452786476,phoenix
8829b6d363fffff,11.382941449169941,9.674333630074964,phoenix
8848eba4d9fffff,7.400712931249765,5.2029431294300315,phoenix
8829b6d365fffff,1.5420854028198032,1.3561507076032746,phoenix
8848eba4c5fffff,1.763123513111502,1.7631235131115022,phoenix
8829b6d367fffff,3.3997100118008947,2.562191918496639,phoenix
8829b6d361fffff,5.021447949921036,1.4149226965908712,phoenix
8829b6d149fffff,7.082749161744348,10.291357244728633,phoenix
8829b6d323fffff,8.229054604240071,9.634672593931931,phoenix
8829b6d30bfffff,7.586083810337014,11.096599752045497,phoenix
8848ebb49bfffff,3.3773834051857277,3.3773834051857277,phoenix
8829b6d22dfffff,4.4271205927474595,2.3397954148934286,phoenix
8848e96995fffff,4.299663120850761,4.524270960290115,phoenix
8848e969d5fffff,8.493077786503811,9.280528958539755,phoenix
8829b6c343fffff,10.544357611934624,7.208693672078055,phoenix
8848eba60bfffff,0.44361333045798207,0.4436133304579831,phoenix
8829b6c103fffff,2.9364921828905164,4.140017806119511,phoenix
8829b6c363fffff,3.660257721150866,9.442457442190468,phoenix
8829b6c34dfffff,7.555859758264718,7.122982823591045,phoenix
8829b6dad9fffff,11.953241870030684,12.228545586183186,phoenix
8829b6c321fffff,11.93090174506687,8.881106753290265,phoenix
8829b6d831fffff,6.837149079376992,6.849973297776164,phoenix
8829b6d14bfffff,6.867143195452645,9.813620489055884,phoenix
8829b6d141fffff,13.847884788317634,10.991765647556946,phoenix
8829b6da93fffff,3.594703259092357,3.5161242878740695,phoenix
8829b6c03dfffff,9.058497878605715,9.058497878605715,phoenix
8829b6d2bbfffff,1.225172889145111,1.7512492842017868,phoenix
8829b6d227fffff,9.510210097118081,9.068698273617578,phoenix
8829b6c027fffff,0.0,0.0,phoenix
8848e96de7fffff,10.368152176284958,11.24614584894025,phoenix
8848e96d2dfffff,0.5639388266246984,0.5639388266246984,phoenix
8829b6c255fffff,8.524728357881173,7.101853696842843,phoenix
8848e969c3fffff,4.670273591160546,4.670273591160547,phoenix
8848e969ddfffff,0.6184918229990318,0.46835026952326564,phoenix
8829b6d839fffff,2.6439145858431483,2.6439145858431483,phoenix
8848eba6c1fffff,6.211181314110625,0.0,phoenix
8848eba615fffff,13.620767019450598,3.103572495750256,phoenix
8848eba63bfffff,0.4882882939101339,0.8835390766023344,phoenix
8829b6d241fffff,0.8510492158277735,0.6061143444229213,phoenix
8829b6d24bfffff,0.0,0.0,phoenix
8848e96d91fffff,1.3144987214369135,1.3144987214369135,phoenix
8848eba69bfffff,0.8875283831060518,0.8875283831060518,phoenix
8848e969d1fffff,13.675680136016565,11.812214319096523,phoenix
8829b6c11dfffff,2.6452820073359855,3.928896044135915,phoenix
8829b6d8a5fffff,2.4334931573092664,5.707207002911364,phoenix
8848e96b35fffff,2.3198135294682714,2.3198135294682714,phoenix
8848e96d67fffff,0.0,0.0,phoenix
8829b6c031fffff,2.3454218840510257,2.5239035701347423,phoenix
8848e96de3fffff,6.396596602143054,10.837588382428617,phoenix
8829b6c033fffff,17.992106832780042,10.712278542354447,phoenix
8829b6d243fffff,0.09263582283686708,0.09263582283686708,phoenix
8829b6d36bfffff,7.528400460017705,7.040624669522139,phoenix
8829b6c2bdfffff,0.7759133161489823,0.7759133161489823,phoenix
8829b6d127fffff,0.0,0.0,phoenix
8829b6d26dfffff,1.8152569066513795,2.398058744797086,phoenix
8829b6d245fffff,1.3867368862502023,0.6215727199995231,phoenix
8829b6d815fffff,0.0,0.0,phoenix
8829b6d06dfffff,6.271974986736418,12.253320828316458,phoenix
8829b6d837fffff,1.923451071189381,1.8127689339272801,phoenix
8829b6d9d7fffff,2.067745632341026,1.2599232532816296,phoenix
8829b6c105fffff,0.0,0.0,phoenix
8848e96d31fffff,2.7356875019178504,2.1843433076832497,phoenix
8848eba683fffff,5.184329796685528,2.8538662840300644,phoenix
8829b6c213fffff,2.7612890207177565,1.3800789824815096,phoenix
8829b6c221fffff,0.23520920549493152,0.23520920549493152,phoenix
8848e96d3dfffff,1.100929915938405,1.100929915938405,phoenix
8829b6c139fffff,0.0,0.0,phoenix
8829b6d1adfffff,12.188356746196822,12.43144455823128,phoenix
8829b6c1d9fffff,2.6403226119554883,3.0088960530780344,phoenix
8848eba4cbfffff,0.31232311289810577,0.0,phoenix
8848eba691fffff,3.3668004482913094,4.487930242640283,phoenix
8829b6d369fffff,4.59454381429967,9.598730549539079,phoenix
8829b6d25dfffff,2.085579955291322,2.085579955291322,phoenix
8829b6d123fffff,0.294732734233913,0.0,phoenix
8848eba6c9fffff,1.2642340135709633,0.15505897881806605,phoenix
8829b6d135fffff,9.305089752374863,8.764951635137123,phoenix
8848ebb4abfffff,2.74181455702556,2.74181455702556,phoenix
8848e96d07fffff,1.9212635608630682,1.9212635608630682,phoenix
8848eba4e3fffff,5.084242065561335,0.0,phoenix
8848e96925fffff,0.16699105368474895,0.4968478938381985,phoenix
8848eba611fffff,5.224087297609266,3.0267448113007847,phoenix
8829b6dad1fffff,2.0368716993579263,1.9954510019716403,phoenix
8829b6dad3fffff,3.795518018844773,3.3633754821874944,phoenix
8848eba4c9fffff,1.3528185489325772,0.0,phoenix
8848eba4c1fffff,0.27938734080284855,0.27938734080284844,phoenix
8848e96c01fffff,9.984095135449126,7.889636013090406,phoenix
8848e96c05fffff,5.245387389691023,7.334966435862262,phoenix
8848e96c47fffff,2.792419350922835,2.792419350922835,phoenix
8848e96c0dfffff,1.6922607116700483,0.6382503666073254,phoenix
8848eba4e9fffff,0.0,0.0,phoenix
8848e96c21fffff,0.21101264481262663,0.21101264481262663,phoenix
8848e96c29fffff,2.3096160588973866,2.3096160588973866,phoenix
8848eba6b3fffff,5.144529474359462,0.6722111154837332,phoenix
8829b6d36dfffff,0.8194705541606452,1.7512722415020114,phoenix
8848eba6b7fffff,12.575963019342561,2.2144718527212532,phoenix
8848e96c2dfffff,7.45819520331549,7.45819520331549,phoenix
8848e96c67fffff,13.741006652393603,13.741006652393603,phoenix
8848e96d5bfffff,7.916452958033135,7.562448946878155,phoenix
8848e96d53fffff,6.4688186891111625,6.4688186891111625,phoenix
8848e96c25fffff,4.371166615093043,4.371166615093043,phoenix
8829b6d1b1fffff,1.7571756076780694,1.729947822888828,phoenix
8848e96d55fffff,6.374566239494824,6.514459123416188,phoenix
8848e96d51fffff,7.985139438634794,7.985139438634794,phoenix
8848e96d59fffff,0.0,0.0,phoenix
8848e96d5dfffff,5.4085048092117045,5.86244794759912,phoenix
8848e96d1dfffff,2.082081241903942,2.082081241903942,phoenix
8848e96d15fffff,8.786808640170406,8.786808640170406,phoenix
8848e96d17fffff,0.0,0.0,phoenix
8848e96de9fffff,0.0,0.0,phoenix
8848e96dedfffff,3.486091509797365,3.486091509797365,phoenix
8829b6da9bfffff,9.104258387801233,9.154832306602284,phoenix
8848e96d09fffff,0.0,0.0,phoenix
8848e96d0bfffff,4.051692358604408,4.051692358604408,phoenix
8848e96d01fffff,8.984954458115558,8.984954458115558,phoenix
8848e96d03fffff,9.965312747102466,9.965312747102466,phoenix
8848e96d39fffff,1.5515869767966683,1.5515869767966683,phoenix
8848e96d3bfffff,5.0736783000111485,5.0736783000111485,phoenix
8829b6dad5fffff,4.706742311905443,5.02125196922385,phoenix
8829b6c265fffff,0.8067957815713358,0.7125056369990024,phoenix
8829b6da8dfffff,5.713417349274749,5.713417349274749,phoenix
8829b6da89fffff,3.33117047551347,3.33117047551347,phoenix
8829b6dac3fffff,4.127189316194668,4.127189316194668,phoenix
8848e96d2bfffff,1.251375753340771,1.251375753340771,phoenix
8848e96d05fffff,1.2429450684633088,1.2429450684633088,phoenix
8829b6dae7fffff,0.0,0.0,phoenix
8848e96d47fffff,4.4316060232059264,4.4316060232059264,phoenix
8848e96d4bfffff,0.0798787189026913,0.0798787189026913,phoenix
8829b6d137fffff,6.56971886873577,6.56971886873577,phoenix
8829b6dacbfffff,1.2294145626749744,1.2294145626749744,phoenix
8829b6dac7fffff,1.4593692037774642,1.4593692037774642,phoenix
8848eba4adfffff,11.055909310933203,11.137632557647139,phoenix
8848eba4a9fffff,0.20581004760963437,1.448709806215978,phoenix
8848e96997fffff,0.0,0.0,phoenix
8848e969dbfffff,0.8086485733817659,0.8086485733817659,phoenix
8848e969d3fffff,2.2695284845434145,2.645930153299907,phoenix
8848eba6b5fffff,1.1104614911559745,0.11887448915515453,phoenix
8848e96c07fffff,1.587381331480149,1.0577205968312806,phoenix
8848e96c03fffff,4.2896442270696555,4.2896442270696555,phoenix
8848e96c63fffff,7.204365242447284,4.603643692296153,phoenix
8848e96c0bfffff,3.2955652697036646,3.2955652697036646,phoenix
8848e96d8bfffff,9.204509667855671,9.204509667855671,phoenix
8829b6d647fffff,0.7117032702974452,0.7117032702974452,phoenix
8848e96d43fffff,2.2967742739236723,1.5289648520006605,phoenix
8848e96d57fffff,1.625868723002707,1.625868723002707,phoenix
8848e96d19fffff,1.7065119945158014,1.7065119945158014,phoenix
8848e96d0dfffff,0.5676822199357444,0.5676822199357444,phoenix
8848e96c09fffff,4.758614101556162,4.758614101556162,phoenix
8829b6c107fffff,0.9244037940266889,0.09642138351303796,phoenix
8829b6c0e7fffff,3.4881244290225992,3.4881244290225992,phoenix
8829b6c0e5fffff,6.9996069719057585,2.2904370405205827,phoenix
8829b6c1dbfffff,0.12366550487047542,0.12366550487047542,phoenix
8848ebb4a3fffff,0.09509870078883108,0.09509870078882932,phoenix
8848e96d95fffff,5.543400004046972,4.843096754694491,phoenix
8848e96dd7fffff,1.2422700617514841,1.2422700617514841,phoenix
8829b6d24dfffff,0.4980113120198268,0.4980113120198268,phoenix
8848e96c2bfffff,3.4395369354609127,3.4395369354609127,phoenix
8848e96d9dfffff,2.482073894429567,2.482073894429567,phoenix
8848eba6bbfffff,0.0,0.0,phoenix
