city,hex,auc_flood,intersection_density,circuity,orientation_entropy,mean_street_length,greenspace_fragmentation
barcelona,88394461cbfffff,0.0,10.62107619794888,1.0517903694541495,3.407861101080138,28.529902508896058,475.7692078841689
barcelona,88394460a5fffff,0.0,7.89390024609353,1.042098528187167,2.900209209535738,37.48696564709954,1922.2298074795656
barcelona,88394460adfffff,0.0,11.061155154352544,1.0421828604318395,2.5872521591657462,26.915533759601765,411.2635741563916
barcelona,88394460e7fffff,0.0,11.029473556910371,1.0194152818917848,3.3028833828016295,26.94324527706649,470.0287500762147
barcelona,88394460a9fffff,0.0,8.624242137536925,1.0233251024846086,3.170412083027332,35.228943341394405,431.1560768062015
barcelona,88394461dbfffff,0.0,8.901384406084466,1.02027642190289,3.3496953804216085,33.25106501062225,999.5445677549015
barcelona,8839446ad1fffff,8.822009185714332,3.98005827432546,1.094763134715829,3.0508810305162424,79.60478498823326,0.0
barcelona,8839446ad9fffff,7.487529410811621,5.204431011361853,1.0309506277912992,2.807504740365778,61.367565294773904,3417.0280203664975
barcelona,88394460e5fffff,0.0,9.135081860370184,1.022023923968054,3.2730274540918245,32.33740195431646,1068.5323184390518
barcelona,8839446033fffff,0.0,10.324433829464333,1.0201161595476271,3.138148883645766,28.850245781182192,2989.0456583411788
barcelona,88394460edfffff,0.0,10.211863333858329,1.0184796090155572,2.835208818711221,28.906246668303517,5839.451841332875
barcelona,883944603bfffff,5.21540641784668e-08,9.681918778133062,1.0170974631059206,2.908125532378576,30.946909908137997,994.2656737606612
barcelona,8839446037fffff,0.0,10.35746031603399,1.0095437707415842,2.7399713938002206,28.585180146652235,10587.33425271375
barcelona,88394461d9fffff,0.0,9.952667168225476,1.024152523949159,3.351349831267785,29.77054203542951,1001.7151682584677
barcelona,88394461ddfffff,0.0,11.430390984293023,1.0503381658758753,3.430630103712091,25.551570330546905,223.86737753956257
barcelona,88394461d1fffff,0.0,9.682791429529315,1.064572761466797,3.417610870157119,31.714678190497334,106.05121689568888
barcelona,8839446027fffff,0.0,10.98406469675957,1.0276925142744495,3.1749683619314717,27.70302742147288,826.2876993829659
barcelona,8839446023fffff,0.0,11.732478211828356,1.0095198621404724,2.914408159414163,25.297130256540935,999.469943538164
barcelona,883944603dfffff,0.0,10.412106938871467,1.0155315607757742,3.280394447550264,29.168065382747905,2295.357279026881
barcelona,883944602bfffff,0.0,10.099200781896348,1.019699676878652,3.105895409936221,29.863584127940342,646.2667487568976
barcelona,8839446031fffff,0.0,9.233163956820986,1.0204192450551564,2.823320333315116,32.739327830957876,6098.917877704276
barcelona,8839446039fffff,0.0,12.008706572673162,1.0061574357755572,2.6868246577527928,24.56398100509294,3592.3874472005855
barcelona,8839446001fffff,0.0,11.430952095757764,1.0243007350398825,3.221184766064059,26.193835298130914,521.470314341559
barcelona,8839446003fffff,0.0,11.823418082038614,1.0206056047368146,3.249373374398658,25.46769805028915,593.2922208875378
barcelona,8839446035fffff,3.687849244703228e-08,10.0977477769456,1.0118898382541357,3.006674778231347,29.65518213222084,1538.0023758782077
barcelona,8839446017fffff,0.0,10.202335910774623,1.0085442551292827,2.8271660842801207,29.427239872160197,4759.037871163242
barcelona,88394460e1fffff,0.0,9.085286917936,1.0183646591503148,3.1476676176712015,33.78326912971465,1133.5434281130174
barcelona,88394460ebfffff,0.0,9.099856287282218,1.0260395994504263,2.9592920622929735,32.6257125545876,1675.8402859361172
barcelona,88394460e9fffff,0.0,9.360078475334316,1.0108251270651298,2.7299614604968174,31.45471540938633,3470.420339416509
barcelona,8839446019fffff,3.687849244703228e-08,9.555347665483456,1.0728403119256291,3.45418540111628,32.23117155515131,116.84014859816456
barcelona,8839446011fffff,0.0,11.755741285125584,1.029025819424926,2.8898215456977843,25.69489530751204,980.3277774121786
barcelona,8839446013fffff,0.0,10.086223535438643,1.016369184348482,2.82793908485532,29.92515541293894,687.7385835855105
barcelona,88394460e3fffff,0.0,9.233559619641795,1.0364617757691368,3.0284464143691854,32.40095038425524,617.0514481326434
barcelona,88394460c5fffff,0.0,10.196602618996144,1.0105579556973383,3.1395618382713315,29.25320059515477,734.5188467902628
barcelona,8839446015fffff,0.0,11.020448281083672,1.0163812176736733,2.4980360413967944,26.349129007898423,959.114882206368
barcelona,88394460c1fffff,0.0,9.885445374090564,1.0294091982910003,3.14404542911415,30.371098913258113,763.4579460522265
barcelona,88394460cbfffff,0.0,10.550767924238617,1.02177674323789,2.955887892942114,28.17487001334359,655.8918248498896
barcelona,88394460cdfffff,0.0,10.944478226107556,1.0141938885453603,3.237390336789688,27.689927608541808,791.0127741075485
barcelona,8839446137fffff,1.5098579819522375,7.23477931839993,1.0836573458828322,3.15128996583297,43.002156309021686,0.0
barcelona,8839446addfffff,0.0,6.696167523829701,1.0729218713590312,3.1637417615368104,43.46438094382492,35525.5026019811
barcelona,88394461e3fffff,0.0,6.043615736783519,1.0755539555527986,3.1851306869265983,48.47800867900307,412.3360198509821
barcelona,88394461d5fffff,0.0,5.860579210853133,1.1139282715175864,3.5239916716853696,50.84634476516732,74.22421412287476
barcelona,88394461d7fffff,0.0,6.291819519774527,1.0548521823525172,3.238628347709445,50.737432665934016,41.969538210961005
barcelona,883944608dfffff,0.0,10.407261425866231,1.0467081786386645,2.876230061810387,29.61978727651299,821.4653460541012
barcelona,8839446085fffff,0.0,7.457609579978365,1.0222302018921845,2.905081049677282,40.1102570933263,589.6655091071559
barcelona,8839446081fffff,0.0,9.18691824068542,1.0396009057710618,2.822875886947634,32.36741858406344,219.7052636598884
barcelona,883944608bfffff,0.0,7.563181884018957,1.0639051718606896,2.7159807323872296,40.33814741482784,302.50184801410876
barcelona,8839446089fffff,0.0,9.418679701382922,1.0158734152451805,2.8478789876570456,32.713081329486,676.8512041846269
barcelona,88394460c3fffff,0.0,9.226250782800218,1.0370858856913951,2.982092641763605,32.52666911121228,1078.5663630025188
barcelona,88394460ddfffff,0.0,9.760377236020508,1.019800450790818,2.9262920129789447,31.006135483217996,1010.074832280607
barcelona,88394460d5fffff,0.0,8.91216601650343,1.0458607112519318,3.0783395898127197,34.511544504256825,299.57746345612577
barcelona,88394460c9fffff,0.0,9.89359095387105,1.0159450147928026,3.1928161857188555,30.2107688020943,982.0218643835676
barcelona,883944601bfffff,3.687849244703228e-08,11.043375415541954,1.0445934352989763,3.4061807573794503,27.40909749951825,527.0824814454169
barcelona,883944601dfffff,0.0,11.057996304037976,1.0393065116441045,2.981917100677547,27.36942109300727,214.46183986148853
barcelona,8839446057fffff,0.0,8.821560161838988,1.1041455392789383,3.4983280234742766,35.51531552957472,45.81193329085629
barcelona,883944600bfffff,0.0,10.065936776749334,1.0520722591001634,3.5078017302017166,30.727022330656865,309.08277343374687
barcelona,8839446055fffff,0.0,9.302448103050288,1.0901833726185244,3.495892666027773,32.68909244771312,1419.802062472383
barcelona,8839446051fffff,0.0,9.59651336858149,1.057638695139805,3.4705083188233417,31.673229379858498,1118.6086125413692
barcelona,8839446053fffff,0.0,10.450551889761243,1.0538054787219076,3.4473444935242132,29.00926730907503,933.4104922582184
barcelona,883944605bfffff,0.0,9.19575043686745,1.0397067816029584,3.47531237161115,33.216924225120586,657.4586166466448
barcelona,88394462adfffff,0.0,11.525985829722684,1.028049403848389,3.545543722355217,26.865060119395785,379.7617332251016
barcelona,88394462e7fffff,0.0,9.946235612603092,1.027919463962361,3.353990132076113,31.05207197325076,302.56443558716404
barcelona,88394462a7fffff,0.0,12.921414116091364,1.0206761944655427,3.441953090409436,23.516901659026495,642.946090464701
barcelona,88394460d1fffff,0.0,10.164719984307007,1.0166490104741417,2.404925059661478,30.92991640491049,817.7925056362233
barcelona,88394461c1fffff,0.0,9.23409312600036,1.058824189342487,3.4963371006216484,32.96657285471239,73.76801827810219
barcelona,88394461c9fffff,0.0,11.893497814590948,1.0308026037799605,3.331302272738415,25.32516707638281,601.7725230500972
barcelona,8839446021fffff,0.0,9.337217366359043,1.0329221467511849,3.2324365246986098,32.384193714400936,450.26584442664114
barcelona,8839446025fffff,0.0,10.1422942799507,1.0305856254855637,3.2831225080329483,30.783685224686003,1330.758054857471
barcelona,8839446063fffff,0.0,8.947886682357977,1.045253043121658,3.4242406297640207,33.86983631877555,244.75595560534515
barcelona,8839446005fffff,0.0,11.12661006992383,1.0276633555981105,3.137843192685439,27.65373332566276,873.0322380406585
barcelona,883944606bfffff,0.0,7.116386206676985,1.0658284824680309,3.4439378249111865,41.67074368279564,277.83106332805374
barcelona,883944600dfffff,0.0,10.2028604846452,1.0143544933097015,2.889782786246357,29.394021532151022,2152.0334326475186
barcelona,8839446009fffff,0.0,8.882739791851575,1.0483616519757042,3.335322403029644,34.451543505334705,728.1102316900176
barcelona,88394462a5fffff,0.0,7.619678332762315,1.0798319131751208,3.4791833967425294,40.636324678938315,25.6549922379305
barcelona,88394462a1fffff,0.0,11.53330176809183,1.015428063387808,3.444930494939733,26.52064313734945,901.4902302641956
barcelona,88394462a3fffff,0.0,10.9856685663663,1.022730485065373,3.299788337495431,27.63793282877658,280.0518613114682
barcelona,88394462b5fffff,0.0,9.70123108417559,1.0664572436493092,3.2047861441286436,31.692206224277996,294.0100785364958
barcelona,88394462bdfffff,0.0,10.531531772123504,1.0154252915269557,3.2706758541123464,28.711223143864597,720.2943660446795
barcelona,88394462abfffff,0.0,10.476115422862389,1.0255744739297608,3.397979683574924,29.118742012248905,86.67127290034858
barcelona,8839446287fffff,0.0,9.98437933028594,1.0352880061358802,3.391614195641937,30.210000669788055,407.925799706532
barcelona,8839446285fffff,0.0,12.173226656108904,1.0301456885803004,3.444507404007983,25.02125201355908,784.6461789247473
barcelona,8839446281fffff,0.0,9.517138559721968,1.065836401298076,3.4814779405923253,32.18081447234856,722.5527792501916
barcelona,883944628dfffff,0.0,8.352872249487854,1.1433025229448044,3.491433697236806,36.92001370111285,247.68502956772255
barcelona,8839446283fffff,0.0,8.82845313043879,1.0531311251393345,3.3933982139242977,34.895409545979994,154.82647006949293
barcelona,88394462b9fffff,0.0,7.336130449575688,1.0236712327540682,3.147281668495572,40.091659912595304,1097.0396895094211
barcelona,88394462bbfffff,0.0,9.750073888519513,1.0367755430193542,2.61113598687632,31.682636409632146,188.7661300719028
barcelona,8839446295fffff,0.0,10.955061969478097,1.0455010798899178,2.8891433628786194,29.107781581595205,78.72023311772283
barcelona,88394462b1fffff,0.0,9.7510160095407,1.0475926017727897,3.16368299298086,30.93082011464031,547.7429441362927
barcelona,88394462b7fffff,0.0,10.260069878714829,1.0340674711740647,3.077855980831271,29.973614642833105,1032.8671418962915
barcelona,88394460c7fffff,0.0,9.744148493951696,1.031017474493816,3.0418764902876285,31.113200089184485,705.5335200571158
barcelona,88394461cdfffff,0.0,10.266007998269558,1.0448929920404548,3.4219100013076185,31.053789327471772,886.7740093725148
barcelona,8839446007fffff,0.0,11.527501665728812,1.018413806645485,3.436021642804266,26.576303381824,301.37979309574445
barcelona,8839446029fffff,0.0,9.585578294590617,1.032071700071028,3.3297060965283034,31.92986036568183,549.6837192330136
barcelona,88394461ebfffff,0.0,8.421728989133086,1.0331016100623094,2.9868271207430506,35.4422291277713,2249.7438438374497
barcelona,883944618dfffff,0.0,7.009975564730613,1.082532444555204,3.3458966190794985,44.16406851024275,136.36571086633876
barcelona,8839446181fffff,0.0,7.461591996046355,1.0637080371966852,2.867119670559062,35.268330790035236,250.9237289965456
barcelona,8839446199fffff,0.0,5.145816132238954,1.04295621331852,2.8427686961869996,53.60900231883904,28894.336789645684
barcelona,883944619dfffff,0.0,4.453877428371526,1.03062924907508,2.654754515616476,58.937409980763235,3809.514785363128
barcelona,88394461e7fffff,0.0,6.73124708724176,1.041110260197059,2.9504960572181655,44.797997732711465,2505.9580755810725
barcelona,88394462a9fffff,0.0,11.40752605027292,1.0408527394013654,3.287159277210334,26.821421510532907,467.5629878919873
barcelona,88394462e5fffff,0.0,8.95290359809483,1.116310039651278,3.4967025697512213,34.39632924597556,693.9727018227917
barcelona,883944615bfffff,0.0,8.857205919993305,1.0379510687911968,3.4265053119903044,34.224335957595486,622.2783472900014
barcelona,88394461c5fffff,0.0,9.413880278199692,1.040829257880422,2.807636373056496,32.447592007967366,284.7230988812777
barcelona,88394461c3fffff,0.0,7.571612256646869,1.110537044193027,3.4241671119384245,40.56352464686216,90.0886561416882
barcelona,8839446189fffff,0.0,5.847526764782126,1.154027457658919,3.4670368070423665,52.51822519168232,18.619182444957257
barcelona,88394461c7fffff,0.0,6.8604515813605005,1.096818832142047,3.3472192063172974,44.4973782298743,46.361826154872176
barcelona,883944602dfffff,0.0,9.285812159035778,1.0310795066468186,2.994583820526941,32.489658482522465,962.8910986812105
barcelona,883944628bfffff,0.0,9.087686842988242,1.0654672809109518,3.517664009326902,33.588684443764656,98.36909237352396
barcelona,8839446069fffff,0.0,4.87602623692981,1.1441671319923157,3.3733118184864312,68.05919225090162,0.0
barcelona,8839446313fffff,0.0,6.225367979908772,1.127866420452279,3.4635228438088355,49.69585749765329,564.5222268074594
barcelona,8839446045fffff,0.0,3.892529686524788,1.1545298896700165,3.485193235869544,78.27493289383804,1044.1085079639236
barcelona,883944604dfffff,0.0,2.524957497186481,1.2086852090564897,3.4030341249352865,132.0154235090139,0.0
barcelona,883944631bfffff,0.0,3.5262065781332224,1.2486441910093102,3.4777302041689153,90.3217504782552,610.4087350744998
barcelona,8839446225fffff,2.950279395762582e-07,4.3422106553332105,1.1443350770405585,3.517612507236366,69.48629670014965,0.0
barcelona,8839446067fffff,0.0,8.830032244651422,1.0404537472858206,3.157969469094434,33.86723210070579,1287.3662302884843
barcelona,8839446041fffff,0.0,4.81374605400118,1.2011007805676963,3.5251110073594347,65.63957023856427,0.0
barcelona,88394460d7fffff,0.0,5.092226794448989,1.0380851704936236,3.2216614246756636,59.37001504428528,266.3352962668724
barcelona,8839446065fffff,0.0,4.492024509599738,1.1971642217385992,3.2439871414948858,67.94148263051206,247.2606274287131
barcelona,8839446061fffff,0.0,5.273088151770049,1.171459772238384,3.4950741492217947,58.40979538652541,9.161407423506285
barcelona,88394462e3fffff,0.0,10.504083775666375,1.0781547745370772,3.17574198576857,29.17192507505906,545.2812799521813
barcelona,8839446043fffff,0.0,4.314001089377291,1.2186962476693388,3.5216982092669165,73.808038895272,336.39733992137985
barcelona,8839446047fffff,0.0,5.402081819251865,1.1978418837378746,3.430349148084617,58.23805564214931,367.9235958762936
barcelona,88394461d3fffff,0.0,5.549803020229771,1.1418080048191044,2.165565653310257,52.44236147814724,13645.114040362403
barcelona,8839446059fffff,0.0,11.0960212295628,1.0730058225560852,2.9365064162009995,27.340928892411167,2684.121457332813
barcelona,88394462ebfffff,0.0,2.132955633650462,1.2088989242190438,3.044820482464577,162.28834800535384,0.0
barcelona,88394462e1fffff,0.0,3.8968831451082977,1.190182065941206,3.4488721872205494,83.73763783071189,0.0
barcelona,8839446153fffff,0.0,8.487889853179835,1.07095778061486,3.440396341879489,38.004810470112425,309.48112823156276
barcelona,8839446311fffff,0.0,3.607485840125749,1.122066522894608,3.2811235607848115,99.7924914897105,0.0
barcelona,8839446237fffff,0.0,4.9848203783121,1.1472678056340408,3.284707746531151,64.1948908314234,918.2946594229694
barcelona,8839446289fffff,0.0,7.240182014699311,1.1201952443865852,3.4525353279920767,43.24411146841055,1397.845304969702
barcelona,88394462c7fffff,0.0,8.667879941673316,1.1134980099442575,3.43723441052398,36.131881762814665,609.6841460659186
barcelona,88394462c3fffff,0.0,9.906019244055503,1.0675318815385502,3.4623178637475687,31.864451259109288,2923.5089844151994
barcelona,883944605dfffff,0.0,9.064127651833257,1.1601238391023008,3.4731835019483155,34.0754541189089,3284.666732656983
barcelona,883944604bfffff,0.0,4.875548659637693,1.2833201391173483,3.2081269519184468,72.1666168086195,239.3366121670028
barcelona,88394461a5fffff,0.0,6.1224112599133855,1.2746177972067383,2.6792041487148097,45.37064989353681,3214.237056681044
barcelona,8839446ad3fffff,1.5314162763767853,6.043296666001132,1.128919718487963,3.1160747388811365,49.88967843280249,1114.917699678211
barcelona,8839446233fffff,0.0,3.4152600051451345,1.4911768907736211,3.3107196349884025,96.41090054252965,338.4565151507307
barcelona,8839446adbfffff,0.0,6.604483140297777,1.1142056202103678,3.229164860365079,45.60611525212074,5357.598919440208
barcelona,88394461adfffff,0.0,5.825149008958279,1.0532426155945118,3.1045138625949495,51.19058252857699,2503.5316678909903
barcelona,8839446133fffff,0.0,3.5996926574414196,1.1262808779429463,3.177801057576312,78.28951208809363,1159.4838891526706
barcelona,88394461a9fffff,0.0,5.881703109288776,1.0246812942209034,2.518501087179275,53.47364924549718,0.0
barcelona,88394461e5fffff,0.0,5.850040488504152,1.038741078279766,3.32044517262469,49.43370729783355,2880.9462222026423
barcelona,88394461e1fffff,0.0,6.24659088112088,1.0535025406083356,3.0965759655808647,47.29852668076921,2399.5494474258435
barcelona,8839446319fffff,0.0,5.2455713995858195,1.1758085727320569,3.2186824872455024,61.49580676506679,0.0
barcelona,88394462d5fffff,0.0,7.836936457850724,1.1626456450995293,3.2880084410964896,39.213929425556785,112.88850347111548
barcelona,8839446227fffff,0.0,4.478635211715479,1.0668760989609958,2.665394159983387,60.895174497323794,0.0
barcelona,88394462b3fffff,0.0,10.875639003159188,1.0520715074904825,2.1036607376747836,31.82836852651088,12.199709453023692
amsterdam,881969c9b7fffff,0.0,6.236558532411135,1.0113588390411503,3.0977412735722147,46.27094046688323,1179.209989677933
amsterdam,881969526bfffff,0.0,6.873923469340349,1.0312816694065503,3.2499963925461013,41.64288434061803,523.811707058231
amsterdam,881969526dfffff,0.0,7.881638367257753,1.0458089649303692,3.3053514423801444,36.43007957128425,1021.2543775444424
amsterdam,8819695265fffff,0.0,6.447511126752841,1.037383464518673,3.1095371651847112,45.19885466098654,543.5306984828171
amsterdam,8819695269fffff,0.0,6.901667519434747,1.071277901472309,3.2165798986691394,42.238985550676226,1145.7914672544196
amsterdam,881969c9b3fffff,0.0,7.232829242810573,1.0253834139297506,3.2749357890065665,41.72541871982401,341.45464281598794
amsterdam,8819695343fffff,0.0,5.697831590658963,1.0314773044445071,3.0559513307505313,53.385661661952454,362.22742166672106
amsterdam,881969535dfffff,0.0,7.318712275687153,1.031319155904046,2.95328053341389,38.32474816776615,1225.169456772069
amsterdam,8819695355fffff,0.0,9.691078626050455,1.044468364494869,3.3736316409482248,32.25670778125698,255.05493173428317
amsterdam,8819695309fffff,0.0,6.078726573281957,1.045259285830087,3.2755543987553475,46.60215101486032,1178.8199849354637
amsterdam,881969c9bbfffff,0.0,11.113860808930871,1.0388034396954189,3.389290845909428,25.636809113939595,192.2980496373112
amsterdam,881969c9b5fffff,0.0,6.5777809011735195,1.0129367178649715,3.1213900256115714,43.43627281098893,845.4074223645134
amsterdam,8819695351fffff,0.0,7.914861781840411,1.0310627976226054,3.3281605306635313,36.321629863633184,560.3915729987775
amsterdam,881969530bfffff,0.0,6.560654128129472,1.0215172085191082,3.1640291016307547,44.345528179454504,173.2957434192505
amsterdam,881969c983fffff,0.0,9.909301035640803,1.0370438398016628,3.377585755403266,29.774869286183183,1195.824801320994
amsterdam,8819695357fffff,0.0,6.394491760728152,1.0226406181254837,3.1537326067632603,46.96875188312503,735.6490860958726
amsterdam,8819695251fffff,0.0,6.114639276651216,1.171145045995534,3.225700209789186,51.10685779834682,225.05790439834433
amsterdam,8819695259fffff,0.0,6.374604030726687,1.0507668072624283,2.6702231488476236,48.846523487277025,125.26271141145646
amsterdam,881969534bfffff,0.0,6.905082128924545,1.03731505341524,3.1881875132394133,40.83721655133648,1245.0695116665509
amsterdam,8819695245fffff,0.0,7.4613828997259315,1.023089693334709,3.135732680828991,38.44435762342321,1082.248954501746
amsterdam,881969524bfffff,0.0,8.0973992555016,1.0535724903969794,3.367900159973992,35.762511418290536,895.3232005071097
amsterdam,8819695243fffff,0.0,6.841218991009829,1.047171130884751,3.341484327589414,47.01463691240614,359.74227449812844
amsterdam,8819695249fffff,0.0,4.102935220292444,1.129456082603412,2.4091210799227603,75.82647407456173,589.8342700559778
amsterdam,881969520bfffff,0.0,6.9179735665554745,1.077934581047807,2.803862344305496,38.82972697804765,1419.341805148386
amsterdam,881969525dfffff,0.0,7.560970797760484,1.0310082494451578,3.163892550988623,39.67744460656536,940.304126056678
amsterdam,881968269bfffff,0.0,6.8338129395016995,1.0425458668659855,3.1942454540136502,45.24954595711785,915.2721253639968
amsterdam,881969c9a7fffff,0.0,6.525918699324815,1.0773023450793149,3.147803788503485,45.68500768996382,294.95487727750884
amsterdam,8819695349fffff,0.0,6.506049806488701,1.054575688521782,2.997860166713794,48.27853666126239,854.6135715115694
amsterdam,8819695241fffff,0.0,8.00484283553345,1.0552522540926417,2.7390977607120273,36.99551093921879,1640.6203994016917
amsterdam,8819695247fffff,0.0,6.366257878097785,1.033356051439268,3.10899415035735,47.33149506053197,804.5240768853826
amsterdam,8819682699fffff,0.0,8.003774439236684,1.0932223956777134,2.4772492385932043,34.66770953867485,1195.46179279315
amsterdam,881969c9a5fffff,0.0,10.306673812743645,1.0507862180157057,2.8774279594709995,28.51990058485716,724.6713900366736
amsterdam,881969c9bdfffff,0.0,4.876325519758992,1.0545541349591234,3.1530155660407813,59.99007226785967,694.288725858315
amsterdam,881969c993fffff,0.0,6.143406662070998,1.0326380784686158,3.038179657906793,46.89024501664509,530.8435073520999
amsterdam,881969522dfffff,0.0,6.841669243615113,1.0529842156735276,3.2130028227443517,44.0704074954421,647.5276411625488
amsterdam,8819695267fffff,0.0,7.670437502584229,1.0175611232482495,2.739553029234786,37.327178453278925,1442.076807636656
amsterdam,8819695315fffff,0.0,5.881083408004665,1.0406004343947886,2.9146501921426906,46.79909103542962,750.5660170240368
amsterdam,8819695311fffff,0.0,6.5871451477585365,1.0687454852514602,2.411985902198422,41.22016028451119,1945.2267352952251
amsterdam,8819695207fffff,0.0,10.1343310991269,1.042853845496068,2.9348874877119036,28.799007660268504,4373.502498222681
amsterdam,8819695049fffff,0.0,10.146263070859472,1.1068437060350818,3.5032390561550266,30.74040065394827,418.586829494681
amsterdam,881969531bfffff,0.0,6.929144691760089,1.0673119560391573,3.117230390072108,41.49802036717861,943.949454290867
amsterdam,881969c9a1fffff,0.0,7.163960821576283,1.0952533506995874,3.3289058836582788,40.27445115207237,1333.1862873446394
amsterdam,8819695301fffff,0.0,6.068185061799626,1.0613544461559898,2.5070412516522875,49.6805198201862,873.2414029890855
amsterdam,8819695347fffff,0.0,5.830439696136241,1.034444800821218,3.060577934525159,47.64268087051092,318.4819750728054
amsterdam,881969530dfffff,0.0,6.429044660347228,1.0403868849374556,2.8930370132071808,48.21867266096377,168.50306255684768
amsterdam,8819695345fffff,0.0,7.844624285276471,1.0522095545265522,2.8509968520907383,37.397246352434586,503.7072083301398
amsterdam,8819695209fffff,0.0,8.53491799861499,1.033872904210452,3.0232377369208736,35.04022189894257,1219.170161363317
amsterdam,881969505dfffff,1.3309331413117302,6.233787150565502,0.9991883789071928,2.166649565640594,46.78803745171312,386.3250302479766
amsterdam,8819695237fffff,0.0,3.2462958529411674,1.663188931639289,2.1776047163774317,94.78258348312164,374.6152356478729
amsterdam,881969504bfffff,2.38701574586786,6.399732724366985,1.0852444153424814,3.4230540596328125,48.67991757722608,274.45274054868236
amsterdam,8819695061fffff,0.0,7.927941579913846,1.096261376426774,1.8370656682286504,39.7095275793185,22.57119938702123
amsterdam,8819695043fffff,0.0,24.310582441812095,0.9981041573211537,1.5518880935662325,14.238813363783978,217.5488461773786
amsterdam,881969506bfffff,0.0,4.315084658745999,1.033078893726136,2.2603280353929356,63.72991997795879,208.63441294477883
amsterdam,8819695045fffff,0.0,6.556097863751837,1.0409603403443055,2.0642073263391287,45.449046595024264,304.1057552554653
amsterdam,8819695069fffff,0.0,7.470515373844725,1.065826527111744,2.2104336985427415,40.40749356084192,557.6833079552051
amsterdam,8819695041fffff,0.9480447644735376,6.523688138305342,1.0553230692158524,2.7646193671769095,46.63610446211364,339.6143260463567
amsterdam,8819695235fffff,0.0,5.314729062078688,1.0159545359056623,2.815753242815647,65.44568554553574,458.939499648043
amsterdam,881969504dfffff,0.0,7.416423829748059,1.064121361271399,2.389239519431448,41.70644041947083,1111.959446237075
amsterdam,8819695313fffff,0.0,7.552321402632568,1.0482326233667247,2.4554574364271025,40.11950439496012,897.1286711078169
amsterdam,881969514bfffff,0.0,4.531112684973602,1.075483602413016,3.0806329152133505,66.20890294670478,183.13950417286395
amsterdam,8819695317fffff,0.0,6.67266126131603,1.0796354191479742,2.6528549506963057,40.64610828508184,648.5492006192463
amsterdam,8819695231fffff,0.0,9.363278669597175,1.0405826492787162,2.7295807137914223,33.50594393978188,660.1145168611772
amsterdam,881969533bfffff,0.0,4.667396638976724,1.1909501680786116,3.0254643959249035,61.465795194242546,302.14537695372667
amsterdam,8819695149fffff,0.0,5.942333762630004,1.1264064673825218,3.302086499705013,52.026748697246,379.90219782615526
amsterdam,881969523dfffff,0.0,7.034074809768533,1.0832733651600768,2.9743895337087136,41.2577059610971,920.6434500219566
amsterdam,8819695227fffff,0.0,10.21182534501154,1.0519209326031256,3.0683511282526954,27.003279439194404,2083.720496005138
amsterdam,8819695223fffff,0.0,10.228604455758802,1.0856223742962638,3.4263871621174298,28.967421467693793,1406.0720753262044
amsterdam,881969514dfffff,0.0,3.92074158837593,1.0690003733997595,3.216449536631245,78.16164518768139,446.9054213572207
amsterdam,8819695331fffff,0.0,4.044721123601519,1.1030054197341583,3.2712245374955375,72.86950894721323,161.81723596842775
amsterdam,8819695239fffff,0.0,7.987071542294153,1.172578111346693,3.0067199259011246,37.334430962000226,1613.8528603655266
amsterdam,8819695335fffff,0.0,5.470704242676523,1.042650872526942,3.3685212056058904,52.98313701600462,173.2709566221816
amsterdam,8819695339fffff,0.0,6.330141176779461,1.0959960613058457,2.4216054398187543,45.40580402139308,513.4870852523292
amsterdam,8819695215fffff,0.0,9.968201186200847,1.0836879090505291,3.1179036088624903,32.1535264513433,1067.4985817354566
amsterdam,881969521dfffff,0.0,9.446763309038896,1.068552603522179,3.1229299327073017,29.778678477888164,943.7096190362786
amsterdam,8819695203fffff,0.0,8.377431844832325,1.0729400557097115,3.116757830223868,35.20390685009895,1163.3295929687465
amsterdam,8819695323fffff,0.0,7.271899452772589,1.0571621725311566,2.848966594222392,38.80997311020552,813.7656202227097
amsterdam,8819695221fffff,0.0,8.750727218145684,1.0270778401917702,3.1988520814920434,33.307107499212975,2580.9145972302067
amsterdam,8819695327fffff,0.0,8.398067324379943,1.0476238361287054,2.9703585516724953,34.5034552408709,1279.727738862301
amsterdam,881969522bfffff,0.0,8.845395978377603,1.0368976591429002,3.188888729705297,31.902341273530595,1691.1124503295562
amsterdam,881968249bfffff,0.0,6.187460437131372,1.0398061417209363,2.9094512030060287,47.50235123203232,810.3072709827907
amsterdam,881969533dfffff,0.0,6.865756000918442,1.135235474608971,2.770235111161402,40.82624408230261,757.2606368239565
amsterdam,8819695319fffff,0.0,7.207248227613314,1.0222102872815302,2.680077807683766,41.25431616857731,907.5474290889564
amsterdam,881969531dfffff,0.0,7.20204240700332,1.0242559141363448,3.140873368092754,39.93459121947858,799.1829938343806
amsterdam,8819695303fffff,0.0,6.16287034179947,1.051302474897479,3.3174499706943403,48.90089297671364,664.5267809346927
amsterdam,881969cd67fffff,0.0,4.477209157182712,1.0127394482122205,2.937414078358666,65.22710643561982,50.76866713393396
amsterdam,8819695225fffff,0.0,8.135172198045707,1.0438041819319972,3.2147244318176544,36.76202706964104,700.4002195579069
amsterdam,8819695307fffff,0.0,7.994312456522192,1.093431622422393,2.367977830357084,35.2845192419244,1305.0456210449076
amsterdam,8819695201fffff,0.0,7.437705279999266,1.0701738616997387,3.0411001536385545,39.51840469921552,644.1896998855204
amsterdam,8819682491fffff,0.0,6.447237480850398,1.040274301990857,2.47971731984882,50.4823498560313,884.3086194666566
amsterdam,8819695321fffff,0.0,8.712200663581077,1.024213380571629,2.6160794890189214,33.99968993486943,1334.5387008405576
amsterdam,8819695205fffff,0.0,9.035615843506228,1.0404394860101325,3.168585230938208,31.841207397009565,1392.17776007601
amsterdam,881969532bfffff,0.0,7.7843705309935505,1.0788341691898584,2.725752187512517,36.55715859774015,1513.0180899753811
amsterdam,8819695229fffff,0.0,6.2424639625353056,1.027522855356451,2.777117266781959,49.59716912799329,925.9667183861262
amsterdam,8819695325fffff,0.0,8.897740230914371,1.0365943265428463,2.4455502969803167,32.904832274634735,824.2005089870551
amsterdam,8819682499fffff,0.0,7.583041320316692,1.048458168881771,2.916878371571343,38.962539299760294,1688.124940273544
amsterdam,8819695353fffff,0.0,6.467165310950304,1.0102063735877604,3.4733520832998797,44.05078689543671,1344.1390066552376
amsterdam,881968249dfffff,0.0,6.513309808828037,1.068458133578848,2.342586210052183,46.8783678797974,973.8265025762072
amsterdam,8819695305fffff,0.0,7.101054350335539,1.0672502345281027,2.881113494162733,42.07959960134709,855.7408876070285
amsterdam,881969cd63fffff,0.0,5.735631880884296,1.03332301548034,2.198644616695466,50.448121124405354,251.69325474004484
amsterdam,8819695263fffff,0.0,5.9864706267211965,1.049576566381602,3.060273088570626,50.561008515787954,531.1460273330422
amsterdam,881969520dfffff,0.0,6.222610801082034,1.0473827451669768,2.9467665992810126,49.52852286019304,730.3194213128398
amsterdam,881969532dfffff,0.0,10.674652917279367,1.0292442054787627,2.3125762806687824,27.75699580982847,1032.9804720614927
amsterdam,8819695329fffff,0.0,7.578560644447872,1.0647281779985645,2.808863344647045,41.15177564656227,628.4087775290888
amsterdam,8819682483fffff,0.0,5.525182622636708,1.1900229448910946,2.937145213909006,57.51067992647733,412.2187283534031
amsterdam,88196824d3fffff,2.60770320892334e-08,10.200348135364996,1.0220401401563666,2.25611182880501,29.101061519312843,1074.6157804001605
amsterdam,881969535bfffff,0.0,7.42069635163551,1.0102132344191226,3.258582526209304,39.77445930084113,2156.301417131079
amsterdam,88196824d7fffff,0.0,8.716775160940339,1.072028901333101,2.643639993202647,35.013527558474664,1248.8889454352975
amsterdam,881969cd61fffff,0.0,7.205476771295507,1.049520854233577,1.8585808425558432,41.20129859868018,559.6641505654221
amsterdam,8819695255fffff,0.0,10.957542788700035,1.07435595529868,3.2714535605196353,25.48684701255272,1640.070983476078
amsterdam,881968248bfffff,0.0,6.79988702586195,1.0679045742264457,2.9222662807864697,44.51704009525397,699.470613207879
amsterdam,881969cd65fffff,0.0,8.955272102315533,1.053060256989564,2.859749118179389,33.419772252869805,126.21335698954144
amsterdam,8819682481fffff,0.0,2.8000893085863208,1.411660825220931,3.048634713330811,111.60358315777135,102.06168899893204
amsterdam,8819695363fffff,0.0,6.708325783732771,1.0487177469692806,2.3518409876913604,44.09798740106255,599.2524200572468
amsterdam,8819695367fffff,0.0,6.359986812884003,1.07532773958904,3.326866493445723,52.874824387916775,221.3489730391383
amsterdam,8819695261fffff,0.0,8.5739748784826,1.031544875462325,2.8740052932746263,32.99458429159413,1754.3063459123564
amsterdam,88196824d5fffff,0.0,5.047327029500553,1.094689564543211,2.961292147039201,52.72672658272329,426.0265051000554
amsterdam,88196824dbfffff,0.0,9.077889442699323,1.050541720486728,2.959954118711849,32.83067994889226,656.8087032037885
amsterdam,88196824d1fffff,0.0,6.636058326464978,1.0411616149744158,2.4286263613777193,44.649441237526496,911.268390399116
amsterdam,8819695359fffff,0.0,5.481209423388945,1.0108938788934192,3.30993699648817,53.56378189036558,1113.4099419236236
amsterdam,881969c8b3fffff,0.0,8.155442710062188,1.0974802102383534,2.8736432152235074,36.25469363646874,1012.3015665608194
amsterdam,881969536bfffff,0.0,8.775941010180587,1.0537708232516458,2.921138588653501,33.44410359389856,520.1208506059625
amsterdam,881969c8b7fffff,0.0,8.675164199228469,1.1121259903771314,2.5415044884352307,32.42013563558984,274.1235506438528
amsterdam,8819695361fffff,0.0,7.673376863659848,1.0124638420359724,3.4344365738134464,39.947557478674504,203.4337479456021
amsterdam,881969c8b5fffff,0.0,6.726942335560477,1.039880644493551,2.9324895296460616,43.46665189517359,816.1738122620048
amsterdam,88196824d9fffff,0.0,5.999788078922546,1.0471224320224333,3.132848664579008,51.74175426797902,209.77225791307237
amsterdam,8819695341fffff,0.0,6.345746340493146,1.0335317718351962,2.8362466982996857,45.890392647834744,342.5280884296582
amsterdam,881969c8b1fffff,0.0,4.394072645253656,1.1687791480238132,2.8639509530202005,55.43598462188873,1441.725132916716
amsterdam,88196824c3fffff,0.0,4.911815610082565,1.0136957385698209,2.4462475081796526,60.09605130242346,330.7883480691076
amsterdam,881969524dfffff,0.0,7.3554855576275315,1.0136046594960002,2.949556980770499,40.3675698357088,730.8418022447844
amsterdam,881969536dfffff,0.0,6.994240960443439,1.0739220960261575,2.9773864349001165,43.34274555505063,495.20908870599465
amsterdam,88196824ddfffff,0.0,4.445405344790815,1.2528779541067856,2.6016824622035046,59.987030649331054,163.12935488047947
amsterdam,8819695369fffff,0.0,7.142685944709112,1.098307086464858,2.8672292028156385,42.1557065096404,799.5629479257283
amsterdam,8819695365fffff,0.0,6.544174232188719,1.0611294532164464,3.543245770151812,45.780434791419694,85.58361834426789
amsterdam,881969c997fffff,0.0,8.022874565719393,1.0486500159150525,3.24133311273813,36.18010651894212,1399.783780396266
amsterdam,88196826b3fffff,0.0,7.552364975882526,1.0963820429656772,2.4998452208018924,39.18767126651107,859.3912835359232
amsterdam,88196826b7fffff,0.0,7.65203662812023,1.0989077864895285,2.905152781348719,40.08791858903112,1096.2276194879566
amsterdam,881969c9b1fffff,0.0,7.60913885475765,1.045030497214477,3.2922053028488323,37.17529377735987,1758.3256682261683
amsterdam,88196824c1fffff,0.0,5.129728789693037,1.090865849902507,2.7136733501875607,57.85377857493829,206.75825484472225
amsterdam,881969c8a3fffff,0.0,8.110476701412436,1.097460204052234,3.3535515103062,35.51942515888202,1811.06154936655
amsterdam,881969c8bdfffff,0.0,7.127547157281896,1.0389597881361337,2.9303278161412214,39.250796745144605,943.314407319551
amsterdam,8819682693fffff,0.0,7.176998356641078,1.0356806455258092,3.2065958578978795,40.487109205130075,1305.439163106166
amsterdam,881969534dfffff,0.0,6.842063985167007,1.02991111033243,3.3119574015176467,43.04294996941024,681.2394260304474
amsterdam,88196824cbfffff,0.0,5.464605428553103,1.0343914014745816,2.450485720162954,54.47317697436547,283.5684296160435
amsterdam,88196824c5fffff,0.0,4.343767288710663,1.0046550613873455,2.138818472210382,67.88388402807836,401.8196004969817
amsterdam,8819682697fffff,0.0,7.643442811244489,1.0278836629927235,2.721518747648815,39.97616821388972,662.5284543810621
amsterdam,88196826bbfffff,0.0,7.448605253721144,1.0707127160577117,3.069691498662962,41.54684117041561,1127.833586028749
amsterdam,881969c991fffff,0.0,5.551849415761433,1.080288313820157,3.0877521680917344,56.28754971502421,3760.782062050193
amsterdam,88196826b1fffff,0.0,6.747538649851675,1.0461137291770095,2.6485364498609205,42.622058188392515,282.461325608815
amsterdam,881969c8a7fffff,0.0,6.113581556297497,1.081318582781991,2.772588722239781,30.66941992568323,314.6430770520384
amsterdam,88196826b5fffff,0.0,7.827448346757014,1.0664662111488032,2.3327238855287,39.0093294677426,802.9780491198867
amsterdam,881969c8abfffff,0.0,5.131381573509183,1.1166244146364916,2.886706074069026,57.57797217416708,437.67585534189544
amsterdam,881969c9b9fffff,0.0,11.759386163582972,1.0532050979244796,3.228520771360586,24.00531957632546,2542.863865003422
amsterdam,881969c995fffff,0.0,8.349340275470071,1.0255342302637185,3.196915749226819,35.11022409555853,1836.333901018847
amsterdam,881969c9a3fffff,0.0,5.917188298592676,1.037406526948486,3.4453085238920287,48.48802120190947,311.1220275029083
amsterdam,88196824cdfffff,0.0,5.146530755833713,1.112028250262192,3.27089432721604,61.24851987856899,335.420018950364
amsterdam,88196824c9fffff,0.0,8.010418735767011,1.1122947296486494,3.195515377217243,37.45122569691411,404.9440573217419
amsterdam,8819682691fffff,0.0,8.74661307234217,1.0626852684633878,2.923264509508196,32.01239127467447,1121.7685799462515
amsterdam,8819682695fffff,0.0,4.5305438800098266,1.1749280476682398,2.388314180423754,65.30297377122834,304.97652791230587
amsterdam,881969c8a1fffff,0.0,5.311086047496865,1.0847562269424258,2.704429326029699,58.839189801355694,384.9003815050847
amsterdam,881969c99dfffff,0.0,9.720664601763628,1.036479047152063,3.227358826341233,31.555207510897,725.5417417297122
amsterdam,881969c8a5fffff,0.0,7.477724405607012,1.0837030440586206,3.1465402507279627,40.15234082880634,529.8560063972864
amsterdam,881969c999fffff,0.0,6.526634101630831,1.0708512212493244,3.347806437489433,46.268902671339504,194.3468519988584
amsterdam,88196826b9fffff,0.0,5.819437444969999,1.0302686671413828,2.2866386489046175,50.77029321965133,473.8863096181675
amsterdam,88196826bdfffff,0.0,5.059074440710897,1.0634888333446828,2.3277395158438843,58.91926014732404,285.02840055989327
amsterdam,881969c9abfffff,0.0,5.852145843322818,1.106690103650585,3.2540760680376217,50.386952541218385,653.4722162411116
amsterdam,881969c987fffff,0.0,7.874939713300503,1.0681215362945289,2.7487551377223207,39.442341391065895,1248.4882290994574
amsterdam,881969c8adfffff,0.0,8.613569112948786,1.0373716511356286,2.7017937458020373,36.17166822411926,1743.4943948243258
amsterdam,88196826a3fffff,0.0,4.343318117874841,1.0337842711558676,2.1164929799769734,71.7627176341435,374.1858300689884
amsterdam,88196826a7fffff,0.0,5.196359077241657,1.0972469388270805,2.8302952528715717,60.01917563486884,187.6277294947154
amsterdam,881969c9d3fffff,0.0,8.532822226413893,1.0435281689803502,2.824962832204338,35.707705131465154,770.729154753979
amsterdam,881969c8a9fffff,0.0,5.743841594795625,1.0496785845904373,2.7756738587300833,56.16113185530286,268.74565630704757
amsterdam,8819682683fffff,0.0,3.754241827014482,1.083062432418051,1.672384831555096,75.27716877975205,913.7996082377484
amsterdam,881968269dfffff,0.0,8.267616595277678,1.306020231054051,2.57408333489989,33.13803918970003,1151.2717334157494
amsterdam,881969c9d7fffff,0.0,8.766247128253147,1.073959876923101,3.210969881057012,33.35121476860229,1184.6378085329168
amsterdam,881969c98bfffff,0.0,7.307762847845143,1.0339325642558523,3.5249897111727084,42.537018011518946,420.4447978905539
amsterdam,881968241bfffff,0.0,2.8697307390071085,1.0680374028044264,3.375467667020905,100.66759398787389,42.92665702660002
amsterdam,881969c981fffff,0.0,6.198123209518699,1.0458256545386315,2.680774374768393,47.28906450677387,1367.656045094987
amsterdam,88196826abfffff,0.0,4.974098387532315,1.138230158621591,2.4595734257009227,61.14147482536705,179.13886463831014
amsterdam,881969c9dbfffff,0.0,9.03850722875132,1.060728861322123,2.989241261028499,35.70847647548006,720.0020296340049
amsterdam,88196826a1fffff,0.0,3.3697282013966543,1.388154881652154,1.7305780457710318,89.92722407246553,299.24982353656765
amsterdam,88196826a5fffff,0.0,3.9745592327127306,1.0626983098691056,2.859889378375482,76.98215860904386,208.46871425929183
amsterdam,8819682687fffff,0.0,4.283873648260733,1.0815730093087643,3.282913768154821,67.77104193141486,742.1125253504036
amsterdam,881969c9adfffff,0.0,8.71246467892025,1.1123255564493577,2.933858369570676,30.804412164852277,5973.151853628913
amsterdam,881969c9a9fffff,0.0,13.175465113385457,1.0555781478512851,2.9746377175699275,20.865126711785063,3597.530812340418
amsterdam,881969c985fffff,0.0,5.1274969130387955,1.165891616630371,2.9411344172543297,55.97995316333123,1263.1628998367676
amsterdam,8819682419fffff,0.0,4.03452158926478,1.129666616051356,2.975467567837524,81.43999760608664,68.30444411599571
amsterdam,88196826d3fffff,0.0,8.853408627393252,1.2120050678991263,2.2896580160796254,36.604441036569746,1392.223812607854
amsterdam,881969c9d5fffff,0.0,10.27915785298396,1.0477304219802717,3.054169065661448,29.146278584468075,1331.9548828643808
amsterdam,881969c9d1fffff,0.0,7.808422250275317,1.1066258761906618,2.6655501748189185,38.39620484793028,1329.3642277291722
amsterdam,8819682685fffff,0.0,1.4557142267203853,1.7923456128672937,2.7223017433708607,198.8533730708182,280.1670554058924
amsterdam,881969c989fffff,0.0,8.347809196460528,1.0679751166922218,3.2692174551705335,36.66229244839733,1633.079226799921
amsterdam,881969c98dfffff,0.0,6.666590028761694,1.0826184009496658,3.2958555907818785,47.305126015105365,640.2276481588583
amsterdam,88196826d7fffff,0.0,14.469232480501244,1.0861380562369929,2.7424937634766526,20.157715142093195,1762.1764782056116
amsterdam,881969c9e3fffff,0.0,6.904838257966535,1.050649103431026,2.659195124537462,44.638145973452815,797.6580700405129
amsterdam,881969c9d9fffff,0.0,4.3867005033660975,1.1566456610742537,2.7842860631803625,77.98692044177238,390.36561094775465
amsterdam,8819682457fffff,0.0,4.104939667307689,1.096533907157368,3.0667848273912743,74.85899710389903,459.64303030899066
amsterdam,881968241dfffff,0.0,4.672457793874866,1.0838413459692111,2.7237887900662057,62.52273307714718,598.0465804367439
amsterdam,881968240bfffff,0.0,3.6518276994675176,1.1085513876193682,2.593323151493058,80.08396185595572,173.40999620139138
amsterdam,881969c9c3fffff,0.0,7.5427627227896386,1.0654767020753666,3.1593499443820163,40.31261934903904,643.3267700716442
amsterdam,881969c9ddfffff,0.0,6.96102398104454,1.0421977501414963,3.2729731761934495,42.7161988894436,917.1429368917628
amsterdam,881969c9c7fffff,0.0,8.149615190771701,1.0551182778438215,2.8967331406206447,36.883521887549016,866.1256725971805
amsterdam,881969c9ebfffff,0.0,7.777198561192516,1.051174647312228,3.1318640815784855,39.86011126768328,724.6416711704874
amsterdam,881969c9e1fffff,0.0,7.35539470458379,1.0312184613335251,2.4418584729073936,41.781180414317575,1229.4282429303655
amsterdam,8819682455fffff,0.0,6.479043079692348,1.075162899940262,3.295733641304339,50.37609487609504,163.168312124874
amsterdam,8819682451fffff,0.0,2.719349860628637,1.1954567573343904,2.4020785075841276,113.6635317014545,252.17441626871832
amsterdam,88196826e1fffff,0.0,4.208409900653101,1.1143992913528316,2.9535306232921577,70.20574336370942,165.7275657819245
amsterdam,881969c9c1fffff,0.0,9.693480060520054,1.0585768830653444,2.738925528190342,31.22011672360447,602.3565420264019
amsterdam,881969c9e5fffff,0.0,4.784381659382498,1.0940921981900464,2.279660477518513,61.03931898020453,900.7523461293464
amsterdam,881969c9c5fffff,0.0,8.240233918093729,1.0399118581529505,3.054834223704986,34.228552836583894,1016.8403004564316
amsterdam,881969c9e9fffff,0.0,7.562110661119728,1.0454168962898058,3.3564970478408807,40.222456440703326,879.0486984746367
amsterdam,881969c9edfffff,0.0,7.77578359476844,1.074212648002072,3.223107522200753,39.2206541752073,606.0469751091509
amsterdam,881968245dfffff,0.0,4.38566941318946,1.0159731166725603,1.8226120031157835,68.40460867793186,273.07459024312897
amsterdam,881969c933fffff,0.0,4.575739249869076,1.1107075976926548,3.1237037275400272,66.31677621725308,599.1190722744186
amsterdam,88196826d9fffff,0.0,11.013493606882236,1.2283747972948236,3.3069652882488354,32.42775361667997,1175.9233753273809
amsterdam,881969c937fffff,0.0,5.350767393457016,1.053562366725138,2.876549252747245,60.46411439232467,858.7428974909317
amsterdam,881969c913fffff,0.0,7.596967237537267,1.0268056455056187,2.7172750912786388,40.549980328436746,1060.6582058647843
amsterdam,881969c93bfffff,0.0,4.280521234363874,1.2386580716576157,3.170126418232704,67.62580264446339,185.44465985292445
amsterdam,881969c917fffff,0.0,8.178233203964272,1.072354563633601,3.0909625089383104,36.32831711516218,2525.5539147581803
amsterdam,881969c931fffff,0.0,4.889089108758895,1.1075587832334737,3.4673096860077206,68.17902597360326,532.122580714366
amsterdam,881969525bfffff,0.0,4.849316214616112,1.0169653596804484,2.955304887580142,64.9194238696881,19.030880440868344
amsterdam,881969cd29fffff,0.0,7.453163559127453,1.030311136714973,3.2601936350342298,48.301636901437526,61.80738582675209
amsterdam,881969c8b9fffff,0.0,18.197675649700592,1.0139406983838957,2.098641637270467,14.09027511788161,1222.7863172685911
amsterdam,8819695257fffff,0.0,8.994110488314227,1.1190068278730811,2.708262389530773,32.42862838360947,1049.9495050712403
amsterdam,88196824c7fffff,0.0,1.5560927339181063,1.784127651182289,1.732867951399863,192.79056669368669,330.627706005835
amsterdam,8819682489fffff,0.0,2.822487355571096,1.0300662109257652,2.6182683713507635,109.01459207070565,214.08557961557764
amsterdam,881969c8e7fffff,0.0,25.308956581048324,1.1159961026627,2.4849066497880004,13.17056798710294,612.0039707203824
amsterdam,881968248dfffff,0.0,4.3502252355170805,1.0674207113974112,3.1562518243577564,71.83536094835222,63.64902851959113
phoenix,8829b6d313fffff,0.0,6.815660042556414,1.058384434650619,2.718452559806117,43.81767286417109,123.44945148008463
phoenix,8829b6d209fffff,0.0,4.218685737152466,1.1417143149317643,2.2853488393370425,73.07268090080734,448.63669930767907
phoenix,8829b6d201fffff,0.0,4.4763473582912665,1.0562598969302024,2.4937865806900428,66.75455323945252,204.00992495159744
phoenix,8829b6d35bfffff,0.0,7.132475218168619,1.0483378668493677,2.069329829521271,41.39637526360284,1135.6759659423735
phoenix,8829b6d267fffff,0.0,7.467168973663225,1.053763731627107,2.242196743192738,37.893351494594086,357.3297669389133
phoenix,8829b6d263fffff,0.0,4.431149436999888,1.0739147947897123,2.1287673923515644,71.26581447409183,685.5844157531301
phoenix,8829b6d359fffff,0.0,8.117279027897299,1.0410244688298975,2.307287356915808,36.09783442517516,62.94825986771001
phoenix,8829b6d20dfffff,0.0,4.311925349276741,1.05132227298571,1.919012512148056,72.3644427750374,0.0
phoenix,8829b6d20bfffff,0.0,3.1312228512071707,1.036507410092972,1.9188053287012967,96.1192761065778,31037.566246944956
phoenix,8829b6d257fffff,0.0,3.4130732347744317,1.2109655097804308,2.016251126265353,97.6636920465503,61.45513471276884
phoenix,8829b6d66bfffff,0.0,2.970305789728133,1.1440680803644874,2.7496029825371786,113.44169442230108,248.43505230487133
phoenix,8848e96d97fffff,0.0,4.551483232198421,1.1097340587094249,2.786956884141182,67.55015902817343,864.8989720798172
phoenix,8848eba4ebfffff,0.0,6.028494325486112,1.2576165506685606,2.8437191412436724,47.11186410866783,31.04623791675217
phoenix,8829b6c33bfffff,0.0,7.33642958699393,1.0651404516034375,2.310701636064776,43.370118176543635,46.74659168139312
phoenix,8829b6c331fffff,0.0,6.314744007113753,1.0992053109154885,2.344554349832197,49.48735841832376,0.0
phoenix,8829b6d001fffff,0.0,6.498687158973715,1.0865327884951663,2.210128371672362,43.620469264218364,501.2546054074137
phoenix,8829b6d8a9fffff,1.043081283569336e-07,4.099237344475538,1.2927762426130662,2.841089016767668,73.5231613985623,29.51972452564438
phoenix,8829b6c13bfffff,1.043081283569336e-07,3.941553401088551,1.081651266157459,3.407542145014098,88.34442928468711,429.7056351672964
phoenix,8829b6d0e7fffff,0.0,5.482097733297392,1.109630852361975,2.0751002437648185,51.786436305283736,234.2595489373608
phoenix,8848e9698bfffff,0.0,7.0205862616656525,1.127994911412897,2.2087746304232856,44.52776460284182,568.3492639883611
phoenix,8829b6d03bfffff,0.0,8.083498879153806,1.0600274564822587,2.294359497287419,36.35553267399116,0.0
phoenix,8829b6c2b9fffff,0.0,6.400625857451801,1.0053316522448792,1.8614296307365077,54.68215261989097,0.0
phoenix,8848eba48bfffff,0.0,5.642641813617736,1.1196268042284587,2.4385251054786865,48.57065301947988,61.88169329574547
phoenix,8848eba489fffff,0.0,7.154939867458388,1.10077727770849,3.1576746536432903,40.05595343265086,0.0
phoenix,8829b6d9dbfffff,0.0,6.080065385128565,1.1990380657599498,3.2975473578515113,47.65074186156939,602.3887676777207
phoenix,8829b6d229fffff,0.0,5.0662103736217405,1.0252354310772012,1.875466068981971,57.23465941891422,442.43008558583864
phoenix,8829b6da45fffff,2.60770320892334e-08,5.0852771084556805,1.065302775455364,2.2953078240913354,59.49484447908795,1178.6698756812568
phoenix,8829b6d9d9fffff,0.0,7.761903990374865,1.1000869559879825,2.9095375090902187,38.31406704577747,1019.714465798693
phoenix,8829b6c327fffff,0.0,5.27023252169207,1.1272277412505938,2.194788106426675,57.812914087930345,0.0
phoenix,8829b6c065fffff,0.0,4.426962476997522,1.1113057721756765,2.1667236582312963,67.76655586280638,64.62096333909996
phoenix,8829b6d335fffff,0.0,7.914860911383399,1.1013113716197784,2.2280563632495736,36.03928165422271,3043.9811143307606
phoenix,8848ebb481fffff,0.0,4.200318405592594,1.109291105681398,2.7244563313358476,76.05243545801528,298.2804895512466
phoenix,8848eba6c7fffff,0.0,4.2893571643837625,1.0725160193261738,2.060007423542365,63.997889054549425,692.8318326264164
phoenix,8848eba6c3fffff,0.0,5.923077040049462,1.0542724334843083,2.8403017742873047,50.88882647958857,983.0290809736758
phoenix,8848eba481fffff,0.0,6.231389027352627,1.1501778857490803,2.386415592372197,44.51065129493895,75.03247459520796
phoenix,8829b6c247fffff,0.0,4.722238519002647,1.219102036413814,3.0680015451955764,68.49131866863718,380.27310370842065
phoenix,8829b6c323fffff,2.086162567138672e-07,6.328095923099817,1.1392974497861947,2.341002462727378,49.086914416606106,0.0
phoenix,8829b6d305fffff,2.086162567138672e-07,8.617869189308028,1.0461398120325105,2.5466878250592417,34.790833499012784,76.4356269355059
phoenix,8829b6c365fffff,0.0,5.284516858708627,1.117607348263745,2.149473254444096,61.22213636835035,0.0
phoenix,8829b6d1e1fffff,0.0,6.346711937059268,1.124930352283542,2.9711861074100123,43.24303679230113,0.0
phoenix,8829b6d109fffff,0.0,7.357430882875925,1.0843691147560126,2.36926803637045,39.09688727502666,0.0
phoenix,8829b6d10bfffff,0.0,8.355573293598807,1.1024707507216347,2.3904521201828435,35.15455980799592,0.0
phoenix,8829b6d053fffff,0.0,5.441674973834559,1.1196583778124134,2.731346381478385,52.92826832999294,0.0
phoenix,8829b6d055fffff,0.0,8.507460512620032,1.1480807747603523,2.175587116132813,34.945480717340274,10388.994791461751
phoenix,8829b6c201fffff,0.0,6.516469911478901,1.0714275449091075,2.375688053052123,46.09610436935745,90.18698129922316
phoenix,8829b6c111fffff,0.0,5.848887874276104,1.218620359300933,2.8169688538329947,49.492089852441104,718.0297393937533
phoenix,8829b6d881fffff,0.0,7.091539553247364,1.1340574466931237,2.612004597163304,41.12198182951427,826.6567164469983
phoenix,8848eba5dbfffff,0.0,8.480747670203549,1.0249856010657612,2.736339051105066,39.304710657112736,10.230218535915792
phoenix,8848eba4e7fffff,0.0,3.9727464445638434,1.1299311089997717,3.431082375298298,81.85854712110212,4.447043603655796
phoenix,8829b6d1a3fffff,0.0,4.774782743517927,1.1219642748373382,2.8237381038553235,55.78371927990025,717.1803618573591
phoenix,8829b6d191fffff,0.0,6.807522032816745,1.1409802813469736,2.4283639851162455,46.739741222719694,0.0
phoenix,8829b6d199fffff,0.0,7.305360828383637,1.142665716299561,2.517943654579721,42.73987598452698,61.93198259125375
phoenix,8829b6d1c7fffff,0.0,3.1248397593146877,1.1535105329777104,2.3202807952730784,84.21484460200145,0.0
phoenix,8829b6d28bfffff,0.0,3.299420250903859,1.0787679112426232,2.427776048331642,90.36894816081644,364.0456906831119
phoenix,8848eba681fffff,0.0,7.4812720008846,1.0949644197325354,2.324233368930728,36.42536169691294,0.0
phoenix,8829b6c35dfffff,0.0,4.737543978332354,1.178605081423994,3.256629304002251,65.96244835493893,258.0809904584198
phoenix,8829b6c34bfffff,0.0,3.710884739575563,1.1643213206114478,3.257843496142649,85.61525232650361,3586.128898772682
phoenix,8829b6c0e1fffff,0.0,4.51245968988656,1.0769098766685317,3.2513469946064055,69.57480175961099,737.7862833697152
phoenix,8829b6d003fffff,0.0,6.831038900602997,1.0770309706773264,2.311361208019668,41.710984303247955,310.21191526088006
phoenix,8848ebb4b1fffff,0.0,6.375168019549684,1.1029238927388834,2.9217724735852064,48.51076932070509,6293.390358666621
phoenix,8829b6c0e9fffff,0.0,3.855830847860669,1.0473719021080132,2.220185282366314,83.18692640759808,0.0
phoenix,8829b6d1b7fffff,0.0,2.5489328947215406,1.0788333102682794,3.3370683385818634,135.28311668031083,1965.420148314603
phoenix,8829b6d1b5fffff,0.0,4.50411094261172,1.2364418488544937,3.4886026761918356,62.28877554975907,0.0
phoenix,8829b6d8dbfffff,0.0,5.8308068509419835,1.124328737058109,2.9350380047864264,49.4331747708436,41.49211702181895
phoenix,8829b6d8d3fffff,2.950279395762582e-07,3.791903075183439,1.0853597858187891,2.0472163841486832,80.64159813793495,0.0
phoenix,8829b6d8a1fffff,0.0,4.4018449605717045,1.258683409216802,2.77655192206514,66.47819964849322,4248.853646998289
phoenix,8829b6d119fffff,0.0,5.891330175020165,1.115693047778686,2.1202775651827195,47.96402571556247,0.0
phoenix,8848ebb483fffff,1.475139697881291e-07,6.558534562268464,1.1175041228391849,2.7526725800147775,47.40634914481454,166.53264882487156
phoenix,8829b6c055fffff,0.0,5.113164383058262,1.1210596862800106,2.7692326575683457,61.11675209101897,0.0
phoenix,8829b6d139fffff,0.0,7.01417532798071,1.074335623912965,3.292781590433261,40.972746743165416,494.93157669628795
phoenix,8829b6d131fffff,0.0,5.4674088539880215,1.1523313624470484,3.3892850790650235,54.50110023552506,46.93570906532616
phoenix,8829b6d13dfffff,0.0,3.505308661575339,1.407837702414527,3.4548350617684345,78.59798684827206,674.3112065030268
phoenix,8829b6d107fffff,0.0,4.387719766005615,1.381238739437774,3.514133425244443,65.55441640339755,1365.8838267573617
phoenix,8829b6da49fffff,0.0,5.334803909136179,1.116550625466449,3.0030177704874057,54.332844730688905,275.88968458868635
phoenix,8829b6d1bdfffff,0.0,6.309125948968241,1.0693879301798854,2.5837935957252034,44.63973605847029,6902.265978332503
phoenix,8829b6c017fffff,0.0,4.867256208883991,1.1219394461750871,2.557621652515994,61.25053889366871,261.6077183709594
phoenix,8829b6c145fffff,0.0,7.338902443685637,1.063437818211591,3.3271363231255693,39.915696103988154,478.3818329408519
phoenix,8829b6d0a5fffff,0.0,6.848956889921101,1.0885159776710784,2.6919900371803154,44.84761085308407,0.0
phoenix,8829b6d0adfffff,0.0,6.008657116456456,1.0991639471616896,2.014450207629682,48.34845018258995,3509.4820792580094
phoenix,8829b6c03bfffff,0.0,6.18399861785703,1.0746644510138088,2.20629029110221,49.10151884891262,0.0
phoenix,8829b6d1d3fffff,0.0,7.214093806425349,1.1228016578733204,2.9952231498497803,41.06472585079979,0.0
phoenix,8848eba4d5fffff,0.0,8.500516706620893,1.0688540318506952,2.4063198522804754,33.539582938731584,0.0
phoenix,8829b6c05dfffff,0.0,5.0225972997535,1.062546584326223,2.6014576791180124,60.690623438687595,0.0
phoenix,8829b6d8c1fffff,0.0,6.0029520125927815,1.176175918752473,3.094931063393008,50.32246346458105,74.55853135729882
phoenix,8829b6d8cbfffff,0.0,11.11422700519779,1.0819990995188684,3.281895878204481,25.97913638387044,982.5407928618864
phoenix,8829b6d9d1fffff,0.0,7.7497690714968,1.056728195159558,2.448814427106519,39.04311270499534,1043.9892593351085
phoenix,8829b6da53fffff,0.0,4.109210963838351,1.1269292991115765,3.127749745790953,72.6142073016068,0.0
phoenix,8829b6d81bfffff,0.0,3.8741973750413345,1.2043002164900292,2.3214291782769223,74.68388249572735,0.0
phoenix,8829b6dab3fffff,0.0,5.416324568577998,1.1140133732856137,2.9022126937495027,55.01512957854927,62.1589907478563
phoenix,8829b6dab7fffff,0.0,5.2607639825998405,1.1535148791227414,2.3854807797350457,56.07914707139666,0.0
phoenix,8848e96d85fffff,0.0,4.502738183185852,1.0916695290786056,2.283028902461559,61.69085709114887,218.92941228365572
phoenix,8848e96d87fffff,0.0,3.0422393571519506,1.054958707257408,2.2930746143137264,100.28295276816168,186.65783734161175
phoenix,8829b6d1cbfffff,0.0,6.276702271791395,1.106643732694352,2.217033996413152,46.36905870578095,0.0
phoenix,8829b6da4bfffff,0.0,4.326774944930048,1.2164154149329027,3.1151882333752288,68.3923640848676,0.0
phoenix,8829b6c04dfffff,0.0,5.6614213027373115,1.1199993554212757,3.139422055410032,55.48122058160455,73.73638978286283
phoenix,8829b6d999fffff,0.0,7.568576702427586,1.1190951236129365,2.892722657815831,43.331395339115865,58.27778609106336
phoenix,8829b6d9d3fffff,0.0,5.9951939623583055,1.0907987031458235,2.630850611450654,48.38481251801845,780.9727363901148
phoenix,8829b6c109fffff,0.0,5.9066535189320435,1.1398472582577277,2.75439269660586,51.16588541977461,12.375328864839672
phoenix,8829b6c069fffff,0.0,3.9035260249532766,1.052285105162393,2.5757565468519914,75.593697935355,173.8321550788652
phoenix,8829b6c301fffff,7.375698489406456e-08,4.108521176650119,1.0472713927274533,3.248667764408212,72.64161472484889,404.638757751753
phoenix,8829b6c30dfffff,0.0,3.72661343605612,1.058187065427927,2.787711324071838,79.91011752542134,0.0
phoenix,8829b6d333fffff,0.0,8.916878325071853,1.0576155551514512,2.6131010053806287,32.29056447626678,880.7431733774189
phoenix,8829b6d331fffff,0.0,7.102707424160696,1.0177937978152063,1.9749566079261,40.30571249542032,300.68233871811805
phoenix,8829b6d1ddfffff,0.0,6.373002884729997,1.1872003409434766,2.317821994694543,46.282417963439144,1134.1567155101943
phoenix,8829b6d343fffff,0.0,6.092243827104075,1.0763379523159935,2.2697552265599885,45.74122024251444,153.0061456643869
phoenix,8829b6d525fffff,0.0,6.8612265772633,1.0554807170997906,2.3652099775755873,42.32986323045173,257.47559456420953
phoenix,8829b6d325fffff,0.0,8.354927893370714,1.0376082165462852,2.08146028629473,32.945373803403896,0.0
phoenix,8829b6d2d3fffff,0.0,4.399605025598137,1.2280346861945053,2.89216883848458,69.04334345761359,72.44460579237787
phoenix,8829b6d129fffff,0.0,5.525542385930895,1.1626352839640497,2.3925350052491483,52.71598393876977,0.0
phoenix,8829b6d2d5fffff,0.0,4.588834923792786,1.0600087954338728,2.4103403497942595,66.42488546366441,193.67688397026075
phoenix,8829b6d2d1fffff,0.0,7.023727144500977,1.0728221399205928,2.3090712033248124,42.97480693119883,10.629462524722763
phoenix,8829b6d1d7fffff,0.0,7.017108779042917,1.0879625087027465,2.3749159476257216,43.11103082837906,0.0
phoenix,8829b6c263fffff,0.0,3.4272674358516126,1.0496104449731616,2.020882636548355,89.77773501817538,37.07015647431557
phoenix,8829b6c267fffff,0.0,3.2208214414469443,1.0555342453849434,2.2508596523429163,94.77804449712004,1972.515784227831
phoenix,8848e96931fffff,0.0,4.1574349016923735,1.0728114025532642,2.623911412232873,72.98930302878436,630.5966680110431
phoenix,8848e96933fffff,4.172325134277344e-07,5.90669479015431,1.1842439861471057,2.7251523360396153,48.51666735350287,0.0
phoenix,8829b6d023fffff,0.0,6.336609950720049,1.082399978007294,2.523324137281572,46.17826229471264,0.0
phoenix,8829b6c141fffff,0.0,3.457667871704099,1.0944096305385893,2.460887010355856,89.92314510377226,0.0
phoenix,8848e969a3fffff,4.081276762820583,5.031646736125065,1.1552885908814554,2.3553032651442627,51.398816971467134,0.0
phoenix,8829b6c231fffff,0.0,4.824587272146653,1.1019247063366964,3.216856104979465,65.45419449811365,11.112171150581691
phoenix,8829b6d1d9fffff,0.0,6.406358034058105,1.1090051934422884,2.287777729226058,45.16578220618525,5426.366323403098
phoenix,8829b6d143fffff,2.518220981450627e-07,8.149411314156163,1.047939309002289,2.1995588924731124,35.24453621862178,0.0
phoenix,8829b6d0b9fffff,0.0,6.259606128484812,1.1843447865657444,1.969963878780451,55.299620942385936,0.0
phoenix,8829b6d087fffff,0.0,3.7142890749913806,1.082255453160716,2.132995373178043,83.24035575019704,36.04900175271881
phoenix,8848e96b27fffff,0.0,3.589308721681274,1.2213485627380083,3.4482702615720946,83.58155379275271,260.32144597061966
phoenix,8829b6d345fffff,0.0,6.621014489589019,1.1209150545202513,2.847665529567308,45.186478346979534,30.41824938195317
phoenix,8829b6d34dfffff,0.0,6.957668895375271,1.082208930655835,2.7193686861711774,41.32974560447227,13.923525193154791
phoenix,8829b6c23dfffff,0.0,4.31461605441597,1.1138910361051408,3.1575260533796636,72.80743447216689,0.0
phoenix,8829b6c235fffff,0.0,4.699250023044893,1.1122479599352244,2.558858460115749,68.75665086052128,81.10929284176989
phoenix,8829b6d0edfffff,0.0,5.863863923345412,1.107337843370824,2.001234621497997,48.55809151175374,2932.654456456284
phoenix,8829b6d017fffff,0.0,4.165929711880632,1.0413876886790872,1.9782527334812652,69.82367040785753,0.0
phoenix,8848eba65dfffff,0.0,2.64674620006513,1.0676029513319512,3.407896983688912,111.7216772518294,0.0
phoenix,8829b6d0e5fffff,0.0,6.779819743424858,1.178229005633785,2.337020424683324,42.504618647728016,162.85081580427496
phoenix,8829b6d027fffff,0.0,6.308008255158936,1.115099658311998,2.71990225658631,46.58517193322889,2003.6087104760811
phoenix,8829b6d057fffff,0.0,6.079858971863787,1.0366424506580765,1.982829303741348,47.27290365494787,0.0
phoenix,8829b6da5bfffff,0.0,5.717098078396607,1.123286136368415,3.187031570226605,50.56397934021972,0.0
phoenix,8848eba689fffff,0.0,6.531734882822382,1.1036556141587015,2.612069494735738,44.86696585538376,9.599870157974236
phoenix,8829b6c245fffff,0.0,5.54079842788563,1.1388394145100988,3.005669840869503,56.399813865679576,37.99649096189826
phoenix,8829b6c20dfffff,0.0,5.887612244881574,1.0790256038523147,2.3623394615104956,51.616694498351734,70.15520564423838
phoenix,8829b6d039fffff,0.0,5.274091110314481,1.055968462348497,2.3102328644600822,52.49280796655489,0.0
phoenix,8829b6d015fffff,0.0,6.34037077679869,1.0484000157916202,2.1065084983421336,44.46347122925874,873.8760765550056
phoenix,8829b6c227fffff,2.950279395762582e-07,3.987888554119479,1.0899513894407409,2.6979025035275814,75.91794240720176,0.0
phoenix,8848e96db1fffff,0.0,3.129042529016724,1.0567755333444435,2.0130449775720796,101.96333737524412,84.86514591597448
phoenix,8829b6c013fffff,1.475139697881291e-07,3.65901850755006,1.1662261574028376,2.82226046385873,87.54055201936359,0.0
phoenix,8829b6d1e5fffff,0.0,6.164046643908671,1.1756331412238816,3.357721247856,43.828560348347615,0.0
phoenix,8829b6d02bfffff,0.0,8.332142548784054,1.0709360532176728,2.397717555869906,35.51929869459877,334.9861634460622
phoenix,8829b6d0e1fffff,0.0,5.89533840661621,1.1455233372066516,2.136539543923093,50.04555135661014,0.0
phoenix,8829b6d31dfffff,0.0,10.837316804578188,1.0477709329747156,2.3079145864760746,25.933783855078993,521.5978027392425
phoenix,8829b6d893fffff,0.0,2.716952113768102,1.0975890015202916,3.4026829194745667,109.90665223649138,71.68676935267524
phoenix,8829b6d05bfffff,0.0,4.833338239241388,1.1196785317632518,2.4079978198731764,64.41112525281164,0.0
phoenix,8829b6d813fffff,0.0,4.710652489222429,1.187643326311761,2.5030141033272972,58.87250988205447,12697.204964468146
phoenix,8848e969adfffff,1.475139697881291e-07,6.294314360543548,1.1747872712450338,2.3911713841526256,48.402332765212634,1553.488295387955
phoenix,8848e969a5fffff,2.063560968169552,6.610743169871627,1.0554121381374906,2.297567498317519,43.12033669126842,444.9536667717944
phoenix,8829b6da47fffff,0.0,7.199322227793945,1.2460541740236486,3.509019009209707,40.63621299792926,417.85488067097174
phoenix,8829b6da41fffff,2.950279395762582e-07,3.946312758709994,1.1021584362044017,2.5682950559585342,75.08180785781208,992.693827708847
phoenix,8848ebb495fffff,0.0,4.256473116304354,1.106515059677649,3.243071029405814,66.29390345281466,184.24604269571677
phoenix,8848eba4e5fffff,0.0,4.984329934443888,1.1865006794458068,3.490153206426147,58.94178647851517,5.064354015663011
phoenix,8848eba4e1fffff,0.0,5.819602198302208,1.067830304796991,3.3357656538306935,50.23690520840115,34.395769979348636
phoenix,8829b6c315fffff,0.0,3.9352734219139007,1.0558915623385092,2.552773075425304,75.03305587533374,36.73810759654507
phoenix,8829b6c339fffff,0.0,3.195994853988539,1.026652534702771,2.436925123207245,91.37542817555986,0.0
phoenix,8829b6c10bfffff,0.0,5.9103043531481685,1.2110725987719262,2.3192137703255855,53.66686401370303,230.05517882702736
phoenix,8829b6c329fffff,0.0,5.21967904548686,1.072196071335421,2.6346953639285604,58.49205130289714,1593.3100689795358
phoenix,8829b6c32dfffff,0.0,4.567346947436686,1.134031241151098,2.601199141688185,67.96934062865256,0.0
phoenix,8829b6d8abfffff,0.0,5.321565508801664,1.2067819151335004,2.6805249623679517,54.71176910120349,0.0
phoenix,8829b6d2a9fffff,2.086162567138672e-07,5.730184430742093,1.1369161077365413,2.451001950670199,55.548999299441256,0.0
phoenix,8829b6d8ddfffff,0.0,6.246361721946867,1.17910375856419,2.133959313909774,47.2037655193404,850.5019113223265
phoenix,8829b6d0a9fffff,0.0,5.841211515553874,1.1154126539307352,2.6859820977406637,50.8784670584433,13.995464034214251
phoenix,8829b6c335fffff,0.0,5.244641634250161,1.088124822135022,1.959093673712406,61.38032503820514,16.658893370798783
phoenix,8829b6d0e3fffff,0.0,5.705938590361514,1.1679045971370563,2.1066488393259784,53.064753141452215,0.0
phoenix,8829b6dab9fffff,2.950279395762582e-07,5.211281056810256,1.2204365145922822,2.565577050653005,56.6383358642069,0.0
phoenix,8829b6c205fffff,0.0,5.628404907218879,1.0973546324557908,3.0836391531609153,55.72682521989128,40.09191488086349
phoenix,8829b6c207fffff,0.0,5.517832781450451,1.0887995511256348,3.002404697117471,57.46335260423737,77.71840946925434
phoenix,8829b6d021fffff,0.0,7.519625072044542,1.0832772289733563,2.1631520758938434,37.151781798019805,1059.958078837222
phoenix,8829b6d645fffff,0.0,4.530482662400172,1.1370462545477495,2.9540241573327783,69.06183267834467,15.686655881886006
phoenix,8829b6c147fffff,0.0,3.267147377782334,1.1629620137343135,1.9827488549096612,93.04753194401296,0.0
phoenix,8829b6d29dfffff,0.0,4.532099665832668,1.0508552578043284,2.6285986635269643,67.077077384649,129.6314840420031
phoenix,8829b6c313fffff,0.0,5.242871851494188,1.1713712435490025,2.298274007467489,60.71633701781322,297.0239867593617
phoenix,8829b6c317fffff,0.0,7.009362974237746,1.067788047327795,2.57883906679585,45.16271250714586,0.0
phoenix,8829b6d2d7fffff,0.0,3.5503407347643914,1.239379310052848,2.772186945962968,86.06372694417817,460.6378759605426
phoenix,8829b6d061fffff,0.0,8.282693133441345,1.0912997725394586,2.401426452544176,35.26866932181269,1239.3849662902362
phoenix,8848e96937fffff,0.0,9.264794553125764,1.0895734755270536,2.92476909282116,31.606603209584335,270.4717563438591
phoenix,8829b6d04bfffff,0.0,4.7941005256006175,1.1065607365559995,2.7542793420432554,64.49150206807933,1937.558858803572
phoenix,8848e96db5fffff,0.0,4.404502079877824,1.1472495372580391,2.546479127158944,73.9503080728074,121.27757355020798
phoenix,8829b6c2c5fffff,1.043081283569336e-07,3.87275600110059,1.0456258670348204,3.0692916237250625,79.0655415163202,44.0622433103929
phoenix,8829b6d05dfffff,0.0,5.678709602165026,1.0737026373447107,2.532988287167669,54.24396312998202,0.0
phoenix,8829b6d153fffff,0.0,7.772063413159785,1.103184367518677,2.206559902961168,35.59575331785814,23688.84890653777
phoenix,8829b6d025fffff,0.0,5.430916784742085,1.1505993690976737,2.4777891982302487,50.64674823061896,6523.729652091891
phoenix,8829b6c143fffff,8.344650268554688e-07,4.727674544177411,1.1469840453584998,2.6679992326111295,65.75766290816779,0.0
phoenix,8829b6d01dfffff,0.0,6.029797112198509,1.116105797970251,2.5727312187429616,49.62233270168888,560.0121269282212
phoenix,8829b6d8d5fffff,4.172325134277344e-07,5.106376334142939,1.1411864017847226,2.2494139744590065,58.50113544548625,0.0
phoenix,8848e9693bfffff,0.0,3.21139287892379,1.0723833608449602,2.670347553401551,95.14736037465283,0.0
phoenix,8829b6d891fffff,0.0,6.833804795613765,1.1017055150524957,2.392970685416312,44.14954929690871,94.96054588777676
phoenix,8829b6d8a3fffff,0.0,4.590664541296031,1.2309613230405096,2.4092207358888618,63.12217428784699,0.0
phoenix,8829b6c149fffff,0.0,6.885955914121302,1.1451635518846668,2.151169470585967,45.02628588893712,203.54575693473697
phoenix,8829b6c14dfffff,0.0,4.406990436728224,1.0302072492003704,2.1535417306847724,71.0065462044308,0.0
phoenix,8829b6d897fffff,0.0,5.764198064530159,1.063729314132395,2.5058490445964825,52.368915586422865,3.587751608783787
phoenix,8829b6d895fffff,0.0,6.470100823286388,1.057497448288757,2.146370161972373,46.04870716351813,0.0
phoenix,8829b6d8bdfffff,0.0,6.875262132685804,1.128258720850414,2.4455611967103117,44.06611644006676,1761.2934046461885
phoenix,8829b6c337fffff,0.0,3.972535798909044,1.0438639155395,2.172246892528505,80.50772504244023,730.0876962845928
phoenix,8829b6d8b9fffff,0.0,7.769045665503575,1.1558982892326857,2.662927110643179,39.967286525649634,210.07964698011315
phoenix,8829b6da85fffff,0.0,2.5102072955205084,1.0372510734474694,2.5866720746044303,102.61134928394334,0.0
phoenix,8829b6daa9fffff,0.0,3.494872200559868,1.032810598948694,2.964065255714564,76.30226553747725,743.1352186925578
phoenix,8848ebb4b5fffff,0.0,5.997550288088154,1.130817462622452,3.3744778250388108,51.9986314077368,5.595428745104613
phoenix,8848ebb4b7fffff,0.0,6.329358055471461,1.1220075796541995,3.4052503195015205,47.5444623749463,129.2094082506254
phoenix,8848eba64bfffff,0.0,4.641613317333611,1.044047875044364,3.2708922766164052,66.68453151147382,0.0
phoenix,8848ebb4b3fffff,0.0,3.3250027433588984,1.3220684570307426,3.093497620850962,88.4563622229398,1155.2505049239876
phoenix,8848e9696dfffff,0.0,3.674150806068177,1.0870960286339069,3.1160210817564775,84.24363230072218,0.0
phoenix,8829b6d88bfffff,0.0,5.747630934363151,1.161829241259689,2.1146878350868583,50.75707064554109,0.0
phoenix,8829b6d889fffff,0.0,5.636953337204529,1.2372412390857264,2.19587083851477,51.97943881203248,0.0
phoenix,8848eba61dfffff,0.0,4.004224027892189,1.3186601887894274,3.41121527690445,78.38437883404484,476.4062277981814
phoenix,8848eba603fffff,0.0,4.3620504808171825,1.0393208137157512,3.3713475490245055,70.0486060166624,300.2861761370088
phoenix,8829b6d289fffff,0.0,4.959163131818535,1.0811712978271524,2.51457730139404,61.20023428509345,19.176740518977464
phoenix,8829b6d2b9fffff,0.0,3.156818066678513,1.0932778358683026,3.027819453632064,97.15511773237355,172.34755405660883
phoenix,8829b6d2bdfffff,5.21540641784668e-08,5.050799907503624,1.052893972664367,2.4021724665886532,65.21972177446538,1428.326710199728
phoenix,8829b6d2c7fffff,0.0,3.0484869802718424,1.0642512092557133,2.352415591215245,104.3736844673828,8934.817743274914
phoenix,8829b6d281fffff,0.0,5.779950968981303,1.0971407878107258,2.852479145357468,53.05696679996505,20.03189036585495
phoenix,8829b6d28dfffff,0.0,4.972999173372722,1.0849141261283326,2.663343355871364,60.32576912666923,69.44643090565219
phoenix,8829b6d2c1fffff,0.0,4.28174659326387,1.1113579012565882,2.1044965389846157,64.81771716341119,0.0
phoenix,8829b6d2cdfffff,0.0,6.051074791970348,1.2063335464001972,2.4138505632415703,49.72209125930931,0.0
phoenix,8848e9698dfffff,0.0,6.867207342838717,1.0490816425462608,2.0228354885219115,41.04212793815245,91.37243979219
phoenix,8848e969e3fffff,0.0,5.937998884223116,1.216763059303574,2.212790518810371,47.804264871780845,48.28531490549623
phoenix,8848e969ebfffff,0.0,7.184349597517253,1.0918818546681586,2.2565840457471302,42.05018789486685,3786.475447965101
phoenix,8848e96985fffff,0.0,7.082782713123569,1.0807321547424356,2.2299011096747927,40.95165577353257,344.0075787768124
phoenix,8848e969abfffff,0.0,6.610008288245833,1.0482234675445914,2.240585286071136,43.32708713430296,0.0
phoenix,8829b6d35dfffff,0.0,8.814761947807714,1.0220788832335972,2.285243405490427,32.68268961330427,568.7497413920065
phoenix,8829b6c029fffff,0.0,3.769849813994829,1.0638082688597978,2.262496604932884,81.73788084072032,0.0
phoenix,8829b6c00bfffff,0.0,5.160568609964737,1.0917037726632122,2.618116829813439,59.30544581329538,17.93351946516064
phoenix,8829b6c2abfffff,0.0,3.1136667885001126,1.0748627179909211,3.032131290088915,96.00033137208312,0.0
phoenix,8829b6c005fffff,0.0,4.235584049123929,1.0736036378661424,2.391656559462057,74.01895697911122,5177.821039683021
phoenix,8829b6c001fffff,2.086162567138672e-07,4.379830209768609,1.0828560512095158,2.9521468277336083,68.26633923102878,9.789909414157671
phoenix,8829b6c2a5fffff,0.0,4.092994484987559,1.0931250307321692,2.1263429109801444,78.14643834719037,0.0
phoenix,8829b6c053fffff,0.0,4.455126557328788,1.1040458185200033,2.830960788143767,70.04975793546699,0.0
phoenix,8829b6c2a1fffff,0.0,3.270350954306229,1.3231051877470503,2.405052605537259,93.60538158037916,88.09412155980462
phoenix,8829b6c019fffff,0.0,6.467145381451953,1.0490825569401605,2.5756117224576136,49.802177480292194,0.0
phoenix,8829b6c287fffff,0.0,3.5639550320516493,1.1268343147460782,2.639820404845222,87.32559389694566,0.0
phoenix,8848eba6a9fffff,0.0,8.483006623835552,1.1054087897683178,2.625895645557905,35.926166072484826,682.8740358082467
phoenix,8829b6d0ebfffff,0.0,5.688422575557486,1.0974227030961414,2.164389257777987,54.15926893416752,0.0
phoenix,8829b6dae3fffff,0.0,2.473686677401116,1.0867821224552106,2.8607641908825476,137.44667144232187,0.0
phoenix,8829b6c241fffff,0.0,7.369015976577605,1.078964776416989,2.620912257734245,40.474650397850965,2797.4512393669356
phoenix,8848e96d35fffff,0.0,3.8993838506068657,1.0748638375278028,2.716925191931954,76.62248684708955,43.95867673310597
phoenix,8829b6d2ddfffff,0.0,4.850305238854169,1.064938966452457,2.827166354516931,62.034231029817306,10.63036658602272
phoenix,8848e96917fffff,0.0,4.826566226192359,1.0551516761075084,2.116466044312442,63.16665606409877,35.10656152708301
phoenix,8848e969cdfffff,0.0,5.6859874264374,1.0727867205894184,2.31637920788387,56.47232280856117,0.0
phoenix,8848e96913fffff,0.0,3.8473808892003425,1.1052642582866277,2.5324465941637193,82.92592499567445,608.2278021091735
phoenix,8848e969e7fffff,0.0,5.5680369287975,1.0992519130063028,2.408440017944991,54.59893901092073,5353.808119618983
phoenix,8848e96b07fffff,0.0,5.16351253048961,1.0974573814329078,2.8100668413400816,58.099984889850504,789.0499237178765
phoenix,8848eba657fffff,0.0,3.782341930129957,1.093864353160785,3.37275530947015,80.06068911861875,52.57010313302135
phoenix,8848eba655fffff,0.0,5.776786918515769,1.152221014436397,3.489826988466499,52.96545529021253,26.484509583775868
phoenix,8848e96d89fffff,0.0,3.1618001095957036,1.16400083568276,2.8496985167751445,100.99554684792167,154.59577613577073
phoenix,8848e96dc3fffff,0.0,6.025168200608881,1.066214471471239,1.946401605006873,46.41547051265574,468.150348631548
phoenix,8848e96dd5fffff,0.0,5.928689693122609,1.1088811497157027,2.9430511566691395,49.70507913072354,135.163586331757
phoenix,8829b6d2e9fffff,0.0,7.39307878748898,1.0566702961779044,2.7807382154245395,37.66431990743356,40.5814785647118
phoenix,8829b6d213fffff,0.0,5.083900606223049,1.1664819723133308,2.4486697712012884,59.369624166771345,0.0
phoenix,8829b6d22bfffff,0.0,6.703143398823096,1.121505361600455,2.2868926686874356,43.64573206566717,188.29563209915548
phoenix,8829b6d205fffff,0.0,3.96869537570088,1.10283401026608,1.835625312747663,77.52983753205518,1253.6432704844997
phoenix,8829b6d26bfffff,0.0,4.624480349552846,1.0810293265433664,2.5270430290378356,67.57516009992702,0.0
phoenix,8829b6d261fffff,0.0,5.194176335050848,1.139375179019225,2.6675273706457356,56.22362033791632,330.32535718392387
phoenix,8848e9699bfffff,0.0,3.623277069562069,1.2099347701905092,2.313008293221849,89.69780498715258,289.6469516571496
phoenix,8848e96991fffff,0.0,4.013872303307424,1.159091969305551,1.8537508467354005,71.78494268064176,0.0
phoenix,8848eba617fffff,0.0,6.1491863595935925,1.1523622860850264,2.670251129945103,47.98715634187047,0.0
phoenix,8848eba6e9fffff,0.0,5.396058843097431,1.1629338834356588,2.9634009500886114,54.224927001171906,28.06115188040233
phoenix,8848eba6e1fffff,0.0,5.351947617333578,1.1109063587031929,2.527753052232034,55.33571464613754,621.4447036503433
phoenix,8848e969e1fffff,1.475139697881291e-07,5.639785335690156,1.1395290562265474,2.072250198695967,51.73434026286044,209.45321116033588
phoenix,8848e969e9fffff,0.0,5.205601919142225,1.07256661647059,2.4303746018683103,56.204147715963785,577.2812262861249
phoenix,8829b6d341fffff,0.0,6.419041074738705,1.0179339705755863,2.6218601828260537,45.45145504975796,49.285996033935895
phoenix,8829b6d34bfffff,0.7139916347103027,8.267687958017978,1.0389324403165603,2.473103937267887,35.40081922726953,0.0
phoenix,8848e96b39fffff,0.0,5.429921767509365,1.1193189565206114,3.3297149932909647,59.052816530747656,9.20802917691732
phoenix,8848e96b3dfffff,0.0,6.448134851466006,1.063652359817901,3.1327472779306884,45.97611306527637,40.666710732637135
phoenix,8829b6d349fffff,1.9469640610253591,6.231372237019614,1.187161814908857,2.9220232026685182,48.29207989504651,3.6861200752608054
phoenix,8848e969a1fffff,1.10676233700704,6.4155872948165475,1.1064552037895694,2.1569389430476673,45.892869147099766,19.16037327726427
phoenix,8848e969a9fffff,0.0,6.775694882133806,1.1696628308559116,2.792278688095296,43.33644032498797,359.2884152515133
phoenix,8848e96b31fffff,0.0,4.0928518421836335,1.1738269040882705,3.1554016174193813,77.90181321101424,130.4614117515209
phoenix,8829b6d309fffff,0.0,8.230961914041774,1.078186157294358,2.138412567591206,35.45190486068422,546.347102675993
phoenix,8829b6c369fffff,0.0,3.7111124869240912,1.135809406358758,2.628480571358912,77.5570342432117,0.0
phoenix,8829b6c36dfffff,0.0,4.752049214021002,1.1042052439358792,2.368842048887229,59.14783994626394,0.0
phoenix,8848e96dabfffff,0.0,4.647006880518681,1.0397535170355237,2.2881893572365155,68.2821653735696,1001776.3097635373
phoenix,8848eba659fffff,0.0,2.808207650454117,1.115152447731701,3.476661936630617,110.51348981832624,242.08442276185627
phoenix,8848eba65bfffff,0.0,2.0596522453760993,1.0878585070722604,3.2208619873666433,161.83961835385736,395.1318647070152
phoenix,8848eba651fffff,0.0,5.1108969651811815,1.0835807742762746,3.0725801169226408,62.342765497151255,0.0
phoenix,8848eba619fffff,0.0,3.927312194823336,1.0811225009345278,3.472265327824605,85.571392621515,2326.3676907681547
phoenix,8829b6d207fffff,1.475139697881291e-07,5.454326921553371,1.107136774805872,2.1275225216689275,57.560445658559914,35412.085111838016
phoenix,8829b6d239fffff,0.0,5.698484346075254,1.059055216312821,2.2557229129002514,54.549669877884504,576.7278569099477
phoenix,8829b6d203fffff,0.0,6.929389727112068,1.0690961396574177,2.2166495968360533,44.74983122370105,0.0
phoenix,8829b6d215fffff,0.0,4.170810972347063,1.1461556685527876,1.9396438544604064,71.01217147282381,0.0
phoenix,8829b6d211fffff,4.172325134277344e-07,4.9301266554938135,1.1483925764256564,2.5061478489178945,58.99754812409603,0.0
phoenix,8829b6d21bfffff,0.0,5.2656760606472135,1.113292275250471,2.2445311010698417,58.75313947094082,0.0
phoenix,8829b6d221fffff,0.0,4.827557667634833,1.148607842841518,2.2622630002162674,56.79757079348003,2283.781014858713
phoenix,8829b6d319fffff,0.0,8.187355595093697,1.0307822811116545,2.138467614737176,34.418100737196404,1056.5477100389448
phoenix,8829b6d353fffff,0.0,9.787358060398487,1.042303349528744,2.1533364871093736,28.99493224142144,84.87282006400909
phoenix,8829b6d225fffff,0.0,7.495541793172243,1.0215274662740192,2.269850905875862,39.03029288100975,3349.754240511233
phoenix,8829b6d147fffff,0.0,7.948066958526156,1.0813090310455584,2.0896027343160575,35.018997044904914,30.36914619476485
phoenix,8829b6d161fffff,0.0,6.033674897873719,1.0978728071684951,1.9931179681842943,46.42972130804623,0.0
phoenix,8829b6d165fffff,0.0,6.5620059419131875,1.0979222862921325,2.418211763348205,42.56478084598503,81.16810650213874
phoenix,8848eba4b3fffff,0.0,7.7990839378101535,1.1506247392320852,2.4362052004412917,36.55256603024707,511.71614475459984
phoenix,8829b6da59fffff,0.0,3.96171648054564,1.040527814190503,3.174544085471561,72.35920795300947,0.0
phoenix,8848eba4b7fffff,0.0,6.280265885742297,1.0893927694974626,2.9288600461383787,44.14067730838628,118.43314319499451
phoenix,8848e96939fffff,0.0,3.2821505919470337,1.1878172389970436,2.674354731295563,101.55942696571816,1192.8141818328756
phoenix,8848e96b23fffff,0.0,2.460893936322289,1.0637960766498014,3.0829689035182684,132.22708244107358,592.4562854347173
phoenix,8848e96b21fffff,0.0,5.498828118888242,1.1261822303864863,3.475247120001408,56.55306967823007,631.7249739713535
phoenix,8848eba699fffff,1.7552650198963897,7.131521938821171,1.105725870005437,2.463024060479326,41.08081732248415,973.677025053837
phoenix,8848eba6d1fffff,0.0,7.1148068065808365,1.1405929623822024,2.5993575165519394,40.83931924117415,93.9661789933096
phoenix,8848eba6d9fffff,0.0,6.356608572139752,1.0823545660600429,2.7098047807404755,47.91629835025367,521.3529255210924
phoenix,8848eba6d7fffff,0.0,6.273909461888823,1.055455312391807,2.3758342136578396,46.65080498964567,616.855411004416
phoenix,8848eba6d3fffff,0.0,4.235012087429759,1.0532391966291,2.365670160587065,73.78963590860914,111.1570294879758
phoenix,8829b6c007fffff,0.0,3.5810374240229637,1.0714157434863003,2.662533408435695,89.68570980497492,0.0
phoenix,8829b6c2edfffff,0.0,3.4030279307272613,1.0823485513928153,2.8489871495893073,87.74865125696896,0.0
phoenix,8829b6c233fffff,0.0,4.6412470618991115,1.0283694444399911,2.3777089514691863,64.11228957244938,141.92688256940778
phoenix,8829b6c2ebfffff,0.0,6.507848154740141,1.1664765985500205,3.025362416398236,48.47338256032316,267.69986689616303
phoenix,8829b6c2e9fffff,0.0,6.523764273380158,1.0734976967721055,2.8496597364374776,48.42058408260469,107.74048774030264
phoenix,8829b6c011fffff,0.0,5.193414049016018,1.1249591014325249,2.4627074020185313,60.24619501349087,430.8289218822352
phoenix,8829b6c01bfffff,0.0,2.959336560546048,1.0851199374441032,2.983645776148087,110.69582664707336,0.0
phoenix,8829b6c253fffff,0.0,4.291036331613578,1.0255956920661446,1.9843521889327276,73.82689603344504,0.0
phoenix,8829b6c257fffff,1.475139697881291e-07,5.820956588740946,1.0281809218435185,2.4427127481589386,52.02184499952589,90.06480241919998
phoenix,8829b6c20bfffff,0.0,4.633499954206494,1.1164933455116817,2.51701835093898,69.1729413360295,0.0
phoenix,8829b6c35bfffff,0.0,3.6384247617698686,1.058702825263405,3.081033691291169,82.70775009225254,1961.095976711714
phoenix,8829b6c22dfffff,0.0,3.3363558799062036,1.0709097322212904,3.060733532723863,86.17186245973326,0.0
phoenix,8829b6c229fffff,0.0,5.068358076463408,1.1263947938209078,2.315886052486274,61.65704855211326,458.4431630441419
phoenix,8829b6c219fffff,0.0,6.110399346324568,1.0627202323713325,2.377459863662881,50.85007838336811,0.0
phoenix,8829b6c351fffff,0.0,4.3882300909756315,1.161726133785053,3.021280426677276,65.5699093008661,1110.7511521403276
phoenix,8829b6d521fffff,0.0,4.632458484142174,1.012414003934352,2.879453574877611,75.9535898824157,0.0
phoenix,8829b6d52dfffff,0.0,3.4485029554268105,1.081042025690245,2.3237240019427263,97.74637169875182,39.08213446116047
phoenix,8829b6d189fffff,0.0,5.298418898369664,1.089811751101482,2.585843797565055,52.93149959824133,0.0
phoenix,8829b6d1c3fffff,2.950279395762582e-07,5.527870768884049,1.0822228332676804,2.429042508768504,53.114807832431815,0.0
phoenix,8829b6d081fffff,0.0,4.912541737342397,1.1047811447160678,2.334712078903076,60.928118804630714,164.3346777379845
phoenix,8829b6d08dfffff,0.0,5.17620345881099,1.1062510873525335,2.4531728595763087,57.22430016885117,144.62268200098222
phoenix,8829b6d085fffff,0.0,6.514150625585214,1.1255032906577394,2.324921765227891,46.66414551934991,154.85344609944502
phoenix,8829b6d1dbfffff,0.0,6.538423479255947,1.0575755136850409,2.110767376560415,43.51257346115413,0.0
phoenix,8829b6d1d1fffff,0.0,6.432995976677209,1.1446934154985462,2.236248295201394,44.628781866865125,0.0
phoenix,8829b6d1d5fffff,0.0,4.975960589078912,1.1802205118483693,2.5204113206160157,57.79230948219629,710.6292888503152
phoenix,8829b6da4dfffff,0.0,4.454142110714876,1.062499621992648,2.8157318784115835,65.26457108750601,73086.35364799412
phoenix,8829b6d81dfffff,0.0,3.892744591944137,1.0556936977274414,1.952957514208851,86.5601412526389,0.0
phoenix,8829b6d819fffff,0.0,3.194925852063388,1.173524458020012,2.387673083006224,101.15124627966028,0.0
phoenix,8829b6d811fffff,0.0,4.143005004189377,1.0977075039258737,2.5536815580297967,84.47974348234742,0.0
phoenix,8829b6d8e7fffff,0.0,5.47922370167758,1.175209037439309,2.330469692754703,53.847285377984456,23.19409433788777
phoenix,8829b6d8adfffff,0.0,5.321409691321666,1.148499645156204,3.2570308838812707,55.01379265074394,47.76814608279904
phoenix,8829b6d817fffff,0.0,3.90747936976442,1.0019238862634652,2.2381137455499305,83.51055977382102,0.0
phoenix,8829b6d8edfffff,0.0,4.557266199300445,1.0791254401745922,1.8885746232618124,66.98383297021272,142.48933954372794
phoenix,8829b6d8e9fffff,0.0,4.3157444208853475,1.189572962621125,2.639993299700039,72.08747339289587,32.35155775269756
phoenix,8829b6d8e1fffff,0.0,4.271355978189924,1.161226764100371,3.08813474073861,69.3368150799612,28.37736406111272
phoenix,8829b6d857fffff,8.344650268554688e-07,3.3153534549694115,1.0254722570494963,2.2250222140202265,90.48808945252205,0.0
phoenix,8829b6d8cdfffff,0.0,4.660764764444612,1.106556847307494,2.304980114374782,61.85698060840676,514.3019479939722
phoenix,8848eba4a3fffff,0.0,5.413148345941113,1.0999911430085654,2.360924145650056,53.486417889694486,716.5866467719446
phoenix,8829b6daa7fffff,0.0,4.351514702148313,1.120600542058387,2.903002569133908,68.32041660126383,547.3467606574194
phoenix,8829b6daa5fffff,0.0,4.849792421295437,1.102910440381034,2.322290066309168,61.49657307506425,3495.5847623311633
phoenix,8848eba4abfffff,0.0,4.9519633895344715,1.0823761041519928,2.400712571244225,54.01897771807791,0.0
phoenix,8829b6d8c7fffff,0.0,4.851519255810286,1.2786912506860624,2.538617238624172,60.20168468781714,0.0
phoenix,8829b6d8ebfffff,0.0,4.076775600370628,1.3144458397557846,2.352135747581383,73.76531532758872,235.5320265250735
phoenix,8829b6d88dfffff,0.0,5.480680693755639,1.1718961765516616,2.6782819409671954,53.15112558153253,18024.290496124955
phoenix,8848eba4b5fffff,0.0,4.6636520347400765,1.1113634240837853,2.693822301106502,59.8717007917468,44490.04599659763
phoenix,8829b6d885fffff,1.475139697881291e-07,4.418325415896071,1.1466070928769607,2.7041579375894194,66.63725719448891,7.8056362269399715
phoenix,8829b6d887fffff,0.0,6.8182920209940585,1.082590620456002,2.7182777858798097,44.69279776687827,66.13376254945516
phoenix,8829b6d899fffff,0.0,6.689971258931062,1.1138433045011749,2.5393224231174254,44.94777168106203,43.57735460893713
phoenix,8829b6d2c9fffff,0.0,3.923352695560032,1.141204550266712,2.4493071203582537,81.17882214498911,0.0
phoenix,8829b6d23dfffff,2.086162567138672e-07,4.70007687544979,1.0596925445224836,2.153422448706536,62.89693675019172,0.0
phoenix,8829b6da5dfffff,0.0,4.243685274930674,1.0806933246738222,2.7419867421496993,65.76118382068745,814.1824709930769
phoenix,8829b6d2c5fffff,0.0,5.097070582942459,1.1460398923672417,2.48276738982309,60.087024749616674,0.0
phoenix,8829b6d235fffff,0.0,5.6826720702978015,1.1304115906551389,2.0101601389613006,53.482158545798974,0.0
phoenix,8829b6d049fffff,0.0,5.989746830641939,1.0505674439028687,2.6396714926373424,46.44772552126403,0.0
phoenix,8848e96d8dfffff,0.0,3.876389016225938,1.082994337043595,3.098808043978427,77.56022254545518,20.062600130568207
phoenix,8829b6d237fffff,0.0,4.72858460836433,1.1661437497293887,1.9553037011179857,66.16472432841739,0.0
phoenix,8829b6d2d9fffff,0.0,4.756378494360358,1.1088052750661113,2.730267924902813,58.08110268981199,29.04107692890597
phoenix,8829b6d2ebfffff,0.0,5.542340375632058,1.0873072757617708,2.968557668272396,54.12875782927487,0.0
phoenix,8848e96de5fffff,0.0,5.7121475341111525,1.114313968976567,2.2062544806404887,50.43808031516342,0.0
phoenix,8829b6d2c3fffff,0.0,3.315976709648714,1.0372788497275904,2.342333499051244,93.55945201686524,0.0
phoenix,8829b6d233fffff,2.086162567138672e-07,3.91859327034319,1.1191749786565912,2.3402943560614595,79.46818852793496,0.0
phoenix,8829b6d2edfffff,0.0,3.5283061685917407,1.1160456070030196,2.419216429322199,91.6953904524212,0.0
phoenix,8829b6d1a7fffff,0.0,6.4347108019403265,1.123623334863998,3.3398477823857746,43.09609754118671,0.0
phoenix,8829b6c36bfffff,0.0,5.765946663484483,1.0768651098840236,2.698384262959303,52.78367002844122,2480.4485888128575
phoenix,8829b6c345fffff,0.0,6.056648076014777,1.1126037472345836,3.1422245330276186,49.67226985145784,0.0
phoenix,8829b6d00bfffff,0.0,7.175055307128276,1.0690065178900032,2.1178316453066865,40.355721188984944,0.0
phoenix,8829b6c059fffff,0.0,2.3974366205022184,1.0445647976261785,2.3248819871693724,130.69514774813777,0.0
phoenix,8829b6c237fffff,0.0,7.229876961931949,1.0751692908810266,2.967627586577076,43.390304614912274,0.0
phoenix,8829b6c041fffff,0.0,7.7763905014353965,1.09790262388914,2.334806732173304,38.98704470301702,0.0
phoenix,8829b6c043fffff,0.0,3.7964736240069503,1.097127933545467,2.908859481114561,84.18871953790021,30.909389190154663
phoenix,8829b6d037fffff,4.172325134277344e-07,6.9486142950853695,1.0474581509135932,2.800807588553995,40.26263573821839,0.0
phoenix,8829b6c009fffff,4.172325134277344e-07,5.1455891154754,1.0849478389250036,2.1538562905166194,58.15787052957484,1081.7205794202257
phoenix,8829b6d193fffff,0.0,6.831579509539192,1.073199841369051,2.6221579669658244,45.05597391910524,16.655895554418894
phoenix,8829b6d041fffff,0.0,5.631815438610083,1.0810349933123986,2.42489251504095,51.60610207683868,1180.7883854624324
phoenix,8829b6d031fffff,0.0,7.621507528380096,1.10973791448797,2.4986117972296884,38.92072720259623,0.0
phoenix,8829b6d03dfffff,0.0,8.049872302159452,1.087803912837192,2.333753501548025,36.55251404218412,97.91861776941512
phoenix,8829b6d007fffff,0.0,8.038299412688001,1.1145776588672465,2.0797796731096825,35.6296662623721,4038.025588088412
phoenix,8829b6c26dfffff,0.0,4.525253150247166,1.1225905809921788,2.5506169442708813,65.11080095635404,1928.961612764341
phoenix,8829b6c261fffff,0.0,6.288664153191097,1.2306789526909647,2.6556631326725735,47.26772679626933,4012.4166916102818
phoenix,8829b6c25dfffff,0.0,3.1934613694587397,1.095323632743049,2.650660137388973,100.42070908995132,50.487430190074214
phoenix,8829b6c243fffff,2.086162567138672e-07,4.0369058036751975,1.0946726067970258,2.680308661502943,80.080110309895,57.87014619915128
phoenix,8829b6c26bfffff,0.0,3.4832027003274084,1.0536030602929352,2.7701610485999777,91.67647092786804,42.229031896994634
phoenix,8829b6c269fffff,2.950279395762582e-07,5.988197749107754,1.0911054628695416,2.1098120870147583,50.253171076517006,4399.672736053917
phoenix,8829b6c251fffff,0.0,4.914399870620709,1.0971554757660715,2.5440790477448583,63.00330439395776,172.57582980170656
phoenix,8829b6d641fffff,5.082657228880709,4.3790483842267065,1.1385562766271795,3.3826690558602257,68.6623323822378,137.41131729382613
phoenix,8829b6d649fffff,2.615184360329821,2.336305333650006,1.241291234951887,2.993757826992205,145.5289234257829,75872.7536585176
phoenix,8848eba4d3fffff,8.344650268554688e-07,7.301146649936011,1.05044967496688,2.3413766773200724,40.06948572823494,0.0
phoenix,8848eba499fffff,0.0,5.396283026882068,1.0729790737208158,2.219219582265063,48.2114448649176,1232.2446998187174
phoenix,8829b6d181fffff,1.043081283569336e-07,4.940141360297528,1.161120809656159,2.432230003340401,56.228710378653695,424.1180999177152
phoenix,8829b6d18bfffff,0.0,5.370943504191874,1.1025201180953128,2.4044499921833324,53.3918678642851,18.32058008469797
phoenix,8829b6d0a1fffff,0.0,3.0108586603730223,1.109833541275408,2.8417814068786114,107.13908607098983,0.0
phoenix,8829b6d0abfffff,0.0,5.168787646688026,1.0914085810970195,2.6445496783888895,59.72867397881697,0.0
phoenix,8848eba613fffff,0.0,5.405147776375403,1.1723049360864026,2.7919377239668774,51.802468976669296,1240.809210272197
phoenix,8829b6da51fffff,0.0,3.1546784519652356,1.0869311284397452,3.0090412496752683,94.3421182699756,1090.0599952028786
phoenix,8829b6da55fffff,0.0,3.401374428822484,1.091661332995903,3.107696683133895,91.87462496099964,0.0
phoenix,8829b6c25bfffff,0.0,2.864069770741492,1.0385694745779728,2.6320015459023067,106.33311299068296,0.0
phoenix,8829b6c259fffff,0.0,3.4981853928636024,1.0792491657685537,2.510694961203107,88.7906230583737,110.89319325447576
phoenix,8829b6d567fffff,0.0,9.63952598372952,1.0381562235303656,1.867476138651618,35.423257866673076,0.0
phoenix,8829b6c223fffff,0.0,4.697424051419058,1.06440018417459,2.6966245293368547,63.86478987550047,275.9011229842501
phoenix,8829b6c049fffff,0.0,4.772113896061461,1.0317676287484474,3.2469906807235565,61.02301779702547,29.53444287915521
phoenix,8829b6c31bfffff,0.0,4.148214728874234,1.1584948536169763,2.8717523904741418,73.9639102292681,33.55172302618637
phoenix,8829b6c23bfffff,1.043081283569336e-07,8.023922970744218,1.1398013638694469,2.2718084620306542,36.857866398938455,56.26389891327586
phoenix,8829b6c217fffff,0.0,4.05165894578864,1.089788460576993,1.8857423661767985,76.44634393432335,229.17603721499063
phoenix,8829b6d133fffff,0.0,4.640559448933404,1.2009157613471615,2.8026840847296817,63.02102869426603,0.0
phoenix,8829b6d1ebfffff,0.0,5.005007553294513,1.121069707762862,2.5452137244172723,54.68529325799645,0.0
phoenix,8829b6d1edfffff,0.0,6.2061930361247715,1.2053981286708513,2.7144169622319727,44.72578469772244,110.26666817951036
phoenix,8829b6d1e9fffff,0.0,5.9828201725823815,1.1882064963436176,2.237723576195961,49.004873867924395,0.0
phoenix,8829b6c357fffff,0.0,4.834375566354148,1.3213721730863657,2.771511635874505,62.47206462830859,141.5933484984828
phoenix,8829b6c353fffff,0.0,2.5422728942060924,1.2198311471142278,3.4068405992822544,141.60556910332073,0.0
phoenix,8848eba653fffff,0.0,2.9347689132203634,1.155884768127463,3.4701274314823385,101.21059332210312,89.85137352566579
phoenix,8829b6d255fffff,0.0,3.9125479821679106,1.1548994911401782,2.110205792202438,76.29490144199248,0.0
phoenix,8829b6d15dfffff,0.0,8.241070100461316,1.0686985357585224,2.3277033206461004,33.87014188565246,415.5060331161585
phoenix,8829b6d1e7fffff,0.0,6.313498290792094,1.16898485522396,3.198839918491864,44.99275735488614,0.0
phoenix,8829b6d337fffff,0.0,7.801779299400685,1.0482667870629985,2.3840227978765283,37.220992930055495,0.0
phoenix,8829b6d117fffff,0.0,6.323002763778848,1.1772629278709787,2.1687039134706634,43.31688346900003,0.0
phoenix,8829b6d111fffff,0.0,5.6852499578245785,1.110303635824516,2.1489225690266074,48.672892010854135,0.0
phoenix,8829b6d11dfffff,0.0,7.226936993218579,1.1440931228507576,2.371789017829576,39.80870101308838,202.7409869995894
phoenix,8829b6c151fffff,0.0,3.568781083843672,1.1083369503632128,3.230908292995122,88.42620577665753,44.64088738640539
phoenix,8829b6c159fffff,2.086162567138672e-07,3.899213724709224,1.0558375590898923,2.589525698790744,77.99616353753099,32.785974556461795
phoenix,8829b6d1a1fffff,0.0,5.6627273940595675,1.1261307333251906,2.85293553984103,50.852812789104625,135.47258149469883
phoenix,8829b6c153fffff,0.0,2.28109310115722,1.3204690585070922,2.382407690613964,138.43778385196447,236.66983957491104
phoenix,8829b6d33dfffff,0.0,8.41716919277095,1.023955285650298,1.8793998617457348,33.50771478646039,2455.473414015488
phoenix,8829b6c30bfffff,0.0,3.219939815260453,1.1027322452686752,2.4785509034497717,90.9311383415126,0.0
phoenix,8829b6c31dfffff,0.0,3.1882458034207652,1.0666538348823964,2.4009664366472885,95.9101470905588,0.0
phoenix,8829b6d8e5fffff,0.0,4.342612863429525,1.1809146759101423,2.691034105384064,71.00180076605564,12.936941456466286
phoenix,8829b6d8e3fffff,0.0,5.713947843399221,1.134589044099329,2.594549859767834,50.9053453574542,432.0754674622923
phoenix,8829b6c367fffff,0.0,3.934074308345778,1.0896616657840752,3.0090707522241624,84.344665558111,2423.9042665155607
phoenix,8829b6d8d1fffff,0.0,4.70845251340622,1.0989688939444318,2.4349745646934657,61.490625821381414,0.0
phoenix,8829b6c347fffff,0.0,3.7333712352007673,1.256055308386269,2.958690488282399,79.36427363628161,0.0
phoenix,8848eba485fffff,0.0,6.250138088641925,1.1434531418415022,2.3410147689018985,46.45058661547817,0.0
phoenix,8829b6d8b1fffff,0.0,4.911932814861132,1.17487327327862,2.5480234081871287,63.511823904014875,56.01618727070893
phoenix,8829b6c249fffff,0.0,6.566469286184079,1.0842343809629669,3.3531411343414668,47.418101794681725,0.0
phoenix,8829b6c209fffff,0.0,3.6214633324619574,1.0819574296269348,2.4970903852568256,86.9548625085117,74.49723262003721
phoenix,8829b6c203fffff,2.086162567138672e-07,4.412296251298012,1.0581524950700103,2.361351894484841,70.15027819873923,0.0
phoenix,8829b6c239fffff,0.0,4.672095340656798,1.076274350610622,2.62580043472595,68.49175298614828,489.8934776459287
phoenix,8829b6c057fffff,0.0,6.914571640937703,1.098530663460172,2.447385146998549,46.52180039235206,0.0
phoenix,8829b6c051fffff,0.0,2.9460918181974054,1.1862387963074474,2.0096999232053903,109.24271893762308,0.0
phoenix,8829b6c05bfffff,0.0,4.990770531975002,1.07108794560574,2.249778570005871,64.3108507260787,0.0
phoenix,8829b6d011fffff,0.0,6.608724241076615,1.0558831695858315,2.5537980847836295,45.02803322034245,150.34944541490412
phoenix,8829b6d019fffff,0.0,6.6435811025296205,1.1060430943699158,2.3614830088049543,43.56507007136492,5.572657090879432
phoenix,8829b6d051fffff,0.0,6.936581768456504,1.097881540461876,2.7458107011737325,45.466863350303015,2235.7213627092115
phoenix,8829b6d0e9fffff,0.0,5.573763468665369,1.0885622755679056,2.2467269810368187,52.927894402946315,0.0
phoenix,8829b6d0a7fffff,0.0,6.318020140065393,1.1302056004566166,3.007813002242808,45.75513838945872,0.0
phoenix,8829b6d231fffff,0.0,4.328447870317311,1.066851278399481,2.2956889596342047,73.080822523353,4184.785540458264
phoenix,8848eba4bdfffff,0.0,5.809955470417903,1.1914255719909093,2.3724370813821194,47.72779445507924,84.21706407557254
phoenix,8848eba487fffff,0.0,5.09374156448534,1.1453866734752691,2.215107984199332,52.85520787075335,62.48619650159444
phoenix,8829b6d8c9fffff,0.0,6.913565919721605,1.0757932783014528,3.089040493125463,43.16134958162877,951.732104905585
phoenix,8848eba48dfffff,0.0,5.5879445994692265,1.1312166178304268,2.8506528517680985,49.0784199372423,76.82027772725655
phoenix,8829b6d8c5fffff,0.0,2.806469729011704,1.0274430868359643,1.428311651643789,109.7961370109742,75.91554381818898
phoenix,8829b6d0bdfffff,0.0,2.864763572682917,1.1500104091879844,2.5039320746502085,114.02918892910095,115.9271160265971
phoenix,8848e9693dfffff,0.0,5.454642758964882,1.149847352954125,2.869332842120252,57.29064465063201,0.0
phoenix,8848e9699dfffff,1.475139697881291e-07,5.2030738561566245,1.145519972915765,2.3608351210247434,56.816498502400975,64.4868829855592
phoenix,8848e969d7fffff,0.0,7.076030471765428,1.1727331874585452,2.6260860291872725,42.701087313994016,624.1954181180846
phoenix,8848e96debfffff,0.0,6.540336031180429,1.0757986711728482,2.2618071769048913,45.74214132775325,532.359880012799
phoenix,8848e96dc7fffff,0.0,4.427320387458408,1.0689085336512194,2.844811498166796,74.57980230674796,0.0
phoenix,8848e96dbdfffff,0.0,3.9188403090065447,1.0418803536511063,2.090817599746516,82.61143135896643,416.2749030195568
phoenix,8848e96da3fffff,0.0,4.232872589269111,1.0742668334343215,2.373462685915122,78.52113078932096,0.0
phoenix,8848e96d81fffff,0.0,5.617792556071991,1.1274273963179984,2.8656030556076426,56.63822845112199,142.1648516335328
phoenix,8829b6c311fffff,0.0,4.218228491917902,1.0875048893505672,3.197213955831611,73.2600849787709,1529.488886903773
phoenix,8829b6d1b9fffff,0.0,4.1926995395344555,1.099665810332695,2.8407839579618464,69.96287965960566,80.19498193871837
phoenix,8829b6d187fffff,0.0,7.50915185654376,1.107008938297027,2.365686123826221,35.943649608018646,465.2924870615927
phoenix,8829b6d183fffff,0.0,5.621575066465171,1.1213138800400146,2.3922961027503016,48.78253703547695,0.0
phoenix,8829b6c063fffff,0.0,2.8096950913024172,1.0481691702513152,2.5074909866159016,109.91353843616234,0.0
phoenix,8829b6c061fffff,0.0,3.031494500546032,1.0746560525049569,2.650080930493879,100.61044146544344,0.0
phoenix,8829b6c319fffff,0.0,4.278906403018873,1.143238852593124,2.9457850832788157,74.21699323535466,185.81555165540755
phoenix,8829b6dabbfffff,0.0,7.088846267206757,1.130561520405572,2.426098297508563,43.31507982182591,0.0
phoenix,8829b6dab1fffff,0.0,4.497790000555288,1.1953532762829129,2.454302584137521,66.69942348641511,38.53714228268755
phoenix,8829b6dab5fffff,0.0,4.231045474620338,1.1505850555140753,3.399991832336591,72.41060179035298,430.6536772296966
phoenix,8848e96db9fffff,0.0,4.6974123489833675,1.1207576780549102,2.5078526448180445,67.30864720800247,1144.38770817044
phoenix,8829b6d2cbfffff,0.0,6.38620499919925,1.13194821234244,2.3596887196106495,40.755655766668106,0.0
phoenix,8829b6da99fffff,0.0,4.945706184976131,1.2267046120069032,2.924458195486098,63.444025679741536,0.0
phoenix,8829b6d1abfffff,0.0,7.325378047955,1.0654605867142617,2.6325053197555377,36.29030729136078,107.58625616400826
phoenix,8829b6da8bfffff,0.0,5.485895044428407,1.132414198434048,3.1344003574378743,54.68569806210312,152.5077998346304
phoenix,8829b6da83fffff,0.0,5.016162441525491,1.1301930683263306,2.733172201022639,58.90051386866437,56.90645823146553
phoenix,8829b6d1a5fffff,8.850838187287748e-07,9.262349074952112,1.0504942722330273,3.045337020920958,30.17626558104076,0.0
phoenix,8848e969edfffff,0.0,5.6631718387501415,1.1416412364082866,2.56391981309269,50.91842461616514,0.0
phoenix,8829b6c24bfffff,0.0,7.468420829500302,1.083037862364476,2.3303928970169188,40.92924901711092,1346.208945869764
phoenix,8829b6d1b3fffff,0.0,3.237814528387772,1.0879030899124402,3.403618198862373,100.3763486606595,920.9965456243256
phoenix,8829b6c115fffff,0.0,3.795156555776904,1.230489939702106,2.8307756236748163,79.52288591162477,0.0
phoenix,8848e96db3fffff,0.0,5.2967400593920555,1.0893475059157578,2.1292692494591403,62.93179004362777,689.7527807430653
phoenix,8829b6c04bfffff,0.0,5.007623758635375,1.1774689926176252,2.490820809590663,62.00736499116388,0.0
phoenix,8829b6c2e1fffff,0.0,3.857064825686087,1.0751466987677345,2.342635736869639,82.63108469682135,343.6538653993818
phoenix,8829b6c2c7fffff,0.0,6.654790331792532,1.0453695043845472,2.7642507917454573,46.77593600589957,410.2616461832007
phoenix,8848eba6dbfffff,0.0,5.8614077163418115,1.0589560681525871,2.496314313217214,49.986904981267934,32.049539353286626
phoenix,8829b6c10dfffff,0.0,4.201958116621995,1.148485198003918,2.4700231246148254,69.53155328774979,339.95558318811374
phoenix,8848eba6b9fffff,0.0,7.122420001573477,1.1018820873157529,2.859135410455144,44.037439025229205,4.687436969270131
phoenix,8848eba687fffff,0.0,5.537959708194496,1.1322217743804788,3.197688593476957,51.70679518383662,725.7778828234636
phoenix,8848eba6abfffff,0.0,5.978021335847154,1.0739832606286113,2.57610241901457,49.28768911814245,552.7168233158006
phoenix,8848eba6a1fffff,0.0,6.087818514542792,1.0954325226158124,2.527684049204278,50.38968955650501,0.0
phoenix,8848e969a7fffff,0.0,4.594898734908904,1.2261694958933993,2.5477039429385737,62.998925745915344,10.380576628608338
phoenix,8848eba6d5fffff,2.086162567138672e-07,6.272361097684829,1.1194536612769463,2.589307857401295,46.7577757688444,1189.0587633174357
phoenix,8829b6c215fffff,7.375698489406456e-08,3.5788125261712542,1.1228331974382233,1.8878865340210924,88.83806577843681,2271.938034445009
phoenix,8829b6c211fffff,0.0,2.6262228690816913,1.0265006593847448,2.104315598763176,126.92499835320136,332.72593070982253
phoenix,8829b6d145fffff,4.172325134277344e-07,5.53268315456799,1.085101768975126,2.164638139181948,49.238591304249326,0.0
phoenix,8848eba493fffff,0.0,7.674828361736813,1.1130868887325351,2.159881478055333,35.9958456688774,10641.175158028116
phoenix,8829b6d14dfffff,2.950279395762582e-07,6.6511340326316395,1.0852221992426572,2.2153253062634217,38.92998850394864,0.0
phoenix,8829b6d32dfffff,0.0,6.535283931610641,1.1073916348548305,2.443673179831257,42.604326829974426,1874.6263834498104
phoenix,8829b6d10dfffff,0.0,6.497125547640147,1.1422182289802767,2.1542199749877153,44.96001686569309,782.5797656950019
phoenix,8829b6d105fffff,0.0,6.604549142262824,1.1166905384641472,3.0741350953422915,42.49270544365559,761.4700313333672
phoenix,8829b6c361fffff,0.0,2.8374551413216653,1.0474330684747353,2.9649472349759387,115.04896632116596,5815.587193793745
phoenix,8829b6da9dfffff,0.0,4.740965679658572,1.1930965685296282,3.4275677297944176,63.76076144071898,330.64819529263065
phoenix,8829b6dad7fffff,0.0,2.4483926826137066,1.3135847009344603,3.3709931084540843,140.39823041500043,148.05777383788418
phoenix,8848eba49bfffff,0.0,6.9668719215571695,1.0366807277672616,2.004056270659475,42.25064591741278,27.784981265501727
phoenix,8829b6d327fffff,0.0,12.2348526603709,1.0367355043792286,1.933362315136444,21.304481618316625,0.0
phoenix,8848eba4dbfffff,0.0,8.043054540185295,1.0958054744624444,2.2790392094420304,36.9534984490355,952.610862224726
phoenix,8829b6c101fffff,0.0,5.031689039159609,1.1947786158595095,2.2606347464992727,59.95521092535897,152.33353904513132
phoenix,8829b6d30dfffff,0.0,8.338332981955322,1.0386206782521152,2.279995573330283,35.56338900313411,77.06426344780135
phoenix,8829b6d347fffff,0.0,7.963020521766221,1.1039074839809095,2.320643760240777,37.54729730667353,629.2303582010361
phoenix,8848e96b2bfffff,0.0,4.711690523513737,1.1204753144695798,3.302112536141653,63.09779808619273,0.0
phoenix,8848e969e5fffff,0.0,5.117433625460502,1.164513153504844,2.333721004763383,56.889363477274394,9349.991372656885
phoenix,8829b6c06bfffff,0.0,4.3767159038624195,1.1283898878745506,2.628061860936264,69.00846741874474,112.94261775353762
phoenix,8829b6d063fffff,0.0,7.907342354713481,1.082645690395274,2.5026505398739456,35.572101922420416,2339.970814357455
phoenix,8829b6c02bfffff,0.0,3.6584719255022864,1.0331860559444317,2.342774534145381,79.05368475249462,0.0
phoenix,8829b6d83bfffff,0.0,3.3773074638120493,1.0170409294781009,1.8113825899971112,94.65295492721263,0.0
phoenix,8829b6da6bfffff,0.0,7.518425377229824,1.0482608877518416,2.520362215271735,40.71629811033425,334.6772141792401
phoenix,8829b6da0dfffff,0.0,4.759685272328977,1.090464164803821,3.034034947229462,61.58042633193746,0.0
phoenix,8848eba4a5fffff,0.0,9.947231613381302,1.3071945967217462,2.1112165458116356,35.3718366604162,0.0
phoenix,8829b6d64dfffff,0.0,3.336715913283513,1.143590917463973,2.1787953878889232,94.90369420004028,0.0
phoenix,8829b6c00dfffff,0.0,3.133481088230137,1.0396483988121406,1.8522304147720492,104.206983559403,0.0
phoenix,8829b6c225fffff,2.086162567138672e-07,2.88090143095427,1.114096673470414,3.013098221896893,104.13407302888112,0.0
phoenix,8829b6d069fffff,0.0,7.259527333248936,1.0723406773435116,2.534535330847562,39.21518188805616,5754.400110073061
phoenix,8829b6d1bbfffff,0.0,5.482783938393086,1.039805682925394,2.4822071645495787,56.99659215307109,206.5169331753016
phoenix,8829b6c045fffff,0.0,4.8131031381469,1.080197067445161,2.8613964169027715,62.81302783628834,0.0
phoenix,8829b6d1c9fffff,0.0,6.538632082732106,1.179685600774674,2.181948402917343,44.25086132112579,0.0
phoenix,8848e96d93fffff,0.0,3.789740720024783,1.1201509809426529,2.8686405012514724,83.95873007896367,0.0
phoenix,8848ebb491fffff,0.0,3.0892118008159337,1.047682129809434,3.223449581245896,98.09308087916324,0.0
phoenix,8848ebb499fffff,0.0,4.876454160119423,1.1383333699694005,2.9665433077566483,61.61417819807258,242.77366828317827
phoenix,8848ebb4d3fffff,0.0,4.238152680569119,1.069853897110627,2.580271911702887,71.5591700872524,45.64496281205441
phoenix,8829b6d883fffff,0.0,5.684259908836044,1.093030274725847,2.3612780150262593,52.68239602998666,5026.896429188603
phoenix,8829b6c325fffff,0.0,6.304969160006511,1.1122089715310135,2.2687156364655925,47.104509739219786,42.86210705438932
phoenix,8829b6d89bfffff,0.0,7.105691802706105,1.095292087087726,2.136203926954967,43.83728727932376,69.7953042444283
phoenix,8829b6c02dfffff,0.0,4.7148340629475936,1.087573550489043,2.628094460783908,61.09302563254838,118.8720713560816
phoenix,8829b6c025fffff,0.0,4.463368835869148,1.109870550539537,2.8308232401323865,69.0374347751427,1009.0817978348964
phoenix,8829b6c309fffff,4.172325134277344e-07,3.3724514809470776,1.106281440246708,3.211714808232661,87.33129286192016,0.0
phoenix,8829b6c355fffff,0.0,5.927893144111362,1.194618696345914,2.412616631475934,51.40675116813921,5692.426563097136
phoenix,8829b6d8c3fffff,0.0,5.829865767582039,1.1183919067599322,2.242098398459739,50.45015765102423,0.0
phoenix,8829b6d833fffff,0.0,6.853292329118028,1.0120091907475777,2.162909547729886,44.14465593400307,0.0
phoenix,8829b6c305fffff,0.0,4.561234476624608,1.1056618015465065,3.4354730893579037,67.51396391606593,36.69876215278025
phoenix,8829b6c0c5fffff,0.0,3.488962535071622,1.2326793170206014,3.0334563019514498,100.31635378188864,27.40832066837078
phoenix,8829b6c341fffff,0.0,3.2541188052691523,1.0784160753052083,2.976236072156414,97.16193215695584,0.0
phoenix,8848e96967fffff,0.0,2.125357497464893,1.2333218987685723,2.803719856655597,171.09421077164936,0.0
phoenix,8848e96961fffff,0.0,2.969789158350429,1.0323835372770551,3.2447192545738868,102.38237054611017,59.697954877955674
phoenix,8848e96965fffff,0.0,3.7452633549198246,1.0423492271932973,2.9248797347714706,85.40198935711892,105.88983658300644
phoenix,8829b6d0c1fffff,0.0,6.923894556808502,1.120718009487698,2.16227401676701,43.36361502558912,906.1303245393826
phoenix,8829b6d0c5fffff,0.0,5.7808230387553055,1.0958607739514843,1.9649234734451413,49.983319274949594,0.0
phoenix,8848eba4a7fffff,0.0,4.515909198182839,1.0337670027856445,3.0569318629928497,78.04829568656281,371.8177931997709
phoenix,8829b6d2e3fffff,0.0,3.177028024394071,1.096829498777307,2.716046224123803,93.89886568217736,95.85552929098324
phoenix,8829b6d285fffff,0.0,5.686882401146823,1.0783705250149769,2.500400300478997,52.91393606927718,45.88176596166918
phoenix,8829b6d043fffff,0.0,6.892144046864951,1.0743410365525936,2.3740362961325947,40.93617638267096,12132.911139807708
phoenix,8829b6d047fffff,0.0,7.098800030391733,1.0527510864030791,1.9579783667693929,41.11152224845448,408.9693636654549
phoenix,8829b6d2e7fffff,0.0,3.9452246197440943,1.1500384407433903,2.637485679088982,76.04129774985012,634.3857383840392
phoenix,8848e96dadfffff,0.0,7.837499589755656,1.0570261778222307,2.7934966416698788,40.07012481217243,15.694576348951884
phoenix,8848e96da9fffff,2.086162567138672e-07,4.344294037159601,1.05543318402146,3.0670552949514227,71.9334366704883,457.2526831994371
phoenix,8848e96d83fffff,0.0,3.785594757794188,1.1680121891667157,2.5327338907075196,80.04826782010728,0.0
phoenix,8829b6d06bfffff,0.0,7.841670176647231,1.0521640439183502,2.2241798012325034,37.49500713056166,340.76147664963855
phoenix,8829b6d059fffff,0.0,6.035261849632778,1.1036329912983525,2.463327226679123,52.00146901982956,0.0
phoenix,8829b6d13bfffff,0.0,5.920813093814274,1.0956192137581635,2.853990100438655,47.45165511910921,16.97175896780553
phoenix,8829b6d1c5fffff,0.0,5.840787792065195,1.0925216843452872,1.9836407039152633,45.116090995721585,1073.9503915785997
phoenix,8829b6d113fffff,0.0,5.445782477227783,1.1323004129029952,2.059909729571918,48.39466121381272,4519.061257963254
phoenix,8829b6d0c7fffff,0.0,4.376968138414589,1.1051431730698318,2.327251264063183,69.44119744581599,19.81229945245528
phoenix,8829b6d21dfffff,0.0,5.028534463574088,1.0710181044744302,1.9727362855243864,63.46758453821439,0.0
phoenix,8829b6d2a7fffff,0.0,5.9088553360756215,1.1006770995772046,2.3615964544728167,49.52021774645096,2425.0926146123097
phoenix,8829b6d2e5fffff,0.0,4.416892771424427,1.1357771050205074,2.570866501148416,71.11931629500263,1265.7170991558537
phoenix,8829b6d0b1fffff,0.0,3.3541081431901305,1.091524180182367,2.794227750169248,94.19819122018356,0.0
phoenix,8829b6d0b7fffff,0.0,4.290814682623841,1.122602540671412,3.093559914626544,72.96612305756382,139.2457962622344
phoenix,8829b6c2e3fffff,0.0,3.816378890402944,1.089174965625238,3.0795031661667567,79.51209368261382,727.794164773254
phoenix,8829b6c2e7fffff,0.0,3.0595794546690405,1.1648670299225017,2.737033210382786,98.73361284092236,0.0
phoenix,8829b6d0cdfffff,0.0,5.059832520168436,1.170945769170625,2.754993769077963,58.77250503306488,0.0
phoenix,8829b6d089fffff,0.0,8.84930492313912,1.1227863558822238,1.6662852739585443,36.17729162603218,0.0
phoenix,8829b6d2e1fffff,0.0,6.001193327349689,1.100251894057457,2.389409992698262,50.31119285639709,184.5584016725397
phoenix,8829b6da87fffff,0.0,4.539342057857263,1.0636520688852371,2.1788107084507247,69.16277389333614,0.0
phoenix,8829b6daabfffff,0.0,4.700063027348669,1.1208039583777183,2.66223107078019,61.798412030895165,0.0
phoenix,8848e96d29fffff,0.0,5.758818210342927,1.0745454398223813,2.378692372800195,55.56695632886538,0.0
phoenix,8848e96d21fffff,0.0,4.414434183567504,1.1817494610711825,2.142272987565651,67.95887933197285,0.0
phoenix,8829b6d0b5fffff,2.086162567138672e-07,2.902089519756808,1.1256571025697517,2.789938580240322,109.07546456956108,984.0787011045664
phoenix,8829b6d0b3fffff,0.0,7.158779931282121,1.1338164335946586,1.645316422950616,45.835324335949174,1452.0917490129575
phoenix,8829b6d195fffff,1.475139697881291e-07,4.963262824074688,1.0863398263907815,1.871042834735666,60.89184331651147,0.0
phoenix,8829b6d197fffff,0.0,5.745611330653484,1.1454566396259185,2.264550649682762,52.93561432099093,391.2758131050055
phoenix,8829b6c003fffff,0.0,5.667185908001726,1.0672762604288997,2.27978338830398,56.60595318110981,0.0
phoenix,8829b6c01dfffff,0.0,5.437663144190762,1.089998329923591,2.288084051195587,61.55415201826832,15823.47824945904
phoenix,8848e96da7fffff,0.0,3.707831008673331,1.0280673735381132,2.6379370221470277,85.73227689136915,0.0
phoenix,8829b6d155fffff,0.0,6.626241826843906,1.068957174425623,2.4072286108810315,44.462521934927075,1867.057570566532
phoenix,8829b6d15bfffff,0.0,8.827086782773964,1.0812034601351002,2.473630523918609,32.65059176141093,86.69767275619242
phoenix,8829b6d151fffff,0.0,7.035034600515741,1.0934167068786238,2.1375986828851747,40.41667237388755,13.377948147892903
phoenix,8829b6d16bfffff,0.0,7.190303898991463,1.1549709024513064,2.213306216119853,41.33831159530904,14.189041918463325
phoenix,8829b6d16dfffff,0.0,6.665847905737936,1.1493935069103736,2.29023896136619,41.49685052291962,0.0
phoenix,8829b6d035fffff,0.0,5.60069580722109,1.060844436822526,2.1710597865277204,52.48030912686566,0.0
phoenix,8829b6c285fffff,0.0,2.9493287394329206,1.069819134167844,3.147867006008458,101.06602193631208,189.18597961444215
phoenix,8829b6c281fffff,0.0,5.748580368828512,1.0707074899405122,2.211247042377747,55.821698889017,546.9428342142373
phoenix,8829b6d167fffff,0.0,6.103388020784632,1.06383268265687,2.271965929161209,45.43699117350479,0.0
phoenix,8829b6d163fffff,0.0,6.309762147196645,1.1745025521377703,2.3631580772902385,46.621106975574975,0.0
phoenix,8848e96da1fffff,0.0,4.74283468307193,1.0508680562627486,2.52728268358297,67.13452639103424,33.21494348702332
phoenix,8829b6d749fffff,0.0,2.788935203087897,1.0512707698583632,2.354524932355058,118.00701704587448,0.0
phoenix,8829b6c2a7fffff,0.0,2.665984149790957,1.0235728910687627,2.6397887549718964,114.6126677382964,0.0
phoenix,8829b6c2a3fffff,0.0,4.043945125848396,1.151376634985651,2.0149030205422647,86.54914671389666,0.0
phoenix,8829b6c021fffff,0.0,3.326201217559963,1.0432428312920494,1.5518880935662325,92.50562054631948,0.0
phoenix,8829b6c015fffff,0.0,6.193776604621483,1.0492950600633668,2.4798379479836563,51.61928339820929,0.0
phoenix,8829b6d18dfffff,0.0,4.070537538567014,1.1891746134442531,2.6173000753075724,66.25293018794228,1606.7947764483604
phoenix,8829b6d355fffff,0.0,7.694002967338903,1.095002291810614,2.413133042786086,36.97331163201087,404.0079888919365
phoenix,8829b6c32bfffff,0.0,4.724367955343191,1.1109209786992178,2.575630719353066,66.14641428311423,0.0
phoenix,8829b6c307fffff,0.0,3.6451028000340577,1.085410218639239,3.473249357225166,83.53983272917404,0.0
phoenix,8829b6d8d7fffff,0.0,6.375227479907458,1.126609907003867,2.4389705819870757,46.22360398384443,0.0
phoenix,8829b6d351fffff,0.0,7.306969997761304,1.077622109494978,2.2936715698744945,40.64368232571458,153.89300677909617
phoenix,8829b6c28dfffff,0.0,3.3080214987185825,1.0502969485082714,2.6806795551585827,89.99636906212521,114.35029513676864
phoenix,8829b6c047fffff,0.0,2.993249619444263,1.0295511930514305,1.8642188858642883,106.76945443838903,3008.29539622729
phoenix,8848eba491fffff,0.0,5.375118140955701,1.0632818836193578,2.348590278864215,52.25120933320863,0.0
phoenix,8848eba4d1fffff,0.0,7.522562207769723,1.0444316312770598,2.3942732303864176,39.08668551600303,0.0
phoenix,8829b6c16bfffff,0.0,2.5601077664606304,1.1635071794439968,2.452518443962681,114.88486965743785,0.0
phoenix,8829b6d169fffff,0.0,5.8843814779360715,1.1942703586229564,2.1481648731603347,49.803854161454886,0.0
phoenix,8848e969c7fffff,0.0,6.10919257884261,1.0923146867847684,2.344153896627745,48.0419237089653,306.0939991814094
phoenix,8848e969c5fffff,0.0,5.976542108536868,1.118855388690396,2.600242970725804,52.56151800649736,5542.4472205234
phoenix,8829b6d293fffff,0.0,4.446661558136613,1.09125926599699,2.689004454249542,74.96260486103142,0.0
phoenix,8829b6d299fffff,0.0,7.299654882513088,1.1210148448946369,2.2942233044559233,42.648695003756295,540.7855918255535
phoenix,8829b6d29bfffff,0.0,4.628560173810423,1.034562820674295,2.8500543421009046,67.60745422272737,16.491581626470854
phoenix,8829b6d2dbfffff,0.0,4.2289349532814615,1.0356079362244184,2.1664743263064157,68.7682193609887,560.5802377647725
phoenix,8829b6c33dfffff,0.0,4.094368517196065,1.022966675437976,2.293962819309225,72.94353619281299,0.0
phoenix,8829b6c15dfffff,0.0,3.901394913010684,1.1611820686949268,2.7669096151632657,78.21486048641236,59.075369356256815
phoenix,8829b6d32bfffff,1.043081283569336e-07,7.678667460872354,1.0689137594157276,2.197071901028578,38.52490516078567,221.4074011557496
phoenix,8829b6d103fffff,0.0,4.367221934339831,1.088479302570831,2.3777071738488655,70.30875612121353,0.0
phoenix,8829b6c155fffff,0.0,3.4651323569497365,1.0449887645475138,2.2268169368406783,86.57677949828208,0.0
phoenix,8829b6c169fffff,2.950279395762582e-07,3.8400649395166737,1.274829498387739,2.640308766949318,76.37789829210297,126.58701382198863
phoenix,8829b6c067fffff,4.172325134277344e-07,2.5968359142298914,1.1580595597877663,2.0370043482064735,117.6645601214931,0.0
phoenix,8829b6d8b3fffff,0.0,6.888179283245488,1.080699858712264,2.5138691970810543,43.000572429113,37.79260807512907
phoenix,8829b6c16dfffff,0.0,4.4144469865093585,1.1251892347757542,2.443829201025542,69.6297973720556,10232.49131507268
phoenix,8848e96981fffff,0.0,6.756048138609315,1.1159403401522725,2.079584601007416,45.226965422193025,540.2274498227637
phoenix,8829b6c0edfffff,0.0,3.6764685519662264,1.15394411252859,2.339052056189903,88.9877036081786,246.3251684556819
phoenix,8829b6c22bfffff,2.086162567138672e-07,3.3837889484577315,1.066327241537495,3.1755407087209537,93.32422278527204,3583.2104284536017
phoenix,8829b6d223fffff,0.0,4.380787166129146,1.143962759335725,2.181347875362814,69.10198486151467,0.0
phoenix,8829b6d8bbfffff,0.0,5.635910429329139,1.1208054441796766,2.146467718237933,53.19402281614416,324.7617389897375
phoenix,8829b6da43fffff,0.0,4.046261748845888,1.2744629074672122,3.3039712604256524,73.64323330412087,1805.811210199769
phoenix,8829b6d8b5fffff,0.0,8.435127091886365,1.1395636451120077,2.874910300166583,38.95275376318598,25.00864775419473
phoenix,8829b6d247fffff,0.0,5.260159146772282,1.1272552315369742,2.459636020312155,61.90706717321356,0.0
phoenix,8829b6d19dfffff,0.0,4.214811659463056,1.0553120166467829,2.5897748836560543,73.00262326110821,0.0
phoenix,8829b6d19bfffff,0.0,7.519946650273961,1.130760506644643,2.791240625425432,40.30730833431011,83.69612276696738
phoenix,8848e96d23fffff,0.0,4.123820591981699,1.1458255057807305,2.251630095054586,71.64582911997266,0.0
phoenix,8829b6d295fffff,0.0,3.2114243800880025,1.0426505119685885,2.7770489454518614,100.08909860108972,4200.261081829884
phoenix,8829b6d283fffff,0.0,3.3418643070980765,1.148284420618561,2.8115791634444505,91.6194516427782,37.123398441681616
phoenix,8848e96b03fffff,0.0,7.007105387346189,1.0073019969805628,2.583933452225744,44.290018549834336,44.469809768543875
phoenix,8848eba68bfffff,0.0,6.9040627858229024,1.0448382105343224,2.0781862540723077,42.62762471869326,734.4493469351194
phoenix,8848eba68dfffff,2.086162567138672e-07,6.1529046524966455,1.1292882655198782,2.49405927112086,46.10759766264194,22.855478359690117
phoenix,8848eba6e3fffff,0.0,6.332606181922532,1.1237878374381154,2.9579545547292834,47.82809349586043,3200.3691586047808
phoenix,8848eba6e7fffff,0.0,7.249840085135436,1.0919487771759084,3.078393522904179,42.04726179159758,0.0
phoenix,8829b6c333fffff,0.0,3.740241190958666,1.0747255213126197,2.385700682128877,78.25242060238647,74.13235325789596
phoenix,8829b6c06dfffff,0.0,3.4702036960447855,1.054826039672964,2.6168818631163964,86.79744639209824,163.23899076300023
phoenix,8829b6c14bfffff,0.0,5.153935020214601,1.1145756688521802,2.593941316613375,59.58682012486522,11.731973896488231
phoenix,8848eba69dfffff,3.165750637514689,5.247383380263121,1.038496428584317,2.286338473436681,54.10283269039701,225.46675368098272
phoenix,8829b6d217fffff,0.0,6.811345947188477,1.1089466654829423,2.46929834968752,44.69127186591849,1653.1685535299523
phoenix,8848e96da5fffff,0.0,6.118834225717156,1.1898444470187357,1.9951075532081068,50.625433882518266,199.6563733712802
phoenix,8829b6d0c9fffff,0.0,7.746530127914718,1.1451349518620124,2.187233645229397,41.03219604242425,0.0
phoenix,8829b6c21dfffff,0.0,3.5806721766690974,1.0592502427536077,2.372702891436703,85.1454793228513,167.7389824733293
phoenix,8829b6d2a1fffff,0.0,3.5566868630652886,1.09679847413664,1.9630937352729416,83.53320399404204,0.0
phoenix,8829b6d2adfffff,0.0,5.839586714227519,1.1261181561557558,2.044297695946538,53.05237112308377,8907.816825997783
phoenix,8848ebb4d7fffff,0.0,2.9620184338980544,1.1554651217749812,3.1931672603403523,107.42060702272094,106.36079272510644
phoenix,8848ebb48bfffff,0.0,4.166981593536052,1.194742040530842,2.8512517061036053,78.53951833634268,800.2713837298523
phoenix,8848ebb489fffff,0.0,12.493525577130368,1.1667654442603912,2.6670018152216084,20.10430981787608,50.446092144199106
phoenix,8848ebb48dfffff,0.0,5.206021144372294,1.1581158451018296,1.783746654339424,51.71526618208372,11.594939727817636
phoenix,8848e96dbbfffff,0.0,4.215593777167422,1.1119521527072045,2.5263716026824583,80.36775650506304,203.8348361866032
phoenix,8829b6d2a5fffff,0.0,5.606096900385862,1.084414870702003,2.3761384949361,56.39021905531205,402.6161607315848
phoenix,8829b6d291fffff,0.0,4.805631778464788,1.0808005991677665,2.863275200040245,67.14934691980943,269.9138751485859
phoenix,8829b6d297fffff,0.0,3.153586391519143,1.1033855117621694,2.206069595412228,96.89144916951636,781.5079338999968
phoenix,8829b6d2abfffff,0.0,3.3943641899679693,1.0372199826220774,2.028989453401172,91.81213864366728,0.0
phoenix,8829b6d2a3fffff,0.0,4.947250732900659,1.1007478588868094,2.008033774115754,70.30694535924307,0.0
phoenix,8829b6d74dfffff,0.0,4.43833555743268,1.071641851604193,2.49975376436114,70.25785972109365,40.37751695477144
phoenix,8829b6d669fffff,2.086162567138672e-07,5.2416549677847595,1.1048766120364788,3.0875531072539117,61.66075826736383,0.0
phoenix,8829b6d029fffff,0.0,7.729556611685928,1.066555236349747,2.297443725841775,36.48422989604256,0.0
phoenix,8829b6d005fffff,0.0,6.008845769430922,1.0645744535319974,2.239925713592087,47.573305540970495,1416.212005290605
phoenix,8848e969b7fffff,3.9387722950952346,7.677724285926343,1.0575039435100813,2.548265523311263,37.4491653729715,14.762019037482188
phoenix,8848e969bdfffff,1.2384762655433055,4.812638040316884,1.038791572913914,2.13061856186406,59.14318889574088,767.1589241663908
phoenix,8848e969b5fffff,1.979193290335916,7.035931091729088,1.1132686628034705,3.3240173881523822,42.06467085904968,5.617053857980252
phoenix,8848e96987fffff,0.0,6.073920383365962,1.0951061062193166,2.2271806358399897,48.60032555210517,13.893360215471676
phoenix,8829b6d8d9fffff,0.0,5.315804203367547,1.0756193342288602,3.0538866215699967,53.150882111251235,18.38149222352887
phoenix,8829b6c2a9fffff,0.0,5.3885973690598865,1.058598987240785,2.3021672544543077,61.24042629252382,241.16337866738925
phoenix,8829b6c2adfffff,0.0,2.9095177833213692,1.0279640561309322,1.8694184139187908,108.83819596564716,0.0
phoenix,8829b6da19fffff,0.0,5.519475661748512,1.5470489088660009,3.078014567747474,59.44858173286219,0.0
phoenix,8829b6da57fffff,0.0,4.043620509758475,1.3113720942199467,3.3834087357046374,75.87709605234642,799.13889491937
phoenix,8829b6daa1fffff,0.0,7.078060589487112,1.1207442778558392,2.758905545988111,41.81509462342627,0.0
phoenix,8848eba4b9fffff,0.0,6.900141828940113,1.113947833667293,2.5519152181251576,40.82899965088792,121.86722591349525
phoenix,8848eba4b1fffff,0.0,4.9186025890021,1.1310428151075318,2.4370181526702104,56.70955229550884,31.86523033379448
phoenix,8829b6daa3fffff,0.0,4.963907915295836,1.1463872778582382,2.803549840686226,60.67896996013409,550.0097074681062
phoenix,8829b6c161fffff,0.0,4.63090804781348,1.1974963107372834,2.6930323706813697,64.22364470049769,81.85312197886934
phoenix,8848ebb497fffff,0.0,5.225237754813739,1.1398824709258035,3.4167349145355943,59.56178539611964,208.8443466054905
phoenix,8848e96b37fffff,0.0,3.7512431317460626,1.0600639935200975,3.2191881470841013,72.35696591658444,0.0
phoenix,8848ebb493fffff,0.0,3.043633876976027,1.0492392059609716,2.7542600131395396,109.51820974752506,0.0
phoenix,8848eba6c5fffff,0.0,6.14782428550452,1.1562698797087747,2.790680476658889,46.02908447976777,239.27442658890027
phoenix,8848eba6edfffff,0.0,6.587556124831658,1.1052929100139317,1.9817261887258308,45.54040896428281,0.0
phoenix,8829b6d12bfffff,0.0,4.682462351108775,1.1422998166908858,2.874439162086172,64.31153975323613,1363.4165635096294
phoenix,8829b6da95fffff,0.0,6.771035193596044,1.108589430126513,2.463379283140898,42.64582595712617,345.86137172135074
phoenix,8829b6da97fffff,0.0,4.599718511171204,1.1220524156262532,2.6885287887785396,67.24213037030327,141.06373160056594
phoenix,8829b6dabdfffff,0.0,4.828408759574233,1.0774584158150866,2.5231975192779625,62.55127443143717,271.5810666405239
phoenix,8829b6c349fffff,0.0,4.027492271118151,1.0861241314502148,2.8999922791657124,63.371971525137944,0.0
phoenix,8829b6d185fffff,0.0,6.007459932335032,1.1014212738411715,2.4734119649551816,45.18191956098001,164.21856363258476
phoenix,8829b6d065fffff,0.0,8.504580755353144,1.062387400983755,1.9874227568991427,34.17276034648367,4287.050398211136
phoenix,8829b6d067fffff,0.0,8.168609302722372,1.056704992316701,2.6366828161259397,36.119372846821555,236.7278122620812
phoenix,8848ebb4bbfffff,0.0,4.962051155784631,1.1671605498106867,3.430925219614518,57.63911363937748,49.24205699770813
phoenix,8848ebb49dfffff,0.0,3.83025270434074,1.1231394367390564,3.129815763168139,79.59737184833165,743.066720283842
phoenix,8848eba685fffff,0.0,6.83760896880023,1.1206033253190042,2.4848354483073773,42.8357752101694,699.0014879472634
phoenix,8848e96b25fffff,1.475139697881291e-07,2.692808369242775,1.111043705966933,3.4311093621528603,111.40785338704248,64.78702842652118
phoenix,8848e96989fffff,0.0,5.227571031896412,1.1658345717042875,2.132158275486436,57.35273539577654,110.93278414551614
phoenix,8848e969b9fffff,1.217208477357146,6.418889975518557,1.0409379458830816,2.4212334918742333,44.340280905405585,1281.68280201063
phoenix,8848e969c1fffff,0.0,8.0661327400917,1.0957289763191085,2.3578995043651245,39.099854359826715,1563.5636079973624
phoenix,8829b6c24dfffff,0.0,7.273071772950641,1.110167229142429,3.1420478209607925,41.824941880422905,15.650751235599795
phoenix,8829b6d045fffff,0.0,7.178113134849447,1.0469018072407272,2.476088686278975,40.37025317269426,238.17034629574863
phoenix,8848eba6ddfffff,0.0,4.160676250132887,1.071443762155943,2.5285120801931367,73.79029883659979,8858.96883118935
phoenix,8848e96983fffff,0.0,6.495720146862716,1.0674054431115818,1.9998780382698056,47.82393338235206,132.32243322429971
phoenix,8829b6d1cdfffff,0.0,5.658020730183327,1.126860613131221,2.1474361869432084,47.29355943696274,0.0
phoenix,8829b6d219fffff,0.0,3.971089962007062,1.1821642080800985,2.3033017656875003,75.54600950122378,0.0
phoenix,8829b6d253fffff,0.0,3.4224501749516034,1.1451478453556727,2.395193270720161,96.61065739108912,0.0
phoenix,8829b6d251fffff,0.0,5.7395842839003475,1.1911107584536955,2.137304975019693,56.3977120909787,0.0
phoenix,8829b6d00dfffff,0.0,7.405771426712601,1.073863902591487,2.236818022581297,39.13801073127564,0.0
phoenix,8848e96d9bfffff,0.0,7.536578888185219,1.2786493308889173,2.0762959318086867,46.44016936499931,0.0
phoenix,8829b6c0cdfffff,0.0,4.604648778902208,1.0560151623764067,2.9792460493181476,68.58057776982025,0.0
phoenix,8829b6c039fffff,0.0,5.840948461249615,1.113258651785214,2.356110945613888,54.06475947857452,0.0
phoenix,8848e96d33fffff,0.0,5.818338754123287,1.1717157624770096,2.148504549746494,47.21130371276948,0.0
phoenix,8829b6c21bfffff,0.0,3.768453924720308,1.0842958453309195,1.8860559034675617,88.45360457951554,0.0
phoenix,8829b6d12dfffff,0.0,5.961364298275287,1.1021206942142785,2.9781154390829037,47.92766746312537,0.0
phoenix,8829b6da81fffff,0.0,4.405025870310828,1.025778008721287,3.390558840815619,78.91418980350252,0.0
phoenix,8848eba497fffff,0.0,6.905506411943076,1.162798510860878,2.133830546825141,38.73165175017257,0.0
phoenix,8848eba49dfffff,0.0,5.327425791294589,1.102136209149737,2.2017258958259096,51.80738518235293,120.29348925974196
phoenix,8848e96935fffff,0.0,4.5072516558960265,1.1598379422661746,2.8756677625793436,66.95325022161482,79.61864365359472
phoenix,8829b6c157fffff,0.0,3.7064174328942463,1.0985083793070316,3.230903736320351,90.7516874322973,696.2122330791212
phoenix,8848e96969fffff,0.0,2.090254005665518,1.0862603293442792,3.03514143279237,153.77488599823604,0.0
phoenix,8829b6d89dfffff,0.0,6.735931412607471,1.1452415830386422,2.0180695987312784,47.84626458982129,86.36660152403071
phoenix,8829b6d125fffff,0.0,2.1548918519175104,1.206312970785188,3.0315188853635178,170.15548429513606,0.0
phoenix,8848eba4c3fffff,0.0,8.310878246199552,1.077348178077746,2.8513951069253407,34.61284107721715,86.81091080661855
phoenix,8848eba4bbfffff,0.0,5.785596411076403,1.0860167167788524,2.3589889021933836,49.285932614583125,0.0
phoenix,8848eba483fffff,0.0,6.876504081372838,1.0908455148039529,2.555819093820622,41.80102716718209,99.05389501376494
phoenix,8829b6d339fffff,0.0,8.10233127612101,1.0406138977026254,2.031564070637375,35.61783085455966,164.29395095062395
phoenix,8829b6d307fffff,0.0,7.970332595517929,1.031329156821436,2.2182319405043347,37.29440399951537,0.0
phoenix,8829b6d321fffff,0.0,10.170574685183734,1.0967073161554337,2.2165764244358233,27.92222772175897,0.0
phoenix,8829b6d11bfffff,0.0,6.18753593454839,1.187054985382894,2.2878244014627236,43.8343175641105,0.0
phoenix,8829b6d013fffff,0.0,5.757762063025265,1.0672128839560509,2.213865441764661,50.94174783729625,2714.508394444699
phoenix,8829b6c2e5fffff,0.0,3.64988760950074,1.046708252501012,2.3761090709830253,82.19431174239277,0.0
phoenix,8829b6d01bfffff,0.0,9.586850293835324,1.0405797270223538,1.8530750047973696,26.794360945274512,1207.990750306865
phoenix,8829b6d23bfffff,0.0,4.889072689580016,1.1137489701778804,2.2660563843262005,64.92154310186297,551.5611414232444
phoenix,8829b6d0a3fffff,0.0,6.955142951071332,1.104697773833934,2.4664208972179305,41.587543759025515,32.09109962074658
phoenix,8829b6d1e3fffff,0.0,5.4469661290309945,1.08724285102184,2.4950999183168645,48.95691663023179,186.16547547626593
phoenix,8848eba4a1fffff,0.0,6.914921393415737,1.0990940422185511,1.8892960591081136,49.16903326243765,0.0
phoenix,8848eba495fffff,0.0,7.90607645037356,1.0784249363947098,2.261688926653887,37.94549697098174,0.0
phoenix,8829b6da91fffff,0.0,5.240583173473629,1.231243991906111,2.7366729813580517,59.79324977107512,990.870978164855
phoenix,8829b6d853fffff,0.0,4.002135608588665,1.3243893811678875,1.6300251504890595,81.47823772436642,0.0
phoenix,8829b6d31bfffff,0.0,6.883352947302677,1.0381855729749525,2.057749923542433,42.112495986989835,90.24849240091991
phoenix,8829b6d04dfffff,0.0,5.584881674921926,1.0115444099207875,1.82621735379522,54.174722510139695,677.979475570943
phoenix,8829b6c037fffff,0.0,4.919617751294876,1.2087493291773763,2.2549068754211135,63.79149826253077,1020.2921721515706
phoenix,8829b6d527fffff,0.0,2.7375958615666693,1.220916243369113,2.013233184327675,115.6732705189892,0.0
phoenix,8848ebb4b9fffff,0.0,2.7112460041204387,1.1290687560113624,3.2817189052901177,127.6733448856267,175.75956707592192
phoenix,8848eba4c7fffff,0.0,7.007099928639327,1.0848015707145646,2.8961997951337426,41.32598257829059,111.599213914027
phoenix,8848e96999fffff,0.0,7.211784582666704,1.1452523916033954,2.728684031086798,41.697272058706986,542.8142079768842
phoenix,8829b6c15bfffff,0.0,2.832790861364383,1.098285106484679,2.624578581897779,104.73886397684608,0.0
phoenix,8829b6c303fffff,0.0,3.2051676774248534,1.0894531606384166,3.463711435889043,95.76119690433968,0.0
phoenix,8829b6d1a9fffff,0.0,4.209459341781219,1.1300226693398094,2.649722718100995,68.6974456808143,490.0595239301519
phoenix,8829b6d159fffff,0.0,8.406121661446436,1.0583087870976409,2.0049354720008616,33.335873678974046,99.84809705981358
phoenix,8829b6d301fffff,0.0,8.500751666801463,1.024643010608698,2.1517200998808943,34.16241696891764,691.4336866335723
phoenix,8829b6d303fffff,0.0,9.032860595993451,1.0275443874921035,2.1345437050486074,32.17615494322121,3793.537536569112
phoenix,8848eba6cbfffff,0.0,5.441957115080362,1.0703954161140945,2.9547752707376187,53.3889801768955,4619.078059525058
phoenix,8829b6d329fffff,0.0,6.659635205152179,1.0584428570516384,2.3287341134290145,42.780511037929585,1736.894156181845
phoenix,8848eba4d7fffff,0.0,7.543041948260051,1.035366918855193,2.1966320222644695,34.639913760643594,0.0
phoenix,8848e96d25fffff,0.0,4.864331392783351,1.1364169351563258,2.4373812730049953,64.61025964472401,0.0
phoenix,8848e96d27fffff,5.900558791525164e-07,3.932401647734805,1.1156231642932823,2.2797669557489355,85.49658114027868,0.0
phoenix,8829b6d287fffff,0.0,7.36210819628208,1.086496390944686,2.7397381665840186,41.380424186471025,292.618199281168
phoenix,8829b6c2cdfffff,2.950279395762582e-07,1.9772499618894648,1.0032102737747202,1.4869546611874471,171.30341835772916,0.0
phoenix,8829b6c2c1fffff,0.0,5.114272029277818,1.0255907809639828,1.992233517719078,61.1035154585095,0.0
phoenix,8829b6d033fffff,1.043081283569336e-07,6.267998254098002,1.1301047637739234,2.3277859545220845,47.714447571605575,80.31076008385955
phoenix,8829b6d009fffff,2.086162567138672e-07,6.124933341888446,1.090210196838587,2.1604304987009577,47.42520028579292,0.0
phoenix,8829b6d265fffff,0.0,6.46001247011771,1.0587228645554716,2.30810532507666,44.45064217982004,109.75055896155548
phoenix,8848eba6bdfffff,2.1751082752658446,5.948003489625062,1.154228858964854,2.945074203006134,48.62768972243275,28.516953638325724
phoenix,8848eba6ebfffff,0.0,4.8010617974152305,1.1752147866314335,2.3008824640899803,59.63531844479801,2978.7149497974465
phoenix,8848eba6cdfffff,0.0,4.626076397360895,1.18610359369059,2.916758993000268,58.479665645063186,0.0
phoenix,8848eba4ddfffff,0.0,6.789972592122013,1.0891078665817928,2.215018892903214,43.664743566754886,0.0
phoenix,8829b6daadfffff,0.0,7.002370752373007,1.1101804079128317,2.618268371350764,45.90282102952683,0.0
phoenix,8848eba6a3fffff,0.0,5.238869585507124,1.1931187364188227,2.3972786426078443,53.19630886806792,68.74605013765213
phoenix,8848eba693fffff,0.0,6.955963114213653,1.0620538682337852,2.2356009773901193,42.958331310978664,0.0
phoenix,8848eba695fffff,0.0,4.0082419819851784,1.1896633429404435,3.2967475916575206,70.63758410620053,3.0791835787765596
phoenix,8848eba697fffff,0.0,7.590050064270176,1.244253797515888,2.4882218814751766,39.99597183165858,29.879440616666734
phoenix,8829b6c117fffff,0.0,2.9733318395630444,1.048916413556671,2.9804610602379076,99.36817059005593,0.0
phoenix,8829b6d311fffff,3.47182003754725e-07,7.416053351141009,1.0342605738792627,2.1802027131352,39.05016523411185,203.24759705267485
phoenix,8829b6d661fffff,0.0,3.529785950379027,1.198402104870104,2.908941123889987,90.49966455052112,0.0
phoenix,8829b6dadbfffff,0.0,4.040619390854438,1.2351116872144272,3.2055709120294926,76.35231345871308,0.0
phoenix,8829b6d357fffff,0.0,10.907520469883176,1.044532919251073,2.210930625428279,25.82385326917601,1501.075747261218
phoenix,8829b6d1c1fffff,0.0,4.040818253959899,1.1329652093202094,2.1204512651545873,69.68364565579778,1518.661814410497
phoenix,8829b6c023fffff,0.0,7.07753088448577,1.1171142873642517,2.212963931201885,41.47482089921313,0.0
phoenix,8829b6d259fffff,0.0,4.896188986868142,1.1875229731868977,1.9520340409407229,63.38497725855138,0.0
phoenix,8829b6d25bfffff,0.0,3.8927029454599698,1.2225121753844408,1.9924646912154995,82.24205375482552,0.0
phoenix,8848e969b3fffff,0.0,4.558873879665042,1.0318140030280627,2.195788424605728,61.46106343603495,0.0
phoenix,8848e969b1fffff,0.0,5.5472744506402725,1.0406757463843512,2.8304864078507945,55.017073323202766,3.057481274896181
phoenix,8829b6d269fffff,0.0,4.981769170186311,1.132872144027574,2.7192703337335935,63.80406879535433,0.0
phoenix,8848e96de1fffff,0.0,7.058771831709203,1.036799797047415,2.138809116131847,45.73654320338755,138.1968560760512
phoenix,8848ebb4bdfffff,0.0,7.023091210748816,1.067792409849482,2.6490239874779933,45.04620926458174,36.211172301794015
phoenix,8848ebb487fffff,0.0,6.426239173998625,1.082296949642406,2.6388048897111966,50.345062330351176,0.0
phoenix,8848eba6a7fffff,0.0,6.529264906219588,1.0854645270564265,2.7399185457639166,46.56788450479628,0.0
phoenix,8848ebb485fffff,0.0,6.815006053208868,1.173722736988137,2.59741945039474,46.17093073096192,661.1219242899278
phoenix,8848eba6adfffff,0.0,9.576575936341522,1.2160513754245783,2.909753728655355,33.257518428512896,0.0
phoenix,8848e96d37fffff,0.0,7.379203931668617,1.0764779203179833,2.4742963650059564,36.33653677399793,5555.041470139686
phoenix,8829b6d317fffff,0.0,6.9562738329348575,1.0819655505285095,2.30873418096943,42.54148696059689,306.0476110099651
phoenix,8829b6d33bfffff,0.0,7.349866831067925,1.051023072990488,2.061798710584808,37.853911514405056,70.30108754015173
phoenix,8829b6d66dfffff,1.564621925354004e-07,6.924538314967953,1.1466763584610562,2.2490068428569887,46.76261565476258,330.04494708651515
phoenix,8829b6d101fffff,1.475139697881291e-07,6.858803582347303,1.080492629435428,2.7904589234331363,41.31365113008648,1249.9286136211567
phoenix,8829b6d315fffff,3.687849244703228e-08,8.374597532055741,1.0955479675590325,2.245064190507555,33.3948959549366,663.8075672888577
phoenix,8829b6d02dfffff,0.0,6.790214063100427,1.1704004863435342,2.680531136351007,40.4514663166335,225.83448210112317
phoenix,8829b6d115fffff,0.0,3.856717257215345,1.1173061259223265,2.5075281271179115,72.23940636376629,0.0
phoenix,8829b6c119fffff,1.043081283569336e-07,1.8961116688720985,1.2566759484033252,3.1182829131864507,170.12745106577893,1242.8056109007225
phoenix,8829b6d157fffff,0.0,7.2281974767148895,1.132114769028297,2.272582522706482,37.69127093009631,2454.139146645021
phoenix,8829b6d363fffff,0.0,6.976970947752735,1.0404563606966932,2.2771444152644005,41.77292965126673,0.0
phoenix,8848eba4d9fffff,2.950279395762582e-07,7.29571912243109,1.0691223965211147,2.4059469880308444,38.575652519737055,0.0
phoenix,8829b6d365fffff,0.0,7.782446052725975,1.060736096923012,1.813303253082442,36.71265869092764,0.0
phoenix,8848eba4c5fffff,0.0,5.395050423560459,1.1718336491185095,2.9830548311115233,54.16769445678552,1912.1438351220113
phoenix,8829b6d367fffff,0.0,8.762426844034875,1.0802964569685978,2.386976553124639,32.63423036443873,1228.6617292794256
phoenix,8829b6d361fffff,0.0,5.892904570320842,1.052111270799115,2.744749459998528,47.17678615658475,0.0
phoenix,8829b6d149fffff,0.0,7.044388614412774,1.0653497630754645,2.550843998439435,38.96499059135958,0.0
phoenix,8829b6d323fffff,0.0,6.893536995942807,1.0121163327210252,1.7899949907346135,40.34876370837517,0.0
phoenix,8829b6d30bfffff,0.0,10.094879721983464,1.0437846984833383,2.5438092835364055,28.567457136409505,584.4921980457981
phoenix,8848ebb49bfffff,0.0,2.9727797563167835,1.0457173601970011,3.3327204450502053,103.97369950940012,181.03071042125663
phoenix,8829b6d22dfffff,0.0,8.385161651938896,1.0879352659117374,2.170987200438943,33.86215729734853,319.6839894611457
phoenix,8848e96995fffff,0.0,5.76483017522164,1.0502846685602325,2.416045281282007,49.491611338283285,8.293395376204584
phoenix,8848e969d5fffff,0.0,4.436912084460299,1.2033824091362522,2.433139898015789,70.55226294218197,52.532854011600854
phoenix,8829b6c343fffff,0.0,3.422757322063858,1.1169216978187302,3.2827498620425093,108.20818875556267,0.0
phoenix,8848eba60bfffff,0.0,4.9707662954168965,1.1788474041302452,3.1073932230431027,64.40533830513472,1094.4860547146218
phoenix,8829b6c103fffff,0.0,6.032789935971154,1.0910865082284906,3.422119865913449,52.99834646156847,0.0
phoenix,8829b6c363fffff,0.0,5.602454678187673,1.0966067611658443,3.41527239269492,58.44776962980865,1803.1122164774852
phoenix,8829b6c34dfffff,0.0,5.332730728490185,1.0832603402211622,3.477871723234291,54.05022469590412,0.0
phoenix,8829b6dad9fffff,0.0,2.1894102113832408,1.1509012326290695,3.279320117651664,132.77442158038798,0.0
phoenix,8829b6c321fffff,0.0,5.451819148368141,1.141796394542148,2.427897431538778,52.27911617909476,0.0
phoenix,8829b6d831fffff,0.0,4.4454336332614535,1.0718340377176094,2.782581386740145,72.30533575478233,0.0
phoenix,8829b6d14bfffff,0.0,6.189557094970556,1.0683116534382997,2.3515012806648463,43.83477287540149,0.0
phoenix,8829b6d141fffff,0.0,6.447815892611042,1.0715993217733346,2.215741924658748,39.58623501289109,0.0
phoenix,8829b6da93fffff,0.0,4.980640594929637,1.2078052369734278,3.057284712492445,65.50787598945132,27.645231755340404
phoenix,8829b6c03dfffff,0.0,5.973806979408896,1.1373385589928675,2.0864054056458947,49.65707664597638,0.0
phoenix,8829b6d2bbfffff,0.0,9.898179473095952,1.0273711440187996,2.166452244690982,36.73770157681585,0.0
phoenix,8829b6d227fffff,0.0,7.646955961660585,1.0783764680129058,2.866373887377497,37.669395185903475,16460.946669871886
phoenix,8829b6c027fffff,0.0,14.078179101152166,1.047198028366425,3.3541111394500223,21.068787899370463,0.0
phoenix,8848e96de7fffff,0.0,7.6941178834270145,1.0920787813246142,3.1758441736233083,39.790852206573184,1474.5703069786753
phoenix,8848e96d2dfffff,0.0,5.508298639999945,1.0994846788153327,2.0372327238547863,58.18726279387492,0.0
phoenix,8829b6c255fffff,0.0,6.184072494700411,1.059232372072376,2.2960784413997297,51.35936927732735,9.723717994213228
phoenix,8848e969c3fffff,0.0,4.892490776085291,1.2104304980066845,2.56320755835034,65.86056815830058,782.6756562238946
phoenix,8848e969ddfffff,0.0,9.725880052534423,1.0403342041436785,2.3493516530182483,31.4939424146494,1712.090265044669
phoenix,8829b6d839fffff,0.0,3.0538425829208995,1.0139823855868184,1.866353296745206,96.74845295134789,0.0
phoenix,8848eba6c1fffff,0.0,4.782241394131138,1.1932354250195851,2.417556200549179,60.10260169077469,266.69980474554615
phoenix,8848eba615fffff,7.375698489406456e-08,5.389954947504068,1.1850923272056637,3.3355578822899914,57.37167977145439,298.1946904532174
phoenix,8848eba63bfffff,0.0,7.769657186921968,1.1272844460920053,3.318413007096317,38.41964394375344,0.0
phoenix,8829b6d241fffff,0.0,4.890914952415809,1.119342918192895,2.7454912395714235,61.33821645208097,0.0
phoenix,8829b6d24bfffff,0.0,3.908171327799412,1.1606527388563057,2.12020822394067,56.860921280887055,0.0
phoenix,8848e96d91fffff,0.0,6.088787409885204,1.1976626628646376,2.3941163796096725,57.65742932940616,2495.2450299607217
phoenix,8848eba69bfffff,0.05104244951115337,4.446256074947253,1.1555736767614064,3.004402703941683,61.79913395519723,3.607393948461388
phoenix,8848e969d1fffff,0.0,4.525377288080706,1.3641686761173697,2.838019484245034,69.6771330306132,145.92359996652542
phoenix,8829b6c11dfffff,0.0,5.003793313630925,1.0673951037301412,3.301247053418098,59.66696311492741,1324.0125100746272
phoenix,8829b6d8a5fffff,0.0,5.873135958059884,1.1721448256410514,2.7570046081980326,50.918390966413135,38.91118139400644
phoenix,8848e96b35fffff,0.0,3.2283351920296037,1.0782868199552775,2.7184734013300127,108.41501243864352,0.0
phoenix,8848e96d67fffff,0.0,7.226620868339709,1.054422882211401,2.0927177093952483,40.69919432848235,0.0
phoenix,8829b6c031fffff,0.0,5.270904955407707,1.2025982842666767,2.368300520605348,56.82230148881192,0.0
phoenix,8848e96de3fffff,2.950279395762582e-07,6.808367589341977,1.1089654385878511,2.2873744363750523,44.72750223892901,88.89023980922316
phoenix,8829b6c033fffff,0.0,5.473923579747667,1.155599022407358,2.899599906830447,54.97444776892509,0.0
phoenix,8829b6d243fffff,0.0,5.339761388958525,1.1654103816707766,2.202658680370149,59.48712605030533,0.0
phoenix,8829b6d36bfffff,0.0,6.694079450019706,1.0673543134704424,2.826239609663677,43.84748055502318,0.0
phoenix,8829b6c2bdfffff,0.0,3.0576753480470695,1.0454589216862562,2.51848028295632,105.12187686435286,0.0
phoenix,8829b6d127fffff,0.0,5.707646983057101,1.007083173865079,2.004233273550542,54.45515669301888,0.0
phoenix,8829b6d26dfffff,0.0,3.620204597844635,1.2520048950955946,2.2793339352211133,83.56461637098458,1402.564282912259
phoenix,8829b6d245fffff,0.0,4.274504195177746,1.167325221247219,3.1750061364480393,72.9631259856193,0.0
phoenix,8829b6d815fffff,0.0,11.358756364560165,1.1684872969120177,2.4702768698634596,31.69361050151726,0.0
phoenix,8829b6d06dfffff,0.0,8.814272991977711,1.086659155470486,2.1868087371354066,33.499311715223655,956.7543665202028
phoenix,8829b6d837fffff,0.0,10.272359086111,1.0632855566025474,2.2371958794719036,31.310960238477566,0.0
phoenix,8829b6d9d7fffff,0.0,9.371945674200322,1.2406332034229626,2.028078498917114,35.316670305091115,0.0
phoenix,8829b6c105fffff,0.0,7.671171786052461,1.0928543956601764,2.3662655432031956,37.24519456515946,4.068257166484009
phoenix,8848e96d31fffff,0.0,6.246004738194798,1.0918665587582497,2.702650112947987,48.92016070481982,689.5848473373323
phoenix,8848eba683fffff,0.0,7.484347720270557,1.0784074831490265,3.512113459739796,38.6302384938,4055.3982291718794
phoenix,8829b6c213fffff,0.0,1.81484220614494,1.0053035945361075,1.3826163803351057,181.04683010947545,0.0
phoenix,8829b6c221fffff,0.0,3.7596103582962423,1.30883099272007,2.601173258306675,82.14242966170451,0.0
phoenix,8848e96d3dfffff,0.0,4.26688322339995,1.259723379466169,2.294308242504352,65.10086244086104,291.4787398298951
phoenix,8829b6c139fffff,0.0,6.839656622714599,1.1016598252481868,2.9500617853959383,52.2164893419913,267.6241242513249
phoenix,8829b6d1adfffff,8.344650268554688e-07,2.3533049680978455,1.1788401688606762,3.222441243464841,133.4096059066491,0.0
phoenix,8829b6c1d9fffff,0.0,5.634513108186363,1.080668089834129,1.89826423582211,61.73134755000684,0.0
phoenix,8848eba4cbfffff,0.0,6.843825676153885,1.1410534107258885,2.682694405304379,42.1491651177838,0.0
phoenix,8848eba691fffff,1.1260314689924638,5.922956275419818,1.051239611296206,2.6047901778423426,49.28145309855468,3.0837415834433073
phoenix,8829b6d369fffff,0.0,6.986020753369477,1.0611618620871444,2.4005987924078753,41.58680972273771,220.3985026500191
phoenix,8829b6d25dfffff,0.0,3.1717486520965323,1.4474345774515736,1.9748846415927717,99.9679374095805,0.0
phoenix,8829b6d123fffff,0.0,7.365431106870283,1.0434884334939636,3.3246881353302515,37.091634192848474,635.7982006089159
phoenix,8848eba6c9fffff,0.0,5.351512833322891,1.1457755731938637,3.207636687429684,55.240536118203806,129.32738805514185
phoenix,8829b6d135fffff,0.0,2.1501516270290115,1.3768730468384331,3.325888392926237,144.17587862319493,23.385228667148493
phoenix,8848ebb4abfffff,0.0,5.009834676642324,1.1740454823613728,2.546493562734192,67.6929393226803,0.0
phoenix,8848e96d07fffff,0.0,3.4638983718609913,1.2065591389608976,2.1966539141408457,83.2265434315859,0.0
phoenix,8848eba4e3fffff,0.0,3.1471702636184835,1.1941510656400929,3.350237962055069,103.26737124998397,48.83019117464287
phoenix,8848e96925fffff,0.0,1.658848614880509,1.1619487890382367,2.5643075947917517,215.2956297151823,0.0
phoenix,8848eba611fffff,0.0,3.184955477597858,1.122451032110958,3.25897947316599,108.46448180653768,1604.0160097302878
phoenix,8829b6dad1fffff,0.0,2.9734728322570185,1.2272144571467694,3.4167442277718907,100.30211502174852,0.0
phoenix,8829b6dad3fffff,0.0,4.73843775256844,1.1139700969485662,3.443459370762636,64.93539089450422,0.0
phoenix,8848eba4c9fffff,0.0,6.649578636760616,1.0841599724746058,2.526560555953574,46.5478831715261,7.180367615435891
phoenix,8848eba4c1fffff,0.0,5.046115389360726,1.0406012787524364,2.9849487584995043,54.85124554806885,14.848205662115427
phoenix,8848e96c01fffff,0.0,5.253604599284595,1.1908994651961582,2.995192309695996,60.56447762078371,161.75003721992138
phoenix,8848e96c05fffff,0.0,6.4457421776662,1.0493557059781031,3.080968599136095,48.6156670034541,210.2369303181145
phoenix,8848e96c47fffff,0.0,3.0668815133404568,1.2700895757722956,2.5089626414769484,112.08453880749586,187.55581609443416
phoenix,8848e96c0dfffff,0.0,5.801345181984317,1.108661613815508,3.210874841799383,59.35026557542972,334.1597517253564
phoenix,8848eba4e9fffff,0.0,6.026010464468095,1.1889013551617154,2.704265136965873,46.38683598432674,0.0
phoenix,8848e96c21fffff,0.0,4.030031154205265,1.1349324139051402,2.5485139635921477,79.04365373562318,0.0
phoenix,8848e96c29fffff,0.0,4.474623809380276,1.0842008807126418,2.971365089591016,70.44556251713254,105.96020730268027
phoenix,8848eba6b3fffff,0.0,7.069861891216519,1.1046099208744822,2.766255364623835,40.15802236207998,320.39932149283766
phoenix,8829b6d36dfffff,0.0,4.636511970995088,1.1801994344121507,2.4555431273721133,68.38614301337765,145.2825968775706
phoenix,8848eba6b7fffff,1.4190612794255668,5.837176058666526,1.1108941847537177,2.4920049657683108,48.624262826008206,0.0
phoenix,8848e96c2dfffff,0.0,4.0417414259717175,1.152795588307405,3.25265087557434,80.16899455432471,148.020867092018
phoenix,8848e96c67fffff,0.0,4.219426499124292,1.1243438214034764,3.1298661708764,80.18764273577817,145.03916128440932
phoenix,8848e96d5bfffff,0.0,4.184970348651375,1.1047660086838589,3.1925893500862697,75.96260142448702,325.20812566071635
phoenix,8848e96d53fffff,0.0,3.607019098644439,1.126552379482871,2.6883690108362033,93.23022047958864,143.14995272015037
phoenix,8848e96c25fffff,0.0,3.223096867083285,1.1824009598412974,2.9869850523559234,105.33539227654046,0.0
phoenix,8829b6d1b1fffff,0.0,2.456665108141689,1.2097395880946171,3.2256717863400164,130.25788453602436,453.43755984837566
phoenix,8848e96d55fffff,0.0,6.438075118822895,1.1190641692188197,2.605292109288125,45.60552466270019,169.07222123641347
phoenix,8848e96d51fffff,0.0,5.859411076852506,1.13646029144557,2.698931789146354,50.5404613486975,371.31589604476903
phoenix,8848e96d59fffff,0.0,4.519553750804329,1.0182609668971896,2.617826146913883,65.37250395616257,186.95599966664696
phoenix,8848e96d5dfffff,0.0,3.4735764750181186,1.1542396562460688,2.8714912248939988,95.5141489818068,230.81377347853768
phoenix,8848e96d1dfffff,0.0,4.445971165106864,1.09381856999073,2.31144458809257,65.92562960736547,0.0
phoenix,8848e96d15fffff,0.0,3.4156772216624196,1.0500769538937609,1.8031524256216769,89.31896252603939,0.0
phoenix,8848e96d17fffff,0.0,6.6877318052358605,1.0508284313243426,2.1616625310048847,46.49941397360361,0.0
phoenix,8848e96de9fffff,0.0,5.666247623800692,1.0418879017119855,1.8270410109680415,50.73904620623632,0.0
phoenix,8848e96dedfffff,0.0,5.779184538243029,1.1294600774311374,2.5138763830301,53.08072150909658,0.0
phoenix,8829b6da9bfffff,0.0,4.49398025125911,1.3361205716502154,2.6462418036776714,77.20077884476684,0.0
phoenix,8848e96d09fffff,0.0,7.246008374741146,1.0604861824899434,2.5393766788896355,41.60505655585359,585.4408777700502
phoenix,8848e96d0bfffff,0.0,3.835922987007964,1.1732694204155585,2.171653257806486,79.60105364069115,0.0
phoenix,8848e96d01fffff,0.0,5.4318566810628495,1.1284341576974155,2.7498758701244244,54.181068232965224,379.0101136375436
phoenix,8848e96d03fffff,0.0,5.179736152397957,1.1763312897086724,2.423134222415301,57.202970880886696,0.0
phoenix,8848e96d39fffff,0.0,5.086333580648356,1.0846783178712802,2.0751510336016836,59.39117608853852,874.0651160694596
phoenix,8848e96d3bfffff,0.0,3.2876721500268244,1.1541643351088426,2.0574376335610496,96.61762010574492,0.0
phoenix,8829b6dad5fffff,0.0,3.64455700367803,1.073016975137775,3.4767709350466514,90.51769718063616,0.0
phoenix,8829b6c265fffff,0.0,4.370850557841053,1.096124235168968,3.3177643326347006,72.7963159506834,2410.718779039443
phoenix,8829b6da8dfffff,0.0,1.924178688518337,1.0415491548790294,2.9247541321688804,168.13896427354734,0.0
phoenix,8829b6da89fffff,0.0,3.038801124589156,1.0681108809139217,3.4392655538608943,104.13833720208191,0.0
phoenix,8829b6dac3fffff,0.0,2.296255525792414,1.052786398247007,3.264006563572188,155.5327153843695,0.0
phoenix,8848e96d2bfffff,0.0,4.95901901609558,1.1054085262637643,2.412496138352992,65.0492857789584,0.0
phoenix,8848e96d05fffff,0.0,5.493339056098923,1.137683591087558,1.832650876340929,61.82444557693402,0.0
phoenix,8829b6dae7fffff,0.0,7.108806120801319,1.0057044846740435,2.207644670740743,39.92003424504636,0.0
phoenix,8848e96d47fffff,0.0,3.3900706629655537,1.1785700243555906,2.9385976930047373,85.09012558729354,0.0
phoenix,8848e96d4bfffff,0.0,4.738921771139026,1.0307028507144558,3.259504870358579,76.40323748796892,0.0
phoenix,8829b6d137fffff,0.0,3.4499011217206137,1.3962846138722291,3.3505233413886337,97.82889076880971,12.504858892024012
phoenix,8829b6dacbfffff,0.0,2.1586569408898164,1.1965957737197563,3.1182829131864516,141.96401804211823,21.81875754165682
phoenix,8829b6dac7fffff,0.0,2.7518662153156765,1.120789167495968,3.099306755957765,133.8804374213795,0.0
phoenix,8848eba4adfffff,0.0,4.63198695023647,1.0630477158174183,3.426134037947381,67.39110007999065,18.169764230752516
phoenix,8848eba4a9fffff,0.0,4.251881605208806,1.0524716190864525,3.3172290916253284,72.55861450138417,9.113147618503875
phoenix,8848e96997fffff,0.0,1.8679705498499064,1.0293869410354957,1.732867951399863,133.8350864365007,0.0
phoenix,8848e969dbfffff,0.0,5.206887719947375,1.184835848665566,2.718473401330013,67.21865706056312,314.725847895411
phoenix,8848e969d3fffff,0.0,6.440218058445127,1.1884921249713356,2.6194562269068435,49.40544175590187,1210.165376765279
phoenix,8848eba6b5fffff,0.0,9.9509541444713,1.0573530481051585,2.6871882739085873,27.663769210447946,24.793180896746748
phoenix,8848e96c07fffff,0.0,4.179393131470886,1.1054867177915129,2.46339084023009,84.54177968392796,230.8232831632162
phoenix,8848e96c03fffff,0.0,3.3281128242714835,1.1710778941578022,2.70172149817752,95.89486685748815,84.87311641463604
phoenix,8848e96c63fffff,0.0,3.809419303438803,1.1105841066725164,3.1287273028807747,88.51987021254901,0.0
phoenix,8848e96c0bfffff,0.0,4.2672014818747765,1.1384759651015666,2.9092486955744037,81.60249456074413,115.92841070909132
phoenix,8848e96d8bfffff,0.0,6.197032041091409,1.106517260656979,2.76109016303083,49.46026537908411,379.4177552866186
phoenix,8829b6d647fffff,0.0,8.111323576803057,1.0270992565370156,2.2821514717376905,45.10406409909004,0.0
phoenix,8848e96d43fffff,0.0,6.156876052071007,1.1105432502878962,2.7272787393445173,51.03061788672919,95.69845049774968
phoenix,8848e96d57fffff,0.0,4.169311003709997,1.1484278298363797,2.8190309705707643,71.84380590471005,0.0
phoenix,8848e96d19fffff,0.0,3.237168945586874,1.157117396883626,2.6785433462568164,96.98396767338797,202.1796383104928
phoenix,8848e96d0dfffff,0.0,2.8911180221049344,1.1156318991232594,2.491221421763311,110.05493921350184,437.6539479895656
phoenix,8848e96c09fffff,0.0,4.792398774865941,1.1352538315172052,3.4848865415378616,65.72908783218095,225.38377146345695
phoenix,8829b6c107fffff,0.0,8.576489656846013,1.0475417467907642,3.3809386082004336,37.17611662431575,206.09710283301584
phoenix,8829b6c0e7fffff,0.0,4.727765953466531,1.0492340817745325,2.7941240542645667,67.00710150372161,1908.4150133492897
phoenix,8829b6c0e5fffff,0.0,5.250325182526279,1.1007174073170014,3.014213911438725,61.06817988296633,0.0
phoenix,8829b6c1dbfffff,0.0,9.886947582087794,1.0028336849920636,1.5746794417481091,36.348427764609646,0.0
phoenix,8848ebb4a3fffff,0.0,7.21098959221889,1.0359825136284029,2.480671738967796,48.00365355226251,0.0
phoenix,8848e96d95fffff,0.0,3.458107638467363,1.124296112341743,2.7303804291055935,93.0515217740405,241.86958806350867
phoenix,8848e96dd7fffff,0.0,6.5776514850167365,1.0024353329343254,1.5149536813918063,43.437127425360806,293.9250997503597
phoenix,8829b6d24dfffff,0.0,4.216522053840647,1.1172152518333662,2.9247541321688804,83.70433546033735,0.0
phoenix,8848e96c2bfffff,0.0,2.982482102502758,1.1395291583224614,2.42451349707374,114.14168474949928,0.0
phoenix,8848e96d9dfffff,0.0,2.7049542361459555,1.1710363878050818,2.347834491543151,115.28030782270928,158.7175741613989
phoenix,8848eba6bbfffff,0.0,5.289600345837827,1.21101685179595,2.4496839204684315,55.60299981647061,68.39304393918464
vienna,881e15b715fffff,0.0,9.119327185655363,1.0395270296983246,3.3992743292660794,31.990350690662385,3118.0412064177626
vienna,881e15b711fffff,0.0,9.10400319105502,1.0548291326885222,3.3140940002509707,31.73794007192384,1441.0469599398998
vienna,881e15b71dfffff,0.0,8.765468011386112,1.0464208378222106,3.163707359330535,32.92358190708977,1209.8913741776742
vienna,881e15b0d9fffff,0.0,8.76843570315469,1.0394526442044336,3.4117430354863982,35.14543819792369,442.0336857041244
vienna,881e15b0dbfffff,0.0,6.649670863721833,1.061198530089475,3.176429679343516,45.27671744774029,582.2117305037809
vienna,881e15b767fffff,5.21540641784668e-08,6.131034424103993,1.0777766412618708,2.8621448158017064,49.037988367710035,2231.700405691347
vienna,881e15b72dfffff,0.0,8.563606744343478,1.0827977001792903,3.165944521896218,35.500101506503114,1383.3166178645129
vienna,881e15b729fffff,0.0,7.236460043886351,1.0459214261507914,3.3733490765307765,40.59641278809243,1240.5111227206646
vienna,881e15b72bfffff,0.0,7.0590143046180405,1.015918658149034,2.957879471298551,40.05532210326868,2379.502082204351
vienna,881e15b707fffff,0.0,7.155565829289706,1.029266769887049,3.0241475924870507,40.945249101069194,1555.0280340970785
vienna,881e15b727fffff,0.0,9.121415908989206,1.0478345631765904,2.8593456673635513,33.33159654342454,280.88140982175025
vienna,881e15b725fffff,0.0,9.231820938934522,1.0460591888260191,3.2209983378059253,31.805441628451,346.56009901167346
vienna,881e15b0d3fffff,0.0,6.901297996453187,1.0489604951278666,3.1101748954323094,42.07390892011352,1754.9046465389042
vienna,881e15b0d7fffff,0.0,5.468890864690307,1.0904564313062286,3.42672229533846,54.20055829319134,232.61386216646903
vienna,881e15b0d1fffff,0.0,7.992275378363517,1.0906911798116523,2.978224103696015,36.90947941567973,2507.254278178353
vienna,881e15b739fffff,0.0,7.978975458193139,1.030010897970842,2.87656818877953,36.88166866751504,5250.150981895615
vienna,881e15b73bfffff,0.0,8.902934732872234,1.0433481596989147,3.3912239541629026,32.712054231796735,2834.567350426679
vienna,881e15b73dfffff,0.0,9.654418824888646,1.0385571103995446,3.3610011739347896,29.04645062902512,1466.9390169216506
vienna,881e15b703fffff,0.0,7.527951814152729,1.04608603244785,3.072430873926154,38.43830423883058,2728.350516420264
vienna,881e15b763fffff,0.0,8.895268580120169,1.0595462960476223,2.951433951603747,34.27151931233991,2425.170957648124
vienna,881e15b76dfffff,0.0,6.675013379198375,1.0498977691132498,3.434905722635936,45.26323533123538,18.969047425527243
vienna,881e15b765fffff,0.0,5.982675234800182,1.0246197204808098,3.339025541682035,49.3165738512462,303.44494721638233
vienna,881e15b70dfffff,0.0,6.340949825462568,1.019973971645717,2.7343807429989178,44.60345699197369,1050.2718337168633
vienna,881e15b761fffff,0.0,5.800115361607872,1.0734950156566003,3.17314575603019,50.75393847739712,798.891674161059
vienna,881e15b76bfffff,0.0,7.638663158194863,1.039172079405866,2.9263932879611336,37.6988009355615,1900.5006254055068
vienna,881e15b705fffff,0.0,8.969342772021069,1.0671531983129523,2.593263974837998,34.349172363179036,1954.0871099428948
vienna,881e15b701fffff,0.0,7.108431243450775,1.0182777994945955,3.0749857883727114,40.301534457300065,2139.0295254920543
vienna,881e15b70bfffff,0.0,6.124253378686901,1.0379467700370266,3.01982278087075,46.44874687209124,2461.560250200238
vienna,881e15b757fffff,0.0,8.792013806743428,1.0560384556570006,3.219143698843583,30.88560154156301,2743.8406618311797
vienna,881e15b62dfffff,0.0,8.72153426685951,1.029257346207793,3.103839513570542,32.84406779524914,1006.6041381600623
vienna,881e15b629fffff,0.0,8.245655222550036,1.0614770516130274,3.159771225538158,34.30322472482536,1094.2366238785205
vienna,881e15b621fffff,0.0,6.42464530636827,1.0388795180003405,3.1388578940094867,45.497872391172976,706.7315046947398
vienna,881e15b62bfffff,0.0,6.121124982328925,1.102956717220841,2.438361441235879,46.501941322598995,1540.9454018878537
vienna,881e15b63dfffff,0.925892814929263,7.586879434676413,1.1538082722617964,2.8856419631453565,40.01268653142582,233.36665081621015
vienna,881e15b2b7fffff,0.0,9.121165720533805,1.0572992282374811,2.9858293715693587,31.893849955405248,683.5220515083355
vienna,881e15b2b5fffff,0.0,7.2302851135699875,1.0850363665336418,3.444525416358489,39.9337494761163,444.6262664088021
vienna,881e15b2a3fffff,0.0,6.054312995091566,1.0507190771522958,3.432241576495287,47.92012851422385,1198.480401548618
vienna,881e15b2a1fffff,0.0,5.278683963831817,1.0846627291263269,3.4933773023388692,54.697798986360425,546.9552926113918
vienna,881e15b053fffff,0.0,4.994475229588537,1.0505851763593288,3.157057840316049,60.066370581382415,23.90482302593832
vienna,881e15b2adfffff,0.0,6.538838901031774,1.0633581555595997,3.379078410693636,45.10130683815812,639.2219811541795
vienna,881e15b2a5fffff,0.0,5.962343586229507,1.1746757533421563,3.0414660812896095,49.15910061822116,688.5869749419724
vienna,881e15a24dfffff,0.0,6.959726018929546,1.0417315148385338,3.348671627531359,44.646233372598246,477.1854796729512
vienna,881e15b19bfffff,0.0,8.576063026372818,1.0808736899014249,3.3383200892157707,40.99346039305997,877.1254892712229
vienna,881e15a241fffff,0.0,7.965152790086588,1.0461144029868743,3.1824210601524863,38.090068272193925,261.16696300484324
vienna,881e15b0a3fffff,0.0,6.713712801835271,1.1595608548224154,3.313061966871477,42.62091435234347,298.29222673721233
vienna,881e15b0b5fffff,0.0,8.422548581437333,1.0812737110872108,3.193838736342309,33.348159563357726,387.3494111375743
vienna,881e15b0bdfffff,0.0,6.787685010857758,1.018104933141686,3.071652908273203,42.36930534440637,165.81679185062228
vienna,881e15b0b9fffff,0.0,7.541772121235111,1.059464512630437,3.4158883669667515,40.33758413533947,535.927148288451
vienna,881e15b0b1fffff,0.0,6.767321460023951,1.0620179661064195,3.322511774307394,46.88822515408766,66.63949139462828
vienna,881e15b0b7fffff,0.0,7.499284208451996,1.069966178409416,3.207976286725505,38.4409718506197,273.3912596185657
vienna,881e15a25dfffff,0.0,8.615547258582673,1.0770961404942443,3.3337318419350033,33.603151151696835,839.5685132321385
vienna,881e15a255fffff,0.0,9.006912640582845,1.1058692503694871,2.9869510559954913,33.142040408115996,628.923771766053
vienna,881e15a257fffff,0.0,7.416885343317888,1.0606379125748382,2.9708861204138435,38.226228389529766,679.5421798892373
vienna,881e15a251fffff,0.0,6.086363322804336,1.1636824240964518,2.736967606147333,46.316510343059456,543.1748649300114
vienna,881e15a259fffff,0.0,7.218302763576944,1.113017296072197,3.3775745212303177,40.31491896871981,660.5145664248325
vienna,881e15b0b3fffff,0.0,8.142467090205873,1.064755406496546,3.121321799239795,36.73322787621319,787.965599784009
vienna,881e15b565fffff,0.0,8.34205486432269,1.0653674032092542,3.3281876291703494,36.08741778521599,250.1683453084764
vienna,881e15b0bbfffff,0.0,6.788920671579627,1.0728762294867893,3.525622516210466,44.52252451129626,1190.6992495973798
vienna,881e15b095fffff,0.0,6.707752933157177,1.0433900266564071,3.480231622929547,43.46007337091409,1269.143277279141
vienna,881e15b09dfffff,0.0,6.562542026176082,1.0734241615342928,3.498664909367652,43.981392646030926,391.6979085913718
vienna,881e15b097fffff,0.0,6.386738019053586,1.0278021773348316,3.327384322705847,46.69764332673884,1273.1337919780856
vienna,881e15b093fffff,0.0,6.36729721302539,1.075605991798798,2.9590298333330223,45.4736485887012,1327.2239938139842
vienna,881e15b569fffff,0.0,6.942592193028664,1.0600337940990985,3.2096714432895865,41.53255012900599,618.7719139824617
vienna,881e15b091fffff,0.0,8.8246349637867,1.0513702411177703,3.226534989962926,33.55566616290987,2758.55368508023
vienna,881e15b099fffff,0.0,5.587546626374207,1.0222371851583132,3.3741995009922943,57.98244086366879,109.42656495580488
vienna,881e15b56dfffff,0.0,9.924263214582815,1.0669326201199365,3.1211785828104266,30.325214830105622,208.6670425760556
vienna,881e15b561fffff,0.0,7.140641781803665,1.040558800562843,3.460063283727035,40.426903067003344,191.25278190682735
vienna,881e15b0ddfffff,0.0,7.300033976247658,1.1212596823581196,3.2787973821388867,39.63451872617928,810.1413720697167
vienna,881e15b54dfffff,0.0,10.522654318887886,1.0431023233914074,3.252511988639572,26.731801542536335,954.5878767380178
vienna,881e15b545fffff,0.0,8.005181148029463,1.0445090496372311,3.3814696986794313,36.92863815192656,1366.9911706854757
vienna,881e15b56bfffff,0.0,8.621293465969243,1.0668486189075148,2.9862186707810445,34.79756270728841,984.4413636735804
vienna,881e15b563fffff,0.0,5.530548257450532,1.0722326534043622,3.2447954690994454,56.19891488915206,297.4791143532443
vienna,881e15b521fffff,0.0,6.722422164826878,1.116672612149908,3.0544699951327283,41.92211897858986,1898.7982732864557
vienna,881e064dadfffff,0.0,4.194939168187368,1.037706661585878,2.972363890261268,85.57319774662469,17.79962973372782
vienna,881e064da9fffff,0.0,5.486884012594943,1.0574524638678091,3.3511815201000763,56.79796308817022,299.1033797775034
vienna,881e064dabfffff,0.0,5.191737576041887,1.0085948532586384,3.035824678020836,60.6865213304731,0.0
vienna,881e064de3fffff,0.0,8.531436502586672,1.0873132282338462,3.0263438948461916,43.183941241299316,0.0
vienna,881e064de7fffff,0.0,3.1458068156329437,1.0490618267416565,3.217846680808825,103.92344351803408,0.0
vienna,881e064db5fffff,0.0,8.033062938443843,1.079312449050223,3.2594286358681326,35.984095010214965,692.4317252275881
vienna,881e064db7fffff,0.0,8.654744517531782,1.0516619134807474,3.212939975029983,34.50586613820473,211.80863522991308
vienna,881e15b755fffff,0.0,7.259610207427718,1.0306870657156175,2.963443146027295,40.80421063279988,2701.6446115252024
vienna,881e15b751fffff,0.0,5.010170033170436,1.0148065936173083,2.9191372076973283,58.63074467636682,644.2523506507702
vienna,881e15b723fffff,0.0,6.543813975073533,1.0158190564235507,3.0510573904202265,45.295784195242454,1434.4558388439411
vienna,881e15b083fffff,0.0,7.090446836519345,1.0840555833533414,3.3984746657250646,41.630764562148286,411.52899607205165
vienna,881e15b719fffff,0.0,8.906409674223173,1.040407032730431,3.334400238612437,31.973401441963976,1234.115314886848
vienna,881e15b717fffff,0.0,9.561760785243289,1.0532376093527154,3.243497213374938,30.425166473692855,1351.634551656637
vienna,881e15b743fffff,0.0,9.66685886252402,1.048229868892733,2.8385397837097823,30.19336520278848,2088.7922155571187
vienna,881e15b52dfffff,0.0,7.983788307975958,1.0615320004828304,3.1608146392631484,38.9352056807609,2626.257684589431
vienna,881e15a253fffff,0.0,7.510442653625535,1.203406904557356,2.9847099744308334,37.26271508676257,2103.6901323528914
vienna,881e15b735fffff,0.0,7.601446557990884,1.0566168724971714,3.4401864043560524,38.59290230224885,2386.5224611485314
vienna,881e15b71bfffff,0.0,7.960922379045183,1.0479290460304111,3.38707130470407,36.64649404442967,1779.653187619522
vienna,881e15b713fffff,0.0,9.24683892307444,1.040415769913945,3.348039126476203,30.68193333112055,1909.895821708887
vienna,881e15b721fffff,0.0,6.864979386541988,1.052904792418108,3.248311717366586,43.2100475361124,694.9860485799834
vienna,881e15b747fffff,0.0,7.894416746583954,1.0358974268459755,2.83556498489097,36.8355241956703,877.7043376591424
vienna,881e15b08bfffff,0.0,5.519277031934022,1.0906934190872766,3.4381949820570847,53.04912058204743,127.15986507434532
vienna,881e15b2b3fffff,0.0,6.8900483235342955,1.0440846117429752,3.204055081673638,45.514411003028926,51.96553601865284
vienna,881e15b0d5fffff,0.0,6.120671619354805,1.1021071802729652,3.4796888715917507,50.27100403807355,102.5349200321896
vienna,881e15b087fffff,0.0,5.1229084280673085,1.0052592431657714,2.964797591556938,64.2372662470588,195.00800914134484
vienna,881e15b759fffff,0.0,6.940906040020635,1.061212431535848,2.9770964880535393,42.68174764099226,1714.86779355674
vienna,881e15b75dfffff,0.0,8.365608911299946,1.0675152237327896,3.4117218193158476,35.11621797156374,535.6850742448399
vienna,881e15b469fffff,0.0,7.465321342080466,1.0391327073652834,3.40125617236351,38.71110330630941,1194.8213947782542
vienna,881e15b667fffff,0.0,8.931959977508173,1.0668523219760728,3.2446921394347306,33.69387925049127,666.8395000881235
vienna,881e15b0cbfffff,0.0,8.129101602311152,1.0555030509532444,3.303396813774027,36.38183509760095,357.56444986665525
vienna,881e15b549fffff,0.0,7.328464698226599,1.0261079335000758,3.262894120113654,40.46448545535725,1943.3469012649784
vienna,881e15b2bbfffff,0.0,4.915456912416748,1.105381447831274,3.516367355790192,64.3626191934985,35.65468672708356
vienna,881e15b505fffff,0.0,6.633272786175491,1.0642528968108107,3.1233623435397115,43.76186078078377,201.55649465475105
vienna,881e15b52bfffff,0.0,8.161524253742748,1.0849788627004988,2.9235611919909688,36.60075488729465,804.8964608192903
vienna,881e15b507fffff,0.0,12.740292841144528,1.05339843908366,2.5806485973671043,23.51229874883015,482.4526070305764
vienna,881e15a24bfffff,0.0,6.886122067054648,1.1143009779707738,3.3392445083065163,42.58844497867998,287.03450812989934
vienna,881e15a249fffff,0.0,5.26506729793852,1.052300417358829,3.0212610067062022,58.655191270334015,1053.3926011853468
vienna,881e15a243fffff,0.0,8.470345319526041,1.0235887313649767,3.047648328302957,34.7574843328012,553.941780689459
vienna,881e15a219fffff,0.0,7.836972790287629,1.0622320910640568,2.8961052507048453,36.100905065054405,543.2260790190313
vienna,881e15b2b1fffff,0.0,4.986938705698717,1.0970248001929923,3.4605069819970513,64.90384516149605,193.62476699924017
vienna,881e15b2bdfffff,0.0,4.232358957737475,1.0451767623364734,3.49239419284301,71.33902633607538,1047.827973192358
vienna,881e15b75bfffff,0.0,8.039256646764134,1.0669882809191296,3.3693117898772926,35.3885262200509,2963.715402954606
vienna,881e15b605fffff,2.3721533837633952,9.158989139352562,1.0754510266561177,2.942305814868494,31.251471063345363,326.1976540213852
vienna,881e15b2a7fffff,0.0,8.323557874370913,1.0595749444793297,2.454895122979494,41.427907562060184,1393.8932956280084
vienna,881e15b2a9fffff,0.0,5.566768028138523,1.0478709469604108,3.534471166956889,52.92889081303839,144.00132820284944
vienna,881e15b2abfffff,0.0,4.079504423238247,1.0123500943070105,3.484913187489311,74.67469819473533,2264.639526847255
vienna,881e15b287fffff,0.0,7.028605977756733,1.0394377307057834,3.417921079023925,41.63657199587837,4486.934768949183
vienna,881e15b631fffff,6.537565027141881,8.024073528696922,1.1061098511502232,3.208856171201704,34.999045510567825,1171.0979134606494
vienna,881e15b633fffff,0.29236789467553226,11.824250690318792,1.047905711145115,3.2492284898226615,23.89513895831538,1347.362155913231
vienna,881e15b459fffff,3.195651448987548,6.046435312916672,1.0629831437751722,2.7964194277739227,44.03152476716744,1493.4628181323608
vienna,881e15b63bfffff,0.1054978745791971,8.460404618522324,1.0401548379381702,3.0428118330838863,33.271576864589576,800.9302837017283
vienna,881e15b6edfffff,4.328380819487443,7.7500143332458755,1.031956722740878,3.456821867317346,36.290255463593,558.0768553416882
vienna,881e15b617fffff,7.839384455175923,9.915877198827395,1.0414115435858644,3.244707144868002,28.6703868652033,447.2828960011629
vienna,881e15b61bfffff,2.2313667799938863,8.392049321953042,1.059305852549854,2.9975766227255076,35.48034545148144,590.7714105822414
vienna,881e15b603fffff,3.5223122285895925,6.6467112747762425,1.0369939808351694,2.982194339604094,43.01939533391662,485.44084180061617
vienna,881e15b601fffff,1.6211329457002965,8.559023270746637,1.0578214430301025,3.398789325886931,33.381646091652904,343.9112011990522
vienna,881e15b441fffff,1.4383448255263056,6.413719363688312,1.0397485009205365,3.485046555914021,43.79307514047235,191.11221214167875
vienna,881e15b445fffff,0.0,9.165823146215818,1.0390010434051875,3.291866295948335,29.839047664966262,3010.1283953539228
vienna,881e15b733fffff,0.0,7.668982001504413,1.05187966216593,3.27635696256764,37.428310169554365,6376.034754800159
vienna,881e15b46dfffff,0.0,19.5878464130025,1.0739064296628251,3.28968620630504,13.474478508070726,2089.069547979361
vienna,881e15b709fffff,0.0,5.791972706607964,1.025953690571738,3.0501586112969146,50.461310197045606,3536.5074435032893
vienna,881e15b769fffff,0.0,5.559565889168988,1.0305353500051186,3.33283314215373,54.589415042803616,700.0067146178217
vienna,881e15b297fffff,0.0,6.279455277621234,1.057198621792263,3.455213154700877,49.23655481124389,63.93519902749461
vienna,881e15b54bfffff,0.0,7.845912042610656,1.0290676245131587,3.1960885683381353,37.78435204125242,2720.855142328205
vienna,881e15b737fffff,0.0,7.483870908622676,1.0358135352544116,2.7968068087301323,39.37491836532517,2811.138348310338
vienna,881e15b731fffff,0.0,7.416692462118718,1.034671828846255,3.3330261985393643,41.33102607428539,1325.0237569728308
vienna,881e15b609fffff,2.141152482562653,8.302607707183611,1.039280983634866,3.3875939940157163,34.764543118980384,184.47553704484284
vienna,881e15b0c3fffff,0.0,4.263586797547685,1.05973202624324,3.490442061323656,78.53045908764184,185.0789102565902
vienna,881e15b60dfffff,0.9602549610096186,8.479353627317874,1.053129682462197,3.1213044486338757,35.06131603469123,128.37664908730602
vienna,881e15b639fffff,7.390844024868348,8.70169043344321,1.071531926091295,3.3380002005535343,34.10015263496369,210.60800699526985
vienna,881e064cadfffff,0.0,6.850533366691304,1.0633864056118871,3.228345582804402,44.66369739054494,15.118519424953446
vienna,881e064ca5fffff,0.0,4.818403182517917,1.136258720653531,3.1595674988660347,65.76896877382173,230.74988680429803
vienna,881e15b645fffff,5.758261459624945,5.546217121772377,1.0835221693808068,3.368035809822178,51.32715265134524,79.31090614532087
vienna,881e15b66bfffff,1.6914493336210747,6.046949815415207,1.1341673524093427,3.302862049464727,49.331496680410275,438.1644028370509
vienna,881e064ca3fffff,2.0743015558528413,3.7241095822091985,1.3503101477688215,3.175221744722286,78.4906259751602,985.3374958814336
vienna,881e064cbdfffff,10.0080082444884,8.421340351104618,1.0463389223241537,3.3273869594548877,35.25531871453952,1208.229446452619
vienna,881e067969fffff,0.0,4.866306494976683,1.071955309655309,3.1714028658149114,63.79367200977093,1340.1976194425774
vienna,881e15b567fffff,0.0,8.149037597010814,1.051140769332325,3.164653207747934,37.474734794001485,1384.4980631120002
vienna,881e15b457fffff,5.521832466875964,7.075188409982934,1.0741111746925678,3.0254901339695506,39.799427426712064,486.161739187409
vienna,881e15b455fffff,0.6574710977001581,5.9046720125774925,1.0313552194767346,3.081263949715133,49.09710133141598,719.4027769558553
vienna,881e15b401fffff,0.0,7.718715744918113,1.0664185859136082,3.2915991391505863,35.500899549718255,784.0125716090465
vienna,881e15b403fffff,0.0,5.465403395071172,1.0248206852722852,3.460758121279981,58.042722160707314,7.747653965374558
vienna,881e15b40bfffff,1.670272259058495,5.159287020904433,1.0283300501002013,3.050069886250289,60.57038477095972,49.15015217632769
vienna,881e15b4b1fffff,2.4581298240548612,3.4065993019313865,1.013856898938601,2.8870692798672155,86.86620911921351,99.43636565553676
vienna,881e15b44dfffff,0.0,7.81151144024376,1.0458099044231564,3.485730603780173,37.60004261808608,1579.3293458546889
vienna,881e15b45dfffff,3.5841024073199645,7.625010148798776,1.0732559637824095,2.9130447045628505,36.06552576763758,221.04228824540976
vienna,881e15b44bfffff,1.8007277114325881,9.547617260542031,1.029364519960035,3.1929591284921894,29.726574098492115,2151.871621029949
vienna,881e15b449fffff,0.0,8.022335473195175,1.0464528044319534,3.391405399171078,33.84261555675026,1976.1952002106816
vienna,881e15b55dfffff,0.0,9.941698923504536,1.083113949176904,3.4446425890558663,29.438525534652012,2575.3490545503555
vienna,881e15b559fffff,0.0,8.363116438736913,1.0541840196842935,3.0702026485891345,34.58643147272438,4097.343235202
vienna,881e15b42dfffff,0.0,10.574643038395692,1.041528844727593,3.4932369142211357,26.992697842706782,1825.844103738344
vienna,881e15b55bfffff,0.0,8.477839973961878,1.0404540676358482,3.188609616784177,32.98583246870533,1846.427254516555
vienna,881e15b553fffff,0.0,7.982722031900093,1.0171108258848722,3.1015141706340983,35.555016866554666,914.9497232578929
vienna,881e15b41dfffff,5.854630469818827,5.712203586602853,1.044915908379581,3.214318212550135,53.19959647582872,46.39416269861713
vienna,881e15b663fffff,0.13906390597689974,7.462186327389369,1.060461097136326,3.2411389020465444,38.44930631085494,493.4676606775894
vienna,881e15b465fffff,0.0,9.510804873065398,1.041223637092231,3.300200675088128,31.19946525074188,1237.366957897866
vienna,881e15b753fffff,0.0,8.64478510586099,1.0475987434286356,3.3506020360556272,32.806383550398536,1909.4908871253056
vienna,881e15b65dfffff,16.286899215650557,8.026497262102486,1.065682886794166,2.9981089975646964,36.750660950283574,174.07637513055042
vienna,881e15b651fffff,5.923940177654088,7.514586502843896,1.0967916095175203,2.8733352453109284,39.87431498144,10740.753592776886
vienna,881e15b659fffff,0.8597062832022501,9.19931910601452,1.0493378516291676,3.234603344673745,32.82554745712408,1201.4586275371732
vienna,881e15b635fffff,3.993063130922976,7.6415489100275344,1.0544043028494785,2.5317931219678784,37.342368505825235,556.7590891962135
vienna,881e15b295fffff,0.0,5.061886207186001,1.0199901465781018,3.342061341532424,67.90946811724106,1579.4207715350929
vienna,881e15b2b9fffff,0.0,4.296160758021772,1.039643706252128,3.520639495582845,77.3173656380548,1570.7219518662791
vienna,881e15b283fffff,0.0,6.808659148168265,1.098418026462045,2.8903717578961645,57.11680970158591,0.0
vienna,881e15b541fffff,0.0,9.463259389470878,1.0718450463609348,3.2630373836977915,29.195397400742113,1598.859057078637
vienna,881e064d87fffff,0.0,4.344856062785663,1.082054044567034,3.3062454776102497,75.52033836297572,111.58417643869116
vienna,881e064d83fffff,0.0,5.146043571756405,1.1887851589918,3.4408250194530434,58.67576668127465,3851.7857972233087
vienna,881e15b74dfffff,0.0,6.673063376693528,1.1145335718095195,3.360212612159225,45.03450930267216,1209.126458345496
vienna,881e15b655fffff,2.842956695797721,10.060263221658431,1.0443273805360664,3.09700156946585,28.780640222532792,1346.8446025677958
vienna,881e15b643fffff,3.0166317307252997,10.466565101696574,1.0460711353923775,3.0268821103784846,27.80796935199395,418.3187406438796
vienna,881e15b647fffff,0.37426883890495344,11.969218829694178,1.0232570412507331,2.09496430421003,25.064292354296025,86.69751466918126
vienna,881e15b641fffff,9.099041750978085,7.188820106255488,1.031343581535035,3.1776821963609048,38.99152102291708,66.57659436745772
vienna,881e15b60bfffff,1.1861766306813277,8.520270721134388,1.0412429208791996,2.962262287563068,32.301337285664076,2264.6870990822677
vienna,881e15b657fffff,7.990843565871112,5.98118372120746,1.1251950805214497,3.3234779872476516,49.73782001908927,493.4896566909076
vienna,881e15b463fffff,0.0,8.270215924316851,1.0294484428190254,3.415562089927586,35.35708341374033,975.6400079242778
vienna,881e15b429fffff,0.0,7.542770401854396,1.0681446363991962,3.149464558521084,39.87013330699089,845.4902502177957
vienna,881e15b447fffff,0.0,5.779887848933169,1.0654539696697218,3.355258326808841,49.13107881287954,151.19708639041826
vienna,881e15b409fffff,0.0,4.26536458496646,1.0095056716500477,3.4683941842671064,70.1976580633887,20.646801667387972
vienna,881e15b415fffff,0.0,5.925666943752516,1.03216745492268,3.501696800875994,53.93276940799439,16.528299662208646
vienna,881e15b411fffff,0.8973963140770588,5.92254366930026,1.027304335092999,3.074049939763967,51.89949898953533,39.125679774079856
vienna,881e15b425fffff,0.0,9.159362777628717,1.0479447781467226,3.40015872154084,32.67859083212788,1027.8405381496182
vienna,881e15b51bfffff,0.0,8.580998146631488,1.0458664509789817,3.430564106200793,33.4185721733227,340.2210033746473
vienna,881e15b5e9fffff,0.0,11.347209978688316,1.0464049157888282,3.2341334916525133,25.98131754704948,318.7964678026405
vienna,881e15b5e1fffff,0.0,10.13870856503776,1.0803224436276522,3.159243862433737,27.81189955083757,1858.4728244624016
vienna,881e15b443fffff,2.1933707403048026,6.128583169012416,1.0292537881590285,3.2038918007725377,46.93693400787189,202.83690217601304
vienna,881e15b625fffff,0.0,7.214623993706977,1.0294010340969644,3.4787376109057986,39.93982335750329,210.57705370244008
vienna,881e15b40dfffff,0.0,11.519463655538765,1.0552383580230993,3.2912437675362862,25.7622014811661,3031.0961356627895
vienna,881e15b555fffff,0.0,9.16492153314626,1.106518479082051,3.4191708055820405,31.10367205720905,834.9900285303088
vienna,881e067965fffff,1.1196024583494428,6.635538854844257,1.038484940045471,3.299664287656811,46.068180818247114,2004.8676480672157
vienna,881e15b42bfffff,0.0,8.36140181897128,1.0526804165624637,3.171264596778934,35.94333571528705,976.7142097028608
vienna,881e15b423fffff,0.0,8.203310708528,1.0602956174997415,3.306229162365668,35.404581507166924,468.14468666931464
vienna,881e15b461fffff,0.0,10.247139358026052,1.052609800221173,3.336808845915286,30.30617110811116,270.1450165720845
vienna,881e15b6e1fffff,10.095847304410443,10.646554817919048,1.0287120609837996,3.040741687919561,26.874578480752827,431.65706726218406
vienna,881e15b6e3fffff,3.302847011018988,8.307189654504198,1.0455617416644083,3.302860347066599,35.89037454880914,1097.169828697129
vienna,881e15b6abfffff,2.0446107350082565,10.03750851428112,1.0354118652887714,2.9415914089448068,29.39114322999318,7442.954434743147
vienna,881e15b6bdfffff,6.922987968929612,9.62103002193821,1.0339027650762194,2.971915239301871,31.283843860427655,3249.5958304835444
vienna,881e15b6b1fffff,6.281524672433086,7.991543378079911,1.0310527498440965,3.125624968355054,37.03627666041226,740.7288182384312
vienna,881e066b65fffff,9.776859574788924,7.978519160933094,1.029498315211422,3.1016687887385888,38.54375952364573,1349.84969867485
vienna,881e066b67fffff,5.069680460688694,7.146920868243923,1.014462984832017,2.780894941080733,42.6469700962054,5845.078364915783
vienna,881e15b433fffff,3.2807159797272143,5.243193326296675,1.0391423979547771,3.000313177707009,59.70473693785684,0.0
vienna,881e15b5c9fffff,0.0,8.293333950921122,1.0764523518863007,3.0067265710744753,36.417576233468615,274.2489879866228
vienna,881e15b5c1fffff,0.0,4.556810805044329,1.020237140179479,2.813400349282587,71.74383377101755,1688.08733217688
vienna,881e15b513fffff,0.0,7.956163155376034,1.037457778499147,3.4547316467317217,36.68846850426182,434.6308497837578
vienna,881e15b5dbfffff,0.0,5.308066515301143,1.0541879849070106,3.382432725526607,59.49237312190962,60286.896407117674
vienna,881e15b4e7fffff,2.738204375003883,10.770915996415097,1.063705203829273,2.4467845944241913,29.11881995373017,417.5637486925167
vienna,881e15b4e5fffff,9.42779975044012,5.730818157457302,1.0595794619015826,3.268443067528471,52.348546360631026,155.83833811373458
vienna,881e15b511fffff,0.0,9.283064128648538,1.0658908491991987,3.3393891370416022,32.131983326716586,167.92118413927835
vienna,881e15b523fffff,0.0,6.1841207843346915,1.022488100848198,3.050232343231971,46.91943293693661,2946.2492007462884
vienna,881e15b46bfffff,0.0,8.96503596314602,1.028494499372397,3.3391776206952364,33.47954766395402,1453.864039429232
vienna,881e15b435fffff,2.034057762183984,13.339226716233233,1.0689189414517777,3.2191627655295356,22.762767280036925,1039.7434927129068
vienna,881e15b5cbfffff,3.2841096102774303,8.439102788282028,1.0738904449486348,3.3799624662544816,35.46927517887687,909.465050764653
vienna,881e15b5d1fffff,1.4339681146239602,8.126122232107148,1.0344949900426703,3.0463564572007664,37.82473512866784,740.7549273403636
vienna,881e15b5d3fffff,7.898646687649526,7.503407292909469,1.0336231371962652,3.1135023447864105,40.98218865972405,469.98493211355014
vienna,881e15b5ddfffff,0.8114072019153848,6.985734314714185,1.0922636397460734,3.201385185612887,44.191077144219186,111.04681539079633
vienna,881e15b5d7fffff,0.6662929986018263,7.263628051003026,1.046436089324692,2.9519277995940776,41.223893369270115,100.60320125995904
vienna,881e15b407fffff,0.0,9.90995920009095,1.121679859524178,3.273652134731117,27.217348634135448,2841.4606875734976
vienna,881e15b439fffff,0.0,4.648169742594649,1.0430110437722726,3.3254512860900367,61.2031776752389,351.8124829433809
vienna,881e15b43dfffff,0.0,8.328680709519634,1.0531373561035824,3.4859797968641564,35.53004103143319,910.4692960023688
vienna,881e15b6e7fffff,6.219217206560629,8.744951454248971,1.0618509810070331,3.3538779649713786,34.54374045570687,496.3895425474728
vienna,881e06793bfffff,1.4422272959274833,3.952588362138003,1.04628264034886,3.292512040191651,79.23587899687242,130.66841715463846
vienna,881e0679edfffff,0.5109240495521759,11.50625786826384,1.031387614891511,3.1093497569541997,26.803780906381405,274.33023752013656
vienna,881e06793dfffff,0.0,2.416482079315856,1.3877911397419365,3.2444065837088996,126.96894566048122,247.84673912019463
vienna,881e067931fffff,0.0,4.053483329579006,1.1878099084234257,3.1921245902022264,75.77257192636752,710.095080879871
vienna,881e15b6a3fffff,11.201440294227067,13.013680791144536,1.0270457199547358,2.8346286805369623,23.505594908339997,1014.1099301688104
vienna,881e15b6a1fffff,8.993758780293199,7.781170712049802,1.033327418625543,3.154809089978989,37.07655775940838,1960.921818216499
vienna,881e15b6a9fffff,9.32111789508661,11.707102800837268,1.023324877194736,3.0344862565889086,24.622733264510373,408.26129903953375
vienna,881e15b6a7fffff,5.381380269331637,5.025589354377072,1.01453239675122,3.218679570701758,62.500642602045176,99.50365676495636
vienna,881e067927fffff,8.401343898311033,7.148831916187436,1.0526192625952009,3.312479853706682,40.94136360466566,2922.726102803642
vienna,881e067923fffff,4.981467955832744,8.17454633858605,1.0674226682086645,3.1943392288565255,37.89137240806725,4178.526921027512
vienna,881e15b4c9fffff,3.6362549946409395,7.2990154310836015,1.0172321144955057,2.8390631576425545,42.89712757464632,379.7723909307932
vienna,881e15b4cdfffff,1.7125437155179293,5.701179937420023,1.0151240874299898,2.6893707262944595,53.41796924291985,272.90192292841203
vienna,881e15b413fffff,0.0,3.832962046400086,1.0089518644725433,3.03514143279237,93.17672672451458,14.988411051609033
vienna,881e15b4c5fffff,3.054026316904022,4.1486440796153605,1.1069927461777354,3.421362510298826,69.59681014452478,62.69601165547595
vienna,881e15b6adfffff,11.697235754856075,8.163259815112964,1.0397286554123482,3.4481545763269663,34.332527239665474,279.6647671543337
vienna,881e15b6a5fffff,4.986096251553708,5.55698159397426,1.0298604545064762,3.3979383070570046,55.84773358305361,299.05307483126495
vienna,881e15b419fffff,0.965771220653982,6.541938890513533,1.155256926612154,3.123106441978225,43.46016223148762,32.375071299393646
vienna,881e15b453fffff,1.427809358620712,6.62418958333359,1.0809811562106453,3.4891174322512235,42.139661128780986,1024.2037099401489
vienna,881e15b6dbfffff,0.0,3.2044172332903695,1.0097306118909788,2.80131694961345,93.62076725943488,136.49653488824325
vienna,881e15b6ddfffff,6.237559460832727,4.824489380383387,1.061767269127722,2.1284582527985,62.78065749634758,5999.240353974478
vienna,881e15b6d1fffff,11.485301553510757,8.120526473326036,1.0206260026756928,2.831135819472059,36.11102772994633,423.33236569236107
vienna,881e15b6d7fffff,1.3937140231366765,4.75368622618118,1.0079039991494725,2.895509392856281,66.61497027772006,15283.007412526042
vienna,881e15b6d3fffff,0.0,4.8190413196634765,1.021398398747286,2.787876228087594,77.81630725386414,49.64933314505025
vienna,881e15b6d5fffff,5.549656232774138,5.260786469271737,1.0257373404961716,2.902380877261872,53.4873032822855,467.9571294182715
vienna,881e0679a5fffff,0.0,11.586305354104418,1.0180957931022447,2.5558575887270885,31.797975400421052,89.20222837783888
vienna,881e0679a7fffff,1.8882260684014145,5.956536744225554,1.006909947146346,2.729291276973522,51.76385986911621,248.0555101374165
vienna,881e15b531fffff,0.0,5.772894829410488,1.0829166766964422,2.6017391790232702,51.433254247821424,358.11225814776617
vienna,881e15b089fffff,0.0,6.118110552983112,1.0683632819974718,3.461173173562204,49.03474649599525,344.39896612140785
vienna,881e15b081fffff,0.0,6.1076465380152785,1.0206214115640353,3.505066583632903,51.16537082736112,986.6423456217756
vienna,881e15b509fffff,0.0,8.460967821162585,1.065379907395776,3.307142395444195,34.8608039393712,194.2985415273824
vienna,881e15b417fffff,0.15986235024293946,4.90359134123704,1.0620707295219862,3.427825176992427,63.59175047213087,30.99258120059544
vienna,881e15b623fffff,1.9252806807532419,9.266185256833698,1.0408781290850944,3.0767702485328092,31.52480629772333,1856.884856117788
vienna,881e15b627fffff,0.0,7.194317279714366,1.030009829304814,3.391642655131297,40.2564239355171,182.22762489955556
vienna,881e15b405fffff,0.0,8.402836276555885,1.0538215024514392,3.135775487304187,34.79811068923643,1540.2480258912638
vienna,881e15b431fffff,4.627318347616438,6.504345691521286,1.0949200068055762,3.0886033766132717,45.48828947063961,1673.0906100993304
vienna,881e15b4adfffff,6.218470135912304,6.817707218401151,1.0272923077262777,3.450721648422179,43.445053107366384,619.5697396981624
vienna,881e15b599fffff,0.0,8.701916831827981,1.0381632400943612,3.151473547012554,34.3684757987178,240.07031854541285
vienna,881e15b4a5fffff,2.038155003662663,8.715782970520884,1.0466817683236842,3.3129593148676504,34.38033839963124,502.1405428633139
vienna,881e15b591fffff,0.0,6.124479145433009,1.2460314617317552,2.567582548521616,47.0046155832627,3494.469547416128
vienna,881e15b595fffff,0.0,11.53349364810536,1.007933188582659,2.880180087330957,26.49288800759431,6416.651293851797
vienna,881e15b59dfffff,0.0,4.420269479138887,1.0541766241628192,2.615112648321136,70.779733804142,0.0
vienna,881e15b4a9fffff,3.1779131747989875,6.189941470619751,1.05692667021252,3.1704713246292333,47.38269186834647,187.7065028886616
vienna,881e15b535fffff,0.0,6.226259394268388,1.2124473862955722,2.855653408600223,47.689681531481014,526.1911783603815
vienna,881e15b539fffff,0.0,7.37979872422861,1.0369132203238434,2.944905374731188,38.58551891040423,359.27407533921513
vienna,881e067963fffff,5.832768373748078,6.810840971854402,1.0217911024629711,2.6208068490971494,43.785236940144046,974.3394959344593
vienna,881e067929fffff,6.263378779867321,5.618689462591401,1.00779169382287,2.6398515568811503,55.48708608262604,174.28073865860836
vienna,881e067967fffff,2.374072299779715,4.563063929958126,1.0209282236578023,2.746196931656755,69.11685223474602,931.0938063173476
vienna,881e06792dfffff,12.357748302265774,6.628616567091582,1.0636499975848008,2.968171052114272,46.05493845705308,557.5312995401423
vienna,881e15b45bfffff,5.515226493210031,4.804866378797049,1.038309542015049,2.851069861018333,56.14462933889212,1265.7042890269531
vienna,881e15b74bfffff,0.0,9.030912463159607,1.0466609160542089,2.9875687082126077,30.70685553658073,924.5229335779884
vienna,881e15b741fffff,0.0,10.58638023824918,1.0359447587152493,3.0330441082363406,27.848421563557512,4024.6176280010304
vienna,881e064da7fffff,0.0,5.462623547434799,1.0685788803161425,3.431227596934688,58.39767688854917,29.62613467344534
vienna,881e15b29bfffff,0.0,5.095589936104555,1.1203041309789867,3.4567820381922845,57.78417183026697,113.63880694653766
vienna,881e15b4e3fffff,0.6068272514653433,6.747402344932541,1.0373316060315363,3.1353842655931596,44.1896188150997,63.26803664083165
vienna,881e15b529fffff,0.0,5.781540582575372,1.013618019471796,3.048555802069854,51.20653005034716,534.0404049910604
vienna,881e15b543fffff,0.0,8.993860072370666,1.0534453180506325,3.3136115816480483,32.34116744805379,855.7741087378895
vienna,881e15b0c7fffff,0.0,8.03892723435377,1.02843676595052,3.0878475864182793,43.904014326976345,473.3010291202931
vienna,881e15b467fffff,0.0,9.457925374997243,1.0567442617547624,3.346784862623517,30.381777759619112,334.4399697688953
vienna,881e15b551fffff,0.0,8.523835628900539,1.03026669762703,2.8408049206669905,33.80205575275619,755.8068393893426
vienna,881e15b557fffff,0.0,8.696606251645825,1.0500953339961423,2.500025510998789,32.9957139663018,1700.9399590891037
vienna,881e15b519fffff,0.0,9.73515651828887,1.056855278144442,3.394859317213898,30.804365655296884,1519.1603189435864
vienna,881e06796bfffff,1.0522242818684058,17.769135082236858,1.0164857185750973,2.423938030087764,16.871562199445385,41.070750991946326
vienna,881e064c97fffff,4.086523528049156,6.3939158182682805,1.0271664374186136,3.117238015054592,44.85396132535618,1540.8228220167855
vienna,881e067915fffff,2.539744327691771,6.57227777477105,1.044691192790818,3.1680085738601713,45.54276890732655,32.9846567886391
vienna,881e064cb5fffff,6.418451580394803,6.156095553820721,1.034245031343768,3.365508576457417,50.126066983201746,560.9224305131257
vienna,881e15b5edfffff,0.0,7.66421220765339,1.085752184228441,2.816416013276134,35.77213087017416,1164.2150550488043
vienna,881e064cb7fffff,6.735156485028231,7.878575336400715,1.11478652936817,3.0100271484214347,39.30211451049225,197.12090126268805
vienna,881e064cb3fffff,1.996446906073868,3.546496928805537,1.0634690457872735,3.1105058134240404,85.5975444686686,1709.4934426902894
vienna,881e06796dfffff,4.112735413777116,6.8048894947897205,1.0593860032016815,2.877177443849641,43.75834477032084,482.1375430296773
vienna,881e064c91fffff,0.0,5.792863789774529,1.0306971549587498,3.153221290414666,52.96485347364326,2199.0978803731673
vienna,881e067905fffff,2.026462187403196,5.40329872358294,1.028077937154427,2.410589743546171,57.77113428324507,234.5970329062786
vienna,881e067961fffff,9.799247062029833,6.932366949067039,1.0631379467575504,3.2958483478997187,43.42500396985629,751.0280899976111
vienna,881e15a25bfffff,0.0,7.813031209748665,1.0492497542563244,3.0441574179242505,38.87586131462286,440.5040674284843
vienna,881e15b611fffff,5.601517012652162,8.564450765824947,1.0472345621136052,3.1822003520768813,33.37582246090014,929.0667081550608
vienna,881e064c93fffff,7.375698489406456e-08,4.5347325922052075,1.044342135590167,3.2689629092763095,70.47551809677184,320.44632569653356
vienna,881e067925fffff,7.827940346177407,5.87736172104719,1.057843102047697,3.119057444208337,52.497075804021435,3829.109512842742
vienna,881e067933fffff,2.1749402170631336,2.2908683029387458,1.1836321593240624,2.756151843586093,151.83155073136572,0.0
vienna,881e15b61dfffff,3.2817727625852586,7.10889430458427,1.0239801783053355,3.3600755925407433,38.85285974561933,1248.705511750798
vienna,881e06792bfffff,0.680205741692122,7.82697372680872,1.0691632116461594,2.9581397832749663,38.36324318890643,309.3084784315265
vienna,881e064c95fffff,1.5749061134612323,4.0485286818811925,1.0322832105946522,3.1926704889052244,76.57102724438528,523.9552848694761
vienna,881e067907fffff,0.0,4.348119446127925,1.0437730804291212,2.993189483099763,87.02115548259162,282.38029197237415
vienna,881e15b6cdfffff,3.4445260146748593,8.750176690282085,1.057193082347087,2.8385246754141216,33.45083651305916,2245.431910817868
vienna,881e15b613fffff,5.540513550273825,10.608839913158803,1.0284675663664222,2.9201526068294186,26.510909986599824,667.578834907756
vienna,881e15b6e9fffff,11.597841801029205,9.889970916753954,1.0368518217529736,2.5588454506739784,29.31413740513908,771.97841265881
vienna,881e15b619fffff,4.252427467847074,8.768487469055112,1.0377146561931307,3.453527634563522,33.68050691136615,3176.048532564405
vienna,881e15b607fffff,4.075285175925056,6.691470617858495,1.0208114626910534,3.3102931631027808,42.86682579127242,194.20960843566976
vienna,881e064ca7fffff,1.1403021916235654,4.626026234231813,1.073063814840835,3.1155161247976535,61.247671108459045,100.19502557043512
vienna,881e15b65bfffff,2.7664973080577715,9.701092445614938,1.04419505234691,3.092888820402562,30.801960354755813,925.7951666704914
vienna,881e15b653fffff,2.6583238455816707,7.376054124524662,1.0669883455071842,2.982211120685929,39.366938732457626,708.1105472563993
vienna,881e15b0abfffff,0.0,7.3397208609311235,1.0209313399696445,2.730881375345096,40.07204805626784,1116.411932827824
vienna,881e067921fffff,3.2751663846538563,9.18542433702656,1.052161487707126,2.8813397163859777,33.2580454570582,620.9440005585927
vienna,881e064cb9fffff,8.17740212392062,6.4718914828712615,1.034668412276132,3.1256794119475413,47.28448672224429,456.056122939597
vienna,881e15b525fffff,0.0,5.509495946034288,1.0235176579891228,2.124268045214306,54.87354639274424,1625.9190731313277
vienna,881e15a21dfffff,0.0,7.556940139158317,1.0220422404133789,2.9929761311526395,45.94746230990992,23.130570530170335
vienna,881e15b649fffff,7.961560783730389,4.351365379011272,1.0298851450777913,3.338939982838635,71.54553286162329,747.4397510039535
vienna,881e15b661fffff,0.0,7.825337349648931,1.08086888165029,3.159869167162887,36.6757351378437,388.8511026210563
vienna,881e15b749fffff,0.0,4.8508688743306365,1.0792127974515304,3.426987547752266,61.26115115032057,105.03014299431744
vienna,881e064db3fffff,0.0,7.358510844349855,1.027827845733369,3.2813233388608825,39.73124110035217,676.7012982663192
vienna,881e15b09bfffff,0.0,8.290412796175314,1.1234985069850538,3.4481472338500314,36.234528844618126,42.43410684872325
vienna,881e15b665fffff,0.0,7.260507389257688,1.053307024620621,3.210102541913968,42.75631899140499,518.3466537106277
vienna,881e15b66dfffff,0.0,7.340756588497105,1.043711639594056,3.2448111057643283,40.92265179820576,496.3066064503004
vienna,881e15b669fffff,0.0,7.041486609569169,1.0374453872169995,3.215050607700899,43.96699737170357,333.5244048354877
vienna,881e064db1fffff,0.0,7.53467664241012,1.0546024894970962,3.228199620093388,39.92166180774392,1308.4384603882104
vienna,881e15b503fffff,0.0,9.37147613399918,1.0488576054098586,2.8636819615307187,30.323148435446743,193.91882994158945
vienna,881e15b50bfffff,0.0,8.369282799672012,1.0553733786260189,3.2493345201815673,34.58763327030494,83.82189785286147
vienna,881e15b501fffff,0.0,10.352454124076589,1.041511017094176,3.0437716845381506,26.47314220641543,110.75987501688826
vienna,881e15b6ebfffff,8.18960355762521,11.159159060166198,1.0498116556518795,2.865833494935306,25.51878778545603,734.3141744199086
vienna,881e15b6c5fffff,6.145924407869529,9.279949046379734,1.037344033494988,3.200643373666505,31.13216437844052,1975.0331800040392
vienna,881e15b6e5fffff,6.6567773527008045,8.752744879492484,1.06776880264408,2.4970874205135214,33.47554618419142,54.35084151057116
vienna,881e064d97fffff,0.0,8.510796085750712,1.0352395761695754,2.971077820984179,35.28688571456962,195.25623224937505
vienna,881e064d93fffff,0.0,3.8356978717164822,1.0850636992877891,3.2570638022490095,89.26440918940403,535.6172653127193
vienna,881e064d91fffff,0.0,4.344912159342134,1.13043675011467,3.3978573040468527,72.29204011114517,256.4507926875622
vienna,881e064d95fffff,0.0,3.1012367037595525,1.0354790595615702,3.3327504557118224,98.30853878741075,402.38798693817614
vienna,881e064dbbfffff,0.0,9.042913149168998,1.037106102997699,3.006947685256662,32.974088467190434,2231.263222097978
vienna,881e064d9dfffff,0.0,6.5173634891250405,1.0685834851369025,3.274584925098144,47.410086081668915,387.3628028562133
vienna,881e15b64bfffff,9.903784625862624,11.47479887411934,1.04406501043268,2.8621231845188397,26.626012151183524,855.4886990804857
vienna,881e064cb1fffff,2.093167166292031,5.752097802046388,1.0252546533851867,2.921067195130643,52.04051036070057,347.8125437527748
vienna,881e15b547fffff,0.0,6.66635446703883,1.0613903316948028,3.375048243651777,43.41288573619386,494.4985344146272
vienna,881e15b5ebfffff,0.0,6.629363609264056,1.1097959970782858,3.497608379139389,49.155645394195645,55.02698015326172
vienna,881e15b421fffff,0.0,7.035197753809706,1.1081007561435745,3.196766231063276,41.42931369289695,2366.824286072938
vienna,881e15b427fffff,0.0,6.439500680257643,1.0191926001594982,3.3871521891532463,48.58536594851419,92.4112509689063
vienna,881e15b50dfffff,0.0,6.7186539323794285,1.084777400390698,3.2702751777192565,42.34222531535269,1859.1283980827377
vienna,881e064da3fffff,0.0,8.812577670461229,1.0732266752600008,3.2218691183464387,33.387188071902415,28.011835357472204
vienna,881e15b5d5fffff,0.0,8.46486756911732,1.0258400523088034,2.9445352819119903,34.698944867816664,244.59356899726532
vienna,881e15b581fffff,0.0,4.616234389977423,1.0594246032797754,3.094920133424124,65.6703236207846,75.23866987068423
vienna,881e15b58bfffff,1.043081283569336e-07,6.41078564534043,1.0067769508370072,2.5947905228322297,45.242358510428446,1422.9148948993245
vienna,881e15b589fffff,0.0,6.220102401005044,1.022615341959809,3.095038940000784,47.716843523360474,664.7442115968224
vienna,881e15b5c3fffff,0.0,6.766755395494304,1.0386150986313525,2.912842914173874,43.33193872977546,372.87830185477185
vienna,881e15b685fffff,7.151765479427336,7.926584953512001,1.0188223179834026,3.40410215979487,38.417714360182515,2249.4646551098635
vienna,881e15b51dfffff,0.0,8.035669953835537,1.0347339859122289,2.989650137934777,37.17798288335652,94.76453248360824
vienna,881e15b689fffff,7.304067823391872,9.968026815042936,1.043074682097975,3.1200976590104057,29.460500631382168,272.42941838008903
vienna,881e15b68bfffff,2.06072066294083,11.247667838947551,1.0245149687735573,3.246477791550173,24.66407368294955,2815.055060223859
vienna,881e15b6c3fffff,2.379182269511196,7.749240197265672,1.0425807023004654,3.1668025561126645,37.924102394851744,2581.274060620358
vienna,881e15b437fffff,9.694680331707453,8.620554467143744,1.033997655895106,3.2092163988169293,35.768874379001765,406.98277675457024
vienna,881e15b08dfffff,0.0,9.559886083076476,1.0477601696925745,3.2777362364813367,36.011129430862404,299.32077124897256
vienna,881e15b745fffff,0.0,9.26600631084484,1.0520188321796318,3.5311985823499965,31.163338361265623,1649.9249160590489
vienna,881e064dbdfffff,1.475139697881291e-07,8.244918429202428,1.027523736978735,2.554175778437055,37.78104054259543,531.8618834800064
vienna,881e064da1fffff,0.0,7.257709390359563,1.0379275414295974,3.361645894573545,41.07038557824587,12.975945386736536
vienna,881e064db9fffff,2.086162567138672e-07,3.3404488943189614,1.1031809093184763,3.0629904937117436,88.04734224763133,431.9756411069203
vienna,881e15b637fffff,0.1793850272579724,8.465101451055878,1.0365830979575374,2.7853093109172056,32.679979780725375,930.704036827776
vienna,881e15a245fffff,0.0,6.739490999338781,1.0534443566565406,3.468605043609172,44.51374740754659,259.60548198071587
vienna,881e064d9bfffff,0.0,5.2389988723137995,1.1216690218187526,3.4013620017902992,58.36141658652747,2692.773807361141
vienna,881e15b193fffff,0.0,4.896532597813383,1.0307153988404003,3.1388251232693483,63.31010644929335,313.34766471895784
vienna,881e15b41bfffff,6.144511859751926,3.3934469666988933,1.0805126078364902,3.3092529823656007,95.33946307091745,98.4740228997336
vienna,881e15b4c1fffff,5.355546519512911,2.638319639425105,1.031588362479328,3.2051249865265725,116.6243479729978,32.81691384945458
vienna,881e15b4cbfffff,0.0,3.980367134638793,1.1655241771630525,2.5786383957441545,82.72309602234898,84.17524743762624
vienna,881e15b6b5fffff,3.2830578694680206,7.7989021115318335,1.0507992538477997,2.4237092230415107,38.53338975375328,164.6041508825882
vienna,881e15b687fffff,4.819802297716809,7.933570896186311,1.0266913264201687,2.4743968607067908,37.953271775819466,1240.4814028062488
vienna,881e067917fffff,1.616748517492075,5.267812358834159,1.03688158745829,2.8608873591779167,58.32191709475485,2208.5481894213603
vienna,881e15b0a7fffff,0.0,6.959533708502041,1.037175404339067,3.5372731840100413,44.99696500561183,1000.265875475906
vienna,881e15b451fffff,1.3707634450176969,5.586344788899509,1.0186413509714565,2.9892684453078013,46.0306097922598,127.90428902216266
vienna,881e15b4c3fffff,0.23130071228801508,1.5785544355135128,1.056802013875209,2.8979325974734658,194.92030225249317,788.3737114584592
vienna,881e067935fffff,0.2623396105918507,5.506044412827742,1.150152965048356,3.08403156560093,51.44560801492556,5679.292165045836
vienna,881e15b6c9fffff,3.383917244865596,6.269728634948628,1.0549681900471466,2.6577145441195844,47.03520301339005,6576.359388794834
vienna,881e15b6d9fffff,1.43188132203677,6.331645426485199,1.0649132646332735,2.7560688864696887,47.57133398802976,3825.0133937173646
vienna,881e15b68dfffff,6.462958377422005,9.481710354429664,1.0413341245317105,3.2567232691146764,30.197588369805175,244.5198581537763
vienna,881e15b681fffff,5.78645166548836,10.158186794757928,1.035966093822959,3.2688310041983892,28.66952265953948,593.3670009498866
vienna,881e15b683fffff,3.12496220917258,8.329770194693687,1.051344163205363,3.288190350711361,35.150164524263936,280.0206655342359
vienna,881e064c83fffff,0.4913549862684811,5.240546822235924,1.0251280915457068,2.546930940761625,55.65576962867867,0.0
vienna,881e064c87fffff,0.29419923042436685,5.091995241982177,1.1387924627726316,3.125182805626107,56.43295175728024,2483.148837615215
vienna,881e15b285fffff,0.0,4.977279136135976,1.0107261625135435,3.4559269923313383,64.8616717767448,11307.450842144097
vienna,881e15b517fffff,0.0,11.450685912735436,1.0357738162130274,3.1147829139164545,24.827643948899233,642.5548183023091
vienna,881e15b515fffff,0.0,6.9926311106390795,1.0602254469739911,3.059884445664542,43.88595680550066,174.89036473584613
vienna,881e15b53dfffff,0.0,9.56860272066735,1.0444952461833354,2.1847190107551664,31.449951401572083,1881.9759061254204
vienna,881e15b5c5fffff,0.0,7.340403308819453,1.0670696235597872,3.3952652585359666,40.71531807591453,79.82461808421469
vienna,881e15b5cdfffff,0.0,5.385342303775996,1.0708893743956749,3.4756463799635746,59.65581205497964,18.022524755727034
vienna,881e15b4d1fffff,0.0,4.612914530493438,1.0318569432721862,3.065411543002756,67.58519019189455,274.01797917418526
vienna,881e066b6dfffff,4.629248644099153,6.990758416770786,1.0348667234463296,3.1250453812503625,46.04905348279513,58.510878295719046
vienna,881e15b4d9fffff,4.902826046665467,6.493150078831071,1.0043717216804469,2.4743934323709715,46.14591520347502,4258.815497565046
vienna,881e15b4dbfffff,7.883154099509489,6.60124935245902,1.017840501746122,2.343712345166493,45.79153924986802,1192.4997725680548
vienna,881e15b6b3fffff,3.4415099717073563,6.229508337301205,1.0661959462269377,2.9923720738769233,47.37336656053636,2876.279563947939
vienna,881e066b63fffff,0.3101094520187427,4.9092798017272425,1.0138898398889158,2.3027868027961733,57.21793985049804,4294.018633035323
vienna,881e066b61fffff,6.219372347627341,7.921098348569415,1.0283080063864858,2.9358635958581187,36.78595092658586,722.6753554945518
vienna,881e066b45fffff,2.3604815595588104,4.663662115281141,1.0422916837697802,2.27074698502434,64.47201110270612,74.82442441835762
vienna,881e066b69fffff,1.70802246077297,8.423826076164739,1.04104102168616,2.481919479081463,41.23641892791597,121.97978119509204
vienna,881e066b6bfffff,0.9889685767428548,7.736342838561536,1.0253832162066805,2.458709859337491,43.0866806563748,144.68478144426092
vienna,881e15b697fffff,5.742641774783836,6.764687863829498,1.0421651709213682,3.210781968181425,43.98143227684687,1038.3778336009098
vienna,881e15b615fffff,3.4413263416948223,6.4497245503514815,1.02232976078641,3.2645068170366227,46.62596601350542,102.02578045676712
vienna,881e064cbbfffff,0.0,1.8611035389621229,1.0445053631607155,2.4229673109398666,172.70859181097566,0.0
vienna,881e15b6b7fffff,2.9567399643768493,6.419692710597333,1.0116501955235295,2.3632572592047256,49.66601893324542,2121.0572321882605
vienna,881e15b6c7fffff,2.704062104406256,7.904581082583734,1.0901745318516374,2.8686350891797896,36.32982047518465,2422.9399549789537
vienna,881e15b6c1fffff,3.4899864858673877,8.438489217053156,1.1106171553586628,3.1735283580704485,34.38894430396171,3359.974833984594
vienna,881e15b6cbfffff,0.0,6.985404715038615,1.1654052710601288,2.565230144837057,41.465768159460424,700.4015218895205
vienna,881e15b293fffff,0.0,6.018843888758357,1.075865428931789,3.532030771414534,50.32272326423445,473.03597804976795
vienna,881e15b291fffff,0.0,5.5052952519361105,1.034084293370863,3.4683789699970324,59.434756426164235,593.9806316796996
vienna,881e15b4a3fffff,3.3823085689698362,3.37673904623574,1.0612396737023808,3.037080161867965,87.1010886632459,31.17827713230572
vienna,881e15b4a1fffff,5.030454527579693,4.905075800813634,1.0650061506903747,3.1852264234264513,56.89407845553978,145.26765626738222
vienna,881e15b4a7fffff,0.0,4.709998466896357,1.001296775343991,2.125904233557033,75.82653362904293,0.0
vienna,881e15b69dfffff,5.492707088952322,6.356867354687709,1.0803272589450388,2.8370108401354592,44.651363466080966,262.3299914053152
vienna,881e15b5e3fffff,0.0,15.660346378141556,1.026316532999772,2.333402810075106,19.543135395030777,418.0792863061285
vienna,881e15b693fffff,0.6674630537193057,3.26529113966999,1.006137016098986,2.388209076161925,99.08133698528448,89.78616426519898
vienna,881e15b691fffff,0.8974251529590178,3.13716444727516,1.0155213041645952,2.828427906373629,104.9572944666381,711.0933162626512
vienna,881e15b69bfffff,2.106176422698035,1.063039111613336,1.0042658264408793,2.003930858659659,261.30532239421046,33.60100720190197
vienna,881e066b4dfffff,0.2561079582912087,4.031956963792221,1.396767937242053,2.3464501225104915,76.0965914501247,114.11932164026952
vienna,881e15b59bfffff,0.0,20.929433362831375,1.0128712849668855,2.6444066847039016,12.863739049376116,377.38392971039025
vienna,881e15b2e3fffff,0.0,8.007125930079187,1.002301227135893,2.83154442690767,48.03413708913418,0.0
vienna,881e15b5e7fffff,0.0,7.430209338804063,1.0045516651565751,2.6506869718746864,43.88664459543004,1049.1628075467806
vienna,881e15b0a1fffff,0.0,4.372699304136284,1.027440953022337,3.3395878432512074,79.46067244778807,0.0
vienna,881e15b6b9fffff,6.9637255151118405,9.013764644265008,1.051025914472995,3.0632171429120576,30.730257122983215,1003.96746350973
vienna,881e15b533fffff,0.0,6.1344026187724845,1.043184862005265,2.812773194000065,49.56538932146198,286.3003474293457
vienna,881e15b5e5fffff,0.0,5.385449120990783,1.012063497623194,2.2575172834527137,43.69071406318864,904.0352533144328
vienna,881e15b53bfffff,0.0,4.6253787836836,1.2193726379147884,2.9211822856667355,62.78253667025536,134.64552891992477
vienna,881e15b537fffff,0.0,3.610673262989932,1.538736694853321,2.7574939714188123,85.8916217807177,489.8713601630596
vienna,881e064c9dfffff,0.0,4.539044039874596,1.0049019636908163,1.6488470716724797,78.68239523684467,1039.3301466428404
vienna,881e15b48dfffff,0.0,3.7774248869773217,1.0324035972961838,2.6103626991250057,92.65571400416871,20.406736579715936
vienna,881e15b4c7fffff,0.0,2.531326502025062,1.119032785293077,3.208528414288969,117.28040604896282,2051333.191688532
vienna,881e15b4e1fffff,2.952835773119038,4.910664195584421,1.107926438980203,3.429056488333899,61.280086346876,155.22591495550344
vienna,881e15b4e9fffff,0.0,8.525147950780868,1.013108232583897,3.244043403887762,39.10000568410093,26.727988938696267
vienna,881e15b6bbfffff,1.3943875781207675,8.121073394154104,1.0649417501053338,3.36692054467097,35.65641280033059,2299.7396493600477
vienna,881e15b695fffff,7.682671111150607,7.777325516023305,1.0907809558485515,3.4255746220386296,37.502180674546494,1378.0987548395208
vienna,881e15b481fffff,3.031458532434792,3.267740593198925,1.0656363656169816,2.8283874380866623,93.5066743643916,0.0
vienna,881e15b487fffff,0.0,2.1404961187597435,0.9996694236093722,1.9730014063936123,116.79535310012903,31.546642466777342
vienna,881e15b4bdfffff,0.09505455070891577,7.109539633570734,1.0110769794479817,2.5285667148380337,41.13526968859388,78.35135706157676
vienna,881e15b4b9fffff,0.0,2.474366846291186,1.149493766630648,2.8389889331547,146.96137890039066,343.543325959242
vienna,881e15b43bfffff,0.0,6.805151496529229,1.3344523691758068,2.976244780870374,40.64505321033936,52.39382300989179
vienna,881e15b4edfffff,0.1170411100342042,6.138736931004014,1.0604849286249818,3.2637018764462877,60.33331848768362,74.64592678981542
vienna,881e15b4abfffff,3.004099368674613,3.788329467203156,1.0521405422253125,2.9976927390965376,81.92128754190112,60.01895181043682
vienna,881e15b4ebfffff,0.0,3.891373909354425,1.0104172403693348,2.2789180157680424,79.07035274935927,6.856292945943607
vienna,881e15b485fffff,0.6327158651702047,5.172676544543314,1.0584540762615835,2.4659318563012045,61.5120267895873,38.10219860847293
vienna,881e064da5fffff,0.0,8.188798231858343,1.1528303611566888,3.178291748384801,45.40286147830725,102.41727409698206
vienna,881e064d99fffff,0.0,4.423522403075739,1.0758464739412408,3.515311700295615,73.57749513982394,1501.619053655983
vienna,881e064dd3fffff,0.0,3.853384052004283,1.0893225107193008,2.864262710492649,90.26509744742548,3137.227492100908
vienna,881e064d8bfffff,0.0,4.461361036963391,1.0925550138810316,2.83154442690767,86.21032492747364,0.0
vienna,881e15b64dfffff,0.8274036494789169,4.538455928930942,1.0045026000856443,2.392465183388377,61.970415578377114,45.17401432566272
vienna,881e064d85fffff,0.0,2.69317075710034,1.034172600697806,2.5593632041458982,132.61055066830687,0.0
vienna,881e15b583fffff,0.0,5.652209098622726,1.0751759218877184,2.7015283844778475,56.20958598484075,0.0
vienna,881e15b4b5fffff,0.0,4.588414503556659,1.0636044783310754,3.100600529189873,64.49250980214647,1210.0273400840952
vienna,881e067913fffff,0.0,11.699176885880732,1.0258280542364282,2.4429677094196927,22.68810031291787,130.03683810446776
